ply
format ascii 1.0
element vertex 20000
property float x
property float y
property float z
property uchar red
property uchar green
property uchar blue
end_header
0.371657 1.009942 0.542671 150 119 95
-0.902348 -0.514971 -0.525138 203 149 112
0.797525 -0.345170 -0.445794 209 164 122
-0.262097 0.386153 -0.190223 219 167 126
0.013767 -0.935483 -0.303574 6 5 3
0.158907 -0.228722 -0.068268 12 10 8
-0.268345 0.917704 0.261095 229 150 119
0.158390 0.386981 0.353985 232 186 158
0.475113 0.307436 -0.312563 24 23 24
-0.495137 -0.216711 -0.098009 14 10 7
-0.536022 -0.827120 -0.246096 155 115 89
0.493359 -0.797444 -0.548725 36 29 23
-0.027459 0.738193 0.667072 242 200 176
-0.722452 0.210420 -0.203603 203 148 113
-0.175305 -0.574010 -0.039559 12 10 10
0.401586 0.738239 0.163332 236 178 150
0.357932 -0.647648 -0.123469 20 19 17
0.127236 0.210542 -0.048877 232 190 147
0.555894 -0.097537 -0.191859 236 193 149
-0.091000 1.152464 0.578821 57 41 26
-0.854899 -0.169965 -0.301064 174 129 96
-0.132886 0.557215 0.140175 164 115 82
-0.168370 -0.027916 -0.045392 12 11 8
-0.591637 -0.479465 -0.328856 133 105 83
0.790889 0.132861 -0.309415 214 168 129
0.284582 0.675611 0.505600 208 158 127
0.274159 0.506123 -0.026732 194 149 110
0.535185 -0.526709 -0.372788 33 29 27
-0.436254 0.127948 -0.097231 9 8 4
0.126636 1.000962 0.731571 124 96 73
-0.100329 0.547481 0.442935 215 167 141
-0.240028 -0.805439 -0.224414 9 8 6
0.428226 -0.361692 -0.129808 12 10 8
0.296787 -0.847513 -0.330813 10 9 7
0.070743 -0.704800 -0.131589 20 18 17
-0.439118 -0.497211 -0.096888 11 9 8
0.370380 0.111465 -0.139097 9 8 5
-0.126580 -0.301061 -0.046513 13 10 9
-0.192374 0.902728 0.521107 137 102 81
-0.696406 -0.041637 -0.133700 229 189 148
-0.102014 0.324066 0.004486 204 162 125
0.786319 -0.127585 -0.314341 227 184 138
0.700880 -0.646193 -0.524354 221 169 133
0.106114 0.494494 0.579192 231 178 161
0.172031 -0.487037 -0.055768 14 10 9
0.416651 0.951127 0.294450 85 69 55
-0.682022 -0.698874 -0.387897 210 164 133
0.219256 1.184766 0.601551 115 88 61
0.597773 -0.307954 -0.299418 199 159 112
0.124270 0.386407 0.117976 207 171 140
-0.481035 0.310252 -0.243096 27 23 23
0.306914 0.558840 0.291482 209 164 132
-0.058809 0.388110 0.278343 181 139 116
0.068094 -0.011044 -0.055280 15 12 8
-0.676546 -0.291831 -0.230194 218 177 140
-0.181786 0.705194 0.303241 183 134 112
0.349199 -0.108751 -0.099157 11 10 7
0.584947 0.137897 -0.214369 236 193 153
0.190045 0.788266 0.683005 242 196 171
0.304619 0.328535 -0.156456 226 181 138
-0.826087 -0.380094 -0.366314 192 150 115
-0.227129 0.180361 -0.088471 219 171 135
-0.072773 0.943452 0.691384 217 168 140
0.451518 -0.704346 -0.302428 31 25 27
-0.214846 1.089757 0.428848 79 60 46
-0.402837 -0.687060 -0.163128 24 19 19
-0.327011 -0.319638 -0.045442 13 10 8
-0.371496 -0.057587 -0.064638 11 9 7
0.360139 0.771258 0.353035 190 151 126
-0.827303 0.024648 -0.257800 171 125 92
-0.015629 -0.460543 -0.053323 11 10 8
-0.504283 -0.653262 -0.319563 6 5 3
-0.146012 0.719719 0.511438 196 156 133
-0.045867 0.136130 -0.060134 235 183 141
-0.163387 0.484882 -0.057206 186 137 98
0.475986 -0.528069 -0.192401 15 12 9
0.708196 -0.000373 -0.213740 241 201 161
0.328219 0.838735 0.576597 224 185 155
-0.116166 -0.720716 -0.122675 23 21 22
0.234572 -0.764511 -0.187254 18 15 14
-0.615103 0.111889 -0.101780 240 196 155
-0.521085 -0.368404 -0.185004 6 5 3
0.232216 0.518622 0.445930 235 187 162
-0.753530 -0.538420 -0.393988 216 169 133
-0.006062 -0.170491 -0.055374 12 9 8
0.688683 -0.485333 -0.445765 220 171 132
0.129856 0.664516 0.574632 202 160 130
0.248452 0.509718 0.140451 177 140 110
0.234023 0.013320 -0.082940 11 9 6
0.017189 0.427302 0.436544 114 34 30
0.410575 1.097937 0.405648 42 30 18
-0.532920 -0.040917 -0.103462 240 201 158
0.288539 0.962935 0.678207 196 154 128
0.275466 -0.344619 -0.071918 13 11 9
0.548591 -0.665658 -0.466923 133 102 83
-0.388283 -0.784161 -0.302365 29 21 19
0.217521 0.340676 -0.010833 226 186 144
-0.237532 -0.182007 -0.044514 9 8 6
-0.356525 0.257990 -0.149065 5 4 2
-0.034001 0.413185 0.121277 170 138 105
0.336141 -0.491650 -0.082977 14 11 9
0.651754 -0.793673 -0.562305 222 171 140
-0.254989 0.773264 0.179721 214 142 123
0.023232 1.104377 0.674036 48 35 16
-0.014834 -0.809077 -0.216556 13 11 10
0.201987 -0.638302 -0.080962 19 16 17
-0.297543 -0.478810 -0.031275 13 10 9
-0.151449 0.547961 0.292573 191 145 122
0.415102 -0.865470 -0.435255 24 20 19
0.150948 -0.860051 -0.284032 11 10 8
-0.581465 -0.596108 -0.441944 39 25 21
-0.264772 -0.694215 -0.094248 11 10 8
-0.020138 0.637185 0.541698 197 145 117
0.385553 0.900095 0.435842 164 126 104
0.463054 -0.207153 -0.138686 12 11 8
0.052492 0.863584 0.726753 248 203 176
0.304755 0.640716 0.085995 205 162 127
0.794021 -0.528180 -0.547738 217 161 123
0.038181 -0.319059 -0.056341 13 12 9
-0.207762 0.831549 0.382147 119 86 65
-0.624511 -0.175602 -0.155886 226 183 141
0.065490 0.307287 0.271844 152 108 81
-0.028258 -0.610735 -0.079437 16 13 13
0.657352 -0.177098 -0.266763 236 192 148
0.403893 0.234722 -0.208478 15 16 11
0.491167 0.029582 -0.164804 17 14 9
-0.508545 -0.540908 -0.215321 6 5 3
0.035890 0.287260 0.031857 221 177 139
-0.575086 0.237507 -0.161804 233 182 144
0.673740 0.222891 -0.289181 216 168 131
-0.161731 1.024086 0.591343 131 99 74
-0.173355 0.695856 0.092509 164 121 93
0.254116 0.199726 -0.123875 221 177 135
0.339566 1.148764 0.535444 120 104 89
0.834720 -0.004208 -0.364159 200 156 115
-0.893484 -0.375090 -0.490413 144 105 74
0.742238 -0.256989 -0.350245 228 185 141
-0.755112 0.089267 -0.141708 213 165 133
-0.125822 0.828521 0.625348 217 175 149
0.516130 -0.400248 -0.231676 17 12 11
-0.300025 0.062103 -0.071714 9 8 6
-0.760835 -0.144270 -0.200953 222 177 136
-0.166619 -0.432920 -0.033513 12 10 8
0.218927 0.409074 0.231529 156 119 90
-0.702893 -0.401326 -0.306789 216 173 139
0.449466 0.857866 0.198120 224 157 123
-0.194145 0.322605 -0.095756 208 160 118
-0.875754 -0.261762 -0.399406 151 112 79
-0.230647 0.961760 0.381819 25 6 0
-0.355006 -0.593243 -0.064452 18 17 16
-0.375040 -0.193069 -0.054410 12 10 8
0.606955 -0.418862 -0.365478 205 159 123
0.220796 1.078280 0.674425 78 65 46
-0.792887 -0.281892 -0.282652 210 170 135
0.324056 0.640638 0.389092 199 150 117
0.349662 -0.756516 -0.242419 25 21 20
0.349539 -0.242007 -0.091431 11 9 6
0.335369 0.678378 0.258415 201 156 125
-0.440660 -0.359857 -0.087696 13 9 8
0.199685 -0.107846 -0.073762 11 9 7
0.461693 -0.745397 -0.422199 31 27 26
0.355900 0.358566 -0.267462 183 148 124
-0.169527 0.645491 0.416007 187 137 112
0.137123 0.091151 -0.072708 240 191 148
-0.583396 -0.758953 -0.335114 167 129 103
-0.129715 0.458477 0.056638 189 146 109
0.093718 -0.578751 -0.067003 15 14 14
0.242054 0.701842 0.615903 150 110 90
-0.045356 -0.052775 -0.048246 11 9 7
0.557633 -0.236530 -0.207002 223 176 134
0.154448 -0.349496 -0.060401 15 11 10
0.703404 0.119705 -0.220411 230 185 143
0.093133 0.718654 0.674960 240 197 171
0.339969 0.781995 0.469230 215 172 141
0.127491 0.458650 0.465008 229 181 154
0.009151 0.529901 0.502510 189 132 112
-0.153342 0.092485 -0.039181 239 191 152
-0.123828 -0.153295 -0.049460 11 10 8
-0.126803 -0.840306 -0.228992 15 14 12
0.506011 -0.601120 -0.287776 26 25 23
0.189315 0.904089 0.714312 241 194 165
0.244686 0.463236 0.336338 227 182 153
-0.370383 0.348797 -0.220565 13 11 9
-0.848722 -0.474989 -0.429727 189 141 104
0.105173 -0.785961 -0.207432 14 12 11
-0.082846 0.468385 0.358289 188 143 124
0.455708 -0.080246 -0.136738 12 9 7
-0.532106 -0.698984 -0.424318 51 80 43
0.282602 0.438454 -0.119591 210 160 119
0.517431 0.228063 -0.240734 41 36 35
-0.110203 0.468872 0.214865 146 107 78
-0.120441 0.222868 -0.054971 227 182 141
0.441967 -0.640604 -0.200288 23 20 18
0.633103 -0.584619 -0.444265 218 166 127
0.472067 0.142766 -0.181290 9 8 4
0.229052 0.433982 0.058480 227 184 143
-0.199893 0.813027 0.269980 198 141 114
-0.599276 -0.375349 -0.270213 199 155 119
0.344310 0.002767 -0.112960 10 9 5
0.155344 0.569175 0.511427 239 192 165
-0.075952 1.054325 0.659145 107 81 58
0.704088 -0.362111 -0.386350 227 183 141
-0.566669 -0.266796 -0.189979 151 114 79
0.595869 0.015948 -0.197548 241 202 161
0.397386 -0.793947 -0.346714 21 16 16
-0.466908 0.232713 -0.142587 15 12 9
0.316291 1.059965 0.621781 120 96 72
0.012037 1.007127 0.720772 122 93 69
-0.336364 -0.757450 -0.213105 18 14 13
0.093911 -0.115304 -0.062798 12 10 8
0.014766 0.356367 0.351624 231 181 155
-0.186267 0.686468 0.197491 165 113 94
0.797112 0.035386 -0.268356 220 176 135
-0.334827 0.158980 -0.096462 7 6 4
0.379558 0.799439 0.252997 207 153 123
-0.262258 -0.075773 -0.051783 10 8 7
-0.445260 0.016652 -0.076690 8 7 4
-0.451746 -0.592822 -0.138604 15 13 14
-0.471669 -0.758338 -0.360166 21 13 11
-0.206821 1.004758 0.488817 74 53 36
-0.222398 -0.340436 -0.037839 12 9 7
0.257342 -0.196717 -0.075516 11 9 6
-0.828694 -0.078220 -0.242212 188 140 104
0.785902 -0.436919 -0.491747 217 166 125
-0.441131 -0.707748 -0.256535 12 11 9
-0.171600 1.110729 0.530922 79 63 46
0.411043 0.991556 0.396981 65 48 35
-0.110026 0.722774 0.607148 208 164 144
-0.465524 -0.121328 -0.076441 12 10 8
-0.040803 0.840178 0.692685 232 190 164
0.264289 0.855103 0.663715 235 191 161
0.056083 0.582687 0.579923 206 157 134
0.089646 -0.426629 -0.053673 14 11 10
0.630587 -0.718576 -0.498385 219 169 136
0.406794 -0.554990 -0.124411 13 11 9
0.022967 0.212441 -0.033807 234 189 148
-0.653471 -0.546918 -0.392379 198 156 126
0.265190 -0.560252 -0.065157 14 10 10
0.521040 -0.496978 -0.277982 15 11 10
0.394835 0.864699 0.342820 140 109 88
-0.781794 -0.002027 -0.171905 208 164 126
0.130092 0.319875 0.035818 231 191 152
0.503258 -0.647330 -0.376062 33 27 23
-0.144531 0.930592 0.623543 199 155 129
-0.179346 0.815390 0.475683 201 160 134
-0.550161 -0.566510 -0.351522 7 6 2
0.272727 0.106120 -0.098073 12 8 6
-0.199480 0.418024 -0.120676 206 154 109
0.652320 -0.079387 -0.233020 238 197 153
0.143339 1.137724 0.663371 85 67 47
-0.095312 -0.517902 -0.046979 13 10 9
0.220045 -0.907327 -0.340705 11 8 6
-0.159781 0.557556 0.046254 182 133 98
-0.792647 0.125540 -0.223924 181 133 100
-0.614274 0.014613 -0.104316 236 195 151
-0.375119 -0.425305 -0.054258 14 11 9
-0.527743 0.154086 -0.115985 241 196 156
0.048803 0.131096 -0.080506 239 191 148
-0.107273 0.624308 0.501462 236 183 151
0.500285 -0.307470 -0.174790 14 12 9
-0.081970 -0.386806 -0.047067 13 10 8
0.339846 0.937877 0.598635 216 175 150
0.161339 0.338566 0.263598 158 116 90
-0.027448 0.043039 -0.043496 239 189 156
0.269362 -0.695842 -0.118107 22 17 17
0.026784 0.674701 0.616593 141 95 69
0.419472 -0.460234 -0.130008 14 13 11
0.275651 0.491483 0.231566 177 139 110
-0.025880 -0.727535 -0.152772 14 12 13
0.172837 -0.713216 -0.132260 19 16 15
-0.187952 0.737237 0.397879 203 152 126
-0.546164 -0.451101 -0.248385 5 4 2
-0.199575 -0.753178 -0.154094 12 8 9
-0.264178 -0.609154 -0.043036 14 12 11
0.584980 0.258407 -0.298990 216 170 132
0.053639 -0.857100 -0.259843 13 12 11
0.259177 -0.440419 -0.065255 13 10 9
-0.872478 -0.095032 -0.355115 155 116 80
-0.037900 -0.264520 -0.053115 12 10 8
-0.261100 0.261326 -0.120919 226 179 138
0.237867 0.286049 -0.084050 217 176 137
-0.153721 0.393497 -0.030796 177 131 93
0.237355 -0.812225 -0.267494 12 11 9
-0.475571 -0.628024 -0.222427 11 10 8
0.281708 0.553617 0.062213 216 171 130
-0.179462 -0.662036 -0.069428 21 20 19
-0.614850 -0.086135 -0.129114 236 195 151
-0.531499 0.056186 -0.101125 239 198 155
-0.836796 -0.564895 -0.447927 196 145 107
-0.682472 0.167370 -0.132147 229 181 143
-0.493349 -0.461657 -0.170344 7 5 5
0.066813 -0.225740 -0.061361 11 9 7
-0.028584 0.345095 0.061414 196 157 121
0.240806 0.595071 0.495878 241 185 152
0.303748 0.746375 0.566967 221 179 154
0.290958 0.555617 0.387759 219 172 144
0.704295 -0.560290 -0.494132 225 170 132
0.738153 -0.074994 -0.259517 232 192 148
-0.765388 -0.455519 -0.361571 214 168 133
0.353867 -0.396201 -0.093314 13 10 8
0.339299 0.204980 -0.154395 17 14 9
-0.417819 -0.276179 -0.066353 13 11 9
-0.745872 -0.230133 -0.227631 218 175 140
-0.545698 -0.141394 -0.108933 234 192 149
0.361451 0.660135 0.173436 206 147 115
0.104459 -0.928054 -0.315124 8 4 3
0.386883 1.085828 0.496377 117 92 73
0.535934 -0.580299 -0.442027 35 27 24
-0.047849 0.256306 -0.006332 229 185 144
0.365688 0.899622 0.520952 176 140 115
0.082647 0.379779 0.403729 181 125 109
-0.495430 -0.298542 -0.127429 14 9 8
0.546363 -0.744034 -0.505986 140 107 87
0.152429 -0.024197 -0.068137 14 12 9
0.608889 -0.498375 -0.407589 196 149 115
0.547167 -0.376410 -0.312155 19 14 13
-0.682671 -0.475304 -0.345410 218 174 139
0.258831 0.421944 -0.021805 213 167 126
-0.209543 0.898414 0.435535 101 75 58
0.212891 1.000136 0.708224 110 83 59
0.182670 0.163192 -0.093186 233 188 146
0.017556 -0.540606 -0.063146 14 12 10
0.052893 0.347197 0.093232 185 149 116
0.187703 0.450669 0.401959 207 156 128
-0.091285 0.480332 0.129036 177 133 100
-0.303534 -0.238383 -0.044151 11 8 7
0.276163 -0.067785 -0.087777 13 12 10
0.188788 0.436868 0.138817 185 149 118
-0.687103 0.061549 -0.100065 240 199 159
0.208738 0.663032 0.545385 55 40 26
-0.047490 0.482379 0.436024 217 168 140
-0.314991 -0.816716 -0.268797 10 8 7
0.037975 0.780930 0.697841 245 200 175
-0.172550 0.623424 0.262533 182 136 108
0.342708 -0.892023 -0.384866 6 6 2
-0.687138 -0.120138 -0.161044 230 188 147
0.333643 -0.717963 -0.166601 17 14 14
0.670525 -0.261991 -0.308518 229 186 144
-0.153221 0.788510 0.557504 189 153 130
0.288692 1.136546 0.605058 63 55 40
0.422865 -0.279357 -0.121162 13 11 9
-0.141115 0.566073 0.372640 193 148 127
-0.094859 -0.773018 -0.183021 13 12 11
-0.218935 0.036996 -0.049232 10 9 6
0.097963 1.081006 0.702206 66 50 32
-0.291298 -0.396866 -0.035666 13 10 8
0.221032 -0.282636 -0.068403 15 12 9
-0.309297 0.322589 -0.167476 210 161 125
-0.693415 -0.618057 -0.399901 214 168 135
-0.270489 0.856774 0.206450 212 139 116
0.122268 0.822844 0.713841 246 201 174
-0.220223 -0.504405 -0.025441 13 9 8
0.336618 0.716386 0.420832 216 163 126
-0.205528 -0.260907 -0.043165 11 8 7
0.804395 -0.048444 -0.298489 221 174 132
0.173063 0.274715 -0.027552 227 187 147
0.101155 0.325899 0.342212 230 174 149
0.700382 -0.728905 -0.560643 224 172 135
-0.873229 -0.340072 -0.420293 154 116 86
-0.368779 -0.510483 -0.053026 13 11 10
-0.323177 -0.131112 -0.050884 11 9 8
-0.417254 0.287493 -0.196725 9 5 4
0.262409 0.780080 0.634267 234 187 160
0.267319 0.362985 -0.093942 222 175 135
-0.004789 0.337468 0.246978 135 93 67
-0.229141 0.896604 0.327963 65 42 25
0.172432 0.713557 0.659417 243 197 175
-0.607690 -0.672512 -0.429178 147 113 95
0.064413 0.947826 0.734186 234 187 162
0.046245 -0.638946 -0.092848 15 13 13
-0.340251 -0.668189 -0.100501 10 10 9
0.799817 -0.202475 -0.360799 221 177 133
-0.106676 -0.614876 -0.065281 15 15 14
0.423061 0.001796 -0.133950 10 8 6
0.036879 0.395312 0.154309 99 67 42
-0.103332 0.016265 -0.034682 16 12 9
-0.187859 -0.106537 -0.047345 9 7 5
0.726629 -0.186484 -0.303959 234 191 148
0.539481 -0.311738 -0.246170 21 20 16
0.525132 -0.168367 -0.168466 80 68 58
0.395067 0.969961 0.478764 113 85 66
0.060079 0.469888 0.508058 151 100 87
0.356775 0.301197 -0.208779 44 36 34
0.339845 -0.579151 -0.089053 16 12 9
0.126095 -0.652800 -0.096061 19 16 16
0.456522 -0.805145 -0.472966 36 34 35
-0.728295 -0.330954 -0.274292 216 174 138
0.588617 -0.163981 -0.217683 229 184 136
0.340287 0.696246 0.334543 196 151 121
-0.517528 -0.588989 -0.276898 11 10 8
0.476341 -0.444923 -0.181366 16 12 10
0.410725 -0.708167 -0.235649 24 21 20
0.733513 0.174325 -0.276341 222 176 136
-0.839922 -0.307594 -0.340944 184 143 109
0.299965 0.559036 0.201141 180 143 113
0.186782 -0.563224 -0.061105 16 13 12
-0.227958 0.113880 -0.043752 16 11 9
-0.376063 0.069862 -0.084881 9 8 5
-0.850120 -0.034857 -0.302745 167 124 88
-0.650789 0.235468 -0.177638 221 168 134
0.367384 0.828444 0.413309 181 141 116
0.393509 -0.180619 -0.107113 11 9 7
-0.094674 0.389906 0.053606 187 149 113
0.734879 -0.413390 -0.439144 222 174 135
-0.147695 0.547184 0.215051 158 114 87
-0.278733 -0.748207 -0.162934 26 22 21
-0.003128 -0.383386 -0.050283 15 12 11
-0.401236 0.191593 -0.121611 7 7 4
0.799953 -0.269475 -0.398987 216 172 130
0.543434 0.076377 -0.195585 235 193 155
0.420739 1.039885 0.338668 85 73 59
-0.163499 0.620299 0.096088 189 141 106
0.411427 0.303407 -0.261674 31 26 25
-0.043036 1.129055 0.632939 59 43 28
0.610535 -0.236835 -0.263796 222 175 128
0.036474 -0.762026 -0.185738 9 9 8
0.360805 -0.320639 -0.095482 11 9 7
0.600604 0.208367 -0.244222 225 177 137
0.023428 -0.083444 -0.055665 13 10 7
-0.187019 0.244011 -0.092258 219 173 132
-0.026402 0.421296 0.374164 224 181 152
-0.688568 -0.199420 -0.189969 226 183 142
0.544064 -0.450029 -0.338774 24 18 20
-0.170123 0.626038 0.338094 190 144 120
0.646420 -0.348228 -0.339650 222 177 135
-0.091797 0.681837 0.547182 109 78 67
-0.559359 -0.212908 -0.138583 94 79 57
-0.004688 0.921921 0.721872 240 193 164
0.429240 0.862344 0.269729 242 180 149
0.096838 0.263057 -0.003505 227 189 150
-0.806778 -0.192832 -0.248166 206 161 121
-0.134509 -0.227267 -0.047691 13 11 9
-0.755150 -0.071204 -0.173063 221 176 136
0.180729 0.372349 0.048824 235 196 155
0.403108 0.169848 -0.172787 12 10 7
0.641967 0.073490 -0.201621 236 193 151
0.672293 -0.429015 -0.401027 224 176 136
-0.130980 1.090979 0.593284 107 78 55
0.298278 0.618460 0.456701 230 180 146
-0.303507 -0.016069 -0.062673 10 9 6
0.512023 -0.040346 -0.171873 51 45 43
0.285450 -0.631465 -0.087449 24 22 23
-0.114963 0.479468 0.293606 195 150 131
-0.050560 0.578508 0.498426 244 192 162
0.645557 -0.651753 -0.469878 220 170 134
-0.462772 -0.423544 -0.116207 11 9 10
-0.893149 -0.452434 -0.488887 158 119 88
0.040495 0.060574 -0.064246 239 189 145
-0.609585 0.183029 -0.128189 241 193 153
-0.881000 -0.189530 -0.394195 147 110 76
-0.537146 -0.638834 -0.384038 16 12 11
-0.120400 0.998482 0.646251 166 127 102
-0.203210 0.750682 0.233120 187 123 100
0.822437 0.060410 -0.331403 206 161 120
0.183677 -0.415573 -0.056099 15 11 10
0.098893 -0.507251 -0.057246 14 11 9
0.342170 0.729465 0.207725 157 81 60
-0.163233 0.869293 0.579023 186 146 122
0.103973 -0.290502 -0.063277 13 11 9
0.173583 -0.795355 -0.227952 14 12 10
-0.053364 -0.672441 -0.106790 20 15 18
0.573359 -0.802275 -0.538554 179 139 112
-0.548371 -0.514694 -0.281921 6 6 4
-0.114101 -0.074973 -0.048212 11 10 8
-0.853360 -0.237983 -0.324045 174 131 100
-0.602545 -0.311459 -0.233119 213 170 128
0.036442 0.505218 0.566380 202 151 132
-0.041829 0.692142 0.606922 147 99 77
0.115398 0.896751 0.731138 244 196 168
-0.099358 0.883592 0.663464 223 181 156
-0.178261 0.961382 0.562197 116 85 63
0.319747 0.622632 0.320095 204 161 129
0.349784 1.083188 0.560697 105 81 62
0.210664 0.081346 -0.074468 18 14 11
-0.477377 -0.527778 -0.149819 11 10 8
-0.638001 -0.429307 -0.309442 212 169 133
0.434809 0.088282 -0.156407 11 9 5
0.208171 0.397874 0.300253 224 179 150
-0.160954 0.163764 -0.071522 227 178 139
0.751185 0.068652 -0.225153 234 192 150
0.752160 -0.501043 -0.498707 221 167 127
-0.236245 0.985181 0.316237 66 47 33
-0.440911 -0.054325 -0.071380 9 8 5
-0.143900 0.302975 -0.047213 201 156 121
-0.197287 0.773563 0.339060 192 144 120
-0.767807 -0.388782 -0.329181 215 171 136
-0.400372 -0.626375 -0.105458 16 14 13
-0.307127 -0.550047 -0.038715 13 11 9
-0.797217 0.062384 -0.195560 186 136 108
0.489425 -0.710549 -0.475027 33 25 23
0.397810 -0.752173 -0.291509 26 23 19
-0.391800 -0.126706 -0.061293 11 9 7
0.406557 0.927290 0.372945 96 78 58
0.406603 1.037992 0.447372 82 62 46
0.319722 0.616409 0.233074 185 141 111
-0.066915 -0.201741 -0.052249 11 9 8
-0.791917 -0.593953 -0.405060 209 157 120
0.653171 0.165827 -0.234112 230 183 141
0.339972 -0.796652 -0.296855 12 11 10
-0.072750 0.790109 0.658944 227 185 161
-0.249802 0.336607 -0.137029 211 163 121
-0.174239 -0.797101 -0.199807 9 8 7
0.321775 -0.177814 -0.087433 12 9 7
-0.741307 0.155770 -0.164536 208 155 123
-0.149740 -0.367180 -0.039631 13 9 8
0.167325 0.513329 0.474562 232 185 158
0.392348 -0.059472 -0.117028 9 8 5
0.284065 0.257791 -0.142272 223 179 140
0.272974 1.035035 0.671075 102 81 61
0.351501 0.740691 0.279840 206 163 133
0.167719 1.052369 0.707580 78 62 43
0.199610 0.227439 -0.081221 225 188 149
-0.340648 -0.713314 -0.150627 19 17 16
-0.630349 -0.244770 -0.190135 224 182 141
-0.499002 0.270794 -0.187909 31 26 24
-0.223850 1.014928 0.422460 59 42 26
0.295678 -0.280711 -0.077170 12 9 7
-0.736569 0.022780 -0.129029 224 183 142
0.471976 -0.708570 -0.367014 34 26 24
0.361233 0.849290 0.477005 198 160 133
-0.666032 -0.354397 -0.266680 220 177 142
-0.049373 -0.119288 -0.052293 12 11 9
0.430170 -0.802881 -0.409653 23 17 19
0.431970 0.801277 0.167505 238 180 154
0.387969 1.141093 0.459268 69 55 41
0.471664 -0.651031 -0.258888 24 22 20
0.301028 0.392398 -0.174445 216 169 125
0.091653 0.668447 0.629461 218 173 144
0.479824 -0.373080 -0.169809 14 10 8
0.754361 -0.317415 -0.395558 221 178 136
0.288890 -0.781494 -0.236624 24 20 19
0.265398 0.487164 0.035745 214 167 128
0.146441 -0.164172 -0.067333 13 10 8
-0.863694 -0.405075 -0.422584 165 122 90
-0.104340 -0.452114 -0.041749 12 10 9
0.464536 0.208086 -0.207300 7 8 3
-0.413756 -0.564498 -0.088011 15 13 12
0.118567 0.601794 0.559264 227 177 147
0.552552 -0.465179 -0.405397 32 23 17
0.231669 1.130623 0.636566 62 53 36
0.332603 0.996947 0.626199 163 128 99
-0.231636 -0.432463 -0.028865 11 8 7
0.485261 -0.584966 -0.222500 17 13 10
-0.390716 -0.748970 -0.247774 22 16 16
-0.051034 -0.328100 -0.050179 12 10 9
0.517803 -0.586936 -0.355680 35 33 29
-0.288607 0.208574 -0.094890 13 9 4
0.393352 -0.676098 -0.176068 17 16 14
-0.642270 -0.743270 -0.362312 209 153 124
0.765439 -0.016996 -0.246907 232 189 148
0.321912 0.066828 -0.113634 10 9 5
-0.050801 1.003693 0.700800 150 116 90
0.696923 -0.305067 -0.349081 227 184 142
-0.383352 -0.355663 -0.057825 12 8 7
0.311677 0.886081 0.625273 228 189 162
-0.090014 0.079354 -0.041190 243 191 152
0.462425 0.264447 -0.256110 31 29 30
0.116340 0.031538 -0.053566 18 13 9
0.600734 -0.049964 -0.208307 240 201 159
0.275996 -0.132862 -0.082886 12 10 8
-0.584433 -0.545484 -0.402402 77 56 45
0.125450 -0.745460 -0.161290 16 14 13
-0.184315 1.048010 0.532069 90 67 50
-0.475265 -0.709791 -0.312426 6 4 5
-0.203312 -0.708541 -0.106159 19 17 18
-0.439192 -0.202453 -0.070664 12 9 7
-0.041534 0.200603 -0.036940 230 179 138
0.284083 -0.901924 -0.361671 8 6 4
0.118661 0.495141 0.516233 174 115 99
-0.283990 0.130991 -0.070792 8 7 5
-0.157518 -0.508726 -0.034049 13 11 10
0.131762 0.422787 0.412591 197 99 94
-0.134138 0.513103 0.088524 192 147 112
0.316506 0.729893 0.498300 215 175 147
0.505372 -0.244805 -0.167222 11 10 7
0.439044 -0.140639 -0.127856 11 9 6
-0.587987 -0.724513 -0.388961 164 126 104
0.309025 0.151300 -0.123320 15 11 9
0.520926 0.168089 -0.212315 17 15 12
0.329528 0.795239 0.530110 216 176 146
0.280130 0.515458 0.335601 221 178 149
0.084681 -0.363948 -0.056349 12 10 8
-0.158195 0.492835 0.004861 181 134 98
0.210796 0.847955 0.696509 243 196 169
-0.019926 1.061166 0.687690 71 50 28
0.707612 -0.128481 -0.270502 236 194 150
0.217887 -0.047171 -0.078436 11 9 6
0.244768 -0.501802 -0.058855 15 11 10
-0.141536 0.593803 0.436515 198 152 129
0.028067 0.710142 0.668549 240 196 173
-0.229853 0.868955 0.258749 194 139 116
-0.547542 -0.788526 -0.293330 180 129 99
-0.172680 0.746935 0.457128 211 169 144
0.581621 -0.621564 -0.437384 183 139 112
0.252830 0.447375 0.268259 197 149 121
0.113230 0.148038 -0.073968 234 184 140
0.416545 -0.610969 -0.148512 15 13 12
-0.181666 0.680795 0.366908 176 129 103
-0.510497 -0.695138 -0.366677 15 13 13
0.527169 -0.434655 -0.281587 20 16 13
0.048416 -0.472252 -0.055379 17 14 12
-0.264028 -0.285286 -0.040921 12 8 6
0.012771 -0.687390 -0.121755 23 18 19
-0.369238 0.010051 -0.073429 9 8 6
-0.149707 0.660160 0.475684 209 157 126
-0.481087 -0.362558 -0.133631 8 7 5
-0.637022 -0.616118 -0.426047 167 128 104
-0.473329 0.070304 -0.085255 23 18 14
-0.216481 0.957070 0.450269 84 60 43
0.245391 0.917138 0.694706 232 184 156
-0.066062 -0.841275 -0.230927 9 8 6
0.490240 -0.653699 -0.317057 32 27 25
-0.854882 -0.096306 -0.293932 166 123 89
0.040194 0.639928 0.567343 179 138 109
-0.076077 0.415649 0.227154 145 104 76
-0.525415 0.210674 -0.137494 243 194 157
0.242329 0.489564 0.393736 227 182 156
-0.105362 0.519058 0.386126 196 152 131
-0.817936 -0.439442 -0.387049 199 154 117
0.067247 1.031590 0.723150 91 66 44
-0.109117 0.136586 -0.056934 238 184 144
0.082672 0.419576 0.454962 172 76 77
0.763929 0.118688 -0.256182 226 182 140
-0.869014 -0.518872 -0.469496 196 142 107
0.274062 0.561726 0.446033 232 178 149
0.239815 -0.856895 -0.314384 10 9 7
0.011434 0.318343 0.305307 165 122 102
0.506493 -0.465694 -0.229103 15 12 10
0.383015 -0.843290 -0.377228 12 11 9
-0.809028 -0.523257 -0.415296 207 156 119
0.213643 -0.342304 -0.063369 13 10 9
-0.365204 -0.252714 -0.051114 12 10 7
-0.793860 -0.336898 -0.315929 209 168 132
-0.178175 -0.186341 -0.046639 10 9 7
0.493846 -0.685112 -0.421381 36 28 26
0.163673 -0.922688 -0.329242 7 7 5
-0.473163 0.176654 -0.109511 18 14 11
-0.551928 -0.392417 -0.238698 6 5 4
0.583540 -0.550313 -0.420639 175 132 101
0.376869 0.050834 -0.128859 10 9 5
0.007721 0.587077 0.527134 226 182 157
0.649410 -0.016434 -0.209168 239 201 159
0.438061 -0.757382 -0.368808 36 30 31
0.055904 -0.160230 -0.059716 14 13 11
-0.237711 -0.022275 -0.052771 10 9 7
0.273323 0.460291 -0.065771 216 168 126
-0.582274 -0.432660 -0.291352 136 105 80
0.131451 0.760686 0.689388 245 200 177
-0.828771 -0.138548 -0.250557 189 143 103
-0.065409 0.423528 0.324473 183 144 125
0.174301 0.030068 -0.066406 13 10 6
0.272069 0.693605 0.559857 199 148 120
-0.237933 0.717390 0.182379 174 103 85
0.010484 -0.018904 -0.050080 16 12 9
0.189557 0.682564 0.599330 166 122 97
-0.815974 -0.026370 -0.218891 191 142 107
0.521986 -0.548351 -0.312267 24 15 16
0.507216 -0.098963 -0.159972 23 14 10
0.278735 -0.736315 -0.160654 19 16 16
0.003018 0.479248 0.464624 224 175 148
-0.188856 -0.839487 -0.236735 16 10 10
0.204436 -0.173850 -0.071061 12 9 8
-0.412027 0.241534 -0.158383 9 6 4
0.289749 -0.006601 -0.096497 9 8 4
-0.048958 0.305820 0.024280 222 181 141
-0.549413 -0.323834 -0.208112 8 6 4
-0.446506 -0.641071 -0.174566 8 7 8
0.143870 -0.087158 -0.066954 11 10 7
0.004555 0.163597 -0.062966 230 181 138
-0.673262 0.004618 -0.108974 235 196 153
0.381773 0.816691 0.307613 145 109 83
-0.163355 0.033864 -0.035698 13 10 7
0.069861 0.181620 -0.057748 229 184 143
-0.219513 0.813067 0.200293 188 127 105
0.365792 0.949601 0.549131 190 149 125
0.149372 -0.605283 -0.070474 14 11 10
-0.051206 -0.551664 -0.059768 15 12 11
0.158262 0.632384 0.532142 214 166 141
0.041510 -0.813002 -0.223953 10 9 7
0.480725 -0.755238 -0.509210 32 27 23
-0.180822 0.381937 -0.080831 195 149 109
-0.120397 -0.673896 -0.090765 26 22 22
0.152544 0.339061 0.321918 231 181 155
-0.419449 0.330067 -0.242186 16 13 13
0.699829 0.055566 -0.204984 241 199 158
-0.147489 0.434878 0.007441 179 134 95
0.338044 -0.052410 -0.101742 10 8 5
0.167387 0.955454 0.723777 227 174 150
0.655713 -0.531226 -0.443006 220 170 131
-0.556931 -0.646859 -0.437928 56 40 35
0.203839 0.427169 0.353267 229 185 159
0.119008 0.544089 0.555555 225 176 152
-0.171390 0.834260 0.529961 192 155 131
0.327656 0.359637 -0.211762 221 174 131
0.160265 -0.290685 -0.065541 12 10 9
0.219744 0.743218 0.652516 237 191 167
0.106348 -0.828194 -0.244448 11 10 8
0.316004 0.676014 0.453933 225 178 143
-0.705507 0.118474 -0.116898 230 184 147
-0.305689 -0.639846 -0.065082 15 13 11
0.350807 0.774922 0.411094 207 162 131
0.097878 0.393499 0.166913 151 116 92
0.228711 0.472592 0.103455 220 177 140
0.820148 0.004643 -0.309070 219 174 132
0.510750 0.276474 -0.281660 34 33 34
-0.475830 -0.667215 -0.273003 8 6 6
-0.630385 -0.503186 -0.361250 185 144 117
0.452642 -0.576240 -0.176663 14 11 10
0.339792 0.257960 -0.171764 59 44 33
-0.177725 0.679361 0.254007 183 135 107
0.181379 0.410280 0.090384 232 192 152
0.117794 0.306519 0.292752 177 128 108
-0.430569 -0.748398 -0.293052 12 7 6
-0.502091 0.009291 -0.095938 231 194 157
-0.513197 -0.097648 -0.092346 156 118 95
-0.423002 -0.437663 -0.079476 13 11 9
-0.213437 0.844927 0.313310 175 128 108
-0.084904 0.437693 0.094151 191 150 116
0.538768 0.014351 -0.188747 238 199 158
-0.197474 1.078909 0.487994 82 63 46
0.079417 0.313295 0.058363 224 183 145
-0.559871 0.110088 -0.104986 242 198 156
-0.102469 0.273016 -0.026134 217 174 138
-0.377331 -0.723896 -0.195476 16 10 10
-0.000253 0.369547 0.101996 174 139 109
0.005940 -0.231114 -0.056044 13 10 9
-0.238748 -0.556139 -0.030099 14 11 10
-0.381173 0.126305 -0.098182 9 8 5
0.074350 0.453747 0.560099 152 99 87
0.297018 0.830278 0.621235 232 191 162
0.312527 -0.436065 -0.077803 14 11 9
0.385489 -0.496629 -0.106592 15 11 10
0.677443 -0.611319 -0.489017 224 169 133
0.424869 0.330942 -0.307267 34 30 31
0.267161 1.088663 0.646916 107 96 78
0.209327 0.551174 0.483730 239 186 161
-0.483817 -0.578849 -0.184386 7 5 5
0.013730 0.828735 0.709715 245 201 174
0.634465 -0.130512 -0.241642 237 193 146
-0.009019 0.096220 -0.067374 242 194 152
0.227799 0.387419 0.015826 223 181 139
0.183011 -0.756130 -0.170737 16 15 14
-0.189428 0.794772 0.418267 195 153 128
-0.518184 -0.484775 -0.215583 7 6 4
-0.586381 -0.034174 -0.112654 238 197 153
-0.588842 0.062736 -0.099794 241 199 156
-0.316129 0.357602 -0.208694 219 165 130
-0.520735 -0.427362 -0.202703 8 7 5
-0.531959 -0.261264 -0.148342 14 11 9
-0.260839 -0.132891 -0.047562 9 8 7
-0.291893 -0.185232 -0.045512 10 9 7
0.240600 0.149842 -0.102772 225 178 138
0.378382 0.799091 0.198582 202 141 113
-0.029313 0.376723 0.327134 198 155 130
0.754110 -0.560457 -0.529867 224 168 130
-0.240949 -0.657399 -0.062320 12 11 10
-0.125408 0.520191 0.335738 198 154 132
-0.345519 0.212294 -0.122055 7 5 3
-0.363734 0.304124 -0.176583 8 5 4
0.419617 0.975025 0.346087 95 73 60
-0.727584 -0.279505 -0.243486 218 178 142
-0.330049 0.105345 -0.084431 8 7 5
-0.137120 0.505608 0.248031 174 132 107
0.238317 -0.390323 -0.064047 11 9 7
0.021611 0.393970 0.394317 194 150 127
0.282050 0.497145 0.284910 204 157 126
0.441859 -0.516162 -0.152392 14 10 8
-0.142593 -0.756063 -0.164557 9 7 6
0.510758 -0.552641 -0.259775 31 29 28
0.351743 1.032400 0.587283 153 117 91
0.228544 -0.724901 -0.137578 22 18 18
-0.045539 0.524451 0.469309 232 179 153
0.287145 -0.807859 -0.286964 12 10 8
-0.873683 -0.159082 -0.350672 159 115 80
-0.493001 -0.408460 -0.160891 7 6 4
0.440694 -0.412015 -0.143442 13 10 8
0.248834 0.371214 -0.041786 207 164 121
0.599702 -0.681489 -0.463834 206 160 129
0.510416 -0.635683 -0.433539 31 24 22
-0.792655 -0.093707 -0.203898 214 169 129
-0.490078 0.118844 -0.101933 120 91 73
0.270475 0.049840 -0.096728 11 8 5
-0.463397 -0.260973 -0.089647 11 8 6
-0.201090 0.954248 0.510582 112 83 62
-0.120124 1.049962 0.625442 158 121 99
0.487982 0.092071 -0.177883 17 14 11
0.038094 -0.588850 -0.072157 16 12 12
-0.555926 0.009059 -0.103020 239 199 156
-0.036457 -0.770347 -0.187359 11 9 10
0.829589 -0.054197 -0.347144 205 159 121
-0.550536 0.267559 -0.200067 223 175 139
0.062017 -0.905098 -0.293127 8 8 6
-0.731012 -0.495271 -0.368504 216 170 135
-0.194162 0.871046 0.478245 172 140 118
0.212331 -0.230416 -0.070232 12 10 8
-0.174551 0.435416 -0.072388 190 142 102
0.617821 -0.767860 -0.530921 215 165 134
0.553679 -0.413720 -0.375993 41 26 23
-0.060830 0.447096 0.156619 154 114 87
0.282513 0.544963 0.008119 189 146 110
0.111200 0.349593 0.082408 226 189 152
-0.279315 -0.341455 -0.039386 11 9 7
0.674720 -0.697019 -0.517508 222 170 136
0.731735 -0.460431 -0.462992 223 175 136
0.097037 -0.062789 -0.062630 12 11 8
-0.092592 0.436367 0.272591 183 141 119
-0.321917 -0.078878 -0.056979 9 8 6
-0.287447 -0.776658 -0.213723 17 13 14
-0.204550 -0.622571 -0.045490 17 15 14
-0.221687 0.889712 0.379415 71 49 31
0.399832 0.950766 0.430212 105 83 63
0.319660 -0.684113 -0.126822 20 17 17
-0.436942 -0.680619 -0.207393 9 9 8
0.593328 -0.366402 -0.334455 198 156 113
0.152942 0.413803 0.168955 147 112 89
0.652709 -0.391844 -0.367460 223 178 137
-0.125107 0.772550 0.609082 211 170 147
0.344532 0.894165 0.570938 205 164 138
-0.734493 -0.586657 -0.404351 216 168 134
0.312542 -0.750860 -0.202151 19 15 14
0.469623 -0.026042 -0.146065 8 7 3
-0.046565 0.898316 0.702949 231 182 156
-0.813888 0.076742 -0.242244 170 123 88
0.370390 -0.720797 -0.206138 18 16 15
0.412228 1.045488 0.389224 65 52 40
-0.163913 0.776731 0.506124 196 157 133
0.517058 -0.343136 -0.212020 23 20 19
-0.090840 -0.254458 -0.050321 13 10 8
-0.172921 0.690472 0.440803 203 156 127
0.046997 0.250475 -0.002803 231 191 150
-0.818708 -0.232973 -0.277955 198 156 121
-0.907127 -0.462637 -0.537254 148 111 81
-0.082517 1.097059 0.625349 68 52 35
0.287252 0.911210 0.665613 219 164 135
0.412016 -0.229576 -0.114893 11 10 8
0.785086 -0.391250 -0.464545 216 168 127
-0.601587 -0.135583 -0.133551 229 186 143
-0.134776 1.135606 0.558214 78 58 41
0.453124 -0.316510 -0.139197 13 11 9
0.137538 -0.444377 -0.054076 14 10 9
0.175548 0.320336 0.009927 231 193 152
0.305338 0.575382 0.339752 205 159 129
0.398161 -0.409740 -0.114736 13 11 8
-0.560874 -0.082674 -0.112259 238 197 153
0.233972 0.808082 0.666012 237 191 162
0.302572 1.167817 0.564898 89 73 63
-0.492651 -0.166899 -0.087461 14 11 8
-0.631543 -0.688333 -0.387007 195 150 124
-0.638109 -0.030955 -0.118577 230 190 147
0.182684 1.158363 0.638505 90 69 46
-0.018316 0.794793 0.688344 240 196 172
0.199118 -0.843989 -0.286521 12 11 10
0.283455 0.588596 0.099060 217 172 132
-0.341165 -0.388629 -0.045092 12 8 7
0.086791 0.084334 -0.071817 240 189 146
0.141316 0.678062 0.632565 170 128 106
0.095009 1.125153 0.671983 59 44 26
-0.242544 -0.729834 -0.132638 9 9 8
0.018642 0.323623 0.064340 212 169 133
0.347945 0.847387 0.530833 208 171 140
0.045744 -0.401464 -0.052470 15 12 10
0.268195 0.311397 -0.115636 225 182 140
0.210400 -0.688751 -0.107231 27 21 22
0.342764 -0.827831 -0.338056 11 10 7
0.408818 0.831608 0.227262 243 203 174
0.702313 -0.776573 -0.577065 223 169 133
-0.191685 0.762857 0.290031 195 150 124
-0.487178 -0.035817 -0.078986 20 11 8
0.298479 -0.225413 -0.080402 12 10 8
-0.306382 0.274095 -0.138824 178 141 121
-0.179058 -0.315167 -0.041165 12 9 8
0.533150 -0.363409 -0.261322 24 21 21
-0.069738 0.638977 0.533060 213 163 134
0.168116 1.097719 0.685960 73 61 42
0.014707 -0.892599 -0.277452 8 4 3
0.748236 -0.368322 -0.421458 221 173 133
-0.133790 0.719687 0.560134 189 146 128
-0.233346 -0.772357 -0.185859 19 15 14
-0.522616 -0.317497 -0.166221 10 7 5
-0.555406 -0.590638 -0.395129 6 5 2
0.063558 0.351632 0.366958 241 190 163
-0.056362 -0.000327 -0.039950 12 9 6
0.797402 0.090699 -0.280766 218 172 135
0.262406 1.194935 0.578286 106 80 63
-0.112098 0.950156 0.661232 203 154 128
-0.127369 0.375854 0.007801 189 147 110
-0.264532 0.019299 -0.059753 9 8 6
0.114264 -0.206474 -0.065839 11 10 8
-0.700154 -0.531959 -0.382363 216 172 137
0.381266 -0.598257 -0.115583 16 12 11
-0.458190 -0.310398 -0.096464 13 9 7
0.406763 0.893908 0.304259 82 60 44
0.574338 -0.271025 -0.262470 178 130 91
0.158061 0.865601 0.718486 245 201 174
0.531599 -0.497294 -0.329265 12 6 7
-0.697019 -0.243472 -0.211583 224 179 143
-0.196196 0.841770 0.432923 159 122 102
0.118957 0.949228 0.732930 239 192 166
-0.527073 -0.614313 -0.340300 8 4 3
0.395792 -0.118826 -0.113074 12 11 8
-0.126556 -0.571493 -0.048559 14 12 12
0.139438 -0.548370 -0.060986 12 11 9
0.125646 -0.699039 -0.126824 21 17 18
0.169250 0.473424 0.442797 226 179 151
0.030699 1.059426 0.704655 68 50 33
-0.134905 0.877196 0.625468 211 167 140
-0.155926 -0.620694 -0.054501 16 15 13
0.259952 0.514412 0.083151 223 176 138
0.353027 0.158179 -0.146254 12 9 6
0.534809 -0.280353 -0.206849 21 21 19
-0.569542 -0.521578 -0.345801 8 4 2
0.294369 -0.390342 -0.075389 13 9 8
0.464455 -0.265224 -0.143433 11 10 8
0.231668 -0.600743 -0.069354 19 15 14
0.250685 0.641430 0.516008 219 163 131
-0.206565 -0.061022 -0.048844 10 9 7
0.133561 -0.395336 -0.055422 12 10 8
0.103411 -0.871860 -0.279633 10 9 7
-0.602116 -0.637599 -0.463321 108 81 65
-0.064369 -0.479329 -0.049918 14 12 11
-0.196032 -0.393696 -0.034146 12 10 8
0.086282 0.786360 0.703767 245 201 176
-0.052375 -0.425759 -0.049247 14 11 10
-0.424809 0.064094 -0.084224 10 9 5
-0.226119 0.379757 -0.135225 191 144 102
-0.072607 0.727166 0.638075 144 103 80
-0.154325 0.975935 0.608690 155 118 93
-0.740608 -0.028641 -0.149484 221 177 137
0.326825 0.660629 0.213938 176 129 101
0.687774 -0.214384 -0.295517 233 190 146
-0.796938 -0.483110 -0.390177 209 161 122
0.315789 -0.535073 -0.075510 15 11 10
-0.686186 0.205812 -0.162735 221 167 134
-0.091269 0.184178 -0.057553 233 186 146
0.625628 0.233334 -0.277448 221 171 138
0.550254 -0.515043 -0.421897 51 35 28
0.034023 -0.270755 -0.057518 12 10 8
-0.764008 0.164704 -0.206443 193 144 109
-0.354925 -0.777284 -0.264154 23 17 17
-0.246808 -0.229537 -0.042953 10 8 6
-0.158012 0.580121 0.328671 192 147 126
0.192612 0.604771 0.512127 232 180 149
0.538763 0.123780 -0.204045 229 187 153
0.597007 0.091312 -0.203288 237 194 152
-0.270002 -0.829822 -0.256910 15 11 10
0.060837 0.308889 0.321646 171 118 99
-0.662395 -0.075706 -0.138011 231 190 147
0.090754 0.629095 0.587790 243 198 173
-0.448949 -0.543812 -0.113803 12 8 7
0.267995 0.412049 -0.068145 216 169 126
-0.372260 -0.304997 -0.053632 12 10 8
-0.252481 0.070860 -0.056714 9 7 5
0.792680 -0.485963 -0.524469 216 161 121
-0.006717 0.273762 0.013761 229 188 146
0.210879 -0.458530 -0.056913 13 9 8
0.291085 -0.482339 -0.068782 15 11 9
-0.735383 -0.185033 -0.203304 225 182 142
-0.229697 1.014203 0.374725 57 43 29
-0.010883 0.696366 0.644011 124 87 65
-0.149405 0.562408 0.095352 193 143 107
0.386305 1.037077 0.505863 124 98 77
-0.342162 -0.465259 -0.042138 12 10 10
0.607400 -0.096863 -0.220982 239 198 154
0.645613 0.119871 -0.212649 231 185 142
-0.863580 -0.308506 -0.382461 160 121 91
0.768768 -0.171297 -0.322076 225 183 137
-0.000697 0.669363 0.571072 177 128 107
0.221046 -0.789996 -0.228584 10 8 9
-0.500674 -0.585534 -0.230154 6 5 3
0.583003 -0.720245 -0.485914 191 146 119
0.391704 0.884421 0.387466 131 99 76
0.242129 0.245119 -0.108045 219 178 141
-0.637900 0.070439 -0.096288 244 202 162
0.307508 0.790467 0.584542 227 183 156
-0.772430 0.046740 -0.154237 208 167 134
-0.074797 0.343842 0.038141 207 166 128
-0.073075 -0.733097 -0.154849 16 14 15
-0.052505 0.382950 0.077389 182 145 111
0.654844 -0.471630 -0.412547 221 172 134
-0.187080 0.999775 0.535630 116 88 67
0.687651 -0.041572 -0.225455 237 198 157
0.193493 0.371859 0.252907 168 129 103
-0.882127 -0.300057 -0.444293 145 108 76
0.319799 0.945823 0.640921 206 163 137
-0.272704 -0.519351 -0.027494 13 10 9
0.022808 -0.728392 -0.155162 14 12 13
0.373546 0.815047 0.365320 159 124 100
0.116223 0.370390 0.371608 229 180 154
0.555032 -0.034136 -0.190784 242 203 160
0.325198 1.121557 0.573687 100 86 73
-0.409642 -0.393259 -0.069875 14 11 10
0.078678 0.225031 -0.027125 232 191 152
0.661307 -0.742140 -0.537639 222 172 139
-0.048088 0.670447 0.560963 41 23 16
-0.167927 0.916029 0.583827 153 113 90
0.487103 -0.152732 -0.145240 13 10 8
-0.001752 -0.845581 -0.243458 9 8 6
0.367451 -0.453908 -0.097860 13 11 9
-0.725812 -0.442451 -0.339581 217 173 139
0.691785 0.187014 -0.258634 229 183 145
0.518168 -0.597685 -0.401446 35 30 26
0.075168 0.540357 0.587486 247 199 177
0.246500 -0.657420 -0.091754 24 20 21
-0.121412 -0.026722 -0.043829 14 12 10
0.382586 0.921967 0.477327 158 125 103
-0.024604 0.448887 0.412160 131 84 60
0.075384 0.375587 0.123125 124 92 69
0.554896 0.243355 -0.264546 218 170 136
-0.467292 -0.475470 -0.127487 13 13 13
0.215290 0.299018 -0.045014 223 183 142
-0.010374 -0.649367 -0.099062 16 13 15
-0.093369 0.577345 0.478369 229 179 149
-0.777252 0.115895 -0.180755 194 146 113
0.565510 0.179149 -0.224883 233 187 147
-0.024167 0.968761 0.716524 213 162 135
0.303095 0.543253 0.247694 188 148 118
0.556951 -0.330346 -0.301310 21 16 10
0.020146 -0.130655 -0.055907 14 12 9
-0.165605 1.065926 0.570752 108 80 58
-0.007316 -0.309989 -0.052725 13 11 10
0.772168 -0.089724 -0.287591 227 185 142
-0.380172 -0.669576 -0.124275 12 10 9
0.326548 -0.358071 -0.084462 12 10 9
-0.242407 -0.387522 -0.033751 13 10 9
0.082869 -0.666476 -0.108321 23 21 21
0.211368 0.947024 0.711376 230 180 155
-0.065463 -0.801760 -0.205514 9 8 7
-0.152104 0.349037 -0.043945 178 134 96
0.289848 0.384614 -0.130117 221 172 127
-0.162455 0.589407 0.226909 169 125 97
0.259651 -0.251982 -0.072936 12 10 8
-0.232612 0.941280 0.339398 60 44 29
-0.231869 0.229014 -0.105480 226 179 139
0.308425 0.599480 0.415809 216 168 135
-0.432524 -0.774584 -0.331040 22 14 12
-0.661051 0.123793 -0.105955 240 195 155
-0.160693 0.607542 0.391402 186 140 116
-0.121711 0.674863 0.512856 214 164 133
0.031381 0.548231 0.550774 191 141 121
0.274115 0.742974 0.609794 228 184 160
-0.101930 -0.339873 -0.047326 13 10 9
-0.669946 -0.162819 -0.169335 228 185 144
-0.540257 -0.561255 -0.306972 9 8 6
0.255606 0.990814 0.694242 148 115 91
-0.025904 0.347767 0.286402 172 128 107
0.121101 1.044826 0.719327 76 62 43
0.166423 -0.673397 -0.103389 22 18 17
0.174074 0.116546 -0.082298 240 193 152
-0.570110 -0.350726 -0.244090 150 113 81
0.629834 -0.272466 -0.290316 227 181 138
-0.576217 0.154477 -0.115284 241 195 155
0.704982 -0.518590 -0.475258 222 172 133
-0.087545 0.833361 0.661039 224 181 157
0.265106 0.529227 0.414701 228 179 154
0.358718 -0.530819 -0.092460 15 11 9
-0.204686 0.915425 0.478980 122 91 70
-0.022402 1.101644 0.662948 68 50 31
-0.002639 0.870720 0.716459 239 193 166
-0.733035 -0.110940 -0.175745 227 183 143
0.042533 0.907843 0.730879 246 201 174
0.410666 0.126634 -0.160459 9 9 5
0.444255 -0.848356 -0.466236 56 48 45
-0.456050 0.262297 -0.175596 12 8 7
0.345501 0.723922 0.370210 208 159 126
0.389162 -0.354723 -0.107676 11 10 7
-0.425667 -0.156200 -0.068127 11 9 7
-0.222360 0.282540 -0.110285 224 178 133
0.080919 -0.746119 -0.169994 15 13 13
-0.154462 -0.703673 -0.105328 25 22 23
-0.666398 -0.653862 -0.393029 210 162 131
-0.299721 -0.712672 -0.131096 19 15 14
0.651142 -0.302101 -0.317193 226 182 140
-0.410102 -0.021069 -0.072107 10 9 6
0.695740 -0.083989 -0.246582 237 196 152
-0.213733 1.046056 0.453695 80 63 47
0.428519 -0.745428 -0.326336 31 28 23
-0.125589 -0.405326 -0.040264 15 11 10
-0.642658 -0.122771 -0.147245 230 189 146
0.265903 0.461788 -0.001827 209 164 123
-0.204516 -0.149713 -0.045967 11 9 7
0.062553 -0.539242 -0.060672 13 10 9
0.403177 1.087216 0.454374 74 54 37
0.041267 0.445852 0.474901 237 190 165
0.149344 -0.773018 -0.197242 16 14 14
-0.411732 -0.321730 -0.067461 13 9 7
0.363133 0.774623 0.307028 176 130 105
-0.602605 -0.218594 -0.166274 218 174 134
-0.193770 0.073284 -0.035076 15 11 8
0.086304 -0.621575 -0.082273 17 14 14
-0.394725 -0.467909 -0.062126 14 11 9
0.384628 0.697078 0.157755 178 118 87
-0.186787 0.131298 -0.054487 234 184 145
-0.068105 -0.631050 -0.082415 19 17 19
-0.016543 -0.512057 -0.057609 15 12 10
0.356154 0.987969 0.578508 187 146 121
0.379361 0.207299 -0.179148 12 9 6
0.529056 -0.701915 -0.493988 72 58 44
-0.614229 -0.569931 -0.425208 132 104 83
0.166191 0.822540 0.705197 242 197 171
-0.872945 -0.227541 -0.370721 152 113 80
-0.417333 -0.650472 -0.140192 26 22 21
-0.882804 -0.418410 -0.461861 155 116 85
0.194189 -0.879624 -0.312943 11 10 9
0.465942 -0.759568 -0.464308 34 28 28
0.362326 1.157418 0.498077 76 57 41
-0.087446 0.983878 0.679689 185 143 119
0.748353 -0.127370 -0.289142 232 189 145
0.641718 0.026249 -0.199017 242 202 161
-0.148318 0.822536 0.587374 195 154 129
0.440358 -0.672078 -0.231706 22 18 16
0.242647 0.327112 -0.065974 213 172 133
-0.114479 0.516835 0.142746 167 121 89
0.135022 0.288962 0.004243 231 190 149
-0.270731 0.173318 -0.073307 10 6 3
-0.737161 -0.365948 -0.300176 216 173 138
-0.203731 0.840969 0.235697 103 46 29
-0.077081 0.487456 0.399076 201 156 135
-0.177023 0.655993 0.292282 185 139 116
-0.161271 0.210117 -0.079838 219 172 132
0.100024 -0.161345 -0.063769 12 11 9
0.297414 0.196882 -0.132834 186 144 127
0.596972 -0.456402 -0.386696 193 148 114
-0.529076 0.246319 -0.166559 229 179 142
-0.190747 0.730013 0.354317 183 132 108
0.505233 -0.509907 -0.229685 15 12 10
-0.787976 -0.417907 -0.356199 212 167 131
-0.712713 -0.150083 -0.180998 227 185 144
-0.639000 -0.468441 -0.335393 202 159 127
-0.146659 0.261575 -0.062084 213 168 129
0.183539 0.360590 0.294594 222 175 146
0.667843 -0.570716 -0.467460 221 169 130
0.052532 0.402817 0.426052 205 99 91
-0.401040 -0.228158 -0.059415 13 10 8
-0.783836 -0.231654 -0.249574 215 173 136
0.334781 0.681926 0.379079 206 158 124
0.534708 -0.782089 -0.534381 100 80 65
0.447992 0.047082 -0.149657 9 8 4
-0.080352 -0.157687 -0.051447 11 10 8
0.557653 -0.194111 -0.196373 234 187 142
-0.616462 0.222168 -0.154152 235 182 145
0.330582 0.665697 0.304907 196 152 121
-0.811908 0.016274 -0.210558 183 135 107
-0.647296 -0.207078 -0.176282 226 184 143
-0.162532 -0.267768 -0.045114 12 10 8
-0.525676 -0.186534 -0.108014 17 13 10
0.504690 -0.668177 -0.461987 38 33 29
0.241156 -0.096302 -0.080287 11 9 7
-0.493243 -0.623829 -0.261960 11 9 9
-0.153563 0.514112 0.042527 180 131 94
0.318382 0.603357 0.281125 202 160 128
0.404870 0.994905 0.441836 79 58 40
-0.412017 -0.715889 -0.220388 19 15 14
-0.902388 -0.396204 -0.527315 142 105 76
-0.663965 -0.391713 -0.290141 218 174 139
-0.040186 0.365235 0.246600 152 111 84
-0.423232 -0.097722 -0.068339 9 8 6
-0.160938 0.450513 -0.030955 180 132 95
0.086115 0.986199 0.735528 145 109 85
-0.837176 -0.039142 -0.261645 176 130 95
0.390472 0.277518 -0.222090 32 25 24
0.234021 -0.141110 -0.076350 11 9 7
-0.827836 -0.267304 -0.305064 200 158 126
-0.187022 1.120861 0.487951 75 58 44
-0.409890 -0.523205 -0.075849 12 10 8
0.494218 -0.407132 -0.195083 19 17 17
0.373932 0.322326 -0.242306 37 32 28
0.333368 -0.620689 -0.098761 19 15 14
0.430263 -0.043579 -0.130056 10 9 6
0.757077 0.026268 -0.230457 234 193 151
0.365143 1.111794 0.523046 88 71 55
0.226938 1.037168 0.691449 89 71 50
0.018027 0.965104 0.727804 221 174 149
-0.686057 -0.437073 -0.323661 217 173 137
-0.880348 -0.373944 -0.447051 153 114 83
0.160538 0.239004 -0.047872 227 185 145
-0.184582 -0.471769 -0.029918 13 11 9
-0.662342 -0.586210 -0.408732 202 157 128
0.502530 -0.202161 -0.155045 15 13 10
0.613103 -0.197286 -0.247611 230 185 140
-0.860636 -0.273208 -0.358445 162 120 88
0.355839 -0.684504 -0.149684 17 15 13
-0.314928 -0.593024 -0.049599 15 13 13
-0.773812 -0.184217 -0.221959 219 175 136
-0.250903 -0.474700 -0.024834 12 9 8
0.385355 -0.881821 -0.409324 9 6 4
-0.792110 -0.051761 -0.194266 210 164 125
0.151985 0.375699 0.080146 235 195 156
0.724506 -0.228824 -0.323668 231 189 147
0.216001 0.194711 -0.105563 221 177 136
-0.123315 -0.799594 -0.200209 11 9 7
-0.048842 0.085668 -0.049752 243 191 150
0.651003 0.205814 -0.257269 229 181 141
0.552915 -0.145123 -0.190631 235 190 144
-0.637685 -0.282237 -0.215940 221 181 141
0.167194 0.200566 -0.075594 227 183 142
-0.706641 -0.078681 -0.151763 228 187 145
0.386321 -0.265782 -0.104316 13 12 10
0.149746 -0.821806 -0.251007 15 14 12
-0.331036 -0.206185 -0.046342 12 9 7
0.532437 -0.556375 -0.407215 26 22 21
-0.162664 -0.069864 -0.047409 11 9 6
-0.277109 -0.441715 -0.029946 12 10 8
0.029399 0.023804 -0.046444 26 16 14
0.467693 -0.804566 -0.515820 30 28 29
-0.312865 0.238547 -0.116316 11 7 5
0.366076 -0.149343 -0.099612 12 10 7
-0.373787 -0.555448 -0.062061 14 11 11
0.202661 -0.516166 -0.056638 14 12 10
-0.081010 0.695852 0.585545 118 67 42
-0.335344 0.039225 -0.075361 10 9 7
-0.797263 -0.133348 -0.219246 212 167 126
0.718870 0.150696 -0.244602 227 182 140
-0.864790 -0.132279 -0.317236 167 121 88
-0.766406 -0.314633 -0.284918 213 173 138
0.292078 -0.591160 -0.075125 17 14 12
0.328499 -0.863552 -0.357211 8 7 5
-0.505836 -0.729940 -0.390000 59 88 52
-0.649439 0.198535 -0.142686 232 180 144
-0.565196 -0.471108 -0.290268 6 4 2
0.122818 -0.252970 -0.065636 12 10 8
0.728229 -0.035134 -0.234524 235 195 154
0.483089 -0.484259 -0.194572 14 11 8
0.167747 0.672244 0.558127 145 99 75
0.330754 0.735586 0.459154 221 177 146
-0.079151 0.220282 -0.039738 227 182 143
-0.192832 -0.536676 -0.031434 13 11 9
0.067945 0.482814 0.592317 242 196 174
-0.867372 -0.199678 -0.339793 162 120 89
-0.168539 -0.734199 -0.133110 16 15 13
-0.856563 -0.370802 -0.397077 170 131 98
0.179822 -0.063632 -0.072022 14 13 9
0.411198 0.913183 0.267273 60 40 25
0.214511 0.481156 0.423919 227 185 160
-0.195059 0.776616 0.380777 190 144 121
0.796216 -0.010981 -0.274619 221 176 135
-0.143210 -0.467561 -0.034916 14 12 10
-0.164748 0.586529 0.280498 189 142 119
-0.083499 -0.301843 -0.049648 12 10 8
0.131176 0.703624 0.663985 239 195 169
0.424521 0.201335 -0.194298 13 12 8
-0.002302 0.238036 -0.012671 231 188 145
-0.096288 1.181866 0.549726 63 49 36
0.112501 -0.331228 -0.060630 15 11 9
0.297479 1.097081 0.619111 71 58 43
0.133991 -0.899629 -0.307642 10 9 7
0.302992 0.998015 0.661065 151 117 89
-0.146883 -0.113883 -0.048246 11 9 8
0.199390 1.119265 0.660288 76 64 45
0.440326 0.241164 -0.229646 33 29 30
-0.574128 -0.174674 -0.131374 217 171 128
-0.635563 -0.331646 -0.248211 224 184 146
0.778061 -0.246623 -0.368437 223 180 136
0.015731 -0.433370 -0.052604 13 11 9
0.790718 -0.306580 -0.415042 212 168 128
0.380766 0.718920 0.193491 219 163 131
0.262725 0.541240 0.114600 199 156 119
-0.261611 0.885214 0.236305 195 120 100
-0.316445 -0.742391 -0.180071 25 20 21
0.305893 0.716792 0.536091 220 176 151
0.232351 0.431162 0.304844 225 177 148
0.318826 0.107996 -0.116662 11 9 6
-0.101814 -0.114439 -0.050300 11 9 7
0.055421 0.737579 0.683059 243 198 173
-0.066474 -0.592755 -0.066860 15 11 12
0.450591 -0.476036 -0.157191 12 8 8
-0.529124 -0.520580 -0.244788 7 5 5
0.344355 0.815101 0.497088 213 171 141
0.282588 0.521642 0.199381 166 132 106
0.024630 0.498927 0.527362 202 149 129
0.704988 -0.397430 -0.407620 223 176 136
-0.120487 0.053158 -0.028583 20 12 9
0.071223 0.827863 0.718774 245 200 174
0.407975 -0.318951 -0.114976 13 11 10
0.762610 -0.208971 -0.337182 229 186 141
-0.500572 -0.259428 -0.116082 15 9 8
0.412799 0.927605 0.327852 71 51 35
-0.147174 0.594017 0.129054 183 133 98
0.327465 0.652572 0.347030 193 151 122
-0.173436 0.290805 -0.080236 200 156 117
0.704081 -0.439547 -0.432351 220 172 134
0.194466 -0.815895 -0.256579 10 9 8
0.636719 -0.439950 -0.384062 219 170 132
0.385808 -0.009931 -0.121712 9 8 5
-0.260218 0.814179 0.196551 201 133 111
0.322294 -0.314426 -0.083451 12 11 8
0.371966 0.760774 0.186059 247 191 165
-0.474813 -0.076750 -0.074770 19 17 12
0.209514 0.702919 0.640540 144 105 81
-0.724245 0.063033 -0.116800 230 188 149
-0.196101 0.001919 -0.046610 10 9 7
-0.056493 0.449007 0.382508 193 148 123
-0.318212 -0.279951 -0.044352 12 8 7
0.810964 0.098348 -0.322498 210 163 123
-0.499113 -0.505962 -0.186657 6 5 3
-0.634925 0.153929 -0.115579 238 188 148
0.226527 0.683122 0.582623 153 106 79
0.216247 0.121140 -0.087654 228 181 141
0.128649 1.107069 0.685861 69 54 35
-0.255500 0.891729 0.289379 221 156 128
0.046711 -0.050325 -0.056524 15 12 10
-0.221461 0.930057 0.405214 85 65 49
0.065214 0.688526 0.652529 232 188 162
0.106213 -0.022155 -0.062652 13 9 7
0.372602 0.759840 0.249463 231 177 143
0.327704 0.295407 -0.180648 227 184 143
0.731705 -0.294215 -0.366321 225 182 139
0.351587 0.738111 0.320039 199 152 122
-0.187666 0.713528 0.232658 183 133 110
0.647579 -0.237222 -0.282282 233 190 147
-0.184627 -0.226048 -0.045329 11 10 7
-0.353728 -0.103519 -0.057207 10 9 6
0.764973 0.163207 -0.304380 214 167 127
0.008623 0.748799 0.681303 241 195 172
-0.455381 0.292271 -0.208598 21 17 17
0.256309 -0.301854 -0.070067 14 10 9
-0.126417 0.558192 0.409214 194 149 127
0.033784 0.320643 0.251096 146 99 74
-0.340268 -0.032319 -0.065226 10 9 6
0.162829 0.420135 0.376210 230 184 157
0.225423 0.456872 0.370990 229 183 156
-0.329716 -0.426878 -0.040945 12 8 7
-0.361136 -0.636595 -0.087278 15 13 13
0.199541 -0.011759 -0.074867 11 10 7
0.316818 0.613664 0.358979 194 147 118
-0.075377 0.287068 0.000904 213 170 132
-0.246848 0.147701 -0.054066 14 9 6
-0.844526 -0.344691 -0.368333 181 141 107
-0.012116 -0.567037 -0.067060 14 10 10
0.299162 -0.101015 -0.089580 12 11 8
0.506246 -0.622903 -0.336835 38 36 34
-0.433498 0.212788 -0.133713 8 6 4
-0.224998 0.860589 0.348093 102 75 57
-0.041864 0.611141 0.519592 236 186 153
0.090290 0.450373 0.479085 231 178 154
-0.677520 -0.737969 -0.381840 207 161 129
-0.011759 0.307942 0.038262 215 175 136
0.488120 -0.615900 -0.250094 23 20 20
0.410564 -0.837308 -0.406478 14 12 10
-0.300859 -0.672802 -0.086744 12 9 9
-0.109246 0.469016 0.091934 194 150 112
-0.127187 0.604951 0.471838 220 166 140
0.582786 -0.215145 -0.229090 214 167 120
0.340515 0.701480 0.290823 195 150 119
0.677698 0.090236 -0.206091 236 191 149
0.451206 0.294076 -0.283836 32 30 31
-0.205641 0.358660 -0.107505 200 152 108
0.400397 0.855330 0.297783 83 55 33
0.175811 1.009825 0.718324 100 78 55
0.693508 -0.164630 -0.278491 236 194 150
-0.457633 -0.744599 -0.321698 13 10 7
-0.348597 0.371291 -0.244818 27 21 21
0.370366 1.057017 0.539305 111 86 66
0.200830 0.264982 -0.059042 227 187 145
0.250228 1.155942 0.612527 75 57 37
-0.570437 0.205575 -0.138937 241 192 153
0.710278 0.203118 -0.290249 219 172 134
0.625949 -0.623099 -0.449634 217 166 130
-0.525428 -0.224779 -0.122218 15 12 10
0.061570 -0.092773 -0.059784 11 9 7
0.064847 -0.783783 -0.202392 11 9 8
0.142615 0.532238 0.506225 222 166 144
0.062866 0.660988 0.603605 189 146 121
0.360562 0.719931 0.241228 219 167 132
-0.172102 0.641292 0.374657 178 132 106
-0.227007 -0.837796 -0.246218 14 10 11
-0.235173 0.927736 0.302539 94 63 44
-0.276204 0.348962 -0.163424 208 160 121
0.706826 -0.263017 -0.331704 228 185 143
-0.114500 -0.193483 -0.049491 12 10 9
-0.151860 0.750795 0.534727 198 159 136
-0.183004 0.698523 0.402127 193 146 116
0.474020 -0.688860 -0.330612 29 23 21
-0.693585 -0.326028 -0.256644 219 177 141
0.225795 -0.559017 -0.060650 16 12 11
0.771536 -0.054654 -0.270003 226 184 141
-0.058735 -0.708218 -0.128159 24 23 21
0.419454 -0.088431 -0.124322 10 8 4
-0.079054 0.516334 0.432338 203 154 131
0.102945 -0.468362 -0.054954 13 9 8
-0.064971 0.038106 -0.033518 92 75 68
0.043857 -0.362408 -0.053713 13 11 9
-0.207530 0.811012 0.348867 138 102 82
0.269633 0.515614 0.373271 218 173 145
0.320342 -0.133889 -0.090233 12 11 9
0.133381 -0.127334 -0.065947 12 10 9
0.433729 -0.705177 -0.267656 26 23 19
-0.088883 0.454151 0.318255 188 143 123
0.410004 0.770999 0.182900 244 183 156
0.188976 -0.372328 -0.059333 13 10 8
-0.407892 0.028023 -0.077393 10 9 6
0.560273 -0.378573 -0.351304 105 77 56
0.257166 -0.025242 -0.085936 12 9 6
0.028569 -0.199449 -0.058318 11 9 7
0.284723 0.641143 0.487404 233 185 149
0.075087 0.287339 0.029640 223 180 144
0.495358 -0.547248 -0.223983 16 11 10
-0.312164 -0.786415 -0.242072 22 16 16
0.502079 -0.722399 -0.513106 40 34 26
-0.530683 -0.551393 -0.268451 7 6 4
0.015982 0.621679 0.542750 215 168 138
0.005452 0.394428 0.131489 144 109 82
0.372990 0.858805 0.436843 192 153 127
-0.090941 0.762730 0.638287 225 182 160
0.293351 0.589891 0.054758 198 154 116
-0.167618 0.659984 0.106187 184 137 108
-0.226485 -0.110198 -0.047706 12 10 8
-0.459527 -0.666474 -0.235588 12 11 10
0.131692 0.248850 -0.023879 231 192 149
-0.081597 -0.039328 -0.045184 13 9 8
0.377912 -0.217384 -0.100944 11 10 8
-0.028224 -0.202392 -0.054343 11 9 7
-0.872755 -0.480198 -0.459606 188 139 102
0.381432 -0.782805 -0.313233 23 18 14
0.150515 0.911829 0.725374 242 196 167
0.206636 0.441377 0.097839 226 186 147
0.098280 0.862271 0.727833 247 202 176
-0.066523 0.870132 0.685687 227 182 157
-0.435113 0.172455 -0.114194 10 9 6
0.610522 0.164057 -0.226554 233 187 146
-0.163563 0.593304 0.068589 185 135 100
-0.127562 0.408128 0.028798 189 147 109
0.262704 0.467743 0.300441 220 174 142
-0.435177 -0.242015 -0.071661 13 9 7
0.059499 1.083217 0.695550 75 58 40
0.585672 -0.752894 -0.506087 195 150 123
-0.332414 -0.510308 -0.040645 12 9 9
0.250161 0.429562 0.014831 217 173 131
0.674121 -0.119986 -0.253777 239 196 152
-0.382981 0.223245 -0.141196 7 6 5
-0.026502 -0.088468 -0.051585 14 12 10
0.534300 -0.396554 -0.282151 20 14 15
0.397561 -0.645471 -0.153434 21 19 18
0.158484 0.412902 0.131055 193 158 126
0.528254 -0.467781 -0.301442 16 12 12
-0.231025 0.748081 0.206957 198 140 120
0.388970 -0.736066 -0.250343 18 14 12
0.048511 0.990372 0.729882 151 116 89
-0.046209 -0.373478 -0.049708 14 10 9
-0.007030 0.386960 0.358783 216 170 145
-0.403948 0.096132 -0.092601 8 7 4
-0.832681 -0.195022 -0.276153 192 149 114
0.540126 -0.626783 -0.455678 101 75 60
0.620091 -0.541082 -0.426672 211 160 124
-0.799993 -0.370964 -0.339957 208 166 130
-0.373166 0.162656 -0.106633 9 7 5
0.504659 0.209054 -0.210239 17 16 12
-0.071799 1.133150 0.608247 53 39 23
0.171791 0.075782 -0.068842 230 185 160
0.328507 0.674838 0.416045 213 161 124
0.678669 -0.345562 -0.359790 227 185 142
0.354084 0.810230 0.447866 207 166 132
0.247374 0.470319 0.064768 225 180 141
0.068888 0.026751 -0.050843 25 18 16
-0.142336 0.755720 0.573475 147 109 88
0.673575 -0.662746 -0.501082 222 170 133
0.274093 0.164431 -0.113482 163 126 108
-0.148792 0.130567 -0.055180 230 179 140
0.110672 0.473826 0.546666 180 122 110
0.183715 0.382864 0.325966 230 188 158
0.428111 -0.184015 -0.122466 12 10 8
0.352935 0.685198 0.201422 237 190 159
0.134148 -0.493171 -0.056314 13 10 10
-0.736677 0.123301 -0.138028 217 168 132
-0.704339 0.029199 -0.110032 233 193 151
0.379485 0.943775 0.508232 169 132 109
-0.077511 -0.085316 -0.049800 12 9 7
0.530958 -0.214251 -0.177015 26 22 21
0.580624 0.057695 -0.197018 241 201 159
0.239862 0.880027 0.689164 237 189 160
-0.604593 -0.735983 -0.356581 184 143 117
0.482723 0.235398 -0.227316 34 28 30
-0.078287 0.115265 -0.051362 238 184 140
0.325823 1.088820 0.592741 97 78 61
0.473026 -0.117849 -0.140676 24 20 17
0.543917 -0.479750 -0.371499 10 5 4
0.584875 -0.126569 -0.213288 235 191 146
-0.228081 -0.296961 -0.040436 12 10 8
-0.633041 -0.650545 -0.410434 178 138 113
-0.267746 0.303395 -0.136329 219 172 131
-0.163035 0.711300 0.470691 201 160 133
-0.613781 -0.529047 -0.383078 146 115 93
0.012420 -0.487950 -0.056071 11 8 7
0.314014 0.580999 0.244703 191 150 120
-0.398809 0.316853 -0.211478 9 6 6
0.445231 0.168988 -0.184917 11 9 5
-0.586845 -0.786608 -0.309722 167 127 101
-0.112267 0.461653 0.251791 176 134 110
-0.354767 -0.161421 -0.051926 11 9 7
0.027759 0.491698 0.490538 170 127 109
0.443593 0.869014 0.233608 229 165 131
-0.042917 -0.163081 -0.053223 10 9 7
0.209631 0.403041 0.049386 231 191 149
0.459642 0.011358 -0.147638 8 7 4
-0.397371 0.356530 -0.257322 18 15 14
-0.303019 0.021655 -0.067490 9 8 6
0.013968 -0.786863 -0.202823 8 8 7
-0.202717 1.115012 0.454325 69 50 35
-0.440937 -0.398462 -0.089971 14 10 9
-0.516492 0.090565 -0.102807 240 199 158
-0.844903 -0.513488 -0.441304 190 140 104
-0.178100 0.784424 0.454518 206 165 139
0.015712 -0.618860 -0.084371 16 15 15
0.680141 0.023804 -0.201804 245 204 165
-0.086887 -0.689118 -0.108988 27 24 24
0.306275 0.025787 -0.105671 12 10 7
0.079632 0.912065 0.734229 246 200 171
0.394534 1.007223 0.482846 104 78 57
0.279002 -0.517612 -0.064935 16 13 12
-0.225237 -0.685360 -0.081690 19 17 18
-0.088296 1.019562 0.665323 126 92 67
0.222618 0.473770 0.140320 186 148 118
0.370337 0.260202 -0.195832 31 24 23
-0.488516 -0.718826 -0.346130 26 16 14
0.648684 -0.686965 -0.487407 220 169 135
-0.134928 0.510878 0.290863 195 149 128
0.232914 0.415839 0.268900 210 163 134
0.419031 0.964938 0.259880 56 44 32
-0.176722 0.667894 0.332270 185 139 116
0.812479 0.056152 -0.295755 217 171 132
0.762243 -0.424478 -0.465775 219 171 131
-0.027627 0.549762 0.492557 238 183 156
0.164491 0.748053 0.677779 244 199 176
-0.618900 -0.404479 -0.289346 205 160 126
-0.231221 -0.592185 -0.035322 17 15 13
-0.673997 -0.510798 -0.366541 217 171 137
0.075583 -0.314243 -0.059879 10 9 7
0.317994 0.755032 0.525624 216 174 148
0.373782 0.885930 0.479362 162 125 100
0.396449 0.079632 -0.141769 9 8 5
-0.645959 0.033442 -0.099738 238 198 155
-0.109328 0.795775 0.633371 226 182 158
0.720332 0.087021 -0.215680 236 191 149
-0.896176 -0.415739 -0.496289 150 112 81
-0.501386 -0.835462 -0.235785 212 153 123
0.146397 0.347871 0.053720 235 197 158
-0.171306 0.617330 0.299947 191 145 121
-0.151389 0.627046 0.449590 201 150 122
-0.108761 -0.742568 -0.157311 11 10 9
0.190969 -0.599398 -0.067596 19 14 14
0.296087 -0.662514 -0.104485 21 20 20
-0.190012 0.182349 -0.084796 221 173 133
0.414627 -0.680946 -0.205854 19 15 13
0.778614 0.073893 -0.249279 228 184 143
-0.391474 -0.593436 -0.082831 15 13 12
0.415519 -0.507440 -0.128098 12 11 8
-0.242144 0.832839 0.222714 178 116 93
-0.603188 -0.273588 -0.206219 213 164 122
-0.295472 -0.053204 -0.057490 9 8 6
0.257603 -0.780153 -0.217164 24 20 19
-0.864143 -0.442450 -0.437560 169 126 94
-0.127174 0.182543 -0.065576 236 191 152
-0.862518 -0.071465 -0.328646 161 116 82
-0.334702 0.295266 -0.155780 11 8 6
0.000560 -0.749651 -0.175326 10 8 10
-0.386694 0.275409 -0.176806 9 7 5
0.381443 0.982868 0.519851 137 101 78
-0.146409 1.056661 0.600680 151 118 93
0.245869 0.955952 0.700414 190 145 121
0.380877 0.847311 0.381170 154 117 95
0.276716 0.590596 0.468485 236 184 153
-0.491372 0.204532 -0.124869 36 23 18
0.441743 -0.611249 -0.178303 13 10 9
-0.050245 1.037613 0.686922 121 96 71
-0.178934 0.891206 0.554206 163 126 104
0.517794 0.044301 -0.186332 37 36 33
0.829367 0.027061 -0.344897 204 158 117
-0.141644 0.003704 -0.041126 13 10 8
0.244260 0.670047 0.540096 115 85 70
-0.107886 1.121732 0.589260 84 66 47
-0.142074 1.016244 0.621180 165 130 108
0.483068 0.175903 -0.192151 10 10 5
0.148101 0.143346 -0.083934 239 192 150
0.314664 1.027958 0.639345 123 95 70
-0.213305 0.773830 0.262676 221 164 134
0.070882 -0.262061 -0.061347 13 11 9
0.468626 -0.675428 -0.288067 25 20 18
0.274733 0.521335 0.044695 214 168 128
0.464659 -0.611913 -0.208918 13 11 9
0.798581 -0.167234 -0.342772 221 177 134
0.484744 -0.059153 -0.148312 21 17 15
0.032844 0.098432 -0.077867 242 194 152
0.474929 -0.715111 -0.402765 35 30 26
-0.198184 1.039685 0.499408 90 67 49
0.355624 -0.188875 -0.094940 13 11 9
0.559499 -0.301183 -0.276389 29 23 18
0.326242 0.643226 0.260539 196 150 120
0.257730 -0.879039 -0.337021 8 7 5
0.191806 -0.776436 -0.202794 18 14 15
-0.884998 -0.331674 -0.462030 143 107 75
-0.186120 0.722465 0.267855 187 138 114
-0.165597 -0.145017 -0.047389 11 10 8
0.323825 -0.786158 -0.266045 24 17 19
-0.187472 0.933668 0.540584 137 105 80
-0.153175 -0.545208 -0.039280 13 12 11
0.501334 -0.005004 -0.169152 22 17 16
-0.086429 -0.558974 -0.054877 12 10 9
0.286787 -0.170043 -0.081692 10 9 7
0.000136 -0.347262 -0.051554 15 12 11
0.448283 -0.790065 -0.438353 41 39 40
0.428816 -0.576421 -0.149316 16 13 11
-0.014899 0.009250 -0.039553 15 12 9
0.201185 0.501393 0.453210 235 185 159
0.165834 -0.638481 -0.083076 19 15 16
0.405788 -0.812535 -0.380457 17 14 13
-0.530665 -0.673838 -0.390726 44 37 26
-0.810273 -0.560150 -0.423698 204 151 114
0.098347 0.578756 0.578553 228 177 153
0.233813 0.049498 -0.084321 14 10 8
0.044655 0.475377 0.547613 137 94 85
0.503930 0.124850 -0.194412 17 16 12
-0.168361 0.331528 -0.071047 191 146 108
0.315608 0.640321 0.433794 223 172 137
-0.699229 -0.359793 -0.279688 218 175 139
-0.542817 -0.364105 -0.213453 4 2 1
0.032286 0.323521 0.338098 216 164 141
0.537556 -0.067764 -0.183140 236 192 149
-0.758521 -0.282487 -0.261679 217 177 142
-0.060071 1.090486 0.652719 79 61 42
0.133623 0.180020 -0.066879 226 179 137
-0.158348 0.562900 0.254115 175 131 105
-0.206909 0.780517 0.208983 179 115 96
0.089380 0.753405 0.689713 245 200 175
0.351606 -0.286057 -0.091954 13 11 9
-0.279089 0.092597 -0.067288 10 7 5
-0.105827 0.430465 0.065855 194 152 116
-0.468031 -0.615149 -0.186984 8 8 8
-0.614081 0.247457 -0.179518 225 173 136
-0.283287 -0.104814 -0.050972 10 9 7
0.398312 1.058163 0.476626 80 63 44
0.253486 -0.829987 -0.295048 9 8 6
-0.057986 0.755055 0.658822 231 185 164
0.181996 -0.325491 -0.063278 11 8 7
0.358066 -0.770822 -0.274167 24 16 14
0.599794 -0.584768 -0.431152 199 151 119
0.218016 0.629024 0.523327 215 162 131
0.295987 -0.710579 -0.136749 18 14 13
-0.020185 1.020881 0.707203 111 83 60
-0.664189 -0.259614 -0.208241 223 180 143
0.399291 0.821627 0.272788 209 153 122
-0.766742 -0.506492 -0.385048 214 166 130
0.476628 -0.338982 -0.159866 13 10 8
0.430878 -0.833378 -0.435561 16 12 10
0.245020 0.550534 0.463419 236 179 151
0.377158 -0.559045 -0.105031 15 13 11
0.445303 -0.237617 -0.131530 12 11 9
0.626438 -0.379035 -0.347117 219 171 132
0.306587 0.587159 0.382442 204 158 127
-0.347952 -0.348301 -0.047986 12 9 7
0.247562 0.082875 -0.088421 12 10 6
-0.756119 -0.420553 -0.340063 215 171 136
0.290509 0.861882 0.640550 232 189 159
0.181151 -0.262107 -0.067959 13 11 10
-0.171636 0.993696 0.575940 131 98 73
-0.714416 -0.011687 -0.127698 228 187 145
0.040648 0.370815 0.117889 135 102 77
-0.511814 -0.621653 -0.305411 8 7 5
-0.310634 -0.357932 -0.041147 14 10 9
0.736999 0.113362 -0.232510 229 184 143
0.310311 0.225922 -0.148421 222 181 148
-0.272098 -0.567323 -0.033850 16 13 12
0.139878 1.073743 0.703361 74 59 40
-0.120993 -0.494612 -0.040014 11 9 8
0.196848 0.356968 0.021388 233 194 151
-0.620266 -0.764032 -0.341912 183 140 115
-0.840349 -0.002638 -0.292023 167 123 87
0.699207 -0.678742 -0.538025 227 174 138
0.428668 0.271783 -0.248748 34 31 32
0.285106 0.349916 -0.125489 222 177 135
0.088473 0.122929 -0.076038 241 191 146
-0.515820 -0.807536 -0.267507 140 102 81
-0.021810 -0.694025 -0.124183 24 18 19
-0.469627 -0.563957 -0.148205 10 9 9
-0.005482 0.345270 0.324943 201 154 129
-0.498459 -0.332736 -0.145509 9 8 6
0.012025 0.131344 -0.075150 233 185 142
0.513695 -0.134529 -0.159543 20 14 10
-0.812423 -0.307205 -0.312110 201 160 125
0.034291 0.181744 -0.057789 232 187 145
0.543546 -0.411021 -0.317512 16 12 12
0.363296 -0.077321 -0.106258 10 8 5
0.769894 -0.287089 -0.386875 223 179 137
-0.040691 0.406843 0.343047 199 160 134
-0.099181 -0.820538 -0.214858 9 8 7
-0.691090 -0.567379 -0.401390 215 170 135
0.417450 1.010233 0.367924 78 59 45
0.514761 -0.585830 -0.318132 27 26 24
-0.449665 -0.020362 -0.072750 9 7 4
0.493527 -0.633916 -0.287312 24 22 23
0.175587 -0.144815 -0.070145 11 9 8
0.505523 -0.431674 -0.220216 18 14 13
0.155317 0.674960 0.600066 172 122 94
-0.217831 0.992110 0.451061 71 50 34
0.326001 0.329681 -0.187843 229 183 139
-0.721895 0.190724 -0.174628 210 156 122
0.322382 0.863587 0.600637 228 191 164
-0.570655 -0.408258 -0.269057 108 84 61
0.270093 0.813480 0.641533 233 187 158
-0.010439 -0.052975 -0.050939 13 11 8
0.129349 0.490150 0.480197 229 179 158
0.303052 0.286399 -0.157498 228 185 143
0.730550 -0.538774 -0.502656 221 168 130
-0.888893 -0.490123 -0.489046 191 144 106
-0.345765 0.331681 -0.188508 11 8 6
0.378850 1.126280 0.489621 98 81 65
0.492022 -0.679202 -0.386945 33 28 24
-0.516009 -0.659826 -0.351853 9 6 4
0.270508 -0.758764 -0.192688 16 14 14
-0.448765 -0.460591 -0.101846 15 12 10
0.611685 -0.339389 -0.322000 209 163 118
0.504249 -0.764968 -0.534338 38 34 27
0.420584 0.829478 0.194447 208 130 106
-0.190058 0.739697 0.320769 181 130 106
0.721828 -0.325412 -0.378474 226 182 139
-0.502648 0.291413 -0.223183 36 25 26
0.049178 -0.507049 -0.057790 11 9 8
0.128240 0.638285 0.551811 217 171 141
0.347362 0.089406 -0.125029 11 9 7
-0.835504 -0.409464 -0.389552 188 143 111
0.452253 0.116255 -0.170402 8 7 3
-0.175855 -0.770823 -0.176998 12 9 10
0.155172 0.447884 0.423770 219 170 146
0.679403 0.144198 -0.226600 230 183 141
-0.223430 0.963762 0.416817 72 53 39
-0.427436 -0.597196 -0.114070 11 11 11
-0.106441 0.485649 0.326782 197 152 132
-0.637644 -0.373065 -0.274199 221 177 142
0.548230 0.212167 -0.237740 214 165 131
-0.850016 -0.139944 -0.284168 172 129 94
-0.459472 -0.157510 -0.076246 12 9 6
-0.570130 -0.294192 -0.211119 160 119 83
-0.127566 0.332018 -0.017739 198 156 119
0.452073 -0.721698 -0.336105 24 20 21
-0.183346 0.761845 0.427490 205 161 136
-0.566589 -0.504918 -0.315480 9 6 3
-0.547630 -0.485165 -0.263687 5 4 2
0.074814 -0.819836 -0.232639 10 10 9
0.130049 -0.052655 -0.065815 11 9 6
0.408430 0.033206 -0.135256 10 8 4
-0.303806 0.171805 -0.087777 6 3 2
0.175694 -0.198400 -0.069003 12 11 9
-0.476446 0.030869 -0.081825 25 20 13
0.311533 0.698961 0.483484 224 182 151
0.331264 0.904257 0.603258 216 178 150
-0.183709 0.863842 0.516784 176 139 116
0.264363 1.119082 0.630583 76 64 46
0.288188 0.720265 0.587740 168 126 101
-0.541362 -0.286878 -0.177558 13 10 9
-0.015218 -0.415774 -0.050651 13 11 9
-0.160313 -0.822495 -0.218702 8 7 5
0.367988 -0.701105 -0.177482 19 18 17
0.646697 -0.503740 -0.424043 219 170 131
-0.715332 0.159918 -0.142096 220 170 134
-0.004634 -0.273818 -0.054077 12 10 9
0.373737 -0.819417 -0.350844 12 11 9
-0.034956 0.935043 0.711623 229 181 151
0.452856 -0.378253 -0.148940 12 9 7
0.171021 -0.532630 -0.058562 13 10 9
-0.682471 0.232468 -0.190955 211 156 123
0.130470 0.323877 0.259005 149 106 78
-0.134242 -0.648035 -0.072665 14 12 13
-0.207561 0.869943 0.416210 130 102 82
-0.153796 1.106099 0.560039 101 79 56
-0.342458 -0.549239 -0.049192 13 10 9
0.042870 -0.673202 -0.113034 24 20 19
-0.255108 0.199465 -0.094368 229 182 145
-0.006094 0.195857 -0.041665 232 187 143
0.828877 -0.021877 -0.335276 211 166 124
-0.557900 -0.241942 -0.159921 21 13 11
0.139658 -0.795497 -0.222499 12 12 10
0.476795 -0.725567 -0.446842 35 27 25
0.098214 -0.722410 -0.142232 25 22 22
-0.172515 0.467430 -0.085299 203 148 107
0.633490 -0.053042 -0.218080 239 200 157
-0.068273 0.553980 0.477172 236 183 154
0.612881 0.046100 -0.198263 239 198 156
-0.602669 -0.344359 -0.252726 207 164 125
0.613839 -0.797389 -0.547796 215 166 134
0.580003 -0.656960 -0.450428 187 142 116
-0.480957 -0.436001 -0.144567 14 12 12
-0.600987 -0.699537 -0.408246 165 126 105
0.441395 -0.770612 -0.400099 24 20 21
-0.147462 0.469952 0.029798 182 136 100
-0.122977 0.918115 0.646904 214 168 141
-0.511061 -0.138240 -0.089801 18 14 11
-0.075355 0.909590 0.687847 222 177 149
-0.571938 -0.661706 -0.464764 36 23 21
0.131341 0.348940 0.346752 233 180 152
0.653798 -0.607058 -0.464785 220 168 132
0.144224 0.601357 0.534021 234 188 159
-0.216988 0.843804 0.279405 131 72 54
-0.007186 0.518103 0.474993 220 168 141
0.762717 -0.461263 -0.485970 220 169 129
-0.230878 0.399500 -0.162589 214 161 116
0.105979 -0.541910 -0.060772 15 12 12
0.264687 0.278063 -0.121505 223 180 142
-0.210333 0.152989 -0.065975 225 171 134
0.007577 0.056452 -0.056787 239 191 147
-0.271430 -0.025875 -0.057209 9 8 6
-0.059759 -0.519388 -0.053540 12 10 8
0.344002 -0.429668 -0.088809 14 10 9
-0.182451 -0.358270 -0.038035 14 11 9
-0.133196 0.968237 0.637735 180 137 110
-0.233184 0.976976 0.348989 52 34 22
0.311745 0.360305 -0.176531 224 177 131
0.727535 0.030261 -0.214360 240 201 161
0.288895 1.056384 0.650168 112 94 76
-0.059655 0.435084 0.118376 179 140 107
-0.042416 0.713451 0.644716 136 98 76
-0.800825 0.090898 -0.213372 180 128 100
0.525638 -0.547985 -0.348312 27 25 26
-0.783327 -0.548634 -0.406261 213 163 126
-0.234880 -0.754328 -0.154586 14 10 11
-0.224982 0.326076 -0.116714 215 168 123
0.280095 1.166317 0.590057 60 45 33
-0.574092 -0.113115 -0.118423 233 192 147
-0.075824 0.614829 0.510268 242 193 158
0.470901 -0.413823 -0.169380 16 12 11
0.563426 -0.350478 -0.327603 117 85 57
-0.292453 -0.144726 -0.048261 12 11 9
0.318762 -0.252806 -0.082930 13 11 9
-0.050602 0.811088 0.678794 230 185 162
0.170266 -0.453416 -0.054621 14 10 9
-0.498606 -0.374344 -0.159870 9 7 6
-0.051599 0.172371 -0.052270 221 170 129
-0.020506 -0.136517 -0.053700 12 11 9
-0.344383 -0.806265 -0.281401 16 13 13
-0.605862 -0.452094 -0.315454 169 132 104
0.396080 0.921608 0.412235 133 106 84
0.053115 -0.933677 -0.308447 6 5 3
0.766246 -0.340232 -0.417387 219 173 132
-0.335687 0.072459 -0.080656 9 8 6
-0.016366 0.465133 0.441128 210 160 135
0.004632 0.421528 0.403200 190 109 96
-0.063594 0.411451 0.091129 187 147 113
-0.282740 -0.802194 -0.239612 9 8 6
-0.095114 -0.652538 -0.085568 18 16 15
0.345781 0.744052 0.399109 212 159 124
-0.819788 -0.337303 -0.337112 197 158 125
-0.814448 0.048183 -0.224777 176 129 96
-0.109031 0.855176 0.647525 223 180 154
-0.088168 -0.423014 -0.045146 14 11 9
0.249470 0.749233 0.633285 235 188 163
0.145730 0.046309 -0.060207 23 17 14
0.030647 0.584676 0.551354 216 168 143
-0.138317 -0.335973 -0.043253 12 10 9
0.579019 -0.075931 -0.202600 239 197 153
0.621697 -0.165190 -0.244232 234 188 140
0.173430 0.686907 0.634826 134 96 76
0.759275 0.146565 -0.273957 221 175 136
-0.388339 -0.093545 -0.062987 10 8 6
-0.027549 0.497484 0.458420 228 179 151
-0.044978 -0.231243 -0.053450 13 12 10
-0.778704 0.084595 -0.169263 196 146 118
-0.494299 -0.688008 -0.329039 11 9 9
0.149357 0.794469 0.698772 246 202 178
0.338005 0.132932 -0.130472 14 10 8
0.556905 -0.700888 -0.475733 157 123 100
0.134192 0.570790 0.542724 234 190 165
0.780956 0.012582 -0.250277 228 185 144
-0.844378 -0.215181 -0.299916 182 139 105
0.614211 -0.019826 -0.204180 240 201 160
-0.842950 -0.439075 -0.408950 188 141 107
-0.759968 0.009782 -0.148759 217 173 133
0.473592 0.062372 -0.164322 13 12 8
-0.207219 -0.567054 -0.033386 14 10 10
0.190452 0.301299 -0.017772 230 190 149
-0.288548 -0.309641 -0.041662 13 10 9
0.495315 0.259878 -0.255095 28 26 27
0.520996 -0.310850 -0.205354 24 18 16
0.081096 -0.195799 -0.062605 13 11 10
-0.823451 -0.485992 -0.411267 202 154 116
-0.176196 1.024338 0.561504 105 77 55
0.348928 0.342206 -0.233496 222 176 137
0.504283 -0.585754 -0.258457 32 28 25
-0.589822 -0.067159 -0.118560 236 195 151
-0.813699 -0.061621 -0.217369 199 152 116
-0.732627 -0.404861 -0.320968 215 172 137
0.275436 0.395005 -0.096318 221 172 131
-0.795442 0.027783 -0.184246 198 154 121
-0.474621 -0.334119 -0.118000 11 9 7
-0.849355 -0.064784 -0.285529 168 124 89
0.105259 0.404799 0.420853 220 121 119
0.220935 -0.427163 -0.059826 13 10 8
-0.077968 0.251029 -0.023053 220 178 138
0.307919 -0.040065 -0.096171 12 11 7
0.772634 -0.520172 -0.523881 220 166 126
-0.554828 0.178128 -0.123968 242 196 156
-0.229537 0.919674 0.364202 58 37 22
0.338532 0.038350 -0.115682 11 10 6
-0.339149 -0.693123 -0.124538 13 11 9
0.420478 0.979720 0.313423 61 46 35
0.058667 -0.127337 -0.059594 13 10 9
-0.145544 -0.181679 -0.048122 11 10 7
-0.366604 -0.748253 -0.222547 23 20 21
-0.875297 -0.296822 -0.412199 150 111 80
-0.272766 -0.648819 -0.061155 13 11 10
-0.266077 -0.765416 -0.188050 16 12 11
-0.120921 0.095456 -0.044309 241 188 149
0.202488 0.049515 -0.072304 13 10 7
0.410079 1.057997 0.421426 67 50 35
0.261465 0.462492 0.237933 177 139 110
0.288724 0.779715 0.609297 233 192 165
0.640871 -0.205549 -0.267087 235 191 147
-0.723328 -0.556647 -0.396909 215 169 134
-0.461377 -0.224761 -0.081491 14 11 8
0.195238 1.064580 0.694436 73 61 42
-0.581633 0.029490 -0.103278 238 197 153
-0.676502 0.092624 -0.099528 240 198 159
-0.252852 0.371195 -0.157364 196 149 111
-0.217352 -0.207882 -0.044470 10 8 6
0.156073 -0.736832 -0.153305 17 15 14
0.327611 0.760274 0.492914 217 175 146
-0.401524 -0.755075 -0.278103 16 11 11
0.222410 0.777727 0.661728 238 192 166
0.594814 0.236335 -0.266744 221 175 142
-0.459057 -0.378284 -0.108336 14 12 11
0.396190 -0.443533 -0.114142 12 9 7
-0.887093 -0.527941 -0.499251 198 146 111
-0.199042 -0.429313 -0.030965 13 11 9
-0.766746 -0.356941 -0.310850 215 173 138
0.499693 -0.346357 -0.184498 18 14 11
0.295417 0.531977 0.306184 216 172 141
-0.437243 -0.624540 -0.140907 31 27 26
-0.491689 0.254006 -0.160835 21 15 13
0.176340 0.540710 0.489968 240 186 162
0.357999 0.918035 0.552379 194 153 129
0.095324 -0.901534 -0.298376 10 10 10
-0.092995 -0.221890 -0.050502 11 9 7
0.292467 0.549133 0.354263 216 171 142
0.324190 0.175702 -0.138818 15 13 9
-0.818159 -0.107431 -0.232321 200 154 118
0.287627 0.565958 0.032644 194 150 115
0.267401 0.451331 -0.032950 209 164 121
-0.470582 -0.189881 -0.080721 13 9 6
0.415066 0.961379 0.375286 76 54 39
-0.495647 0.151252 -0.111475 187 152 128
-0.101803 0.358048 0.026847 200 160 125
0.571226 -0.491571 -0.409318 154 118 92
0.268699 -0.800738 -0.261140 18 14 13
0.360942 0.865281 0.506959 190 148 123
-0.598655 -0.248389 -0.183933 211 165 121
-0.459670 0.106520 -0.090282 23 20 16
-0.722454 -0.214189 -0.209460 222 178 140
0.243997 -0.469366 -0.060203 15 11 10
0.146961 0.012858 -0.063137 13 10 7
-0.842191 -0.106618 -0.265886 179 133 98
-0.074423 0.418479 0.292652 189 147 128
-0.125637 0.701715 0.530621 170 133 113
0.736879 -0.346307 -0.400494 221 176 135
-0.206291 -0.794227 -0.203741 10 8 8
-0.493874 -0.548085 -0.186061 8 7 6
-0.184970 1.080588 0.517846 78 58 38
0.122018 -0.620501 -0.078819 15 13 12
-0.422752 -0.734263 -0.253548 26 21 16
0.700548 -0.615805 -0.513205 221 170 132
0.518534 -0.469770 -0.260975 18 12 10
0.034798 0.665660 0.586552 140 99 79
0.111287 0.062308 -0.062284 240 190 150
0.419728 -0.647097 -0.177684 21 16 16
0.490321 -0.273037 -0.162450 11 10 7
-0.078594 0.146408 -0.061203 242 193 153
-0.347331 -0.732964 -0.187558 17 11 11
0.731958 -0.156400 -0.293417 234 192 149
0.400850 1.119298 0.439199 96 82 68
0.449185 -0.441680 -0.152964 14 10 9
0.059169 0.617938 0.581467 208 157 128
-0.166723 0.947981 0.589205 154 117 91
-0.060380 0.971494 0.701481 188 139 116
0.555220 -0.268723 -0.228985 35 28 24
0.508577 -0.378268 -0.209257 22 17 15
-0.130352 -0.267123 -0.047342 13 12 10
-0.099255 0.921718 0.669908 217 172 145
-0.162338 0.839983 0.564154 190 151 128
0.411200 1.024048 0.413286 72 58 44
-0.714162 -0.471604 -0.351237 217 173 138
-0.562706 -0.561939 -0.382448 10 6 3
0.442312 -0.547965 -0.157428 13 12 10
-0.229392 0.990000 0.397209 38 19 8
-0.158965 0.597147 0.360997 184 139 118
0.566982 -0.776801 -0.519830 174 134 108
-0.154184 -0.678155 -0.085742 22 18 19
0.294575 -0.874499 -0.348595 8 8 6
0.248944 -0.911963 -0.354026 10 10 8
0.260629 0.493280 0.351989 224 182 154
0.315368 -0.813578 -0.308723 15 12 11
0.013552 0.555325 0.521660 202 152 130
-0.147537 -0.782076 -0.187053 10 7 6
0.050827 0.374153 0.385960 202 156 133
0.101632 0.178084 -0.060813 233 185 142
-0.178562 0.724673 0.434770 204 160 129
-0.555007 -0.617356 -0.412898 21 15 13
0.146091 0.321603 0.293234 203 153 129
0.384972 0.828314 0.337328 136 105 83
-0.370022 -0.709255 -0.162806 21 17 16
-0.672554 -0.226699 -0.195122 225 183 143
0.047749 -0.434311 -0.053168 14 11 9
0.271368 0.932760 0.684496 213 164 136
-0.151412 0.535092 0.067438 190 140 103
-0.528314 -0.590633 -0.311044 6 5 3
-0.464965 -0.696007 -0.281685 18 17 15
0.728183 -0.572792 -0.515839 224 170 131
-0.762255 -0.113933 -0.190957 223 178 137
-0.396370 -0.166216 -0.060165 11 8 6
0.566169 -0.583148 -0.432051 158 121 94
-0.611275 -0.610193 -0.449681 113 86 68
0.372458 0.795942 0.330053 148 112 90
0.503652 -0.654751 -0.407132 30 26 23
0.342009 0.758962 0.437338 216 171 139
0.010333 1.078582 0.687772 60 45 29
0.339914 0.969703 0.611246 193 153 125
-0.011095 0.683503 0.607267 130 85 60
0.038295 0.303677 0.288158 132 83 60
-0.462291 -0.506717 -0.123561 19 18 16
0.130396 0.519396 0.533265 221 166 143
0.220380 1.158222 0.623457 87 68 47
-0.336394 -0.618958 -0.066677 14 10 10
0.045067 -0.882988 -0.276281 9 8 6
0.096817 0.691041 0.654813 235 192 166
-0.052787 0.398299 0.309835 189 149 129
0.530047 -0.255148 -0.188085 23 21 17
0.571042 0.109486 -0.205210 236 192 152
0.004259 1.041872 0.705838 69 50 33
0.121537 0.392133 0.394137 219 164 147
0.335403 1.026074 0.613873 153 123 99
-0.198519 0.211625 -0.093661 226 183 138
-0.128466 0.531747 0.113583 191 145 108
-0.291059 0.365342 -0.190920 220 170 129
0.383193 0.141122 -0.154157 11 9 6
-0.597062 -0.192565 -0.149076 220 176 134
-0.155308 0.892987 0.601527 184 142 117
-0.514184 -0.399231 -0.187259 4 3 2
0.091452 0.469043 0.512303 213 159 146
0.456756 -0.738012 -0.390592 23 17 15
-0.255897 -0.315848 -0.039627 13 9 7
-0.558780 0.072529 -0.101234 241 200 157
0.289364 0.566349 0.418716 223 175 145
0.245817 -0.354145 -0.066310 12 10 8
0.466043 -0.635344 -0.230154 19 16 14
0.289888 0.511695 0.257940 193 149 119
-0.322050 -0.162616 -0.048536 10 8 6
-0.208813 1.077982 0.457557 88 68 52
-0.164847 -0.398425 -0.036029 11 9 8
0.226276 -0.201304 -0.072065 10 8 7
0.113267 0.424581 0.444137 190 97 93
-0.144290 0.691444 0.497495 210 166 137
0.216023 -0.744367 -0.159039 19 17 16
-0.317480 0.198510 -0.102667 8 6 4
0.122032 -0.846630 -0.264663 12 11 9
0.670054 -0.317342 -0.337298 232 189 146
0.518599 -0.426146 -0.249478 21 13 12
0.045536 0.309254 0.056394 220 177 142
0.248723 0.392842 -0.015206 210 165 123
0.266420 0.014232 -0.092734 12 10 8
0.479234 -0.238316 -0.150483 10 9 6
0.728147 -0.489037 -0.475641 221 171 133
0.212642 0.390324 0.270002 211 165 135
-0.141613 0.547165 0.334412 196 153 131
-0.410235 -0.060823 -0.068434 8 7 5
-0.579326 -0.570043 -0.421437 59 43 32
-0.827136 -0.004287 -0.245421 174 126 94
-0.209399 -0.655957 -0.061799 14 13 11
0.272610 0.492091 0.005511 206 161 120
0.494266 -0.659271 -0.348373 34 26 24
-0.761155 -0.254177 -0.248200 218 175 139
-0.880872 -0.218578 -0.406285 146 109 75
0.737892 0.001899 -0.225320 237 197 157
0.567043 0.001783 -0.194299 243 204 163
0.164117 -0.115571 -0.069075 12 10 8
-0.477154 -0.006027 -0.078658 19 14 10
-0.147179 0.856674 0.605104 200 155 128
0.329964 -0.208112 -0.088210 11 9 7
-0.265622 0.231237 -0.113146 228 182 141
-0.805350 -0.159601 -0.234434 210 164 125
-0.095918 0.441962 0.233646 158 114 87
-0.216402 0.717903 0.205180 199 138 124
0.104169 -0.760852 -0.185020 20 18 18
0.253015 -0.629090 -0.080038 24 23 21
0.553566 -0.553442 -0.430140 126 96 71
0.311525 0.584676 0.310494 202 159 129
-0.268864 -0.716740 -0.121859 10 9 7
-0.128291 0.538902 0.363856 196 153 132
0.421809 -0.732167 -0.293517 26 25 20
-0.106939 1.079326 0.617064 129 101 76
0.210298 0.579686 0.496576 241 188 158
0.108250 0.292441 0.020042 226 184 147
0.456555 -0.165755 -0.134211 10 8 6
0.361421 0.794180 0.228077 181 114 86
-0.539273 -0.611134 -0.369700 12 8 7
0.270967 -0.410154 -0.069314 17 12 11
-0.184269 0.439646 -0.101794 204 151 107
-0.117582 0.578514 0.458194 213 163 137
-0.159941 0.739979 0.492146 198 160 136
0.331399 0.818513 0.550853 220 181 152
-0.029196 -0.832753 -0.230991 11 8 7
-0.033842 0.226170 -0.020742 233 190 146
-0.168188 0.806861 0.513114 202 162 137
0.324330 -0.079987 -0.096518 11 9 7
0.169635 0.343051 0.030508 233 196 154
-0.554672 -0.536790 -0.319911 7 6 4
0.684645 -0.386480 -0.385245 227 182 141
0.247921 -0.740843 -0.158918 19 17 16
0.312177 -0.567390 -0.077033 14 12 10
-0.036633 -0.295648 -0.051672 12 10 9
-0.878235 -0.131968 -0.365359 153 114 80
0.019312 0.348743 0.089552 177 142 107
0.133577 -0.578608 -0.065644 15 11 11
-0.538418 -0.111198 -0.104601 236 197 153
-0.215531 -0.472429 -0.026635 14 12 10
-0.774330 -0.035583 -0.174495 215 171 129
-0.156453 0.063589 -0.028030 22 14 11
0.243248 -0.533256 -0.059960 15 11 9
0.097783 -0.396631 -0.054623 14 11 10
0.797366 -0.080892 -0.303500 219 173 129
0.359912 -0.365764 -0.095161 13 9 7
-0.128054 0.646907 0.496671 229 176 144
0.028424 0.688055 0.646730 165 122 97
0.419132 -0.770978 -0.348291 28 23 23
-0.136433 0.487157 0.066416 187 143 106
0.401472 0.900005 0.359135 94 67 46
0.280578 0.222087 -0.139341 225 180 139
0.110424 0.659719 0.598288 210 163 130
-0.289319 -0.267512 -0.042955 12 9 8
0.209207 0.882317 0.704839 240 192 165
-0.106467 0.505312 0.358404 193 150 129
0.237922 0.850249 0.680880 238 191 162
-0.051463 0.464189 0.410465 203 156 129
0.025833 -0.167299 -0.057753 13 10 9
-0.209330 0.974578 0.482428 88 65 46
-0.141307 0.364778 -0.017524 185 141 103
0.285921 0.076086 -0.102287 11 9 5
0.507894 -0.679362 -0.492883 55 45 37
-0.800650 -0.010644 -0.194876 202 154 117
0.197531 0.817207 0.690970 239 192 166
0.589178 -0.393306 -0.349137 190 145 106
-0.845806 -0.277974 -0.331743 181 140 109
-0.512462 -0.062428 -0.094944 196 154 120
-0.761835 -0.570838 -0.405860 214 162 127
-0.330260 0.007408 -0.070322 9 8 5
0.329126 -0.658117 -0.113145 22 17 17
-0.483517 -0.678822 -0.301628 11 10 9
-0.270546 -0.374044 -0.035959 12 10 9
-0.501410 0.049835 -0.098843 238 196 161
-0.333064 -0.246938 -0.046531 11 9 6
-0.412700 0.152413 -0.107311 9 8 5
-0.312932 0.141024 -0.084257 7 6 4
-0.036468 0.771395 0.673671 234 189 169
-0.238674 -0.711212 -0.108375 16 13 14
0.362423 0.795774 0.386647 185 151 126
0.240829 1.104799 0.650677 76 62 45
0.235951 0.338760 -0.038238 214 174 134
-0.228913 0.008038 -0.052564 9 8 6
0.358588 -0.805134 -0.324530 13 12 10
-0.047759 1.069799 0.671903 92 71 51
0.095820 -0.238311 -0.063993 11 9 7
-0.588936 -0.002642 -0.106852 237 197 153
-0.670696 -0.029349 -0.122221 232 193 150
0.252642 1.057945 0.668787 76 60 40
0.630792 0.186090 -0.239770 231 184 142
0.472525 -0.563900 -0.196516 16 14 12
-0.646804 -0.712216 -0.375306 202 157 128
0.453527 -0.677650 -0.261500 31 24 24
-0.520384 0.182136 -0.125876 241 194 157
-0.484033 -0.487481 -0.156737 6 6 5
-0.311929 -0.689919 -0.109615 12 10 9
0.460947 -0.501098 -0.171443 12 10 8
-0.557635 -0.809763 -0.273699 158 116 90
0.480154 0.284330 -0.281716 25 23 24
0.390249 -0.621913 -0.132857 17 14 12
-0.541193 -0.425790 -0.231887 6 5 3
0.548396 -0.443318 -0.370304 6 4 3
0.468133 -0.775933 -0.490061 43 35 33
0.680084 -0.284654 -0.326631 229 186 144
-0.114930 -0.367293 -0.043534 13 9 8
0.338143 -0.461188 -0.084638 15 11 10
0.323940 -0.390516 -0.083150 13 11 9
0.155622 0.983438 0.727441 172 135 109
-0.370878 0.190894 -0.118173 6 6 4
-0.424781 -0.666496 -0.168441 23 20 20
-0.451636 0.049281 -0.080796 5 3 1
0.127638 -0.363950 -0.058287 15 12 11
0.764284 -0.383439 -0.442605 218 169 129
0.285023 0.136315 -0.108845 18 14 10
-0.527613 -0.456699 -0.222939 5 2 1
0.358741 0.234344 -0.175485 16 13 10
-0.414817 -0.358985 -0.071499 11 8 7
0.235598 0.365060 -0.013741 219 176 135
0.262030 -0.719296 -0.136169 20 18 16
0.514321 -0.518863 -0.257819 18 12 15
-0.224109 0.067857 -0.045978 12 9 7
0.104219 0.524718 0.575718 230 180 159
0.139769 -0.317845 -0.063033 14 11 10
0.278201 1.005842 0.677997 117 91 66
-0.135364 -0.438205 -0.036968 15 12 10
-0.573532 -0.319778 -0.229153 169 129 91
-0.065153 0.394983 0.246628 164 120 95
-0.382357 -0.388519 -0.057304 14 10 9
-0.134326 0.437871 0.034674 183 140 102
0.269392 0.473678 0.270330 202 156 125
0.530814 -0.106896 -0.177401 229 185 140
0.189819 -0.733732 -0.147875 19 17 17
0.361316 0.775418 0.272987 205 156 122
0.318304 -0.764094 -0.228871 22 18 19
-0.061341 0.438415 0.354476 192 151 132
-0.237975 -0.624165 -0.046117 13 11 10
0.276266 0.436026 -0.084817 219 170 127
-0.517726 -0.554666 -0.241202 5 4 2
0.363804 -0.039074 -0.110658 11 9 6
-0.181022 0.105663 -0.039320 229 180 152
0.067063 0.392720 0.152613 99 64 40
-0.448686 0.309162 -0.232876 17 13 13
0.085412 -0.854431 -0.262570 9 8 7
-0.160415 0.537105 0.023877 176 130 95
0.092452 0.467090 0.583894 236 185 167
-0.104945 0.533254 0.412891 201 158 137
0.016429 0.893808 0.724595 242 199 170
-0.416113 -0.484231 -0.076050 14 12 11
-0.162301 0.378445 -0.055666 180 135 96
0.623753 -0.468334 -0.394340 213 164 127
0.030380 0.937588 0.730332 243 198 171
-0.283254 -0.215924 -0.044100 11 10 7
-0.125323 -0.534009 -0.043085 12 9 8
0.407523 0.799620 0.206610 237 183 157
-0.213241 0.925911 0.447601 103 77 57
0.272337 0.883991 0.667751 235 191 161
0.339888 0.689183 0.230528 201 156 124
-0.021963 0.577276 0.508138 243 193 161
0.083744 0.152725 -0.069261 237 189 145
-0.523128 -0.290214 -0.153237 14 10 9
-0.448021 -0.723013 -0.281689 28 21 20
0.368372 -0.868646 -0.384646 10 9 7
0.127015 0.400468 0.144559 161 132 105
-0.200773 0.871786 0.448793 136 101 83
0.081691 0.056639 -0.060467 242 191 148
0.398502 0.844302 0.252902 177 124 109
0.258002 -0.161781 -0.078065 10 9 7
-0.592947 -0.504044 -0.353113 124 95 77
0.618868 -0.651933 -0.455742 215 166 131
0.219118 0.255137 -0.080891 226 187 147
0.197161 0.755516 0.668239 240 192 168
0.086761 0.303659 0.307225 168 115 93
0.406667 -0.378931 -0.117768 13 11 9
0.519058 -0.536724 -0.283925 22 20 20
0.399503 -0.151472 -0.111705 12 10 7
0.615609 0.121634 -0.211879 234 189 148
0.663816 0.052977 -0.199714 244 202 162
0.215319 -0.311989 -0.065885 12 11 9
0.038504 -0.004613 -0.049528 15 12 10
0.185968 0.858789 0.709219 244 199 173
-0.216416 0.859977 0.378124 94 70 50
0.001471 -0.592691 -0.074556 17 13 14
0.038556 0.809123 0.708029 244 194 170
0.046341 0.227659 -0.022811 228 184 145
0.393673 -0.530668 -0.112814 15 11 11
-0.114551 0.249999 -0.043694 225 181 142
0.341236 1.063846 0.586704 130 102 79
0.676200 -0.771924 -0.563347 222 169 136
-0.146032 0.583042 0.400469 193 147 126
-0.434722 -0.127714 -0.069837 10 8 6
0.375537 0.181157 -0.165099 12 10 7
0.026558 0.267527 0.010886 224 182 141
-0.454681 0.152770 -0.103061 8 6 3
-0.656417 -0.312283 -0.238619 223 183 145
0.680063 -0.524831 -0.459133 221 171 133
-0.069282 0.367854 0.055094 190 148 113
0.580117 -0.428352 -0.374626 179 137 100
-0.184119 0.842651 0.486996 192 151 126
0.573490 0.222283 -0.250076 227 180 143
-0.182366 -0.687647 -0.088393 21 19 19
0.114519 -0.093754 -0.064542 14 11 9
0.734696 -0.106249 -0.273035 232 192 148
-0.207116 -0.737937 -0.129571 30 26 27
0.512043 -0.617417 -0.379788 31 31 31
0.092887 1.054049 0.716295 82 62 40
0.167749 -0.896344 -0.315821 8 7 6
-0.067249 -0.762598 -0.178745 10 8 9
0.310888 0.913192 0.637629 225 179 151
-0.072478 -0.348758 -0.048628 13 10 9
0.062347 0.511797 0.588433 234 187 165
-0.725742 0.092514 -0.120659 225 180 145
0.544628 -0.499672 -0.393569 15 7 5
-0.187940 0.409472 -0.094607 195 143 103
-0.578471 -0.530291 -0.372814 82 63 50
-0.027549 0.379438 0.093209 182 143 111
0.048728 0.548160 0.576328 207 160 135
-0.077412 0.311945 0.017063 211 170 133
0.681499 -0.462828 -0.427726 220 173 134
-0.314540 -0.451977 -0.036153 13 11 9
-0.357623 0.092970 -0.087910 8 7 5
0.104916 0.328165 0.061587 231 191 154
0.036363 -0.709260 -0.136957 28 26 27
0.168093 -0.836027 -0.269511 12 11 10
-0.757735 0.123494 -0.158941 204 155 123
0.493109 -0.454032 -0.204090 15 12 9
-0.100199 1.039243 0.646568 144 111 88
-0.658799 -0.625907 -0.408384 203 159 129
-0.012784 0.844865 0.706053 236 195 167
0.634508 -0.740153 -0.518263 220 170 137
-0.854558 -0.545884 -0.462134 193 142 105
0.480029 -0.737348 -0.483452 37 31 31
0.249560 0.448746 0.037391 222 178 137
-0.467770 -0.592912 -0.163510 14 13 11
0.380223 -0.388451 -0.104330 12 10 7
0.269233 0.615996 0.489394 236 184 148
0.183900 0.405753 0.348868 233 191 164
0.338568 -0.732655 -0.191809 17 14 13
0.209658 0.414875 0.326990 224 180 152
0.050646 -0.742527 -0.168615 14 12 11
-0.107606 0.301470 -0.013745 210 166 130
0.009642 0.451858 0.455682 221 175 152
0.192870 1.036944 0.705900 78 63 43
-0.031156 0.873268 0.705876 232 186 160
0.525530 -0.016568 -0.183048 233 196 161
0.260659 0.697041 0.586885 220 172 136
-0.360298 -0.223590 -0.050590 10 9 7
0.243839 0.497191 0.109511 213 169 133
-0.112987 0.494045 0.107102 196 150 114
-0.624669 -0.551890 -0.404330 160 126 102
-0.727023 -0.057363 -0.152188 223 180 139
-0.472793 -0.398129 -0.127326 20 21 21
-0.616726 0.050087 -0.098919 238 196 155
0.324877 0.638614 0.294750 199 156 124
-0.393673 -0.261491 -0.058002 13 9 8
0.284846 0.300069 -0.138778 226 182 142
0.313108 0.822631 0.596149 229 190 161
0.038133 1.028692 0.719839 105 84 63
0.117727 0.733972 0.680185 243 198 174
0.597917 -0.525383 -0.414383 189 143 111
0.262165 0.484465 0.206364 156 123 95
-0.131068 0.804009 0.609930 207 167 140
-0.496222 -0.641301 -0.290028 12 10 11
0.192500 0.639051 0.533970 182 135 110
0.237112 -0.703386 -0.119450 22 17 16
0.260144 0.377904 -0.068094 213 168 124
0.083524 0.339871 0.084360 212 177 140
0.289267 -0.309342 -0.075462 11 9 7
0.094174 1.021016 0.728300 95 72 50
0.424517 -0.535497 -0.137391 14 11 9
0.358009 -0.846255 -0.362170 10 8 6
-0.561564 -0.444053 -0.273980 6 5 3
0.244298 -0.224429 -0.072971 14 12 10
0.258519 0.329235 -0.094467 217 173 131
0.319012 0.788859 0.556727 223 183 155
-0.434525 0.091537 -0.088682 9 8 5
-0.144236 0.399471 -0.003734 182 137 98
0.023866 -0.832604 -0.236726 11 10 9
0.110287 0.103430 -0.074478 242 192 150
0.351888 0.880616 0.546041 204 167 141
-0.094800 -0.479688 -0.044104 13 11 9
-0.236921 -0.269073 -0.041295 13 10 8
0.143670 0.662033 0.544545 200 153 127
-0.018415 0.127280 -0.065074 243 193 151
0.406750 -0.588830 -0.132039 17 14 12
-0.619333 -0.053145 -0.121886 235 194 151
-0.290448 -0.619499 -0.050647 15 14 13
0.548319 0.157686 -0.214975 234 189 151
0.001538 -0.108187 -0.053962 12 10 8
0.383974 0.019981 -0.126133 11 8 5
-0.165678 0.409924 -0.051817 180 135 96
-0.793652 -0.442756 -0.371199 208 163 125
-0.658659 -0.490316 -0.352196 214 169 134
-0.197273 0.290544 -0.097054 219 172 129
-0.031242 -0.027329 -0.046038 13 10 8
-0.230848 0.863567 0.299125 191 131 113
-0.065758 -0.273053 -0.051649 12 11 9
0.602785 -0.272692 -0.279354 208 163 120
-0.903673 -0.436071 -0.525726 146 107 80
0.059854 -0.570431 -0.066060 14 11 11
0.149593 0.395861 0.107046 216 180 143
0.274578 0.556924 0.090292 219 172 132
0.521664 -0.369737 -0.233877 15 12 12
0.366437 0.978504 0.552920 177 141 115
0.012290 0.647606 0.555555 193 146 120
-0.381074 -0.020113 -0.069700 9 8 5
0.042746 0.421893 0.449450 140 51 49
0.024809 -0.859582 -0.256461 17 13 12
0.214626 0.916766 0.707601 237 187 162
-0.147109 0.532625 0.243842 164 121 97
0.452190 -0.345375 -0.142450 11 8 6
0.033691 -0.239683 -0.057942 13 11 9
-0.700375 -0.499071 -0.362751 217 172 137
0.208229 0.150492 -0.098851 231 184 143
0.379243 0.861212 0.408534 173 134 109
-0.341957 0.131049 -0.092533 9 7 5
-0.736205 -0.301449 -0.260525 217 175 140
0.014503 0.318392 0.272750 123 76 51
-0.293702 0.304897 -0.150472 220 172 133
0.779462 0.041583 -0.246105 229 185 144
-0.551707 0.138415 -0.111000 242 197 157
-0.507784 -0.453649 -0.194261 8 8 6
0.236613 0.502227 0.422345 234 189 163
-0.088741 -0.720190 -0.132263 21 19 20
-0.219105 1.061067 0.427071 74 55 40
-0.496425 0.230106 -0.145011 55 31 22
0.248331 0.124496 -0.090815 26 15 9
-0.213215 1.018636 0.464104 84 65 46
-0.018723 0.068761 -0.055966 242 190 149
0.687317 -0.583447 -0.489816 222 167 129
-0.240500 0.793428 0.204340 193 126 105
0.079754 -0.039617 -0.059932 13 11 9
-0.838103 -0.163068 -0.271282 183 139 104
0.323895 -0.282725 -0.084036 12 10 8
-0.416098 -0.696623 -0.195108 22 16 16
-0.084891 0.711518 0.616247 212 165 145
0.277883 -0.833810 -0.310255 10 9 8
-0.160804 -0.846723 -0.235950 10 9 7
-0.103995 0.699159 0.566983 144 100 77
0.318583 -0.888526 -0.369168 12 8 7
-0.723587 -0.254783 -0.228871 221 179 142
0.783811 0.116130 -0.277786 219 173 134
0.378263 0.340168 -0.266236 37 32 33
0.514723 -0.573597 -0.290354 33 30 25
0.171507 1.130912 0.663294 89 71 49
-0.748590 0.059698 -0.132153 219 177 138
-0.247352 0.745289 0.179153 196 123 106
0.114484 0.792938 0.704410 247 201 176
0.422788 0.852301 0.212573 219 154 126
0.310660 -0.734250 -0.173377 21 19 17
0.160100 0.443288 0.393377 134 60 47
0.145459 1.029222 0.720397 93 77 57
-0.506752 -0.023291 -0.096199 224 184 151
0.648941 0.236184 -0.295812 211 161 125
-0.157672 0.592019 0.096903 189 138 105
-0.022472 0.161793 -0.052972 240 190 149
-0.257597 0.109032 -0.057190 7 7 5
0.581225 -0.249514 -0.244551 199 150 108
0.651353 -0.107170 -0.241631 238 196 152
-0.004292 -0.713836 -0.135566 20 16 17
-0.072190 -0.446832 -0.047635 14 11 11
0.208325 -0.393625 -0.059676 13 10 8
-0.094571 0.650290 0.523956 221 171 139
-0.611168 -0.709497 -0.380897 187 143 118
0.010844 0.790033 0.694781 243 199 175
-0.364163 -0.134501 -0.055799 11 9 7
0.548548 -0.416364 -0.347808 7 5 6
0.075464 -0.490592 -0.056178 14 10 10
0.364337 1.086109 0.535927 98 76 62
-0.371454 -0.454474 -0.051905 13 10 9
0.207198 0.423332 0.073817 232 193 151
-0.126373 0.281369 -0.040015 213 170 133
0.609700 -0.708139 -0.481491 213 165 133
0.352079 0.957139 0.581210 188 151 125
-0.073432 0.532713 0.455221 225 174 148
0.052923 -0.612284 -0.079512 15 11 12
0.062271 1.056953 0.710692 87 70 52
0.209171 0.527487 0.467545 237 184 160
0.264575 -0.375666 -0.069142 14 11 9
-0.602448 0.143485 -0.111615 239 193 153
-0.267347 -0.170415 -0.045578 12 11 8
-0.707216 -0.177708 -0.188738 226 184 143
0.529940 -0.342557 -0.241916 20 17 15
-0.128341 0.731152 0.586794 203 161 143
-0.529345 0.115792 -0.106893 240 197 156
-0.142847 1.151978 0.536197 68 54 39
-0.164864 0.663703 0.446846 197 151 123
-0.003784 0.715379 0.664159 240 198 174
-0.153858 -0.592932 -0.047960 14 11 10
-0.353135 -0.278566 -0.049224 12 9 7
0.055662 0.271344 0.016057 221 177 140
-0.251445 -0.352805 -0.036832 11 9 7
0.543600 -0.353033 -0.285807 25 21 21
-0.740365 0.188734 -0.198455 201 149 114
0.218083 -0.079665 -0.077738 11 10 7
-0.786182 -0.259572 -0.266168 214 174 139
0.656953 -0.719252 -0.515528 221 171 137
-0.141110 -0.737794 -0.140089 13 10 11
-0.202619 0.820183 0.304110 172 127 104
0.081022 0.601109 0.588745 246 196 172
0.423083 -0.789723 -0.381749 36 29 26
0.018393 -0.051868 -0.053530 15 11 9
0.055014 -0.289986 -0.059096 12 10 8
-0.460283 0.206718 -0.126160 10 9 5
-0.303818 -0.728033 -0.154733 18 13 14
-0.118778 0.348394 0.003858 197 157 121
-0.751476 -0.341212 -0.292663 216 174 139
0.020802 0.528179 0.528442 207 149 130
0.429116 0.144133 -0.173278 9 8 4
-0.039095 0.429318 0.151909 155 115 90
0.292024 0.589405 0.444511 230 181 151
0.675024 -0.148006 -0.264627 236 195 149
0.202656 0.973959 0.714364 185 141 117
-0.545130 -0.651719 -0.412500 55 43 34
-0.875465 -0.190194 -0.365363 155 115 81
-0.555634 -0.019257 -0.105603 239 200 157
-0.664305 0.150760 -0.117920 236 186 147
0.126374 0.860317 0.724049 246 202 175
0.413544 0.257775 -0.229190 36 31 31
-0.481992 -0.279470 -0.108336 14 10 8
-0.256610 -0.785331 -0.213119 8 7 5
0.193103 -0.913491 -0.334194 8 7 5
-0.571759 -0.624940 -0.448185 57 38 31
0.473236 -0.300581 -0.151292 13 11 8
0.606682 -0.136014 -0.228789 234 190 143
0.093650 0.306815 0.275201 150 105 82
0.678284 -0.190055 -0.280791 235 192 148
0.050090 0.205851 -0.040547 231 188 148
-0.436289 -0.306748 -0.078835 14 10 8
0.520627 0.102037 -0.196365 19 17 15
0.196358 -0.666769 -0.096171 27 23 23
-0.161442 0.486012 -0.022432 181 133 96
0.069074 -0.452918 -0.054170 13 9 9
0.120647 0.509182 0.557804 215 159 137
-0.665552 -0.106196 -0.149186 230 189 146
0.527948 0.251761 -0.266553 106 91 81
0.337137 -0.746858 -0.216244 19 18 16
0.294231 0.611199 0.085902 216 170 133
-0.265280 -0.416076 -0.031286 13 10 8
0.315728 -0.602247 -0.085953 17 14 13
0.311017 -0.507299 -0.073464 15 11 9
0.106376 0.230479 -0.028044 235 194 152
-0.811049 -0.403998 -0.365865 203 159 124
0.337489 0.651846 0.185884 220 170 137
-0.732222 -0.523872 -0.382482 215 169 133
0.396671 -0.704312 -0.211532 15 13 11
-0.143304 0.791959 0.583722 197 158 133
0.071605 0.885068 0.732111 246 201 174
0.372803 -0.662322 -0.145491 20 18 16
0.518476 -0.608987 -0.429634 37 29 27
-0.041339 -0.495328 -0.053140 12 10 8
-0.262384 -0.673379 -0.075362 13 11 12
-0.620221 -0.640691 -0.433554 149 115 93
-0.044215 0.279580 0.009184 228 186 147
0.056394 0.674617 0.629630 204 160 130
-0.432058 -0.534737 -0.093121 14 10 8
0.313502 0.251697 -0.159394 226 183 142
-0.184419 0.354712 -0.087344 194 147 107
-0.080111 0.413538 0.261760 177 134 111
-0.483560 -0.242375 -0.096770 14 10 8
0.265451 -0.600074 -0.072709 15 13 11
0.178780 -0.861851 -0.294426 11 10 8
0.525379 -0.562067 -0.372746 33 29 26
0.338549 0.863510 0.568071 208 169 140
0.299268 0.371615 -0.153258 220 172 126
0.371809 0.798290 0.288776 186 143 117
-0.737119 -0.157793 -0.194075 226 182 141
-0.043969 -0.648436 -0.095476 18 14 17
-0.099833 -0.847277 -0.232980 25 21 20
-0.203475 -0.774434 -0.181182 12 9 9
-0.287908 0.255514 -0.127080 222 173 141
-0.232585 -0.151145 -0.045727 10 8 6
0.372655 -0.415793 -0.100549 13 10 8
-0.590395 0.098574 -0.100960 239 195 154
-0.522720 0.276607 -0.210287 208 161 129
-0.570277 -0.146599 -0.121445 227 184 142
0.063219 -0.339253 -0.056817 14 13 11
-0.659453 -0.680447 -0.387494 210 165 134
0.359172 1.050536 0.564183 141 112 85
-0.765398 0.141277 -0.181856 196 149 115
-0.183900 -0.603715 -0.043527 18 15 14
0.529561 0.192877 -0.222163 39 29 25
-0.550243 -0.167975 -0.116550 221 180 141
0.388323 -0.301471 -0.105284 12 10 8
0.230621 0.413100 0.033811 224 182 141
0.271996 0.684836 0.533282 187 136 105
-0.636320 -0.150460 -0.152416 230 187 146
-0.049193 0.333177 0.041879 209 169 132
-0.907624 -0.489982 -0.543154 149 114 83
0.183647 0.574731 0.503482 243 194 168
0.130075 -0.877167 -0.290873 10 9 7
0.436363 -0.210474 -0.126165 14 12 10
0.073634 0.327056 0.346981 230 172 149
0.730449 -0.389893 -0.421643 221 173 134
-0.038346 -0.576680 -0.067005 13 10 11
0.389149 -0.091676 -0.113452 11 9 7
-0.185217 0.809782 0.445204 196 156 131
0.069981 0.462373 0.533074 144 89 78
0.228886 0.220782 -0.104471 219 175 135
-0.211178 0.258029 -0.102952 227 181 137
0.321532 -0.011046 -0.104611 12 11 7
0.714297 -0.063416 -0.243143 236 195 152
0.563862 0.035526 -0.194324 241 203 161
0.234082 0.725606 0.636330 236 192 171
0.226750 0.441860 0.336717 225 177 150
-0.656924 -0.445208 -0.322402 216 172 137
-0.411344 -0.189574 -0.063118 12 9 7
0.339652 -0.157032 -0.092617 11 8 7
-0.523096 -0.700830 -0.397996 53 81 46
0.513219 -0.643301 -0.471056 65 55 47
-0.599421 -0.165865 -0.141417 225 181 140
0.443494 0.833863 0.179189 224 160 127
0.350046 0.280385 -0.191504 34 27 22
0.104992 0.365992 0.104070 203 164 132
0.239823 -0.326943 -0.066682 14 11 9
-0.198012 -0.294758 -0.041782 10 8 7
0.417709 0.061823 -0.144100 9 8 4
0.360739 1.013616 0.568006 160 122 94
0.317462 0.977508 0.649003 195 152 127
0.271379 0.489552 0.315391 222 177 146
-0.528220 0.017664 -0.100544 239 199 156
0.508628 0.074801 -0.184890 16 16 13
-0.179735 0.696687 0.276837 185 137 111
-0.254982 -0.047966 -0.053322 10 9 7
-0.641163 0.102810 -0.098403 243 202 161
0.687294 -0.239710 -0.306955 233 189 147
0.075317 -0.883386 -0.282000 8 6 4
-0.532304 -0.399118 -0.208318 7 5 4
-0.002003 0.404075 0.382628 214 170 144
0.248607 0.175280 -0.111190 228 183 142
-0.343012 -0.059738 -0.061686 9 8 6
0.676848 -0.017893 -0.212787 239 200 159
0.092575 0.345813 0.359566 241 189 163
-0.243530 0.300501 -0.123045 219 171 131
-0.362946 0.039901 -0.078317 8 6 4
0.660447 -0.041928 -0.220023 238 199 157
0.199744 -0.710980 -0.125899 20 18 17
-0.013229 -0.783510 -0.198533 10 9 7
0.101639 -0.683994 -0.118702 23 21 22
-0.450677 -0.096610 -0.072173 10 9 6
-0.697303 -0.268451 -0.223620 218 175 138
0.526537 -0.524306 -0.332867 17 9 7
-0.483914 -0.603995 -0.211443 10 8 8
0.179342 0.423209 0.116023 211 170 136
-0.105473 0.821858 0.642919 226 183 159
0.303030 -0.344896 -0.078105 11 10 8
0.093891 0.812837 0.713549 247 202 175
-0.412282 -0.765121 -0.305412 22 16 16
-0.137201 -0.059064 -0.046345 12 10 9
0.540983 -0.332831 -0.265357 25 21 19
0.647412 -0.770370 -0.547968 220 170 137
-0.298858 -0.760723 -0.191024 17 11 12
0.626199 -0.675664 -0.469198 218 169 136
0.511045 -0.282792 -0.181079 13 10 7
-0.378749 -0.771340 -0.279799 19 14 14
0.187682 0.394670 0.063946 234 195 154
-0.214910 -0.373574 -0.035619 11 9 8
-0.900766 -0.483000 -0.512949 170 129 97
0.352422 0.753884 0.374173 201 154 123
0.684230 -0.716183 -0.542180 223 171 136
-0.614933 -0.487224 -0.344876 169 132 104
0.091589 0.943126 0.734943 238 191 165
0.159742 -0.568472 -0.062608 14 11 10
-0.877523 -0.452088 -0.459683 166 123 94
-0.271037 -0.242650 -0.042895 12 10 7
0.302223 0.556951 0.318576 214 170 137
-0.197526 -0.814832 -0.219781 11 10 8
-0.369739 -0.610886 -0.079619 14 13 11
0.214262 0.690074 0.608892 191 145 119
-0.452523 -0.657961 -0.208560 7 7 5
0.404469 -0.763561 -0.315637 26 22 20
-0.160125 -0.238531 -0.046129 13 10 9
-0.090322 1.066794 0.639283 101 78 55
0.301570 0.651768 0.468434 229 183 148
0.183682 0.438521 0.377613 214 164 136
0.424660 -0.431969 -0.133393 13 9 8
0.326226 0.701124 0.449468 226 179 143
0.587311 -0.023568 -0.199904 241 202 161
0.155376 0.490033 0.466205 238 192 163
0.453570 -0.834784 -0.488228 35 33 34
-0.274605 0.044536 -0.063801 8 7 6
0.556000 0.257919 -0.287804 211 164 133
0.130484 0.322813 0.323696 231 179 155
0.298490 0.530195 0.278953 210 164 132
0.362589 0.837004 0.449896 199 161 134
-0.341427 0.357357 -0.222217 27 25 22
0.392907 0.944128 0.464854 135 105 84
-0.057319 0.508969 0.449960 226 173 147
0.358497 -0.620709 -0.109726 16 13 11
0.820162 0.032059 -0.309827 212 169 126
-0.671809 -0.419373 -0.308298 217 174 139
-0.554312 0.252350 -0.175440 227 177 139
0.199278 1.096197 0.675099 82 69 51
0.017936 -0.460636 -0.054244 16 12 11
-0.613860 0.084662 -0.098425 241 198 158
-0.092035 0.599690 0.494155 233 181 149
-0.296524 -0.506358 -0.031147 15 11 10
0.042781 0.839105 0.719272 246 201 174
0.438002 -0.113309 -0.128774 12 10 7
0.430581 -0.327761 -0.127557 14 10 11
0.160849 0.296715 -0.000377 228 189 147
-0.566199 -0.055358 -0.111411 239 198 154
-0.093543 0.049715 -0.031837 181 150 136
-0.496719 -0.434552 -0.171756 8 8 6
-0.209616 0.942108 0.475541 102 77 56
0.126570 -0.676053 -0.110802 23 20 19
0.289347 -0.547883 -0.068483 16 12 11
0.782583 -0.465041 -0.504383 214 162 122
-0.198614 0.788172 0.281295 223 175 143
0.634130 -0.323806 -0.321431 195 137 96
0.116001 -0.807998 -0.228774 12 10 9
0.422426 1.008339 0.341137 65 51 38
0.101509 0.202127 -0.045295 236 193 150
0.444857 -0.017928 -0.137908 12 9 7
0.230195 0.455588 0.080032 225 182 144
0.147994 0.723914 0.671099 244 199 175
0.191566 0.676082 0.570886 159 108 79
0.640923 -0.554114 -0.442058 219 167 129
0.194057 0.198140 -0.089756 228 184 143
-0.199055 0.826541 0.407470 161 125 102
0.359814 -0.482788 -0.093161 13 10 8
0.310558 1.115279 0.595760 80 66 53
0.409117 0.324513 -0.286014 32 29 29
-0.701477 0.084287 -0.106429 238 194 153
0.523463 -0.512796 -0.300230 19 14 9
0.727430 -0.438024 -0.447965 223 174 135
0.400905 -0.476795 -0.117045 14 11 8
-0.639586 -0.005571 -0.108903 235 195 151
-0.038982 -0.744881 -0.169118 13 11 12
0.044278 0.159414 -0.069679 235 188 145
0.201779 0.022448 -0.075218 13 10 7
-0.828714 -0.534437 -0.435169 201 151 114
0.404660 0.975450 0.417938 95 74 57
-0.178147 0.671812 0.400652 178 128 103
-0.086010 0.458903 0.111123 190 146 111
-0.201602 0.385440 -0.109912 198 147 106
-0.213569 0.408614 -0.141936 210 157 111
-0.025048 0.677701 0.579766 150 112 85
-0.078514 0.467284 0.152567 155 114 84
-0.704119 -0.303136 -0.246578 217 176 140
0.122121 -0.000218 -0.061384 13 9 6
-0.752093 -0.205003 -0.219522 221 177 139
-0.864274 -0.242521 -0.349843 160 119 87
0.295604 0.713869 0.561032 226 186 161
0.062701 0.713717 0.672435 242 198 173
-0.526449 -0.339860 -0.181061 9 6 5
-0.004797 0.347679 0.077215 192 153 118
0.015143 -0.295002 -0.055030 13 11 9
-0.172508 0.863001 0.554123 174 136 113
0.297498 0.698931 0.510503 211 167 136
0.425403 -0.393699 -0.130610 14 11 8
-0.197626 0.980113 0.517721 104 79 57
-0.237521 -0.525189 -0.025487 13 10 9
0.345323 0.326022 -0.212147 229 182 140
-0.550328 0.229608 -0.154381 238 187 151
-0.435967 -0.572409 -0.107525 14 13 13
-0.188179 -0.498538 -0.029148 12 10 8
0.189299 -0.299602 -0.065665 13 11 9
-0.117664 -0.762868 -0.172727 11 10 9
-0.169838 0.264068 -0.079526 206 162 124
-0.861008 -0.340827 -0.389334 163 125 92
0.046577 0.481767 0.575076 213 166 146
-0.442095 -0.276574 -0.078129 11 8 6
0.630063 0.001954 -0.202638 241 202 161
-0.223671 1.040195 0.410613 67 48 35
-0.274200 0.889149 0.212791 207 134 108
0.390509 0.924494 0.446180 128 98 77
-0.870614 -0.115308 -0.337453 162 121 86
-0.098255 -0.590024 -0.059142 16 14 14
0.623998 -0.296495 -0.301001 218 172 129
-0.180795 0.694302 0.328860 182 134 110
-0.217407 0.835135 0.355651 114 80 61
0.035753 -0.108754 -0.057399 14 11 10
-0.438647 0.238329 -0.155859 7 6 4
0.836591 -0.030967 -0.366496 198 155 112
0.449562 -0.286263 -0.135631 13 11 9
0.141083 0.515735 0.480088 218 166 144
0.440771 0.219884 -0.213141 12 11 8
0.347629 0.723062 0.341990 200 152 120
-0.022352 -0.670602 -0.110998 22 20 20
0.340075 -0.548797 -0.085238 14 13 11
0.156397 -0.409524 -0.055140 14 11 10
0.266079 -0.856770 -0.324500 9 8 6
-0.728871 -0.086535 -0.164664 226 183 142
0.206227 0.379864 0.031884 233 193 148
0.066505 -0.762179 -0.186514 12 12 11
0.291278 -0.451143 -0.071276 14 10 10
0.254438 0.533057 0.439046 235 184 155
-0.826816 -0.051175 -0.238342 182 135 100
0.552179 -0.603819 -0.441921 129 97 74
-0.782834 -0.159219 -0.218242 217 172 131
0.208830 -0.763022 -0.179908 16 14 13
0.096530 0.386353 0.135615 127 95 72
0.002038 -0.196128 -0.056311 11 9 7
0.401650 0.890062 0.334243 108 85 67
-0.219591 -0.406260 -0.031944 10 8 7
0.014044 -0.659070 -0.104326 17 15 15
-0.740169 -0.460133 -0.353649 214 169 135
0.396593 0.748450 0.188288 240 175 153
0.555861 -0.723926 -0.491033 156 121 99
-0.757782 -0.479766 -0.369977 216 169 134
-0.132392 -0.608135 -0.056526 14 13 13
0.038938 0.609009 0.558763 198 146 120
-0.146315 0.229193 -0.068533 221 177 137
0.277338 0.516545 0.018513 203 158 117
-0.388124 0.253265 -0.160860 7 6 3
0.023849 0.371904 0.371393 217 169 144
0.202168 -0.143146 -0.072333 12 11 8
-0.869861 -0.379084 -0.421873 153 114 83
-0.079279 -0.128737 -0.051612 12 11 8
0.525707 -0.390915 -0.254796 21 16 14
0.706670 -0.465781 -0.448461 222 174 134
0.241359 -0.059331 -0.082218 12 10 7
-0.475166 0.281532 -0.193356 22 16 18
0.233096 0.979111 0.704422 151 110 88
0.290756 0.755018 0.592635 229 188 163
0.269754 -0.667139 -0.100561 22 16 18
-0.126381 0.491676 0.272795 190 146 125
-0.172995 -0.751943 -0.156190 12 8 11
0.433098 -0.489529 -0.142226 13 10 7
-0.343075 0.237289 -0.131065 7 4 3
0.139612 -0.273695 -0.065785 13 11 9
0.304774 0.943863 0.662855 215 165 140
-0.317384 -0.400507 -0.039880 12 9 8
-0.515428 -0.511286 -0.216533 6 5 3
-0.154583 0.618873 0.122825 193 143 111
0.152031 -0.698330 -0.123046 22 20 21
0.376217 0.694462 0.183912 238 180 150
0.023470 -0.384700 -0.051482 13 10 9
0.140628 -0.202883 -0.067510 12 10 8
0.663901 -0.368485 -0.361214 225 181 139
0.764079 -0.148978 -0.308291 230 188 143
0.219351 0.467980 0.401282 228 184 157
-0.693798 0.145166 -0.122744 233 186 146
0.147570 0.268748 -0.016080 229 190 147
0.059427 0.328827 0.075096 211 174 137
-0.397812 -0.299903 -0.061284 14 10 9
0.457784 -0.531939 -0.172016 12 10 9
-0.303744 -0.425130 -0.035432 14 10 9
-0.245041 0.854536 0.242347 225 172 147
-0.191518 0.848264 0.462074 182 146 120
0.091389 0.012684 -0.052329 16 13 9
0.369456 0.927328 0.526553 138 100 77
0.192083 -0.040131 -0.074005 11 8 6
0.240198 0.490147 0.156431 167 135 106
0.316460 0.616121 0.395992 201 153 120
0.667748 -0.504812 -0.440212 221 172 133
-0.824610 -0.461100 -0.402039 199 152 116
0.516871 -0.744353 -0.523213 40 35 26
0.625189 0.216073 -0.257272 229 183 145
0.464750 0.087734 -0.165795 9 7 4
0.101809 -0.642719 -0.092387 19 16 16
0.019903 0.856909 0.718893 246 203 175
-0.395621 -0.705917 -0.181002 22 16 16
-0.422375 0.307207 -0.218835 13 12 10
0.248580 0.489468 0.083094 222 177 138
-0.056457 0.686478 0.581854 109 66 55
0.571014 0.082292 -0.199559 238 196 156
-0.347911 0.181108 -0.109212 6 5 3
-0.096800 -0.016998 -0.042113 14 11 9
-0.205005 -0.034551 -0.048880 9 8 6
-0.198565 0.751800 0.261963 224 180 153
0.817472 -0.021665 -0.307100 211 167 125
-0.214417 -0.086596 -0.048276 9 8 6
0.685013 -0.551917 -0.474859 222 171 132
-0.041088 -0.812431 -0.215202 11 10 8
-0.236590 0.257098 -0.111756 227 180 138
-0.174583 1.082119 0.542161 84 66 44
0.248491 1.022333 0.687337 93 74 54
-0.187498 0.712084 0.373541 182 132 107
0.357670 0.707624 0.214685 241 191 159
0.392124 1.110770 0.472755 94 76 60
-0.432671 -0.332943 -0.080188 13 10 8
-0.140905 0.630819 0.473568 217 162 134
-0.326448 0.258531 -0.131341 11 7 4
-0.195054 0.887993 0.499281 150 118 97
0.419750 0.757037 0.159201 233 170 144
0.167735 0.774659 0.687392 246 199 176
-0.532675 -0.082819 -0.102374 238 197 153
0.131530 0.973589 0.732173 208 162 136
-0.641972 0.177557 -0.128399 237 186 148
0.233316 -0.253152 -0.070738 14 11 9
0.141333 0.887031 0.725820 245 198 170
0.594900 -0.780826 -0.530071 202 155 128
0.111954 0.469680 0.483344 229 179 154
-0.868553 -0.282541 -0.383124 157 117 86
0.082579 -0.141599 -0.061899 14 12 9
0.780522 -0.189683 -0.339502 227 184 139
0.387997 0.821433 0.239959 223 172 151
-0.370503 -0.692715 -0.142225 18 14 13
-0.005704 0.443396 0.430589 159 102 89
0.540859 -0.531779 -0.402612 32 29 22
0.271322 0.477398 -0.031580 202 157 116
0.406648 -0.033534 -0.123911 11 9 6
-0.023359 -0.537381 -0.060673 13 10 8
-0.167896 0.001530 -0.042776 11 9 7
0.679980 -0.637175 -0.499929 223 170 134
0.253448 0.349646 -0.074430 210 165 123
-0.666214 -0.138422 -0.160032 229 186 145
0.667356 -0.408590 -0.385103 225 178 138
0.659584 0.007165 -0.203248 242 203 162
-0.103932 0.457832 0.282868 185 142 122
-0.015869 0.996919 0.717295 151 107 83
-0.122294 0.501534 0.312968 199 156 133
-0.263263 -0.196398 -0.044186 10 8 6
0.203753 -0.483864 -0.055853 15 11 10
-0.395441 0.341807 -0.235579 15 11 10
0.028807 -0.915842 -0.294552 17 13 14
0.819780 -0.054384 -0.322722 216 170 127
-0.865196 -0.173875 -0.324972 161 118 85
0.297983 0.805573 0.609236 234 193 163
-0.100013 -0.281362 -0.049292 12 10 9
0.100401 0.308646 0.043211 232 190 153
0.167672 -0.002827 -0.069558 16 11 8
-0.808073 -0.217135 -0.259883 205 160 122
-0.650699 -0.520895 -0.372997 202 158 129
-0.295775 -0.079336 -0.054400 10 9 7
-0.422340 0.259314 -0.174709 9 8 5
-0.127565 0.156316 -0.064562 237 191 150
-0.086064 0.417285 0.077017 189 149 114
0.761648 0.097345 -0.241084 229 185 144
0.124199 -0.421798 -0.054327 12 10 8
0.124572 0.124949 -0.079029 242 192 151
0.349655 1.005909 0.596483 173 133 107
-0.010218 0.895784 0.717727 239 192 164
-0.243157 0.045111 -0.055116 10 8 7
-0.141910 0.902936 0.621734 200 159 133
0.609879 -0.734133 -0.501963 213 164 132
0.058917 0.077092 -0.072855 240 189 146
-0.660488 0.057202 -0.097078 241 200 160
0.345799 -0.669937 -0.129918 19 16 14
-0.282360 0.000163 -0.060968 11 9 8
0.407092 0.955752 0.399575 104 81 62
-0.301173 0.111884 -0.075782 9 7 6
-0.014466 0.614970 0.529079 231 182 154
0.059101 0.107049 -0.081433 243 195 152
0.324215 0.927552 0.620251 225 186 159
0.236301 -0.175755 -0.073843 12 10 8
0.102192 -0.602826 -0.072659 16 13 13
-0.612620 -0.426291 -0.302297 188 148 114
-0.554764 0.044285 -0.101340 238 198 155
0.333496 0.789426 0.504943 219 177 148
0.730950 -0.515282 -0.491228 220 169 130
0.454711 -0.048113 -0.138071 11 9 6
-0.169418 0.764194 0.476450 202 163 137
-0.489838 -0.112608 -0.080274 16 13 10
-0.021298 -0.244411 -0.054475 11 9 7
0.261942 0.236205 -0.127726 219 174 133
-0.210357 0.692155 0.189211 167 109 89
0.187630 0.937713 0.716952 235 187 158
-0.548455 -0.671495 -0.439308 36 29 19
-0.837578 -0.240292 -0.301881 188 145 114
-0.042809 0.376316 0.299939 186 141 120
-0.737496 -0.005303 -0.138037 222 180 139
0.140179 0.409668 0.389135 221 162 145
-0.086696 0.861386 0.668629 224 180 155
0.089629 0.370258 0.380477 217 166 141
-0.176671 -0.715334 -0.112433 22 18 20
-0.348817 -0.187313 -0.049089 13 10 8
0.789695 -0.036211 -0.275214 224 179 138
0.053892 -0.832953 -0.240972 11 10 8
0.746340 -0.197135 -0.320615 232 189 145
0.796627 -0.368336 -0.460181 214 165 124
0.497883 0.150030 -0.197090 18 16 14
0.635259 0.142479 -0.220391 232 185 143
0.490283 -0.508050 -0.208461 15 11 9
0.224045 -0.019151 -0.079488 12 10 7
0.552423 -0.289444 -0.249712 23 19 17
0.352028 0.821203 0.472992 205 162 132
0.335058 0.676575 0.353587 192 149 121
0.221162 0.828272 0.683030 237 189 161
0.167281 0.891462 0.719986 240 193 165
0.415885 0.949357 0.347716 72 53 37
-0.174684 0.640837 0.313255 191 145 121
-0.122298 0.565280 0.433857 203 160 135
0.211778 -0.584231 -0.064269 17 12 11
0.412549 -0.255526 -0.115647 11 10 7
0.304302 -0.196492 -0.083061 10 9 7
0.534273 -0.134572 -0.175333 228 183 139
0.750534 -0.276396 -0.366847 227 183 140
-0.617451 -0.676734 -0.405463 172 134 110
0.223652 -0.841630 -0.294568 12 10 9
-0.524975 -0.158383 -0.098286 18 11 6
-0.118791 0.747441 0.608122 128 92 71
0.249307 -0.795152 -0.244895 11 9 10
0.273186 -0.230067 -0.075648 13 11 9
0.227397 -0.632751 -0.079173 21 18 17
0.372320 0.076032 -0.132738 10 9 6
0.732185 0.192918 -0.299503 216 169 131
0.135167 -0.522969 -0.058449 12 10 9
0.246632 1.177935 0.599368 110 88 66
0.343197 0.703839 0.265191 212 166 136
0.745134 -0.233845 -0.339028 228 185 142
-0.474427 -0.649252 -0.247871 9 5 5
-0.398564 -0.671842 -0.142649 19 17 16
-0.411406 0.120943 -0.098896 9 8 6
0.254057 0.572460 0.473755 234 178 148
0.501490 -0.173084 -0.152273 13 10 7
-0.434844 -0.699132 -0.232984 6 4 4
0.073568 -0.598112 -0.073088 16 14 14
0.529306 -0.724691 -0.507534 77 61 49
0.155597 -0.050177 -0.068765 13 11 8
0.054299 -0.203171 -0.060407 11 10 8
-0.147893 0.532252 0.269634 187 142 120
0.633761 -0.409165 -0.364821 220 174 136
0.154209 0.216122 -0.059624 227 186 145
0.108958 0.924114 0.733540 243 194 167
-0.014613 0.409235 0.138003 153 118 92
0.232388 -0.878048 -0.327083 10 8 6
0.164530 0.366492 0.331211 232 185 157
0.752498 -0.537751 -0.517932 221 166 126
0.040161 -0.789886 -0.206198 12 10 11
-0.130056 1.117169 0.577065 86 65 45
0.254381 0.831494 0.661718 235 190 159
-0.887979 -0.357264 -0.472744 145 106 75
0.479729 -0.003346 -0.155348 14 13 9
0.008947 -0.514946 -0.058843 13 11 9
0.102544 0.553665 0.575069 230 181 156
0.169235 0.594879 0.515996 245 198 172
-0.489803 -0.747861 -0.375009 64 94 57
0.583018 -0.292805 -0.282427 178 131 90
-0.335343 -0.776476 -0.247112 24 18 18
0.313623 -0.642604 -0.099808 20 17 18
-0.069322 -0.239272 -0.052180 11 9 8
0.794820 -0.227243 -0.370081 222 178 134
-0.152368 0.420895 -0.015288 177 132 95
0.378403 0.234064 -0.191972 22 17 15
0.296892 0.098843 -0.106989 13 10 6
0.587594 -0.335804 -0.313961 186 147 105
-0.351766 -0.415197 -0.046834 13 9 8
-0.052149 -0.077432 -0.049860 13 10 8
0.143144 0.449697 0.446322 232 189 162
-0.155626 1.002159 0.604616 143 108 81
0.807491 0.009935 -0.284189 215 171 129
-0.646275 0.219010 -0.157761 228 175 141
0.044509 0.339853 0.353563 237 184 159
0.593709 0.186392 -0.233044 232 185 145
-0.396651 -0.435205 -0.063937 13 10 9
0.456885 -0.729376 -0.366111 21 13 11
-0.161503 -0.296735 -0.043796 11 9 7
-0.122532 0.892965 0.642219 214 173 145
0.000134 0.034256 -0.046459 227 184 155
0.646545 -0.157449 -0.254446 235 191 146
-0.611547 -0.013845 -0.110983 237 196 152
-0.223022 -0.238924 -0.043075 11 8 7
0.787611 -0.552051 -0.554438 218 162 123
0.059213 0.760989 0.692605 244 200 174
-0.026024 0.657655 0.555837 176 137 123
0.072376 -0.068942 -0.060266 12 10 7
0.401242 0.105119 -0.150473 9 7 4
0.265030 -0.486617 -0.062074 14 11 9
0.278516 0.837353 0.644549 234 190 161
-0.456823 -0.337261 -0.100005 15 11 10
0.718038 -0.280843 -0.349423 227 184 141
0.239315 -0.682302 -0.105273 24 21 22
-0.281936 0.280660 -0.135660 223 175 135
-0.258657 -0.814644 -0.239891 9 8 6
0.723891 0.060259 -0.212002 238 196 155
-0.008265 0.329765 0.274267 147 105 84
0.148527 -0.467354 -0.055151 15 12 10
-0.091163 0.955460 0.678467 201 155 127
0.080208 1.097009 0.690122 38 22 9
0.400850 0.970501 0.447819 93 68 48
-0.362935 -0.657115 -0.103677 15 15 14
0.524121 -0.606406 -0.454365 73 67 60
-0.586875 0.252512 -0.178632 228 176 139
0.485029 -0.681441 -0.356705 29 21 19
-0.513801 -0.275351 -0.134838 12 8 6
0.113426 0.644712 0.571422 219 172 142
0.073963 0.356373 0.104108 176 141 112
0.243959 -0.417067 -0.063583 14 11 9
0.704022 -0.496269 -0.463159 221 171 133
0.484706 -0.707199 -0.431156 37 29 27
0.417932 1.050217 0.361720 65 53 40
0.356113 0.798157 0.419847 209 168 137
0.197586 0.327968 -0.001586 229 189 148
-0.285876 -0.587572 -0.040450 18 14 13
0.071981 -0.729869 -0.152684 15 13 14
0.500851 -0.628332 -0.310955 25 22 20
-0.365531 -0.479019 -0.049453 13 10 9
0.750413 -0.038333 -0.246397 232 191 149
0.023962 0.470380 0.477315 209 166 144
0.170399 0.422198 0.152581 165 131 103
-0.090523 0.494513 0.378758 196 151 131
-0.086036 0.437978 0.210639 136 93 66
-0.123715 -0.701380 -0.108103 27 24 24
0.337324 0.702644 0.399535 210 158 123
0.081192 -0.798121 -0.215426 9 9 7
-0.161305 -0.213226 -0.046768 11 10 7
0.384379 -0.724932 -0.226858 25 22 20
-0.602925 -0.661357 -0.451383 128 96 82
0.117457 0.575422 0.562255 227 180 152
0.537586 -0.294093 -0.228110 24 20 19
0.293500 -0.792580 -0.258921 15 11 11
0.077850 0.402255 0.426095 221 115 110
0.284542 -0.255521 -0.075979 13 12 10
-0.133674 -0.092283 -0.048292 10 9 7
0.483624 -0.778554 -0.529054 29 24 18
-0.624295 -0.204934 -0.165934 225 181 140
-0.091867 -0.180216 -0.050776 11 10 8
0.511038 -0.074623 -0.165762 105 90 83
0.156013 -0.383716 -0.056645 14 11 9
0.209336 0.317451 -0.022544 227 187 145
0.042536 0.960775 0.732366 229 183 157
-0.042842 0.020775 -0.036449 17 13 10
0.277490 0.530841 -0.012260 190 146 107
0.121189 0.269291 -0.006364 233 194 152
-0.250351 0.915198 0.281483 216 142 117
-0.530977 -0.014942 -0.101988 242 202 159
-0.188319 0.762358 0.402702 206 161 136
0.301461 1.149548 0.582332 68 55 45
0.004463 0.290827 0.029145 216 174 135
0.538170 -0.503769 -0.362650 23 18 16
0.219134 0.360454 0.004854 227 186 143
-0.066913 0.835409 0.675463 227 184 158
0.304145 0.675632 0.476996 230 186 153
-0.007619 0.820021 0.699411 242 198 172
-0.567464 -0.771575 -0.320148 165 125 101
0.309619 0.560881 0.264538 202 160 128
0.535016 -0.434491 -0.305563 19 13 11
0.431689 -0.302623 -0.126297 13 11 9
0.152801 0.324096 0.025686 233 196 156
-0.062327 -0.402605 -0.048314 12 10 8
-0.066968 0.198794 -0.044863 223 175 134
-0.222444 0.205607 -0.098882 227 182 142
-0.116151 0.385647 0.029235 188 147 110
-0.464020 -0.448171 -0.121445 15 14 12
-0.542081 -0.199683 -0.121928 14 9 6
0.253261 0.296695 -0.101618 216 173 132
0.315802 -0.831541 -0.326550 11 9 8
0.329049 0.658988 0.280535 197 152 122
0.194947 0.281144 -0.040663 230 191 150
-0.071698 0.658615 0.548676 171 128 104
-0.013035 0.391186 0.114711 168 136 107
0.196024 0.721520 0.655677 241 195 173
-0.162598 0.814388 0.542646 189 148 126
-0.026856 0.347840 0.261262 159 116 93
0.660997 -0.215988 -0.281001 233 191 148
0.411470 0.918448 0.301438 84 64 49
0.446244 -0.812874 -0.448745 48 46 47
-0.299556 0.343383 -0.177751 206 158 121
-0.791454 -0.315638 -0.301117 210 169 134
0.358411 0.022404 -0.119826 10 8 5
-0.024383 -0.352627 -0.050194 13 10 9
0.126752 -0.181965 -0.066369 12 11 9
0.339786 0.818013 0.521624 214 174 145
-0.453201 -0.614906 -0.157758 14 14 14
0.053710 1.103266 0.681562 58 43 23
-0.205832 0.102637 -0.036851 17 11 7
0.416603 -0.724513 -0.270153 28 23 23
-0.383532 0.302457 -0.191905 10 7 5
-0.155872 0.469076 -0.004763 180 133 97
0.378947 1.067176 0.518020 97 76 54
0.229559 -0.778906 -0.207195 18 14 15
-0.393304 0.051839 -0.082110 8 6 5
-0.087466 -0.792256 -0.197330 9 8 8
-0.011078 0.218126 -0.027526 235 191 148
-0.690799 -0.012590 -0.119299 231 193 150
0.293553 0.399750 -0.149770 212 160 116
0.136758 -0.717978 -0.138935 20 17 18
-0.839052 -0.064105 -0.260258 177 129 93
-0.696121 0.181981 -0.147264 222 170 136
0.517877 -0.792619 -0.550712 36 27 18
0.137269 0.505558 0.503055 203 146 125
0.283260 0.414523 -0.109957 219 169 124
-0.200686 0.807721 0.385333 155 119 99
-0.059684 0.064276 -0.042477 243 191 153
-0.387811 -0.734938 -0.223458 20 14 14
0.196162 0.104932 -0.080170 236 187 148
-0.582753 -0.454813 -0.306180 126 99 77
-0.489380 -0.613007 -0.236949 10 9 7
0.059001 0.792302 0.705299 244 198 173
-0.027895 -0.438787 -0.051548 13 10 8
-0.579371 -0.225203 -0.159680 198 152 111
-0.161181 0.622109 0.419329 191 142 116
0.475789 -0.185979 -0.142824 11 10 8
0.111830 -0.443533 -0.053999 14 10 9
0.698593 -0.325982 -0.362682 227 184 142
-0.368293 0.325450 -0.197399 7 5 4
-0.332390 -0.572099 -0.050323 13 12 10
-0.655090 -0.182869 -0.170781 227 185 144
-0.315153 -0.107526 -0.052870 10 9 7
0.380137 -0.755844 -0.274222 21 18 16
0.164830 0.337673 0.289403 207 160 134
0.362367 -0.579537 -0.099865 14 11 10
-0.042808 0.398557 0.098272 184 145 111
-0.068775 -0.656533 -0.095250 24 20 20
-0.251712 -0.504638 -0.025655 11 9 8
0.276820 0.457610 -0.097371 209 160 118
0.666531 0.187963 -0.249261 225 178 136
-0.186131 0.728416 0.295151 188 138 113
-0.786934 0.053588 -0.174592 202 153 122
-0.223717 0.989441 0.426954 87 65 50
-0.593628 0.213010 -0.144374 239 188 149
0.402012 0.287358 -0.241923 35 30 29
0.681975 -0.064384 -0.233864 238 198 155
-0.618661 -0.109895 -0.135694 232 191 147
0.369811 0.820007 0.389474 176 139 115
0.481551 0.119992 -0.177751 12 11 7
-0.440376 0.278634 -0.193726 8 7 5
0.616002 -0.602134 -0.439042 212 162 127
-0.111402 -0.638119 -0.073309 23 19 20
0.511365 -0.486134 -0.242497 17 11 10
-0.399477 -0.502395 -0.066974 15 11 10
-0.396874 0.005882 -0.074412 9 8 6
-0.885510 -0.393656 -0.461847 149 113 81
0.215276 -0.803945 -0.248374 13 11 11
0.292916 0.892550 0.650141 220 174 144
0.285296 0.576161 0.077578 218 172 132
0.290397 -0.747518 -0.182823 18 15 14
-0.012350 1.082368 0.677085 70 52 33
0.441831 -0.262193 -0.130407 13 12 10
0.328520 -0.700182 -0.143633 21 16 14
0.265658 -0.098589 -0.083865 12 10 8
-0.075110 1.007538 0.682652 144 107 84
0.430892 0.312961 -0.289291 29 27 28
0.353343 1.108632 0.544694 98 78 63
-0.696723 -0.591245 -0.405595 214 169 134
-0.699704 -0.380413 -0.293541 216 175 140
-0.776470 -0.206431 -0.232773 218 175 137
0.288640 0.518319 0.223249 174 138 109
0.468680 -0.588029 -0.201003 15 13 10
0.593587 -0.226919 -0.248577 207 157 111
0.207312 0.451507 0.120510 205 166 132
-0.573840 -0.372081 -0.256209 139 105 77
0.451664 0.314586 -0.308756 29 26 27
-0.784322 -0.524693 -0.399760 216 168 131
-0.392245 -0.647691 -0.115205 14 11 10
0.400155 1.027607 0.469877 94 74 58
-0.457368 -0.683000 -0.253960 11 9 10
0.128431 -0.928468 -0.321381 10 9 7
-0.492295 0.092811 -0.097924 176 136 115
0.799600 -0.140047 -0.331214 223 177 133
-0.479039 -0.142814 -0.080126 13 9 7
0.268645 0.436618 -0.060196 214 168 124
0.591746 -0.478182 -0.397248 184 139 107
-0.040524 -0.470617 -0.051911 13 11 10
0.124825 -0.152213 -0.065716 13 11 9
-0.061146 0.705299 0.619422 190 143 119
-0.046508 0.109686 -0.055250 241 189 147
-0.164668 0.594073 0.305198 194 149 125
-0.157491 1.129668 0.538335 72 55 39
0.180079 0.981699 0.720887 160 122 97
-0.365151 0.276278 -0.163331 8 7 5
0.721188 -0.369479 -0.402628 223 176 136
-0.716803 0.136125 -0.130781 221 173 137
0.243642 1.079952 0.661986 91 79 60
-0.057383 0.226978 -0.028271 221 174 135
-0.447175 -0.428802 -0.097767 13 12 10
0.430712 -0.693813 -0.245788 26 23 18
-0.043129 0.631604 0.533386 212 161 132
-0.125192 0.484000 0.246763 174 133 108
0.578483 -0.194106 -0.216836 219 171 126
0.000548 0.947997 0.724264 232 187 159
0.077150 -0.920621 -0.304988 9 8 6
-0.625226 -0.351107 -0.260218 217 178 139
-0.237704 -0.078464 -0.049553 9 8 5
-0.646609 -0.052591 -0.126916 233 191 149
0.359600 0.763266 0.329677 184 133 108
0.329010 0.657863 0.372118 197 152 121
0.712694 0.186763 -0.271797 226 180 139
-0.021452 0.291538 0.022464 224 183 143
-0.452383 -0.566175 -0.124859 13 13 13
0.680213 -0.744173 -0.553330 223 171 136
0.692570 -0.418812 -0.410887 222 175 134
-0.179946 0.691697 0.224154 173 122 93
0.222432 -0.662608 -0.092945 26 24 25
-0.446503 -0.518392 -0.107093 13 11 10
-0.245027 0.888272 0.260635 173 110 91
0.211540 0.798187 0.676241 240 193 167
-0.634852 -0.582458 -0.420517 171 134 108
-0.209928 -0.173734 -0.045437 11 10 7
-0.395942 -0.542619 -0.069961 14 12 11
-0.458996 -0.637453 -0.196589 12 11 11
0.689033 0.206803 -0.278365 220 175 135
-0.239926 0.093153 -0.049463 10 7 5
-0.701170 0.217129 -0.186433 212 157 123
-0.195501 0.039095 -0.042044 11 10 7
-0.300663 0.374869 -0.216951 220 170 131
-0.806364 -0.261397 -0.280798 204 162 126
0.558420 -0.645283 -0.452294 153 119 96
0.210278 -0.616342 -0.072690 19 16 16
-0.125034 -0.125069 -0.049511 11 9 7
-0.109910 0.974632 0.661488 182 138 111
-0.500684 -0.567730 -0.213227 10 6 6
-0.439525 -0.662835 -0.188295 11 11 9
0.375006 0.304213 -0.225741 36 28 26
-0.536448 -0.591616 -0.340789 10 8 6
-0.789007 -0.392527 -0.344208 209 166 130
-0.167741 0.451547 -0.054530 186 137 98
0.572708 -0.453591 -0.389160 163 124 93
0.232075 0.612936 0.510279 239 185 154
0.023391 0.303258 0.045674 217 172 135
0.311176 0.583305 0.220426 182 141 108
0.310413 -0.800043 -0.286331 17 14 14
-0.756742 -0.596759 -0.401739 217 165 131
-0.592731 -0.098129 -0.123789 235 194 150
0.619340 -0.075468 -0.221403 239 199 156
-0.067426 0.493000 0.420903 195 147 123
0.563293 -0.120297 -0.197095 236 193 147
0.205617 -0.261701 -0.068921 12 9 7
-0.515795 -0.574894 -0.254860 4 3 3
-0.377990 -0.328651 -0.056246 12 8 7
-0.002868 0.554009 0.503551 226 175 149
0.308209 0.616040 0.434448 224 173 138
-0.461134 -0.284873 -0.094419 14 10 8
0.132887 0.375668 0.097737 230 192 155
0.356041 1.139594 0.519842 91 73 59
0.543477 -0.171697 -0.184265 233 188 143
0.400662 0.989842 0.465397 97 75 56
0.625939 0.091811 -0.204115 235 191 151
-0.157955 -0.649489 -0.066853 22 19 19
0.117562 0.679173 0.638274 220 179 151
0.297605 0.172841 -0.125223 19 15 10
0.249497 0.448007 0.294621 221 173 142
0.800016 -0.248710 -0.386167 217 173 131
0.696084 0.167134 -0.245128 226 180 138
-0.677514 -0.545190 -0.388497 214 169 135
-0.620819 -0.297325 -0.225088 218 177 137
0.177458 0.460731 0.423638 211 167 140
-0.126585 0.854295 0.630613 215 174 145
0.016747 -0.574371 -0.069540 15 12 12
0.669683 0.116200 -0.213690 232 187 145
0.282987 -0.044501 -0.090080 12 11 8
0.220038 0.283099 -0.062749 222 182 142
-0.121318 1.027687 0.635231 154 120 96
-0.342169 -0.300252 -0.047552 12 10 8
-0.541450 -0.239549 -0.142069 20 16 14
0.461560 0.186882 -0.195700 8 8 4
-0.180808 -0.251306 -0.044714 12 9 8
-0.170887 0.788557 0.486013 199 160 135
-0.779402 0.141022 -0.210592 187 141 106
0.262841 0.711123 0.607410 159 119 96
-0.602100 -0.775984 -0.325397 172 135 109
0.715349 -0.092790 -0.257979 236 195 151
-0.228275 0.770775 0.215296 190 121 94
-0.104747 0.112699 -0.050001 241 187 147
-0.660714 -0.332106 -0.252018 219 179 144
0.708598 -0.026059 -0.223424 240 201 160
-0.208164 -0.598805 -0.039196 14 12 11
0.830365 0.002324 -0.336741 209 166 124
-0.339073 -0.645887 -0.083188 16 14 12
-0.121601 0.541708 0.387025 196 154 130
0.746613 0.134798 -0.250744 227 183 142
-0.072284 0.396345 0.073072 185 146 111
-0.766601 0.070109 -0.151192 210 163 130
0.470395 -0.468134 -0.177562 14 10 8
0.291191 -0.761047 -0.207499 20 17 16
-0.317021 -0.038242 -0.061640 10 9 7
-0.136525 0.026570 -0.034872 14 10 8
-0.186257 0.152810 -0.068858 228 172 131
-0.157266 0.567698 0.073035 187 137 102
-0.761858 -0.012761 -0.157467 216 172 131
-0.534402 -0.495294 -0.246087 5 3 2
-0.273445 0.329541 -0.149189 214 166 126
-0.151534 -0.804656 -0.204791 13 11 10
-0.595775 -0.401310 -0.282886 176 136 105
-0.856275 -0.296948 -0.360373 171 129 99
-0.024319 0.256935 -0.000684 232 190 147
0.140272 0.387288 0.370030 229 184 156
-0.722019 -0.351927 -0.284605 215 173 137
-0.558729 -0.495995 -0.293252 10 6 5
0.199247 -0.203812 -0.069758 12 10 8
-0.052508 -0.613288 -0.077310 16 13 14
-0.030998 1.147803 0.623530 60 45 29
0.457915 -0.763641 -0.441886 33 27 29
0.771248 -0.486356 -0.505746 219 165 125
-0.194887 1.015139 0.518674 92 71 53
0.478029 -0.086359 -0.143736 10 8 4
0.248557 -0.119300 -0.079888 13 11 8
-0.158635 0.785096 0.534205 189 152 128
0.334274 -0.335079 -0.087130 11 10 7
-0.583285 0.121170 -0.105695 241 197 156
0.650532 0.222298 -0.274918 221 176 141
-0.265445 0.793644 0.172107 160 97 73
-0.430355 -0.462356 -0.086330 12 10 8
0.008997 -0.810933 -0.219854 9 8 8
-0.556241 -0.424255 -0.258154 4 3 1
0.383635 -0.325117 -0.103986 15 12 10
0.418218 0.957563 0.322716 69 55 40
0.623755 -0.111287 -0.231761 237 194 150
0.155147 1.115839 0.676711 64 47 27
0.416795 0.986197 0.369806 75 56 41
0.392693 -0.852461 -0.397324 10 9 7
-0.546412 -0.586093 -0.365080 10 8 5
0.132320 0.928735 0.729794 241 193 164
0.298710 1.072025 0.633044 57 43 25
0.499415 -0.485418 -0.217189 15 11 9
0.145288 -0.761070 -0.176716 14 12 11
-0.127105 -0.818986 -0.213997 10 9 7
-0.137372 0.204284 -0.067557 226 182 141
0.228137 0.566214 0.483232 242 187 158
0.066552 -0.413562 -0.053189 14 11 10
-0.283636 -0.700681 -0.107747 12 11 9
0.258935 0.397570 -0.051172 208 162 120
0.801065 -0.109162 -0.319120 221 177 132
0.518856 0.140886 -0.204561 19 18 15
0.494872 -0.034563 -0.156020 17 13 10
-0.201340 0.930502 0.506711 114 83 61
-0.274522 -0.471280 -0.027838 13 9 8
-0.819871 0.026216 -0.232913 175 126 92
0.292795 1.028278 0.659257 123 100 76
-0.097276 0.206855 -0.052288 230 186 144
0.573270 -0.146076 -0.205373 232 187 142
-0.250307 -0.577447 -0.033589 16 14 12
-0.098868 1.102499 0.608615 82 63 44
0.558667 -0.061563 -0.192756 239 197 154
-0.264168 -0.733546 -0.142342 13 11 10
-0.226449 0.896790 0.351808 66 45 29
-0.504091 -0.596076 -0.251433 14 9 8
0.123451 -0.228628 -0.066373 13 11 9
-0.230033 0.356697 -0.129908 198 153 110
-0.090389 0.507321 0.400927 201 156 135
-0.247221 0.166343 -0.069156 101 77 63
0.308855 0.850608 0.615703 234 198 167
0.028737 0.735927 0.679122 244 199 176
-0.257635 -0.099188 -0.049569 11 9 8
-0.686047 -0.675404 -0.391064 208 163 130
0.353343 0.838424 0.496846 210 170 141
-0.501973 -0.482298 -0.189053 5 4 2
0.263228 0.502635 0.062548 220 174 135
0.272379 0.480171 -0.079106 207 160 118
-0.830032 -0.292312 -0.320834 192 149 118
0.159324 0.178452 -0.080297 230 185 144
0.503944 -0.658752 -0.433234 41 39 40
-0.413823 -0.587798 -0.096774 18 16 16
0.070768 0.242123 -0.012362 229 186 148
0.266853 0.665795 0.518296 183 133 103
0.269919 0.535563 0.078132 220 173 134
0.587041 0.163087 -0.222181 236 192 151
-0.768128 -0.091039 -0.187336 221 176 135
0.196484 -0.797728 -0.234948 14 11 10
-0.857169 -0.206750 -0.318268 169 126 95
-0.164108 0.603354 0.333553 192 146 123
-0.681859 0.031266 -0.102178 236 196 155
0.326520 0.650249 0.323262 199 155 124
-0.362396 -0.376757 -0.051454 13 10 8
0.015629 0.251102 -0.002608 229 187 145
-0.454407 -0.766719 -0.345840 33 25 23
0.188089 0.134051 -0.090535 237 188 148
-0.187591 0.962260 0.540217 134 102 80
0.509676 -0.631920 -0.403485 29 29 29
0.493044 -0.384506 -0.187358 20 14 14
0.378883 0.810121 0.219767 147 66 46
0.303001 0.054078 -0.106571 9 7 5
0.147049 0.070056 -0.067599 241 191 154
-0.192630 0.753793 0.355220 190 141 115
0.350611 -0.600584 -0.099626 14 11 10
-0.143862 0.740760 0.554944 193 149 129
0.752605 -0.087225 -0.274029 230 190 146
0.064615 0.971683 0.734157 199 156 131
0.106378 0.771869 0.696702 247 202 178
0.497138 0.291515 -0.296836 28 24 28
-0.113034 0.712163 0.584787 188 141 123
0.247935 0.484592 0.371110 226 182 155
-0.289200 0.234700 -0.112939 160 126 106
0.038382 -0.552127 -0.064379 14 12 11
0.239935 0.676087 0.564233 183 137 112
-0.176415 1.051853 0.554875 104 80 60
-0.365760 -0.080426 -0.061141 11 10 8
-0.177127 0.937913 0.566022 144 107 85
0.786288 -0.416157 -0.480172 217 168 128
-0.281356 -0.541035 -0.032107 13 10 9
0.355852 -0.506096 -0.090419 11 10 7
0.162613 -0.510421 -0.057090 12 9 7
0.776320 -0.220784 -0.352629 228 184 140
-0.744890 -0.129917 -0.187987 227 183 142
0.185450 0.238352 -0.065528 228 187 148
-0.075787 0.445414 0.336925 188 143 124
-0.875891 -0.239020 -0.391338 149 113 79
0.083087 0.563427 0.588429 248 197 175
0.049409 0.381933 0.136992 109 75 52
-0.155210 0.564514 0.229484 166 123 96
-0.138293 0.555140 0.115064 191 139 104
0.236956 0.103743 -0.084241 21 18 13
-0.548526 -0.534674 -0.297056 10 6 5
-0.564000 -0.591740 -0.417246 8 4 3
0.580326 -0.699841 -0.471826 189 146 119
0.029446 0.520492 0.549606 198 147 127
-0.515294 -0.633885 -0.327745 5 4 2
0.075958 0.854235 0.726921 245 201 174
0.325031 1.148618 0.554216 87 73 60
0.355624 -0.212602 -0.094139 10 9 6
0.083531 -0.525274 -0.058809 13 10 9
0.208523 -0.826316 -0.272612 13 11 10
0.266080 0.904631 0.677637 233 187 160
0.084863 0.648383 0.600273 236 192 164
0.370157 1.034702 0.547333 133 104 80
0.538835 -0.473059 -0.340960 22 16 16
0.244318 0.791487 0.652719 235 189 161
-0.686620 -0.145870 -0.169541 229 186 144
0.112516 -0.564493 -0.063773 13 10 9
-0.091503 0.558021 0.464782 224 174 146
-0.511165 0.133345 -0.111385 239 195 157
-0.528220 -0.635552 -0.362339 11 7 6
-0.509283 -0.345387 -0.162351 8 7 5
0.022812 0.415040 0.417083 181 88 79
0.291177 0.536425 0.334324 219 174 145
-0.332423 -0.366610 -0.044415 13 9 8
0.280999 -0.194759 -0.079181 12 10 8
0.524606 -0.584665 -0.420051 32 30 26
0.347445 0.725965 0.297927 193 148 118
0.409106 -0.197198 -0.113621 11 9 7
-0.214562 0.888763 0.403685 117 91 75
0.434184 -0.595872 -0.162005 12 10 8
0.393191 0.309291 -0.247807 35 31 29
-0.169230 0.636543 0.079877 181 134 102
-0.185238 -0.050917 -0.047318 11 10 8
-0.353314 -0.762531 -0.235920 19 15 15
0.492953 -0.696403 -0.456408 36 28 26
-0.115114 1.140487 0.570410 80 64 50
0.139425 0.838900 0.716449 246 204 176
0.509042 0.014663 -0.179736 25 23 20
0.417090 -0.126163 -0.120244 13 10 7
0.352946 0.749012 0.347295 202 157 126
0.339046 -0.521576 -0.083231 14 12 9
-0.038078 -0.395644 -0.049849 15 12 11
0.176128 -0.174805 -0.069474 11 10 8
-0.231153 0.946099 0.362466 68 49 36
-0.069682 0.679808 0.562684 64 46 34
-0.474506 -0.736949 -0.336359 17 15 12
-0.072055 0.814403 0.666001 226 183 158
0.331789 1.052305 0.605711 131 100 77
0.300754 -0.062292 -0.092749 9 8 5
0.208609 1.134952 0.645277 60 52 33
0.144477 0.952712 0.728669 232 182 156
0.175358 0.355385 0.254843 161 117 94
0.280179 0.375328 -0.110722 222 175 134
-0.210287 0.132206 -0.052820 218 175 148
0.171715 -0.813801 -0.248075 14 12 11
-0.059668 -0.030730 -0.044926 14 10 9
-0.459589 0.130675 -0.095497 16 14 11
0.770110 -0.119307 -0.299406 228 186 141
0.259106 -0.278505 -0.071295 14 11 9
0.302457 0.572731 0.364297 208 162 132
0.309786 -0.779492 -0.248100 26 21 22
-0.441875 -0.172758 -0.072290 13 11 8
-0.191208 -0.082726 -0.048085 11 10 8
0.091472 -0.089578 -0.062456 14 10 8
-0.049184 -0.728103 -0.149693 11 10 10
0.405124 1.061169 0.451083 81 65 49
0.309935 -0.408903 -0.078755 14 11 9
0.699921 -0.194326 -0.293794 233 190 147
0.522610 -0.665816 -0.480537 35 25 22
-0.222830 0.848858 0.248808 198 152 126
0.249775 0.441933 0.245611 186 145 118
-0.177919 0.682565 0.308203 186 135 111
0.085181 0.507162 0.591349 246 195 174
0.036083 0.759019 0.689056 245 200 177
0.162484 1.077068 0.697934 76 62 42
0.238873 0.769014 0.647501 236 189 162
0.058645 0.431019 0.469474 207 118 108
0.576397 -0.102190 -0.204298 238 195 152
0.361846 -0.787139 -0.301044 19 14 16
-0.548490 0.199318 -0.133440 243 195 156
0.574841 -0.044237 -0.198271 241 202 159
-0.136360 0.073379 -0.035144 234 188 160
-0.009231 0.773465 0.684791 244 200 176
0.392978 0.844242 0.322103 121 89 66
0.125793 0.342049 0.063260 233 195 157
0.168127 -0.591759 -0.066641 14 12 12
0.177034 -0.619823 -0.074401 20 16 17
-0.155204 0.814498 0.566466 194 156 132
-0.064257 -0.178460 -0.052316 11 9 8
0.206393 -0.861441 -0.304606 10 9 8
-0.776457 0.019500 -0.162274 211 171 136
-0.139129 1.039625 0.616458 150 117 92
0.621803 -0.358950 -0.336007 216 169 128
0.384876 1.013991 0.509486 112 84 63
0.546141 -0.259982 -0.208992 25 20 14
-0.314579 -0.527921 -0.037093 14 11 10
0.350229 0.932231 0.578446 207 166 142
0.278412 0.536046 0.390340 221 175 149
0.415098 -0.060496 -0.124517 10 9 6
0.006764 -0.767772 -0.188741 9 8 8
-0.066324 1.113284 0.629966 70 54 39
0.027438 -0.345775 -0.053453 13 11 9
-0.215803 -0.540045 -0.028696 14 12 10
-0.819182 -0.357679 -0.348528 198 158 122
-0.175858 0.658070 0.353459 177 131 107
0.354636 0.753040 0.299435 182 132 105
-0.313691 0.089774 -0.078412 9 8 6
0.032431 0.311816 0.317867 171 120 101
-0.131512 0.115537 -0.050523 236 183 143
-0.752823 0.163583 -0.185960 198 148 112
-0.805498 -0.503070 -0.403926 210 161 123
-0.395439 -0.042749 -0.068507 10 9 7
0.413696 -0.341290 -0.118638 11 9 6
-0.185572 -0.132935 -0.046716 11 10 8
0.215363 -0.535700 -0.058186 15 11 10
-0.427492 0.001569 -0.075227 10 9 6
0.613786 -0.438612 -0.375873 205 159 122
-0.624153 -0.225646 -0.176690 221 179 138
-0.000030 0.980721 0.722908 190 143 118
0.316504 -0.465363 -0.076949 13 9 8
0.415008 0.838821 0.274161 229 174 146
-0.864664 -0.094463 -0.325358 161 118 86
-0.146664 -0.724492 -0.121743 25 20 22
-0.881580 -0.350756 -0.444766 146 107 80
0.551665 -0.442858 -0.393403 55 37 21
-0.166979 0.596733 0.259644 187 140 113
-0.724707 0.172202 -0.159553 213 160 126
0.206545 0.444459 0.376741 232 189 160
-0.787976 0.116007 -0.201451 186 135 106
-0.220987 0.873557 0.280512 105 34 20
0.525294 -0.191616 -0.170159 27 21 17
-0.026788 1.120606 0.647341 71 53 36
0.174769 -0.695384 -0.117390 24 22 22
-0.476868 -0.458642 -0.140913 15 15 13
0.039186 0.391343 0.410804 169 95 80
0.460206 -0.812555 -0.494753 42 40 41
0.105322 0.614580 0.573522 220 169 138
-0.841150 -0.022329 -0.279626 170 126 91
0.160499 0.095226 -0.074827 237 187 144
0.373460 -0.107442 -0.106706 11 9 6
0.165715 0.653463 0.538515 136 88 72
0.419366 0.792106 0.188073 230 165 139
-0.828253 -0.511699 -0.425165 201 152 115
-0.143048 0.537282 0.089012 192 143 106
-0.879243 -0.153963 -0.372796 151 112 79
-0.068531 -0.821908 -0.218325 9 8 7
-0.424438 -0.411182 -0.079672 13 10 8
0.422493 -0.161542 -0.120647 13 11 8
0.799872 0.068869 -0.273203 218 174 134
-0.186446 -0.634720 -0.053512 13 11 11
0.052807 -0.691846 -0.124501 19 18 16
-0.115131 -0.051813 -0.046572 11 9 7
0.449542 0.070328 -0.155863 10 9 5
-0.577619 0.182171 -0.125934 239 192 153
0.182651 -0.220562 -0.068980 14 13 11
0.702075 -0.750326 -0.569290 221 169 131
0.367818 0.737825 0.197199 201 132 105
0.810591 0.078111 -0.303010 215 171 130
0.645077 -0.629160 -0.464634 221 169 132
-0.667111 -0.564382 -0.402591 208 164 131
-0.711644 -0.102004 -0.163272 227 185 144
-0.150876 0.325083 -0.047387 185 141 104
-0.137701 0.526143 0.308091 197 152 129
0.307043 0.127940 -0.115751 13 10 7
0.558088 0.137070 -0.210926 235 191 151
0.294555 0.539955 0.213132 174 139 110
0.631043 -0.520946 -0.422310 215 164 128
-0.109103 -0.238503 -0.049285 10 9 7
-0.399795 0.074028 -0.087019 9 8 6
0.497312 -0.567260 -0.235710 17 11 10
-0.161714 -0.330528 -0.041393 12 10 8
0.734593 0.157050 -0.260945 226 181 141
-0.143512 0.509597 0.067646 187 141 106
0.077913 -0.640523 -0.092580 15 12 12
0.346374 -0.868436 -0.371064 9 8 6
0.754476 -0.406393 -0.449245 219 171 131
0.538876 -0.802454 -0.544525 121 98 80
-0.476844 -0.311208 -0.115831 14 9 8
-0.850138 -0.393182 -0.396978 178 139 106
-0.715195 -0.426614 -0.326485 216 173 139
0.253545 -0.752432 -0.178315 17 15 14
-0.625080 -0.266794 -0.203210 217 173 134
0.595974 -0.254677 -0.265735 194 145 101
0.424614 0.179883 -0.185709 12 10 7
0.012811 0.674866 0.598195 129 84 61
0.291457 -0.364663 -0.075105 12 9 7
-0.355537 -0.008243 -0.070089 8 6 4
0.122384 -0.769959 -0.195916 17 15 14
-0.496155 0.174066 -0.115049 177 140 119
-0.243258 0.399696 -0.182083 217 166 121
-0.081336 0.436270 0.305744 182 139 120
0.301139 -0.145988 -0.085999 12 10 8
-0.494643 -0.090008 -0.080924 21 16 11
0.136452 0.359525 0.074670 233 194 156
0.324463 -0.230615 -0.085685 11 9 7
-0.016166 -0.628212 -0.088405 15 13 14
0.042977 0.487870 0.507436 102 61 52
-0.175858 0.405193 -0.075430 195 147 107
0.311750 0.743931 0.545397 215 174 149
0.065304 -0.389267 -0.053606 15 13 11
-0.384983 0.030602 -0.077417 9 8 5
0.103867 0.835314 0.719960 248 203 175
0.087189 -0.772735 -0.195120 11 11 10
-0.007985 0.331741 0.060863 203 163 125
-0.774708 -0.058189 -0.180583 217 172 132
0.249220 0.266897 -0.105450 221 179 140
-0.099226 -0.144479 -0.050719 12 10 9
-0.000484 -0.726790 -0.154240 14 13 12
-0.806734 -0.582382 -0.418790 204 151 115
-0.177741 0.912631 0.563266 166 129 108
0.331173 0.230777 -0.156891 21 13 9
-0.091927 -0.067437 -0.048066 14 12 10
0.566909 -0.677190 -0.459007 170 131 107
0.597434 -0.187635 -0.233768 227 180 132
-0.149677 -0.570589 -0.044338 13 10 9
0.349082 0.111943 -0.130392 13 10 8
0.075852 -0.685163 -0.119790 22 18 17
-0.199885 -0.452237 -0.029129 13 9 8
0.272470 0.764860 0.620247 233 188 161
0.418247 0.854025 0.246110 164 88 60
-0.195562 0.733866 0.247866 203 157 133
-0.060919 -0.295542 -0.051053 13 11 10
0.014069 0.075555 -0.067843 237 186 140
-0.368939 -0.790202 -0.288591 23 17 17
0.008179 -0.254767 -0.055442 11 9 8
0.449180 -0.649607 -0.220185 21 19 16
-0.186324 -0.275032 -0.043529 12 10 9
-0.692933 -0.640124 -0.393258 215 166 137
0.198528 -0.439151 -0.056312 15 12 10
0.233460 0.651316 0.532301 183 141 132
-0.110851 0.413329 0.051394 193 151 116
0.511642 -0.328553 -0.194068 21 18 17
0.166373 0.392896 0.085165 233 193 153
-0.203714 0.896208 0.466422 144 116 95
-0.073030 1.035020 0.672803 112 81 63
-0.309473 -0.770611 -0.216187 12 8 7
-0.641254 -0.394222 -0.287686 217 173 138
-0.538021 -0.678723 -0.415272 39 37 22
0.314124 0.602676 0.329976 203 161 127
0.267476 -0.461819 -0.065165 15 13 11
-0.113875 -0.320178 -0.047028 12 10 9
0.082207 0.312002 0.329408 190 131 111
0.646178 -0.454956 -0.398605 220 171 134
0.458664 -0.781063 -0.461226 53 49 50
0.297885 -0.691835 -0.123664 21 18 16
0.428825 -0.659362 -0.201291 22 18 15
0.007302 -0.411475 -0.051097 14 11 10
-0.426127 -0.380268 -0.079074 13 11 10
0.512699 -0.609118 -0.358366 28 25 22
-0.351189 -0.496391 -0.045284 15 12 10
-0.076270 0.473382 0.381016 198 153 132
-0.184813 1.025172 0.536636 85 64 45
0.135301 0.231733 -0.038666 230 189 147
0.706132 0.025566 -0.207660 243 202 164
-0.154751 0.563408 0.309154 196 151 129
-0.864059 -0.464647 -0.445173 191 143 106
0.549767 0.101883 -0.201519 234 192 150
-0.058729 -0.779545 -0.191529 12 11 11
0.181705 0.259211 -0.047922 229 189 148
0.144068 0.817588 0.708222 247 204 177
0.135906 0.368120 0.358321 231 181 153
0.374319 0.874309 0.453585 182 146 124
0.345206 0.780273 0.444956 213 168 139
0.282374 0.327357 -0.127933 225 182 141
-0.395906 -0.205904 -0.058611 12 9 7
-0.537965 -0.317647 -0.189329 10 6 5
0.526876 -0.326853 -0.224702 20 17 17
-0.010060 0.333272 0.296771 171 126 107
-0.091743 0.786948 0.644971 225 183 159
0.778738 0.135818 -0.290305 216 171 131
-0.102927 -0.544295 -0.049044 13 11 10
-0.219243 -0.721647 -0.119141 12 8 7
0.385964 0.882935 0.410566 148 112 88
-0.319472 -0.474940 -0.036273 14 12 11
-0.081035 0.011377 -0.034732 19 15 12
-0.818293 -0.169931 -0.250131 202 156 120
-0.413361 -0.134123 -0.065035 12 10 7
-0.675574 0.191664 -0.145146 228 178 143
0.337426 0.689538 0.312928 197 152 122
0.551913 -0.354495 -0.308024 24 17 11
-0.639393 -0.667653 -0.396774 194 150 123
0.088609 -0.341579 -0.058421 12 11 9
0.441461 -0.724109 -0.316075 29 25 22
0.707535 -0.580058 -0.505151 222 168 131
-0.083451 -0.617121 -0.072922 18 16 16
0.389982 0.779759 0.189385 210 139 110
0.443114 -0.741436 -0.352523 30 26 25
-0.438843 0.193421 -0.122981 11 8 5
0.244801 -0.582508 -0.065626 15 12 11
-0.098355 0.486519 0.348059 190 145 125
-0.176585 0.831616 0.505447 192 152 127
-0.372015 -0.532613 -0.057261 13 10 9
-0.490153 -0.529558 -0.173366 10 9 7
0.392524 -0.237276 -0.105969 12 11 8
0.273479 0.546869 0.426403 227 175 148
-0.089034 1.134514 0.593438 86 69 53
-0.196613 -0.340459 -0.038602 12 9 7
0.262609 0.517337 0.395455 224 175 150
-0.273267 0.150718 -0.067084 10 8 6
0.494106 -0.120205 -0.148940 17 14 11
-0.203598 -0.316739 -0.039944 13 10 9
0.264401 0.967334 0.693813 161 123 99
-0.148639 1.082406 0.581782 117 90 68
0.073892 -0.840027 -0.249252 10 9 8
-0.158418 0.185429 -0.077943 221 173 136
-0.136907 0.993660 0.631389 171 132 110
-0.079956 -0.496396 -0.048227 14 11 10
0.264958 -0.324553 -0.070167 12 9 8
-0.534804 -0.473958 -0.238278 5 3 3
-0.342592 0.311309 -0.172345 12 9 7
0.367972 -0.743802 -0.238028 25 21 20
-0.857767 -0.490442 -0.445941 184 136 98
-0.151195 0.573927 0.349430 191 146 124
-0.254741 -0.756770 -0.165278 18 14 14
0.339887 1.130316 0.548659 109 93 77
0.777525 -0.365031 -0.441506 217 168 128
-0.431184 0.034270 -0.079146 9 8 6
-0.096647 0.236925 -0.038901 229 186 146
-0.274671 0.193513 -0.082850 17 10 6
-0.714255 -0.576563 -0.402858 210 164 130
0.323222 0.651241 0.415435 211 162 124
0.327073 0.018294 -0.110704 13 11 7
0.322941 0.634651 0.364965 190 147 119
-0.218709 1.028674 0.440021 77 56 42
-0.185085 -0.164755 -0.046545 11 9 8
-0.171278 0.683161 0.111163 166 127 102
-0.496181 -0.727325 -0.367874 24 20 17
0.312612 0.304840 -0.166646 227 182 140
0.473511 0.248687 -0.243172 27 23 25
0.064549 0.415499 0.442013 129 34 30
-0.552438 -0.367834 -0.233600 5 3 2
-0.099040 0.734162 0.623336 134 93 69
0.073236 0.207390 -0.040204 230 188 149
-0.425580 -0.222145 -0.066626 14 10 8
0.093335 -0.263788 -0.063503 11 9 8
-0.873186 -0.418340 -0.441381 161 122 91
0.539118 -0.233566 -0.185427 50 37 30
0.389141 0.981960 0.498604 115 83 61
-0.590673 -0.618267 -0.461051 59 43 35
0.180736 -0.086223 -0.071948 12 10 7
0.542455 0.042054 -0.191035 238 200 159
0.013244 0.186498 -0.051038 232 187 144
0.497459 -0.618078 -0.271656 19 17 20
-0.168903 0.972662 0.583769 152 115 89
-0.306332 -0.215963 -0.044912 11 9 7
0.067509 0.301612 0.295565 143 96 76
0.787516 -0.067998 -0.287772 222 179 134
-0.626536 0.195268 -0.136793 237 187 149
0.341539 -0.262991 -0.088920 12 10 7
-0.139726 -0.387428 -0.039452 13 9 8
0.470625 0.029956 -0.155404 18 16 13
-0.205007 1.046278 0.478915 85 61 45
-0.477132 0.146053 -0.099637 20 16 10
0.781780 -0.268117 -0.383980 219 176 134
0.604484 -0.626303 -0.443366 204 157 124
-0.577509 -0.501301 -0.334899 50 33 24
0.059997 0.923179 0.733622 244 199 170
0.573059 0.247389 -0.277300 216 170 138
0.037207 1.079933 0.694355 63 47 32
0.682892 -0.366083 -0.373131 227 184 142
-0.635640 -0.533887 -0.385873 181 142 115
0.353129 -0.019218 -0.111570 10 9 6
-0.034968 0.700007 0.628202 157 118 97
-0.036866 0.441386 0.390592 216 173 146
0.383212 -0.468020 -0.105661 15 11 11
-0.000987 -0.085791 -0.053330 13 9 8
0.770534 -0.541016 -0.532272 222 165 126
-0.353623 -0.441790 -0.046473 13 9 8
-0.054716 0.930328 0.701848 224 175 147
0.208342 -0.892939 -0.327901 8 7 5
-0.125870 0.940448 0.646128 207 162 136
0.630807 -0.494324 -0.410924 212 162 125
-0.635250 -0.094768 -0.137471 232 191 148
0.244547 0.405719 0.002787 217 173 131
0.373527 0.909285 0.502177 158 121 98
0.761617 0.005718 -0.238411 232 190 148
-0.295676 -0.374922 -0.038005 14 10 9
-0.326121 0.219917 -0.113579 7 3 2
0.099950 1.107644 0.685224 61 43 23
-0.155640 0.849013 0.585111 194 151 127
-0.010286 -0.490543 -0.055637 13 11 9
-0.463609 -0.541257 -0.130668 8 8 8
-0.367522 0.210371 -0.128910 6 4 3
-0.299178 -0.329456 -0.041819 12 9 8
-0.558722 -0.340449 -0.227654 105 74 47
-0.042243 0.956248 0.709953 215 169 143
0.408306 1.001095 0.417147 62 46 29
-0.106318 0.163507 -0.063213 239 192 151
-0.254193 -0.000338 -0.056262 9 8 6
0.397084 0.716249 0.162262 235 175 145
-0.164209 0.306976 -0.067658 187 143 105
-0.168422 0.890894 0.575714 174 134 112
0.097196 0.433615 0.465821 231 156 140
-0.703243 0.005895 -0.116540 231 192 150
-0.669190 -0.055106 -0.132266 231 190 147
-0.215111 0.735537 0.218995 208 153 131
-0.160382 0.689281 0.467281 203 157 128
0.358199 0.735227 0.259094 237 197 164
0.105628 0.311558 0.325554 199 139 117
-0.465422 -0.037868 -0.073921 16 14 10
0.779218 0.100688 -0.262183 224 180 140
0.304293 -0.722256 -0.154000 22 20 19
0.152791 0.689288 0.648225 207 163 140
0.320775 0.612071 0.260604 196 155 123
-0.029470 0.360126 0.307853 192 150 128
0.064806 0.299940 0.045062 224 182 146
0.184840 0.662469 0.545971 94 74 61
0.355771 0.063473 -0.124402 10 9 6
0.325318 0.646950 0.231626 190 145 115
0.134595 0.672005 0.612061 187 135 105
0.373795 -0.247926 -0.099028 12 11 8
-0.117338 -0.000236 -0.040477 12 9 6
-0.220565 0.908698 0.395414 86 63 45
0.317526 0.200509 -0.141999 18 15 9
0.493459 0.057688 -0.173553 18 15 11
-0.397714 -0.371583 -0.064385 13 10 9
-0.446449 0.073148 -0.084054 10 8 5
-0.806881 -0.461404 -0.388325 207 160 121
0.450778 -0.765881 -0.420823 18 14 15
-0.060541 -0.147294 -0.052345 11 10 8
-0.169985 0.363249 -0.070208 191 145 106
0.579732 -0.512441 -0.412767 170 129 101
-0.402762 0.213992 -0.136324 6 4 3
-0.253095 -0.639016 -0.053277 14 13 11
-0.871954 -0.137629 -0.337893 159 115 80
-0.504201 -0.615842 -0.279744 16 13 12
-0.590138 -0.296523 -0.220817 203 159 119
0.315989 1.079317 0.610420 97 75 54
0.394610 0.877369 0.361228 117 90 70
0.077805 0.735577 0.682815 243 199 174
-0.710931 -0.129317 -0.172930 227 185 144
-0.784900 -0.570881 -0.407586 213 162 126
-0.179625 0.223702 -0.086601 218 171 131
0.194443 0.476071 0.432317 233 189 165
0.016120 0.002139 -0.045090 15 12 8
-0.155102 0.950029 0.608173 175 131 107
0.073975 1.004342 0.730800 90 66 44
0.437038 0.877575 0.253164 228 162 131
0.181323 0.733106 0.667893 242 196 172
0.327480 -0.106464 -0.094537 12 11 8
-0.812702 -0.138529 -0.234805 204 158 122
-0.197566 -0.197613 -0.045517 11 9 7
-0.149573 -0.039925 -0.045371 12 11 8
0.066996 0.637686 0.588262 214 168 136
0.378451 1.036805 0.526732 128 97 76
-0.720772 -0.030145 -0.138468 226 184 143
0.562944 -0.215066 -0.201807 229 184 140
-0.146723 -0.017875 -0.043472 11 10 8
-0.685461 -0.179238 -0.181047 227 184 142
0.545274 -0.006956 -0.189226 241 203 161
-0.771327 -0.335612 -0.301077 211 169 134
0.657246 0.146172 -0.224458 230 184 141
0.105691 -0.371307 -0.056705 13 10 9
-0.538660 0.088581 -0.103352 242 200 158
0.439028 -0.460121 -0.145698 14 11 9
0.390010 0.257304 -0.212808 38 33 31
0.700549 -0.698348 -0.548490 224 171 135
0.605823 -0.558095 -0.428283 199 151 118
-0.552473 -0.301616 -0.199794 19 11 7
-0.198764 -0.672715 -0.072352 22 20 21
0.653656 -0.135267 -0.251845 238 195 150
0.663119 -0.651305 -0.485137 222 171 134
0.395843 0.833844 0.294258 149 107 81
0.390661 -0.820898 -0.366439 14 13 11
0.169143 0.379406 0.066507 235 196 156
-0.780190 -0.118262 -0.203360 219 173 131
-0.167848 0.628322 0.394759 180 132 107
0.339318 0.846672 0.553540 212 172 145
-0.126129 0.492094 0.085482 193 148 111
0.697458 0.098469 -0.212035 233 188 146
0.109914 0.978028 0.734787 194 146 123
0.645148 -0.284783 -0.304624 225 181 139
-0.816054 -0.082750 -0.224508 200 153 115
-0.584879 -0.334322 -0.241532 188 143 104
0.154662 -0.877043 -0.297845 10 9 7
-0.662131 -0.278928 -0.219292 221 179 143
-0.506911 -0.820516 -0.251324 136 99 76
-0.159832 -0.091886 -0.047609 11 10 8
-0.488722 -0.060253 -0.079983 22 17 12
-0.509012 -0.237003 -0.113627 15 10 8
-0.527005 0.228950 -0.152902 237 189 153
-0.230791 0.983063 0.375582 42 24 10
0.282745 0.506110 0.305938 218 171 141
-0.783116 -0.365950 -0.326467 211 169 133
0.511597 -0.445563 -0.236900 17 12 10
-0.847157 -0.085007 -0.276485 173 129 95
-0.179431 0.982681 0.556124 107 80 57
0.138345 0.546030 0.523058 228 182 157
-0.089647 0.466007 0.336975 191 145 125
-0.153174 0.711277 0.490548 202 162 134
-0.758118 -0.048665 -0.166912 217 173 134
0.127306 -0.821003 -0.243832 11 10 10
-0.627298 -0.447751 -0.319043 199 158 124
0.050226 0.013834 -0.045831 15 11 8
-0.039231 0.362563 0.272211 174 131 108
-0.687838 -0.345940 -0.266674 218 176 140
0.340982 -0.772214 -0.260120 21 16 17
0.117143 -0.308319 -0.063019 14 11 9
-0.361572 0.117118 -0.093476 11 9 7
-0.216049 -0.130805 -0.046423 10 9 7
-0.808779 0.068996 -0.219772 177 128 97
-0.101469 0.446630 0.082498 194 150 113
0.007009 0.501548 0.478793 193 145 125
0.052660 0.041517 -0.053744 235 186 149
0.179549 -0.022050 -0.071589 13 11 8
0.329992 0.692916 0.429270 220 167 130
-0.603108 -0.515431 -0.369290 133 105 83
-0.041178 0.361698 0.068835 190 150 117
0.407061 1.097983 0.435457 79 60 46
0.332779 -0.031104 -0.104126 11 9 6
0.712129 -0.169796 -0.289242 234 191 148
-0.404632 -0.734235 -0.238949 25 22 22
-0.317428 -0.653023 -0.078388 13 12 11
0.170026 0.676365 0.583641 158 112 85
-0.216240 -0.821275 -0.229602 23 19 18
0.026467 0.236291 -0.014920 232 190 148
-0.617655 -0.465950 -0.327963 185 144 117
-0.502935 -0.185283 -0.094081 14 12 9
0.744468 -0.441467 -0.461598 220 171 132
-0.505244 -0.311740 -0.144834 10 8 7
-0.364560 0.238748 -0.141813 7 7 5
0.035280 -0.527645 -0.060765 16 13 11
-0.566295 -0.569573 -0.402847 10 6 5
-0.013782 0.752366 0.677034 245 201 178
0.383107 0.906945 0.457335 133 102 81
-0.325820 -0.184756 -0.047233 11 10 7
0.320651 0.629259 0.343686 198 155 124
-0.842275 -0.371563 -0.378568 184 141 109
-0.164368 1.045952 0.580048 126 97 73
0.237410 1.002632 0.698387 111 83 61
-0.233063 -0.791340 -0.208939 9 8 8
-0.561898 -0.549547 -0.359343 8 4 3
-0.459158 -0.726786 -0.300355 31 24 22
-0.866826 -0.220628 -0.346680 159 118 86
0.003233 -0.150492 -0.055477 10 8 6
-0.190401 0.737658 0.375965 198 147 121
0.197763 1.168332 0.625877 126 104 81
0.662331 -0.548695 -0.454724 221 170 131
-0.010689 0.371834 0.343162 218 171 148
0.011444 0.109393 -0.076508 234 182 137
-0.037273 0.989895 0.711413 162 116 91
0.681269 -0.443718 -0.416692 223 175 135
0.568388 -0.397375 -0.359470 166 128 92
0.266778 0.634969 0.502394 233 182 146
-0.234153 -0.460451 -0.026387 13 11 10
-0.667888 -0.460441 -0.333961 217 173 138
0.750032 -0.172692 -0.310555 232 190 147
0.059244 0.463096 0.573139 182 138 124
0.503930 -0.530771 -0.236655 18 13 12
0.521027 -0.564741 -0.326972 13 7 5
0.476566 -0.506217 -0.189758 14 11 10
0.065643 0.385177 0.416656 174 93 80
0.265738 0.146159 -0.104454 39 28 19
-0.412620 0.173984 -0.114876 10 9 6
-0.172369 0.078672 -0.030107 18 13 10
0.703811 0.140023 -0.232589 228 183 140
-0.177833 0.663543 0.380046 172 125 99
0.010632 0.683419 0.628763 140 105 80
-0.114764 -0.431486 -0.040843 14 10 9
0.310219 0.592135 0.357393 197 154 123
0.373685 1.091578 0.516769 109 86 67
0.713592 -0.215374 -0.310090 232 188 146
0.014613 0.336455 0.335971 222 174 150
-0.068348 0.095655 -0.047831 242 188 148
-0.044001 -0.847161 -0.238551 23 21 20
-0.628996 -0.726295 -0.367005 195 150 124
-0.721643 -0.235416 -0.218636 220 176 140
0.061167 0.452127 0.481831 229 179 154
0.416375 -0.629623 -0.160116 16 14 14
0.160089 -0.255887 -0.067454 13 11 10
-0.688800 -0.091493 -0.151082 229 187 146
-0.304147 0.220464 -0.104890 12 7 4
-0.537931 -0.810929 -0.264082 160 120 95
0.098715 0.460210 0.559084 188 129 114
-0.725526 0.038994 -0.119140 232 190 149
0.021984 0.381187 0.125677 138 105 79
-0.433780 -0.078530 -0.069979 11 9 7
-0.047539 0.547644 0.483548 239 185 156
0.169450 -0.768591 -0.189629 13 12 11
0.230596 1.055730 0.680355 87 73 52
-0.756674 0.040719 -0.139611 217 174 138
-0.878098 -0.314474 -0.428263 147 111 79
-0.693372 -0.223540 -0.201250 224 180 141
0.315768 0.585728 0.268347 202 159 126
0.207545 0.454890 0.142172 181 147 117
0.139255 0.308547 0.018235 232 192 153
0.610660 0.142004 -0.218302 234 187 147
-0.207251 0.852435 0.403023 125 97 76
-0.437605 -0.757382 -0.318437 17 13 11
0.628172 -0.253562 -0.279282 229 183 140
0.402156 -0.279154 -0.111383 11 10 8
-0.781260 -0.464437 -0.373768 213 167 130
0.255643 0.469418 0.044116 219 174 134
0.671597 -0.086438 -0.240682 237 196 152
-0.158860 0.925905 0.601146 181 140 118
-0.106935 0.501602 0.126748 179 135 99
0.573160 -0.238832 -0.227193 211 164 121
-0.021644 -0.109793 -0.052672 13 11 8
-0.223592 -0.047343 -0.050335 10 9 7
0.048806 -0.728517 -0.151910 17 14 14
0.396767 0.908764 0.394531 118 90 69
-0.856762 -0.117828 -0.297402 170 126 91
0.342577 -0.308661 -0.089281 13 10 8
-0.483870 -0.387226 -0.142722 12 11 10
0.227915 0.167174 -0.106705 229 183 142
0.782050 -0.148513 -0.320680 228 185 141
-0.232118 0.924889 0.324923 81 59 41
-0.119916 0.704705 0.552312 172 126 102
0.520954 -0.448141 -0.263086 24 19 18
-0.124209 0.308895 -0.025877 204 160 123
-0.310497 0.042915 -0.071543 9 8 6
-0.145477 -0.136548 -0.048411 10 9 7
-0.173684 -0.526311 -0.033154 13 9 8
0.273056 0.564306 0.110791 203 158 123
0.162023 -0.783073 -0.211905 16 13 13
0.743483 -0.017801 -0.232912 233 193 151
-0.239307 0.888355 0.303619 216 153 130
0.375217 0.956243 0.525736 152 112 86
-0.096306 0.491440 0.147136 159 115 88
0.304594 -0.620885 -0.088102 22 16 16
0.365233 -0.002110 -0.117611 10 8 5
0.494320 -0.428398 -0.199875 14 10 9
0.540783 -0.765737 -0.521102 126 97 79
0.246695 0.312806 -0.081931 214 171 130
-0.746102 -0.388162 -0.317148 216 172 140
-0.633318 0.133623 -0.107812 240 194 155
0.188432 0.518138 0.472008 233 180 154
-0.435158 -0.640780 -0.155959 31 25 25
0.219538 1.116728 0.652363 86 75 56
-0.787466 0.098035 -0.187911 191 141 110
0.300460 0.579671 0.405529 217 170 141
0.177466 -0.656722 -0.092053 22 19 17
0.318665 0.771867 0.539422 218 178 150
0.158942 0.258727 -0.031952 230 188 148
-0.413225 -0.632000 -0.122112 19 16 15
0.387707 0.851488 0.360923 135 103 82
0.288426 0.038375 -0.101261 12 11 8
-0.599966 -0.584642 -0.441850 83 61 46
-0.225792 0.874842 0.317050 121 80 60
0.404869 0.210562 -0.193118 12 11 7
-0.382982 -0.492283 -0.057036 14 11 9
-0.071049 -0.543604 -0.055468 13 10 9
0.281572 0.536439 0.028101 200 155 116
-0.425111 -0.510456 -0.084705 12 9 8
-0.016095 0.436618 0.396363 173 115 101
0.143930 0.115063 -0.079049 239 188 147
0.495853 -0.705484 -0.495147 18 14 11
-0.691479 -0.061735 -0.140335 230 189 147
0.081172 -0.561311 -0.063748 14 12 11
-0.481541 -0.563697 -0.168981 11 11 11
-0.027612 0.532706 0.478396 229 175 149
-0.803575 -0.350037 -0.330248 204 162 125
-0.114125 -0.217064 -0.049174 11 9 8
-0.331209 -0.729190 -0.171152 12 8 8
0.338983 -0.813489 -0.320270 11 8 6
0.332146 0.669040 0.333429 193 150 117
-0.455141 -0.403825 -0.105493 12 10 9
0.356147 0.775057 0.384264 200 157 129
0.301506 0.350018 -0.153107 225 176 133
-0.207150 0.237012 -0.099290 225 180 136
0.209250 0.389793 0.248571 171 131 105
0.448516 -0.696788 -0.281179 35 30 29
0.258592 0.473360 0.322105 224 180 150
0.325832 0.741578 0.479416 220 179 150
0.271888 1.150015 0.607718 72 67 48
0.561963 -0.758900 -0.508599 166 129 103
-0.325165 0.329997 -0.181903 161 121 100
0.682160 -0.676803 -0.515581 223 170 136
0.235803 0.306631 -0.063970 220 178 139
0.485600 -0.669741 -0.330888 33 25 23
0.253594 0.521615 0.115769 199 156 120
-0.648199 -0.232572 -0.188712 224 182 143
-0.508243 -0.421911 -0.185052 8 5 6
0.386441 -0.577329 -0.113631 14 11 10
-0.128355 1.063950 0.611095 132 101 78
-0.078237 -0.322852 -0.049110 13 10 9
-0.376134 -0.583668 -0.071064 18 16 16
-0.158774 -0.482497 -0.032991 13 11 10
0.169378 0.926869 0.721235 238 191 162
-0.046854 0.734674 0.658131 236 193 171
-0.148783 -0.412896 -0.036981 12 10 9
-0.405925 -0.110165 -0.064587 11 9 6
0.116310 1.091141 0.696833 71 53 31
-0.681108 0.115800 -0.107422 238 193 153
0.091239 0.462264 0.537066 82 26 23
0.410913 0.928485 0.350436 84 63 46
-0.155219 0.500976 0.025425 181 133 96
0.430666 0.021294 -0.139406 10 9 5
-0.531781 -0.378163 -0.201279 6 5 3
0.124705 0.488862 0.536024 216 164 144
-0.174770 0.631577 0.284055 191 143 120
0.181669 1.109421 0.673849 52 38 20
0.178679 -0.391215 -0.057201 15 11 10
0.401190 -0.739352 -0.272846 29 28 24
0.642830 -0.752767 -0.533642 223 173 140
0.615783 -0.318879 -0.311150 208 164 119
0.155153 1.008447 0.724465 95 70 47
0.409308 0.865561 0.280943 115 79 56
-0.530926 -0.570649 -0.289916 8 7 5
0.335178 0.727866 0.439061 219 170 135
0.377381 -0.803636 -0.336539 13 11 9
-0.138855 0.829806 0.605366 198 157 131
0.043503 -0.075664 -0.057259 12 10 7
0.403028 -0.864538 -0.417364 19 15 14
-0.379949 -0.625323 -0.092003 15 14 14
-0.363553 0.138739 -0.099216 9 8 5
0.411625 -0.788628 -0.362009 27 22 21
-0.001442 1.101354 0.668056 49 33 17
-0.176567 0.057477 -0.032884 20 15 12
-0.074119 -0.012486 -0.041355 15 12 10
-0.198077 0.784613 0.360980 182 137 115
-0.089170 -0.747475 -0.164863 11 10 11
0.550887 -0.387109 -0.330525 31 21 16
-0.811812 -0.288833 -0.300846 202 160 127
0.091935 0.279221 0.015173 221 178 143
0.225494 0.317455 -0.040461 221 182 141
-0.845900 -0.191521 -0.292811 180 136 102
0.112905 -0.489554 -0.056048 13 10 9
0.034674 0.356926 0.102260 160 128 97
0.237446 0.492390 0.129524 196 158 125
0.356277 0.177545 -0.155125 12 9 6
-0.705856 -0.450075 -0.336628 217 173 138
-0.643193 -0.562793 -0.405782 183 143 116
-0.902118 -0.458679 -0.516684 156 118 87
-0.476989 0.267314 -0.176678 17 15 14
0.093848 0.243837 -0.016723 230 192 152
0.282358 0.794992 0.622952 231 181 155
0.075617 -0.284138 -0.061270 12 10 8
-0.041921 1.105884 0.651532 71 52 34
-0.667264 -0.373522 -0.279165 219 178 143
0.279709 0.525111 0.356813 219 174 147
0.501797 0.241960 -0.235749 35 31 33
-0.314478 0.301729 -0.159133 194 148 122
0.469006 -0.390894 -0.164526 13 10 8
0.054566 0.320611 0.338620 214 156 134
-0.354256 -0.317753 -0.050618 13 9 8
-0.722325 -0.381271 -0.302773 217 174 139
0.332712 0.362549 -0.232441 219 172 132
0.631981 -0.785273 -0.548854 217 169 134
0.429936 0.298095 -0.271227 31 27 28
0.221761 -0.495496 -0.057051 15 11 10
0.120141 1.064230 0.710180 89 70 47
-0.171563 0.667600 0.086507 168 125 96
-0.394039 -0.563753 -0.073196 15 12 12
-0.243662 0.764482 0.201279 175 110 91
-0.607532 -0.036083 -0.115713 237 196 152
-0.004140 -0.825224 -0.228964 9 8 7
-0.573513 -0.248137 -0.173270 183 137 96
-0.291344 -0.655104 -0.069856 16 14 12
0.434780 -0.066504 -0.130574 10 8 6
-0.746291 -0.319430 -0.276092 216 173 138
0.346617 -0.701784 -0.158424 18 14 14
0.485858 0.219136 -0.212392 12 13 7
-0.875615 -0.397130 -0.439341 156 115 85
-0.041916 0.421836 0.358221 204 162 136
0.236883 -0.449149 -0.060440 16 12 11
0.329889 0.961260 0.628203 197 159 133
0.404161 0.146526 -0.165082 9 8 4
0.227354 -0.119563 -0.076791 10 9 6
0.407037 1.015859 0.445728 82 61 42
0.133824 0.404737 0.165606 149 117 92
0.362108 0.785691 0.247734 194 134 100
-0.414714 -0.243984 -0.064039 14 11 9
-0.153699 0.739450 0.514649 195 158 134
0.350840 -0.715376 -0.179106 20 17 15
0.339189 0.310980 -0.198186 229 184 140
-0.086656 0.895082 0.676311 223 179 152
-0.176167 0.674058 0.421849 192 144 117
-0.329259 0.276709 -0.142289 9 6 3
0.246145 0.224456 -0.116584 220 175 135
-0.856825 -0.070220 -0.308056 160 117 82
0.387688 0.950047 0.489496 141 109 88
-0.577716 -0.641235 -0.462459 42 28 20
0.176638 0.801178 0.693572 242 198 173
0.539072 -0.687464 -0.481804 111 86 67
0.493286 -0.596341 -0.243312 17 11 8
0.648694 -0.264298 -0.296196 231 187 144
0.105083 -0.747906 -0.167317 15 13 13
-0.804436 -0.032776 -0.202080 203 153 116
-0.850255 -0.412193 -0.406741 179 139 104
-0.170544 0.608531 0.277721 188 142 118
0.077355 0.464227 0.496841 175 129 110
0.054367 -0.248596 -0.059897 11 9 8
0.310937 0.770183 0.563208 225 182 156
0.050473 -0.029324 -0.055647 16 13 10
0.159415 -0.071182 -0.069207 13 12 8
-0.029701 0.180523 -0.045677 236 187 145
-0.411233 -0.607503 -0.104560 15 13 11
-0.158450 0.561577 0.277698 190 143 122
-0.848893 -0.324222 -0.364317 175 136 103
-0.022571 -0.589970 -0.072475 17 13 14
-0.480549 -0.414975 -0.140952 13 12 10
0.490184 -0.219447 -0.152802 12 11 9
-0.663895 0.177742 -0.133718 230 180 144
-0.165827 0.618164 0.357447 181 135 112
-0.013512 -0.763138 -0.184009 11 10 9
-0.227457 0.931265 0.384789 80 61 46
-0.065745 -0.061111 -0.048059 13 11 10
0.116268 0.480217 0.566218 227 175 157
-0.233741 0.962077 0.333753 29 11 0
-0.027030 0.907779 0.712472 232 183 153
-0.183122 0.018526 -0.043467 12 9 7
0.715742 -0.531942 -0.488942 223 170 132
0.563769 -0.535751 -0.424088 142 107 81
0.149917 0.671480 0.576346 166 118 93
-0.063175 0.594976 0.503263 242 190 157
-0.623407 -0.314950 -0.236766 218 175 134
-0.573702 -0.485038 -0.312703 8 6 4
-0.165274 0.118341 -0.049470 234 182 144
0.024697 0.437044 0.458437 201 127 115
-0.123111 0.472453 0.074156 192 149 110
0.648779 -0.572747 -0.452711 220 169 130
0.340054 1.100661 0.567993 96 79 63
0.342099 0.909810 0.585164 211 171 144
-0.604556 -0.552233 -0.411288 118 91 73
0.202696 0.178539 -0.101766 227 182 141
0.181114 0.496238 0.458061 236 188 162
-0.155583 0.446780 -0.010704 180 134 97
-0.743472 -0.251280 -0.236732 220 178 142
-0.427971 -0.741289 -0.272939 31 27 24
-0.398229 -0.714803 -0.200150 18 14 13
0.157212 -0.430764 -0.054531 14 11 10
-0.604191 0.163636 -0.118167 240 192 152
0.379901 1.105743 0.498921 105 85 68
0.597611 0.070216 -0.199568 237 195 155
0.517213 -0.596950 -0.377296 20 20 20
0.265775 -0.643913 -0.088350 26 21 20
0.469858 -0.702716 -0.346166 31 25 25
-0.485995 -0.642849 -0.268055 9 7 8
-0.222168 0.836830 0.216670 175 129 104
-0.148199 0.494056 0.047009 182 136 98
0.044295 0.883049 0.728979 246 201 174
0.190921 -0.540032 -0.058680 16 12 11
-0.296208 -0.810552 -0.253735 8 7 5
-0.347361 0.019560 -0.073545 9 8 6
0.028772 0.044145 -0.052465 238 188 147
0.041675 0.571713 0.564014 202 154 132
-0.522443 -0.836670 -0.232880 149 109 83
0.401232 0.869930 0.313157 91 64 44
-0.051733 0.350825 0.053374 200 160 124
0.009034 -0.323487 -0.053401 15 12 11
0.168184 0.616289 0.522528 226 180 152
0.628783 -0.698761 -0.481638 220 170 136
0.027136 0.993178 0.725976 163 127 101
-0.767434 -0.225878 -0.237444 220 175 138
0.183538 0.057621 -0.067512 18 15 10
0.068411 0.137823 -0.076121 241 192 148
-0.526505 -0.662580 -0.373266 11 11 7
0.315474 -0.486447 -0.075173 14 11 9
0.384569 -0.030793 -0.118287 10 9 6
-0.026763 -0.712255 -0.133764 17 14 14
0.318370 0.612051 0.301797 205 162 128
0.225918 0.414432 0.288839 221 173 146
0.363522 0.198601 -0.165129 13 10 7
-0.105557 0.673151 0.526442 189 137 107
0.443756 0.277698 -0.262377 34 32 31
0.503253 -0.637874 -0.351512 31 23 21
0.231542 0.472059 0.384414 229 185 159
0.259320 0.462537 0.024440 217 173 132
0.189750 -0.351278 -0.061420 13 12 10
0.277784 -0.431291 -0.069533 13 10 8
-0.002324 -0.548565 -0.063906 14 10 10
0.123528 0.440815 0.454336 232 175 154
0.481706 -0.605310 -0.227153 15 11 9
-0.565937 -0.785677 -0.303283 163 123 98
-0.548717 -0.267651 -0.172773 19 11 10
-0.883950 -0.468588 -0.473308 166 127 96
-0.030019 -0.326031 -0.051008 12 10 8
0.017917 -0.640505 -0.095005 15 12 13
-0.184213 0.717987 0.410270 206 153 126
-0.224339 -0.639347 -0.051569 14 13 11
-0.684538 -0.311289 -0.244523 219 177 140
0.265013 0.428762 -0.040934 208 162 119
0.783440 -0.325411 -0.421287 215 168 128
-0.376385 -0.160926 -0.055882 12 9 7
0.791989 -0.505008 -0.533600 215 160 121
0.450193 -0.621240 -0.196700 15 12 11
-0.653176 0.013857 -0.102849 235 196 153
0.419602 1.028812 0.358154 59 45 30
-0.660957 0.078749 -0.096227 244 203 163
0.135395 0.434210 0.429949 192 99 96
-0.326740 -0.793260 -0.256553 21 16 16
0.737411 -0.054757 -0.248875 234 193 151
0.245969 0.348793 -0.053853 205 163 122
0.574872 0.205293 -0.237665 223 173 135
-0.748347 -0.096570 -0.177671 224 180 139
0.742596 -0.473826 -0.477643 220 171 131
-0.185760 1.098352 0.506524 79 57 43
-0.241456 -0.209168 -0.043806 12 11 9
-0.504545 -0.684843 -0.347180 12 9 9
0.217549 -0.374786 -0.061626 15 13 11
0.111923 -0.135618 -0.064171 13 11 10
0.040032 0.525738 0.569524 200 151 131
0.265291 -0.539354 -0.062517 14 10 9
0.364550 -0.345317 -0.097182 13 10 8
0.315675 1.007631 0.644769 158 123 91
-0.669639 -0.207660 -0.185802 226 184 143
0.329070 0.663052 0.398603 207 157 121
-0.180802 -0.554057 -0.035680 11 9 8
0.436955 -0.716682 -0.293537 27 26 23
0.184006 0.010279 -0.071773 15 11 8
0.508032 -0.647825 -0.450782 33 25 23
0.345143 -0.086315 -0.100468 10 9 6
0.103584 -0.663946 -0.105709 20 19 19
0.285860 1.119385 0.616905 52 40 25
-0.068011 0.451629 0.128349 175 136 104
0.287160 0.986843 0.676656 146 114 89
0.024656 -0.220685 -0.057721 14 12 11
0.427098 0.781372 0.162732 241 180 157
0.515179 -0.224168 -0.167292 17 14 12
-0.017837 0.362780 0.083893 183 146 112
-0.064617 0.269606 -0.003811 221 178 140
-0.538872 -0.532275 -0.271607 7 6 4
-0.075246 0.578386 0.489002 240 187 155
-0.871087 -0.250002 -0.374054 154 115 81
-0.150492 0.597627 0.417860 190 144 122
-0.195214 1.060907 0.498622 80 61 46
0.274054 -0.581140 -0.069607 16 13 12
0.451391 0.142246 -0.177458 9 8 4
0.468066 -0.688856 -0.310459 28 20 18
0.563976 -0.163769 -0.198874 233 187 141
-0.889590 -0.430472 -0.477674 156 116 87
0.408779 0.887335 0.284403 80 57 39
0.467323 -0.546566 -0.185857 15 11 9
-0.247316 -0.687673 -0.084567 17 13 13
-0.276233 0.365900 -0.176035 202 154 117
0.170455 0.558561 0.501111 240 190 165
0.343068 -0.128546 -0.095721 13 12 9
-0.199662 0.707357 0.216568 210 151 130
-0.166883 0.243290 -0.080015 212 167 128
-0.841160 -0.494587 -0.429503 187 136 103
-0.094012 0.370652 0.041715 194 155 119
-0.220483 0.303409 -0.111446 222 175 131
0.117273 1.025172 0.725619 82 61 40
0.511360 -0.603894 -0.328253 22 22 22
0.483451 -0.633121 -0.261126 21 18 15
-0.113509 -0.470879 -0.039787 15 11 10
0.270070 1.062262 0.657938 87 76 56
0.389881 -0.692131 -0.189157 18 14 12
-0.407210 -0.415372 -0.068465 13 9 8
-0.387745 -0.518960 -0.061696 14 10 9
0.038212 -0.452961 -0.054174 14 10 10
0.628865 -0.222741 -0.266983 233 188 142
-0.012822 -0.017318 -0.046169 13 9 7
0.183999 0.880597 0.713503 243 197 169
0.148707 0.360320 0.343489 232 183 157
0.264642 -0.811472 -0.278676 13 12 11
-0.085393 -0.834440 -0.224836 10 9 8
-0.026585 0.816366 0.691290 236 194 169
0.399968 0.320469 -0.265738 33 28 28
-0.090504 -0.359326 -0.047108 14 10 9
0.494993 -0.665235 -0.369018 33 25 23
-0.272875 -0.498412 -0.027248 13 10 9
0.481245 -0.664974 -0.301888 32 27 24
0.100796 -0.704701 -0.131365 21 17 17
0.360507 0.877961 0.523618 189 153 127
-0.830361 -0.215247 -0.281022 198 155 121
0.803071 -0.028784 -0.289495 218 173 131
0.485255 -0.697131 -0.399939 40 35 31
-0.802581 -0.239150 -0.266137 208 167 131
0.671335 -0.589018 -0.476977 221 167 128
-0.472434 -0.495973 -0.138379 17 16 14
0.264828 0.072859 -0.094704 11 8 5
0.097433 -0.315111 -0.061237 15 12 11
0.425720 -0.821862 -0.418856 15 12 10
0.249614 0.026238 -0.088203 12 9 6
0.115664 0.668058 0.620036 205 156 129
-0.803597 0.038802 -0.200042 185 136 105
0.378379 -0.639132 -0.132945 19 15 15
0.789208 -0.287274 -0.401404 218 173 131
-0.208571 0.168806 -0.079533 227 175 135
-0.160679 0.424704 -0.037901 177 131 95
-0.761065 -0.437437 -0.351344 213 168 134
0.650399 -0.419833 -0.380345 222 174 136
-0.194174 -0.724154 -0.119654 18 14 15
0.184609 1.081675 0.688860 65 46 28
0.701942 0.078406 -0.208330 236 192 150
0.334394 0.679491 0.289700 198 155 125
-0.076268 -0.108086 -0.051088 10 9 7
0.671247 -0.791097 -0.569370 222 169 137
-0.898372 -0.434521 -0.505127 155 118 85
-0.281631 -0.680930 -0.086899 13 12 11
-0.202213 1.092125 0.471418 74 58 43
0.075519 0.258945 -0.000966 229 188 150
0.599506 -0.005556 -0.200273 240 201 160
0.217826 1.021037 0.701033 90 69 45
-0.595694 0.234259 -0.161066 235 181 144
-0.759821 -0.173701 -0.210619 224 180 140
0.224620 0.899447 0.701687 239 190 162
0.725978 -0.131518 -0.279919 235 192 149
0.645413 -0.371587 -0.351474 224 179 138
0.360635 -0.890103 -0.395345 8 7 5
0.675993 0.170140 -0.240412 229 182 140
0.713530 -0.421316 -0.428675 223 175 135
0.342424 0.799894 0.482957 212 168 138
0.643358 0.049157 -0.198741 241 199 158
-0.185779 0.911965 0.544046 142 107 86
-0.680484 -0.402331 -0.300060 217 175 140
0.060461 -0.800261 -0.215533 10 9 8
-0.038245 0.067753 -0.048549 240 188 147
0.147785 -0.838793 -0.265814 11 10 9
0.503155 0.189193 -0.204115 17 17 13
-0.086662 0.425535 0.242509 165 121 96
-0.561499 -0.393676 -0.257333 13 9 8
-0.303869 -0.570444 -0.041389 14 12 11
0.195844 1.011626 0.711456 102 83 61
0.425919 0.112479 -0.161345 9 8 5
0.710192 -0.342600 -0.380178 225 181 139
0.782796 -0.018480 -0.260594 226 182 141
-0.041479 -0.686402 -0.116645 27 22 23
-0.619120 -0.595465 -0.437239 128 100 80
-0.353874 -0.680045 -0.117794 13 9 9
0.369048 -0.754010 -0.256708 20 14 13
-0.059960 1.053231 0.675016 99 74 51
0.272090 0.336550 -0.112355 227 183 141
0.220881 0.867053 0.696824 240 192 165
-0.109497 0.596587 0.483278 228 175 145
-0.224354 -0.701745 -0.096627 15 13 13
0.052250 0.479203 0.528627 82 23 23
0.285734 -0.610385 -0.079911 18 16 15
0.374500 1.148674 0.483653 88 75 61
0.299391 -0.828909 -0.314046 10 9 7
0.141773 1.048814 0.714469 83 68 48
-0.293739 -0.122761 -0.049956 9 7 5
0.773314 -0.303324 -0.399402 220 176 135
0.738124 -0.313082 -0.382319 225 182 138
-0.080421 -0.578253 -0.059803 14 12 13
0.480176 0.195098 -0.199986 13 12 8
0.225133 -0.517360 -0.057751 16 13 11
-0.671727 0.219887 -0.167703 220 168 134
0.133669 -0.636661 -0.085388 15 12 11
-0.423789 0.227208 -0.146518 8 7 5
0.744731 -0.523349 -0.505154 221 167 128
-0.471344 0.249878 -0.159902 17 10 9
0.271401 0.188244 -0.124757 227 183 142
0.694094 -0.103084 -0.254576 237 196 150
-0.368107 -0.036099 -0.066932 9 8 6
0.060406 0.562366 0.585970 223 173 151
0.106157 0.480591 0.503277 226 178 161
-0.136039 0.576072 0.417286 194 150 127
0.507146 -0.360041 -0.199442 21 16 14
0.261061 0.439389 -0.010774 213 169 126
0.633086 -0.188923 -0.257403 234 190 144
0.334604 0.761999 0.467861 219 177 147
0.288176 0.697250 0.537041 208 159 130
0.190554 0.085893 -0.072183 202 163 144
0.315122 0.270835 -0.167231 226 183 140
-0.596276 -0.689635 -0.431785 137 106 87
0.717841 0.170352 -0.260203 227 181 140
0.488647 -0.528694 -0.209714 15 13 9
0.282858 0.279426 -0.138662 226 184 144
-0.832528 -0.098407 -0.249484 189 141 105
-0.678805 -0.492951 -0.355979 219 175 140
-0.241516 -0.414323 -0.030583 13 9 8
0.544605 -0.431375 -0.329770 21 11 10
0.537293 -0.645346 -0.464414 82 62 49
-0.162915 0.468872 -0.040333 183 135 98
0.406171 0.188791 -0.182627 10 9 5
0.741901 0.050885 -0.219963 238 196 154
-0.895247 -0.502192 -0.504636 198 147 110
0.606162 -0.160134 -0.231529 231 187 138
0.177648 0.185647 -0.086734 233 188 147
-0.042265 -0.795300 -0.203648 8 7 7
0.380507 0.160805 -0.159986 11 10 6
-0.025259 0.393761 0.347593 213 167 143
-0.788931 -0.074769 -0.196452 214 168 128
0.260095 0.729821 0.617311 192 150 128
-0.371467 -0.759377 -0.245290 16 12 11
0.413466 1.015683 0.387477 55 43 28
0.336023 0.880837 0.584296 210 171 142
-0.536094 -0.349925 -0.199979 3 2 0
-0.087749 -0.668447 -0.096533 25 21 21
0.561923 -0.624008 -0.443145 153 119 94
0.007970 0.386978 0.373006 211 163 138
0.165385 1.033426 0.715502 86 73 54
-0.715707 -0.514489 -0.374256 216 171 136
-0.186609 -0.783855 -0.189893 10 9 9
-0.403213 -0.340451 -0.065633 15 11 10
0.358187 -0.168461 -0.096529 10 9 7
0.397115 1.086210 0.474066 98 76 58
-0.630615 -0.068934 -0.128879 233 193 149
0.437730 -0.809600 -0.430243 31 25 25
0.367863 0.790089 0.349287 169 133 110
0.168326 0.140685 -0.087031 239 192 153
0.229013 0.075559 -0.081881 20 16 13
-0.162098 -0.169415 -0.047416 10 9 7
0.588727 0.035265 -0.196535 241 202 160
0.765709 0.058103 -0.235278 233 191 149
-0.166185 0.731659 0.470217 200 161 136
0.308630 0.966038 0.663662 191 147 122
-0.802743 -0.424399 -0.369166 206 161 125
0.260945 -0.054023 -0.085751 11 10 7
-0.215311 -0.760202 -0.165377 14 11 10
-0.617766 -0.157415 -0.146815 229 186 144
0.220508 -0.161185 -0.073296 10 9 7
-0.180855 0.310459 -0.085693 207 160 120
-0.122932 0.533699 0.134513 173 125 91
0.409512 -0.668952 -0.186642 21 17 14
-0.378064 0.093221 -0.090257 9 8 5
-0.596659 0.043728 -0.100746 237 195 153
0.371644 0.279767 -0.202023 36 28 28
-0.044527 -0.348553 -0.049863 13 11 10
-0.323062 -0.711855 -0.140088 20 16 16
0.167369 0.351544 0.315070 228 180 152
0.522812 -0.578601 -0.384654 38 30 28
-0.260421 0.899360 0.268519 210 140 114
-0.828516 -0.030894 -0.241074 180 133 98
0.126459 -0.024545 -0.065120 13 12 9
-0.273431 0.841486 0.193080 223 154 132
-0.281793 0.070589 -0.067600 8 7 5
-0.220027 0.087311 -0.040873 13 10 7
0.283489 0.613796 0.474803 235 185 150
-0.254453 -0.254707 -0.042249 16 12 11
0.026758 0.149399 -0.073357 237 188 146
-0.251779 -0.436234 -0.028015 12 8 7
-0.110441 0.077896 -0.040147 241 190 151
0.191547 0.377478 0.303026 226 181 152
0.387622 -0.664094 -0.159556 22 20 19
-0.877207 -0.210870 -0.381863 149 111 78
-0.067134 -0.693289 -0.116908 27 23 24
0.484923 -0.566238 -0.214199 16 12 9
-0.788364 -0.022301 -0.183337 211 165 128
-0.424359 -0.679807 -0.184019 20 14 14
0.017461 0.809357 0.704194 241 193 170
0.303546 0.924540 0.653053 202 149 121
-0.537029 -0.062835 -0.103517 237 198 154
0.541065 -0.194697 -0.184365 228 181 140
-0.195407 0.270151 -0.096676 220 173 131
-0.096832 -0.705484 -0.116240 28 26 26
-0.016018 0.593466 0.519182 241 192 161
0.355654 -0.738185 -0.217371 22 18 19
0.190139 0.833648 0.700775 245 200 172
0.361610 -0.268446 -0.094935 12 11 8
0.462637 0.279755 -0.272186 33 29 30
-0.642775 -0.412467 -0.298847 213 171 135
-0.035032 0.592804 0.510704 243 191 160
-0.495405 0.031425 -0.092255 206 165 136
0.041909 0.466464 0.486307 203 158 137
0.243413 0.471606 0.355972 223 179 152
-0.538029 -0.577761 -0.323617 8 7 5
-0.677253 0.135417 -0.114030 238 191 151
-0.009986 0.177961 -0.052220 231 182 140
-0.154485 0.290678 -0.060192 194 151 113
0.134619 0.161140 -0.074660 228 180 139
-0.183509 0.782828 0.433753 204 161 136
0.801900 0.113164 -0.311772 210 166 126
0.375895 -0.773705 -0.294744 25 19 18
0.137947 0.623856 0.541039 225 180 151
0.529900 -0.480862 -0.317224 18 12 9
0.482189 -0.424060 -0.184020 16 12 11
-0.730721 0.143264 -0.143916 216 166 130
0.046315 -0.223699 -0.059384 12 11 9
-0.379991 -0.276319 -0.054858 13 11 9
0.033964 -0.493449 -0.057153 15 13 12
-0.324205 0.179673 -0.098578 7 6 4
-0.531082 -0.130475 -0.099785 228 186 150
-0.022930 -0.156776 -0.054193 13 11 10
0.348064 0.356724 -0.248707 218 171 134
0.525019 -0.488667 -0.296110 26 23 23
0.114131 0.080701 -0.070634 238 188 147
0.020027 0.568459 0.535850 211 163 137
0.140917 -0.297059 -0.064636 14 12 11
-0.031934 -0.557307 -0.063285 13 10 10
0.458183 -0.139529 -0.134806 12 11 7
-0.515940 -0.604972 -0.294440 10 8 7
-0.235440 0.946048 0.311494 74 55 39
-0.556290 -0.185515 -0.125467 210 168 134
-0.087594 -0.202255 -0.050950 12 9 7
0.322294 0.624577 0.280221 200 158 125
-0.536687 0.258094 -0.183870 222 174 138
-0.348310 -0.521883 -0.045943 15 11 10
0.103352 0.385385 0.400335 207 155 136
0.045904 0.311262 0.267942 146 99 74
0.213144 0.003117 -0.077685 12 10 7
0.690020 0.006596 -0.206430 241 202 162
0.556059 0.056613 -0.195165 241 202 162
-0.385471 -0.073447 -0.064465 9 8 6
-0.166687 -0.453239 -0.032356 14 12 10
-0.204911 -0.224619 -0.044475 11 10 8
0.149682 0.467086 0.454626 227 181 152
-0.433021 0.152126 -0.106357 9 8 5
-0.144608 0.725534 0.530884 188 145 124
-0.116572 0.448336 0.068424 193 151 112
0.506364 -0.152925 -0.154904 19 16 12
0.181958 0.214485 -0.076929 227 185 144
-0.140138 0.671898 0.493641 217 170 136
-0.260431 0.133395 -0.058984 11 10 8
-0.212599 0.393898 -0.124769 194 145 102
-0.839899 -0.126815 -0.265612 183 138 102
0.252075 0.512525 0.414096 228 180 155
-0.013746 0.481400 0.453334 221 171 144
-0.146376 0.545452 0.313657 195 150 127
0.340010 0.694364 0.362008 200 156 125
-0.352899 -0.565281 -0.055992 15 13 11
0.322516 0.811103 0.567548 223 185 154
-0.258295 -0.550658 -0.029512 13 10 9
-0.383717 -0.237938 -0.055337 14 11 9
0.396128 -0.778892 -0.326668 28 22 23
-0.737309 -0.424107 -0.333304 215 173 139
-0.039254 -0.626450 -0.086099 15 13 12
0.272709 0.475833 -0.051768 206 159 117
-0.635007 -0.485439 -0.347249 199 156 123
-0.291007 0.328951 -0.161509 214 164 125
-0.259195 0.854228 0.223122 211 149 124
0.325300 -0.842461 -0.340746 10 9 7
-0.139602 -0.207635 -0.047912 11 10 9
0.232580 -0.750398 -0.169036 16 14 15
-0.645123 -0.166539 -0.161081 229 186 145
0.402537 0.933157 0.396885 125 97 76
-0.455360 0.184125 -0.115685 8 6 3
-0.232179 -0.322715 -0.038879 12 9 8
-0.570798 0.267480 -0.200196 223 174 140
-0.027695 -0.176468 -0.054219 12 10 8
0.645911 0.095188 -0.204611 235 190 148
0.000896 -0.672403 -0.112048 24 22 23
0.592409 0.110611 -0.207368 236 191 151
0.523709 -0.464025 -0.279694 16 10 11
0.594836 -0.802305 -0.542659 201 154 128
-0.833344 -0.015056 -0.261411 171 125 91
0.549127 0.229639 -0.250793 220 173 142
0.757595 -0.242916 -0.352173 226 183 138
-0.511725 -0.209370 -0.106988 13 10 8
0.424908 0.042959 -0.141818 10 8 5
0.145968 0.407963 0.146170 171 136 107
-0.822328 -0.317100 -0.326736 196 155 121
-0.870188 -0.324188 -0.408138 152 115 83
-0.085002 0.633632 0.517563 234 186 153
-0.765391 0.104850 -0.157171 206 155 124
-0.137647 -0.509342 -0.037819 14 12 11
-0.303614 -0.296241 -0.043325 12 10 8
-0.602170 -0.755125 -0.342186 175 135 110
-0.089443 0.330262 0.019070 206 165 129
-0.493580 -0.355843 -0.148047 7 6 5
0.420470 -0.019881 -0.129526 11 10 6
0.190342 0.698876 0.645476 141 103 80
-0.064607 1.072062 0.659717 82 61 42
0.580848 -0.596986 -0.431231 181 141 112
-0.181703 0.698616 0.249297 180 132 105
0.223904 0.030717 -0.081105 14 11 8
-0.040813 -0.142963 -0.053038 11 9 7
-0.423117 -0.044763 -0.070944 9 8 6
0.460160 0.238048 -0.231917 32 30 32
0.565111 -0.312881 -0.295318 61 46 36
-0.164955 -0.122860 -0.047374 12 11 9
-0.296761 0.152397 -0.080130 7 6 4
-0.341958 -0.124173 -0.053534 11 9 7
-0.186584 0.883913 0.525597 145 107 85
0.619515 -0.574082 -0.433599 213 162 125
-0.146626 -0.317329 -0.043763 11 9 8
0.264995 -0.787503 -0.234448 15 12 11
-0.850277 -0.258466 -0.329151 179 136 103
-0.127411 -0.782348 -0.188220 11 9 9
-0.490181 -0.583304 -0.203004 10 7 7
-0.236246 -0.127832 -0.046786 10 9 7
0.091693 0.883285 0.731639 246 198 172
0.720636 0.106393 -0.221317 232 188 145
0.359398 0.139561 -0.141833 11 9 6
0.241483 0.452314 0.055526 223 179 140
-0.698244 -0.549655 -0.391798 216 171 137
0.239314 0.429272 0.282508 217 167 137
-0.144109 0.574201 0.118071 188 136 101
0.278689 0.489069 0.261235 198 152 121
0.328834 0.659759 0.249323 195 151 120
-0.043917 -0.595810 -0.072161 18 13 14
-0.154071 0.588917 0.382959 188 142 122
0.698707 -0.537555 -0.479772 221 173 134
0.453623 -0.597288 -0.186663 15 11 9
0.414852 0.933551 0.284777 86 66 52
-0.640049 -0.301523 -0.229363 223 182 143
0.188480 -0.896417 -0.322474 8 8 6
-0.023511 0.322250 0.046182 210 172 133
-0.184595 0.713975 0.326839 179 130 105
0.290258 0.515089 0.289555 212 164 134
-0.648640 -0.347471 -0.259235 223 183 146
-0.522079 -0.254774 -0.132045 16 11 10
0.528639 0.060597 -0.190996 229 195 167
0.356927 -0.057941 -0.106118 12 11 7
-0.176962 0.199209 -0.086168 221 173 134
-0.492220 -0.660688 -0.301189 15 12 11
-0.125625 -0.626898 -0.064577 14 14 12
-0.804725 -0.104201 -0.217703 208 163 124
0.428637 -0.851068 -0.444855 51 49 50
0.473514 -0.755835 -0.488110 40 32 30
-0.215332 0.824426 0.336082 126 88 68
-0.457933 0.001141 -0.074952 11 9 5
0.609574 -0.750741 -0.513277 213 165 133
-0.147179 0.149148 -0.062693 230 180 141
-0.031969 1.036334 0.695206 109 83 59
-0.261733 -0.396388 -0.033268 12 10 8
0.038876 -0.844378 -0.247889 8 8 6
-0.197025 0.803199 0.294934 193 142 115
0.275498 0.416146 -0.087634 221 173 130
0.209112 -0.731258 -0.142833 18 16 14
0.368418 -0.302246 -0.098177 11 9 7
0.017955 1.030092 0.714630 88 67 47
0.621500 -0.145617 -0.238933 234 189 142
-0.283177 -0.727250 -0.143835 10 9 7
0.786965 -0.105539 -0.305279 225 181 136
-0.108440 -0.168896 -0.050059 11 9 6
0.323588 1.039512 0.622984 136 108 84
-0.118247 -0.514413 -0.041952 13 10 9
-0.085200 0.930158 0.681495 223 175 147
0.168794 0.848800 0.712352 243 199 173
-0.747465 -0.510896 -0.381054 214 168 132
0.015232 0.510822 0.504310 184 124 105
0.150407 0.584689 0.523165 236 189 161
-0.851564 -0.450970 -0.424446 190 142 106
-0.190742 0.813353 0.426245 180 142 119
-0.407353 0.276033 -0.183508 8 7 5
0.492889 -0.744390 -0.520911 36 31 22
-0.035455 1.085079 0.667697 86 66 45
0.544082 -0.460318 -0.355982 10 6 6
0.272258 -0.821314 -0.294403 11 10 9
0.145893 -0.650950 -0.092359 21 17 18
0.183478 -0.126413 -0.071239 12 10 8
-0.203204 0.339116 -0.102570 204 156 114
0.312605 0.727249 0.517790 216 175 150
-0.844786 -0.046111 -0.278831 169 123 92
-0.021377 0.948357 0.717968 229 181 152
-0.353515 0.293726 -0.162821 7 4 2
0.141980 -0.247260 -0.067029 12 9 7
0.302936 -0.120665 -0.088308 11 10 8
-0.712910 -0.324945 -0.262949 218 176 141
0.395414 0.054186 -0.135629 10 7 5
0.007959 0.700286 0.658186 168 127 99
0.748102 0.181137 -0.302499 216 168 129
0.229745 0.483482 0.408564 231 187 162
0.191851 -0.464503 -0.055058 12 9 7
-0.231201 -0.484790 -0.024904 11 9 8
0.421387 0.236795 -0.218013 33 27 25
-0.136600 0.766968 0.589012 197 157 136
-0.485089 -0.200960 -0.088948 14 10 8
-0.388034 0.144344 -0.103505 9 8 5
0.364955 -0.129404 -0.100984 9 8 5
-0.390913 -0.406209 -0.061113 14 11 9
0.308571 0.565084 0.233854 191 152 120
-0.004358 0.255555 -0.000142 231 189 147
-0.567089 -0.607271 -0.433633 52 39 31
0.372931 0.795339 0.310059 151 113 88
-0.788932 0.077096 -0.184740 196 142 113
0.313691 -0.372974 -0.080915 14 11 9
-0.361508 -0.735111 -0.201505 16 12 11
0.292207 -0.027263 -0.094306 12 10 8
0.348610 0.983491 0.596475 180 138 110
-0.282743 0.378711 -0.203186 219 167 131
0.243008 0.692926 0.598066 212 165 132
-0.816339 -0.001053 -0.219502 185 137 101
-0.008567 -0.213052 -0.055391 11 9 8
0.321167 0.710868 0.470636 225 181 149
0.082823 0.701986 0.663985 239 196 170
0.456597 -0.630966 -0.213092 20 18 16
0.232184 0.419677 0.242086 176 137 109
-0.161010 0.643031 0.114467 190 143 112
-0.227870 0.141554 -0.055375 64 48 40
-0.314745 -0.380174 -0.040891 13 10 9
-0.895611 -0.395779 -0.495496 147 108 78
-0.218212 -0.018949 -0.049938 11 9 7
0.619622 0.018623 -0.199169 242 203 162
-0.097411 -0.087105 -0.049625 12 11 8
-0.178551 1.004828 0.557913 107 79 56
0.102470 0.485313 0.522583 59 16 11
-0.075430 0.754559 0.647858 225 181 160
0.145080 0.744163 0.680421 244 198 175
0.109789 -0.047451 -0.063642 12 10 7
0.014354 0.918313 0.726697 241 195 167
-0.082486 0.268638 -0.014792 214 170 132
0.494771 -0.326605 -0.173340 14 12 10
0.630384 0.164334 -0.228696 234 188 147
-0.166327 0.615910 0.076813 186 137 101
0.342823 0.708572 0.310258 194 147 117
-0.134861 -0.247220 -0.047324 12 10 8
0.538476 -0.377421 -0.285987 23 15 13
-0.519377 -0.536369 -0.233412 7 6 5
-0.194004 1.099473 0.488051 80 60 40
0.218720 0.497396 0.434813 237 193 168
0.195484 0.370914 0.282396 211 166 135
0.388183 0.865189 0.376199 139 108 88
-0.673235 -0.602861 -0.409164 209 164 132
0.688645 -0.133443 -0.264630 236 195 150
0.157248 0.535923 0.493197 232 180 156
-0.396805 -0.767622 -0.293101 23 17 17
0.046753 0.694644 0.656909 229 185 160
-0.193959 0.789342 0.396069 197 155 133
0.452783 -0.101231 -0.134494 13 10 8
-0.863859 -0.111652 -0.315320 163 118 85
0.716330 -0.148753 -0.282533 236 194 149
0.053480 -0.183273 -0.059972 12 11 9
-0.859643 -0.147053 -0.304909 166 125 91
0.012077 -0.363195 -0.051755 16 13 12
0.250718 1.040594 0.678365 92 74 55
0.006275 0.606139 0.532703 226 180 152
-0.055732 0.784686 0.667744 229 185 162
-0.178741 0.705604 0.429049 207 157 130
-0.104694 0.473694 0.310966 194 151 130
-0.235982 -0.822417 -0.237314 17 13 12
-0.204491 0.987661 0.498731 89 66 48
-0.330044 0.345265 -0.201627 135 106 89
0.039158 0.078447 -0.074785 240 191 147
-0.150008 0.761634 0.551311 184 146 126
0.115805 0.190860 -0.053324 230 183 141
0.159638 -0.318877 -0.063398 14 12 9
-0.546108 -0.628436 -0.398975 15 13 10
-0.541672 -0.219704 -0.132523 17 12 10
-0.348690 -0.720415 -0.167368 12 9 9
0.025263 0.656861 0.567440 154 113 91
0.189674 1.138168 0.650414 65 49 30
-0.355437 0.345475 -0.207984 10 9 7
0.706593 -0.245708 -0.321951 229 186 145
0.808530 -0.065991 -0.311174 218 174 130
-0.075391 0.963122 0.690328 209 163 137
-0.065333 0.471359 0.398176 192 145 121
-0.766587 -0.295871 -0.273942 215 174 138
0.598351 -0.069498 -0.210979 242 202 158
0.242224 -0.012150 -0.083399 13 10 7
0.554422 -0.787644 -0.530870 152 116 95
0.274122 -0.884566 -0.346757 8 6 4
-0.247074 0.281116 -0.120524 227 181 138
0.587595 -0.569035 -0.425820 185 140 109
0.319759 0.844134 0.597622 231 195 166
-0.490639 0.072855 -0.094626 156 125 103
0.280763 1.094488 0.633691 78 63 43
-0.449682 -0.140473 -0.073508 11 9 6
0.459456 -0.656230 -0.244144 28 24 24
0.397823 -0.509923 -0.114617 12 9 8
0.005802 0.729620 0.674100 245 201 178
0.043608 -0.900343 -0.287467 10 9 7
0.238351 -0.293562 -0.068596 13 10 8
0.148873 1.095916 0.690416 84 66 44
-0.140436 0.474096 0.050767 185 139 102
-0.464235 -0.646584 -0.219793 10 9 7
0.129807 0.589502 0.548524 231 185 159
-0.412093 0.343496 -0.254837 18 14 13
0.723187 -0.252729 -0.336102 229 186 143
0.199608 0.691290 0.622204 149 110 88
0.524915 -0.419663 -0.267100 21 17 15
0.130472 0.779105 0.696623 244 199 175
-0.513925 -0.117268 -0.089736 50 31 23
-0.242548 0.128724 -0.050364 14 9 8
0.284428 -0.113668 -0.085694 12 10 8
0.483074 -0.692328 -0.375118 31 26 22
0.306566 0.001956 -0.102568 11 9 6
0.481310 0.270503 -0.264236 28 24 25
0.229650 1.169305 0.609919 97 75 54
0.262064 0.592771 0.481623 237 180 147
-0.549726 -0.553967 -0.328425 8 4 3
-0.286573 -0.165763 -0.046450 9 7 5
-0.191604 0.756108 0.383039 199 150 123
0.267067 0.255303 -0.128434 222 178 141
0.207906 1.046045 0.696801 93 76 57
0.713770 -0.298604 -0.357156 226 183 140
-0.203277 -0.514465 -0.027160 10 9 8
0.311715 -0.861026 -0.347054 8 7 5
-0.120653 0.513783 0.110840 194 147 111
-0.623198 -0.744922 -0.357320 205 155 119
-0.193678 0.768229 0.217033 190 121 102
-0.083173 -0.809834 -0.208960 10 8 9
0.514796 0.209177 -0.227184 22 23 19
0.140867 -0.106689 -0.066584 12 10 8
-0.093251 -0.402888 -0.045043 11 9 7
0.006775 0.372768 0.359344 212 164 139
0.113071 -0.887135 -0.293244 9 8 6
-0.270364 -0.150157 -0.046749 10 9 7
-0.410358 -0.460109 -0.071302 13 11 9
-0.289862 -0.459095 -0.030164 14 9 9
-0.190140 -0.742868 -0.138215 15 14 12
0.123526 -0.757942 -0.176444 14 12 12
0.624570 -0.035163 -0.211030 240 201 159
0.192976 0.956678 0.716191 214 162 139
0.364158 0.674045 0.187153 242 190 159
0.234185 0.264324 -0.089703 224 183 145
-0.218018 0.940183 0.434863 79 58 40
0.108951 0.708634 0.668782 240 196 171
0.530017 -0.528805 -0.351746 32 26 26
0.088674 -0.213978 -0.063525 13 11 9
-0.779322 -0.435859 -0.359547 212 167 132
0.073365 0.667429 0.618998 210 170 141
0.408385 1.078318 0.435396 83 67 52
0.655890 -0.437491 -0.394331 222 174 135
0.392641 -0.205441 -0.106328 11 9 8
-0.146368 0.451291 0.018295 178 132 96
0.499781 -0.674715 -0.444021 39 32 30
0.096656 -0.183772 -0.063937 13 11 9
-0.637813 0.246679 -0.187354 218 167 134
-0.112375 0.194627 -0.060745 232 186 145
-0.194114 0.924014 0.523856 125 93 72
-0.104490 0.993514 0.660095 167 128 104
0.248849 0.456187 0.312517 222 177 148
-0.538738 -0.510044 -0.258383 8 6 7
-0.047395 0.858679 0.694059 229 185 158
0.296839 0.240150 -0.150286 224 179 138
-0.201908 -0.689246 -0.086472 22 20 19
0.376412 -0.436995 -0.102418 11 8 8
0.339534 -0.637073 -0.107735 19 17 16
0.552796 -0.488961 -0.415651 36 28 24
-0.007671 0.650753 0.554017 185 144 125
-0.005019 -0.528698 -0.060316 14 11 10
0.342511 0.725062 0.395153 216 162 127
0.088789 0.485697 0.589082 249 198 179
-0.059229 0.245199 -0.017907 221 175 137
0.674658 -0.169653 -0.272369 236 193 148
0.375289 -0.281694 -0.099816 11 9 7
0.430993 0.818919 0.176610 234 174 146
0.683680 -0.405491 -0.395592 223 176 137
0.237636 0.933834 0.701583 210 160 135
0.360700 0.820726 0.432627 206 167 137
0.424846 -0.559090 -0.140965 13 8 8
0.210158 0.673265 0.565208 121 71 59
0.169318 1.149337 0.649713 95 76 55
0.346201 0.665846 0.196552 243 196 163
0.455935 -0.413264 -0.155753 13 11 8
0.422710 0.994198 0.327521 59 46 32
-0.394054 -0.610562 -0.092064 15 14 13
-0.566976 -0.034946 -0.108829 239 198 155
-0.670973 -0.719524 -0.380718 206 161 130
-0.156782 -0.767712 -0.173756 15 12 12
0.808334 0.036181 -0.284420 216 170 129
0.639188 -0.536134 -0.433629 218 166 128
-0.454692 -0.477011 -0.110809 15 14 11
-0.283902 0.027271 -0.064431 9 8 6
-0.108301 0.034505 -0.029457 19 13 10
0.265402 0.214872 -0.129178 225 180 139
0.523539 -0.762774 -0.531389 52 40 28
0.653756 -0.701682 -0.499319 220 170 136
0.741350 -0.217893 -0.328261 231 188 144
0.617442 -0.400963 -0.357699 214 166 128
-0.244005 0.319436 -0.128189 218 169 126
-0.133006 -0.354815 -0.042426 13 11 10
-0.557325 -0.105644 -0.111542 236 195 151
-0.216080 0.918471 0.420079 87 62 44
-0.859811 -0.424181 -0.424476 170 126 97
0.253593 0.614396 0.501095 240 186 154
-0.215194 0.373500 -0.120201 199 150 108
0.445192 0.873936 0.214710 209 138 106
0.411774 -0.421026 -0.123481 15 12 10
0.144290 0.321837 0.272740 158 115 91
0.659363 -0.486568 -0.424434 221 172 133
0.218518 0.442896 0.354465 220 172 147
0.622579 0.070680 -0.200704 239 196 156
0.316622 0.657241 0.443613 225 175 138
0.126674 -0.460662 -0.054673 13 11 9
-0.819214 -0.417087 -0.377938 200 154 118
0.192647 0.556449 0.492531 242 192 168
-0.445111 -0.683112 -0.228345 16 16 16
0.461547 -0.703162 -0.322141 25 19 19
-0.794510 -0.207749 -0.244969 211 167 129
0.295354 -0.080938 -0.090286 11 10 7
0.374486 -0.198118 -0.100398 10 9 7
0.446517 -0.182196 -0.130777 11 9 7
0.070146 0.368495 0.380237 210 160 135
-0.872018 -0.535340 -0.479687 196 146 109
-0.625039 0.235953 -0.168105 229 176 140
-0.571568 0.087323 -0.101675 242 199 157
0.116267 0.692566 0.656157 237 194 168
0.199190 0.620464 0.521765 224 171 141
0.152382 -0.131548 -0.067883 12 11 9
-0.643182 -0.259427 -0.202619 222 180 141
0.693952 -0.598037 -0.501042 220 167 129
-0.742327 -0.560701 -0.399091 216 167 132
-0.272981 -0.055499 -0.054489 10 8 7
0.404043 0.814075 0.220069 242 199 171
0.468307 0.223598 -0.219725 26 22 22
0.468661 -0.743057 -0.449921 29 23 23
-0.625631 0.032821 -0.100953 237 196 154
0.008300 -0.068613 -0.053476 13 11 8
0.055601 0.529814 0.585127 223 174 152
-0.220315 0.975070 0.439724 77 56 40
0.343356 -0.785053 -0.281532 28 20 20
0.282641 0.704124 0.572445 233 191 166
-0.130463 0.246184 -0.054334 222 178 138
0.091314 0.962641 0.735198 216 166 143
0.041896 -0.655434 -0.102339 18 16 15
0.463402 -0.245810 -0.141806 12 11 9
0.296342 -0.422249 -0.074580 14 11 9
-0.352699 -0.700380 -0.140058 15 13 13
-0.325949 -0.637006 -0.071256 13 12 10
-0.317270 -0.499020 -0.035807 14 10 9
-0.030744 0.307801 0.031001 220 179 143
0.195872 0.402659 0.333378 228 185 157
-0.508422 0.244143 -0.159208 201 153 124
-0.447630 -0.255122 -0.078951 11 9 7
-0.155072 0.644901 0.456337 198 146 118
0.466480 0.298064 -0.297832 30 27 28
0.318616 0.088637 -0.114416 13 10 8
-0.659951 -0.745580 -0.369953 200 155 126
0.044103 0.719582 0.674319 243 198 174
0.073770 0.803944 0.710378 244 198 170
0.534054 -0.541729 -0.387217 36 30 28
-0.619666 -0.658509 -0.422144 161 123 102
-0.557595 -0.630680 -0.426855 56 42 34
-0.191735 0.372386 -0.093872 199 151 108
-0.104432 1.157679 0.565737 91 74 60
0.019931 -0.747962 -0.174573 16 13 13
0.097341 0.414508 0.435739 131 39 39
-0.486991 -0.505525 -0.163384 9 6 6
-0.835989 -0.470446 -0.415784 189 141 105
0.224679 -0.472235 -0.057468 15 11 9
-0.267326 0.900237 0.247258 176 105 85
0.413616 0.085042 -0.149136 9 8 5
-0.159033 0.757791 0.511005 198 161 136
0.540610 0.176968 -0.220454 221 175 148
0.377926 -0.682096 -0.165861 17 17 14
-0.836070 -0.389788 -0.381379 188 146 115
0.450864 0.255156 -0.243571 35 31 31
0.177278 -0.281338 -0.066642 11 9 8
-0.467424 -0.362408 -0.115808 9 8 7
-0.470341 -0.102506 -0.075859 11 8 6
0.271006 0.478894 -0.009524 204 157 117
0.119818 0.311099 0.273971 151 106 84
-0.142456 -0.689582 -0.096214 24 21 21
0.655372 -0.668929 -0.482464 220 169 134
0.193828 0.427062 0.094889 229 188 149
-0.612355 -0.329259 -0.245257 215 174 133
0.743266 0.086404 -0.225271 233 189 147
-0.015760 -0.292488 -0.052641 13 11 9
0.326206 0.778655 0.519365 216 175 146
-0.177460 0.765903 0.448727 203 162 137
-0.030525 -0.002127 -0.041418 14 11 7
0.205480 0.681002 0.583497 150 105 81
0.065059 -0.626264 -0.085352 15 12 13
0.203003 -0.415629 -0.057937 15 11 10
0.410870 -0.176280 -0.114690 11 9 6
-0.101060 0.478912 0.112329 195 150 114
0.536534 -0.462172 -0.325062 21 15 16
0.592788 -0.088627 -0.211233 242 200 156
0.047185 1.012732 0.726146 111 85 62
-0.239598 0.905956 0.295464 149 87 63
0.239642 -0.040004 -0.082245 11 10 6
-0.672947 -0.527158 -0.376894 215 170 136
-0.537278 -0.655089 -0.394619 17 13 14
0.045182 0.666876 0.608949 146 102 75
0.512641 0.264163 -0.266797 38 36 37
0.568254 0.159820 -0.218679 236 192 151
0.573353 -0.471181 -0.397354 161 124 96
0.240327 0.356204 -0.031005 215 173 132
0.307128 -0.303014 -0.079486 12 9 7
-0.237587 0.883206 0.277944 152 83 67
-0.477152 -0.596934 -0.186288 9 8 6
-0.436503 -0.606134 -0.128654 15 14 13
0.213720 0.606782 0.510371 237 183 151
0.338792 -0.407227 -0.088222 14 11 9
-0.249775 -0.597026 -0.037937 14 13 13
-0.016561 0.405373 0.369246 215 168 142
0.592586 -0.108922 -0.215208 236 193 150
0.753637 -0.063542 -0.261308 230 189 146
-0.307228 0.256076 -0.127806 26 19 13
-0.697598 0.103205 -0.107572 237 192 152
-0.770622 -0.407786 -0.341053 213 169 135
0.370861 0.738393 0.244835 230 178 141
0.218211 0.438912 0.076971 229 190 149
0.572820 -0.369634 -0.339623 170 136 94
-0.170035 1.012952 0.576686 119 89 66
-0.161882 -0.352141 -0.039785 12 10 8
0.506803 -0.610387 -0.306947 22 21 19
-0.444462 -0.378073 -0.092914 13 9 8
-0.710515 -0.277502 -0.234651 220 179 142
-0.104530 -0.685715 -0.101877 24 20 21
0.428275 -0.247394 -0.123364 12 10 8
0.388501 1.062898 0.501784 94 68 48
0.037327 -0.299777 -0.057111 13 12 10
0.109567 -0.910811 -0.307555 9 8 6
0.651624 -0.324954 -0.329583 226 181 140
-0.300493 0.193394 -0.093753 9 6 4
0.302616 0.767059 0.580350 227 187 160
-0.445114 -0.742244 -0.304164 19 12 11
0.232625 0.194551 -0.115374 222 177 136
-0.121205 -0.731693 -0.137735 11 9 8
0.250019 -0.079334 -0.082792 12 11 8
-0.568152 -0.801209 -0.287417 210 153 123
-0.141266 0.953284 0.628572 189 145 120
-0.866771 -0.359880 -0.409265 157 121 89
-0.739572 0.174483 -0.177119 202 151 119
0.071059 -0.868475 -0.270545 11 10 8
0.441162 0.187407 -0.192225 10 9 5
0.492634 -0.365074 -0.181822 19 15 14
0.610904 -0.218905 -0.256684 228 180 134
0.546892 -0.121754 -0.187064 232 189 144
0.040510 -0.133568 -0.057696 12 10 9
0.129963 0.804633 0.705996 244 200 173
0.665866 -0.339220 -0.346863 228 184 141
0.226309 0.535663 0.464230 237 183 159
0.463590 -0.446631 -0.166994 14 10 9
-0.550859 -0.465132 -0.260735 5 3 1
0.066124 -0.658049 -0.103699 21 19 18
-0.136924 0.509308 0.266944 186 143 120
0.683306 0.047153 -0.199753 241 199 159
-0.569379 -0.004561 -0.105262 240 200 156
0.515182 -0.298484 -0.191425 21 17 18
0.313563 0.373088 -0.190829 220 173 130
0.319056 0.630043 0.409046 206 156 124
0.074860 0.580837 0.588113 245 196 170
0.295432 -0.526804 -0.068989 14 11 9
0.400969 -0.804613 -0.363594 19 15 14
-0.130619 0.593249 0.456934 211 159 133
-0.583226 -0.385707 -0.267847 164 127 96
-0.484448 -0.736179 -0.355453 22 18 16
0.326476 0.151391 -0.131477 12 11 7
0.197482 -0.244272 -0.069191 12 10 9
-0.779570 -0.485431 -0.382234 214 167 130
-0.471080 -0.622806 -0.204462 10 9 7
0.667638 0.213651 -0.273241 223 177 141
0.478218 -0.653137 -0.276845 26 20 20
0.222395 -0.099323 -0.077287 10 9 6
0.331177 0.340452 -0.202905 227 180 136
-0.205905 0.815491 0.367494 140 105 84
-0.546076 0.025485 -0.101420 239 199 156
0.226703 -0.405479 -0.061787 14 11 9
0.135636 1.121625 0.675433 99 79 57
-0.425391 -0.717481 -0.244564 17 12 12
0.166902 0.355395 0.044971 234 196 155
0.119842 -0.113759 -0.064842 14 11 9
-0.434819 0.295515 -0.210018 15 14 12
0.511964 -0.263899 -0.177719 12 10 6
-0.504235 -0.391593 -0.172712 6 3 1
0.537116 -0.408389 -0.297018 26 22 21
0.511861 -0.705044 -0.505750 50 45 36
0.226573 0.961531 0.708566 196 146 124
0.145898 0.425447 0.398445 207 111 102
-0.221082 -0.613514 -0.041899 18 15 14
0.808070 -0.009091 -0.289593 215 169 129
0.528346 -0.044549 -0.181035 235 195 154
-0.591058 -0.234074 -0.172042 207 164 120
-0.186992 -0.023604 -0.047027 10 9 7
0.255881 0.885029 0.679989 236 190 160
0.147079 0.199277 -0.065415 227 186 143
-0.796760 -0.182347 -0.235611 213 169 129
-0.172237 0.712861 0.448488 202 161 133
0.123230 -0.283589 -0.064541 13 12 10
-0.182775 -0.419369 -0.033028 13 9 8
-0.474717 0.049900 -0.083441 23 18 13
0.638604 -0.605480 -0.453237 221 169 132
-0.314890 0.344610 -0.189918 201 154 125
-0.578167 -0.210138 -0.147887 209 165 122
-0.074843 1.087443 0.640049 92 71 51
-0.723342 0.118073 -0.125299 222 174 139
0.238892 -0.892100 -0.338357 8 8 6
0.607487 -0.292312 -0.292218 210 166 120
0.185687 0.335989 0.014298 233 194 151
0.501460 0.168410 -0.201121 16 15 12
0.408747 0.907914 0.317199 98 77 61
0.330663 0.945327 0.617243 211 170 144
0.221331 0.404397 0.251304 185 142 115
-0.332406 -0.094877 -0.056091 10 8 6
0.150512 -0.912440 -0.319836 9 8 6
-0.139998 1.100866 0.578448 111 86 64
-0.020016 0.710110 0.655484 149 107 83
0.172613 0.348954 0.275054 194 150 122
-0.400445 -0.657346 -0.130289 18 15 14
-0.320362 -0.758046 -0.202621 18 14 14
-0.378678 0.355345 -0.236558 21 18 16
-0.614330 -0.694122 -0.393112 183 141 116
-0.088473 1.118156 0.605015 93 75 57
0.082172 -0.168060 -0.062238 15 12 11
0.670765 -0.239367 -0.297339 233 189 147
-0.713353 -0.200192 -0.200126 223 180 142
-0.474980 -0.168867 -0.080419 11 8 6
0.348261 0.706254 0.235986 227 183 149
-0.227018 1.007468 0.405135 54 34 21
-0.117915 -0.587811 -0.053530 15 13 13
-0.045003 0.050147 -0.040869 235 182 148
-0.098225 0.254527 -0.031605 224 179 141
-0.139280 0.330153 -0.032691 193 149 114
-0.061584 1.017831 0.691389 123 95 72
-0.247079 0.358040 -0.144729 200 152 112
-0.650815 -0.606467 -0.416953 190 147 121
-0.748387 -0.271128 -0.250133 219 180 144
0.113112 -0.519967 -0.058322 13 10 9
-0.048573 0.418802 0.110271 180 143 109
0.396846 -0.833200 -0.385705 11 9 7
0.300503 1.040516 0.646792 95 77 55
0.074628 0.675421 0.636291 224 179 152
0.223316 0.236363 -0.094949 222 183 144
-0.095452 0.286835 -0.012206 211 166 130
0.508136 -0.398161 -0.214484 21 15 16
-0.159597 0.517470 0.016897 179 132 96
-0.452691 -0.076946 -0.071927 11 9 6
0.395301 1.039849 0.483677 91 70 50
-0.176612 0.664055 0.312618 190 143 119
0.158992 -0.189197 -0.068441 11 9 7
-0.480214 0.217583 -0.133143 21 18 16
0.242554 0.429452 0.259662 194 148 122
0.543607 -0.538092 -0.424813 33 24 16
-0.427840 -0.554076 -0.095541 13 12 10
0.375618 0.680515 0.170927 211 154 123
0.276118 0.725176 0.603203 141 102 79
0.516924 -0.116541 -0.164952 124 99 85
0.162765 0.680412 0.616740 161 116 91
-0.200356 0.908057 0.496010 123 91 69
-0.316370 -0.260990 -0.044081 11 8 7
-0.053948 0.882268 0.695814 229 184 157
-0.227421 0.706693 0.194145 207 142 126
-0.208001 -0.105603 -0.047334 10 9 7
-0.104399 0.450588 0.265257 182 142 118
-0.111888 0.873862 0.649868 219 176 150
-0.179467 -0.812801 -0.214084 9 8 6
-0.153656 0.367819 -0.041201 176 130 94
-0.329422 -0.682440 -0.108823 11 10 8
0.419004 -0.484957 -0.130267 13 9 8
0.713926 -0.110170 -0.265626 233 192 147
-0.348556 0.278037 -0.153176 6 4 3
0.250625 0.056178 -0.090242 14 10 8
0.093668 -0.485031 -0.055834 14 10 9
0.286675 0.813192 0.626795 234 189 160
0.300326 0.309609 -0.152893 225 180 138
0.474019 -0.281632 -0.149770 13 12 9
-0.077756 0.170801 -0.058171 235 188 148
-0.207184 0.054087 -0.042828 14 12 9
0.210566 -0.779450 -0.207580 14 11 11
-0.710447 0.051880 -0.109947 235 194 153
0.175621 -0.243919 -0.068459 11 10 8
0.347146 0.797830 0.461534 208 166 135
-0.058213 0.624968 0.523902 230 182 151
0.286035 -0.329043 -0.074540 13 11 8
0.660082 -0.623223 -0.474495 222 171 133
-0.108361 0.564009 0.450089 214 164 138
-0.272857 -0.626634 -0.049862 17 13 14
0.404268 -0.075465 -0.120113 11 10 6
-0.874687 -0.497035 -0.468104 189 140 102
-0.204294 0.826385 0.257216 175 117 90
-0.262816 -0.799752 -0.228863 9 8 6
-0.625910 -0.518411 -0.373070 177 139 111
-0.167425 0.135277 -0.057792 233 180 142
-0.085821 0.032715 -0.028373 22 17 14
0.177381 -0.433456 -0.055256 15 11 10
0.471936 -0.724876 -0.418760 33 25 23
-0.166798 0.623109 0.375850 181 136 113
0.767820 -0.072504 -0.275268 227 185 142
0.514924 -0.362471 -0.217624 21 18 18
0.747974 -0.147263 -0.297853 232 190 145
0.768920 -0.323528 -0.408738 221 175 133
0.186133 -0.499719 -0.055976 13 9 8
-0.500908 -0.523862 -0.192632 7 7 7
0.398163 -0.722092 -0.239561 21 20 17
-0.111084 0.546595 0.424878 200 158 138
-0.051509 0.407418 0.327472 191 153 132
0.148479 -0.667180 -0.101800 21 17 16
0.299399 0.879294 0.638173 229 190 159
0.762811 -0.440734 -0.475557 218 169 129
-0.115487 0.652989 0.509487 230 182 148
0.360050 0.902916 0.538726 189 151 125
0.012010 0.277242 0.018316 227 185 143
-0.093067 0.809145 0.649509 226 183 158
0.067885 0.007192 -0.050146 12 9 6
-0.493646 -0.014746 -0.085516 136 107 92
0.683787 -0.507072 -0.453770 222 174 134
-0.658921 -0.007503 -0.111434 233 194 151
0.744296 -0.423846 -0.451807 220 172 133
-0.589727 -0.120695 -0.125939 232 191 147
-0.562274 -0.310662 -0.216142 119 86 54
0.339461 0.830539 0.538669 216 178 149
0.339765 0.702177 0.380778 209 157 124
0.793834 -0.449973 -0.506357 214 163 121
-0.548447 -0.607519 -0.390172 13 8 6
-0.631224 0.209923 -0.147773 235 182 147
-0.826046 -0.553060 -0.437217 202 150 113
-0.419659 0.194863 -0.124401 8 6 4
0.685840 0.067992 -0.202253 239 195 154
-0.584435 -0.260303 -0.190054 196 150 107
-0.184667 0.746157 0.417008 207 162 135
-0.230020 0.915327 0.341101 73 54 39
-0.781289 -0.303166 -0.287021 214 173 137
-0.078641 -0.467443 -0.046398 11 8 7
0.697563 -0.288530 -0.339911 227 185 142
-0.043176 -0.190853 -0.053551 12 11 9
-0.311981 -0.062395 -0.058047 9 8 7
0.760012 -0.108329 -0.287819 229 187 143
0.291681 0.932475 0.670308 188 144 117
-0.388046 0.330928 -0.218032 10 8 7
-0.110624 -0.394122 -0.042920 11 9 8
-0.114999 0.469559 0.273027 188 146 124
-0.594553 0.193522 -0.132764 242 194 155
0.818215 0.061372 -0.312969 211 166 125
-0.026452 0.097419 -0.060213 241 192 150
-0.264591 0.281141 -0.128239 223 176 135
-0.003875 0.147067 -0.066459 227 177 133
0.460972 0.158571 -0.184147 10 9 5
-0.877693 -0.278135 -0.413359 146 109 75
0.133417 -0.346078 -0.060113 13 10 8
-0.572185 0.051498 -0.100456 239 198 155
-0.556356 -0.126256 -0.112590 234 192 149
-0.424497 -0.293005 -0.071678 13 10 8
0.436404 0.844380 0.196284 234 175 147
-0.393784 0.175025 -0.114622 9 8 5
-0.874914 -0.115225 -0.355818 154 114 79
-0.206057 0.844318 0.264039 80 20 6
-0.120665 0.523436 0.353703 197 153 132
0.137724 0.028545 -0.058277 15 11 8
0.358998 1.066719 0.554527 118 91 69
-0.478289 -0.545209 -0.156909 8 8 7
0.559333 0.197245 -0.230692 226 178 139
0.308368 1.132224 0.587832 79 65 52
-0.041448 -0.515634 -0.055906 12 9 8
0.325283 0.881946 0.603585 226 189 162
0.054561 0.191317 -0.051676 234 190 148
-0.009377 -0.441979 -0.052762 14 11 10
-0.108351 0.457100 0.233949 161 118 92
-0.720618 0.008936 -0.123106 228 187 146
-0.154885 0.017393 -0.039038 11 9 6
-0.506884 -0.664551 -0.336090 6 5 3
0.246739 1.118315 0.637123 74 63 44
-0.573782 -0.547295 -0.386544 66 54 42
-0.319249 0.064558 -0.076036 9 8 6
0.255479 1.134323 0.624040 58 46 23
-0.044955 0.426243 0.129242 170 134 101
0.414239 -0.818301 -0.396252 15 11 10
0.170317 0.224948 -0.063680 231 190 150
0.028202 -0.803017 -0.215185 8 6 6
0.215249 0.647317 0.534762 192 147 128
-0.551560 -0.412141 -0.244561 7 3 2
-0.668006 0.206244 -0.154273 226 175 140
0.024346 0.876777 0.723998 244 203 175
-0.534311 -0.415190 -0.217836 5 4 3
-0.517064 -0.676226 -0.364467 11 10 8
-0.820589 -0.254433 -0.290891 199 155 123
-0.872604 -0.177825 -0.350569 155 116 83
0.469013 -0.362452 -0.158740 12 11 8
-0.009911 0.541449 0.491507 220 168 142
-0.095974 0.453257 0.206162 134 93 65
-0.142928 -0.828769 -0.221927 11 9 8
-0.334578 0.195071 -0.109582 6 4 2
-0.486035 -0.339697 -0.133296 14 10 8
0.410303 -0.536574 -0.124999 14 11 10
-0.521403 -0.688037 -0.382710 50 72 39
-0.601205 -0.724321 -0.375202 180 139 114
-0.252283 -0.831373 -0.251003 20 16 15
-0.542616 -0.382377 -0.217651 4 3 1
0.033719 0.338558 0.083210 195 157 122
0.227011 0.476484 0.121718 205 165 132
-0.096172 0.533996 0.430592 207 161 142
-0.000400 -0.797099 -0.209164 9 9 7
0.312581 0.576504 0.284351 208 163 133
0.434623 -0.771266 -0.382635 17 13 14
-0.270602 -0.267662 -0.042013 12 9 7
-0.595176 0.016639 -0.104908 237 196 153
-0.179302 0.866032 0.534865 167 132 110
-0.139709 0.421231 0.017666 182 137 101
0.517742 -0.569943 -0.308661 31 30 28
-0.039376 0.393324 0.330041 190 151 128
-0.173925 -0.618490 -0.049280 12 10 10
-0.262160 -0.218813 -0.043293 11 10 7
0.035024 -0.930987 -0.304396 4 3 1
-0.400583 -0.788736 -0.315721 26 21 19
-0.259558 0.090442 -0.058050 12 9 7
0.153121 0.934899 0.725714 240 193 164
0.086481 -0.013263 -0.058004 13 11 8
-0.015691 -0.743003 -0.168839 12 10 13
0.670715 -0.717269 -0.529271 221 170 136
0.028912 0.124768 -0.079806 242 196 154
0.333451 -0.600959 -0.092145 17 14 13
0.123400 -0.728947 -0.146101 21 20 18
0.695926 0.214448 -0.294216 215 168 132
0.399390 0.009538 -0.128634 10 9 5
0.296100 0.269284 -0.150821 227 183 143
-0.155223 0.536988 0.049221 185 136 101
-0.492921 -0.481741 -0.172695 8 7 5
0.412511 -0.717976 -0.251538 31 25 25
-0.880918 -0.332286 -0.441933 148 109 78
-0.222021 0.873034 0.365974 60 37 22
0.513862 -0.500708 -0.254021 17 12 11
0.306298 0.728419 0.556198 178 133 109
0.346449 -0.353622 -0.090566 14 12 10
0.529053 -0.088298 -0.177735 232 187 146
-0.119745 0.432464 0.053547 193 151 113
-0.056594 -0.095549 -0.050749 13 10 8
0.293889 -0.502153 -0.068103 17 12 11
0.017633 -0.717396 -0.140984 17 15 15
-0.041016 0.562532 0.495085 244 190 161
-0.049269 -0.454187 -0.050421 11 10 8
0.794214 0.110272 -0.292126 216 170 131
0.008522 0.313826 0.052089 212 172 136
0.320667 -0.057630 -0.097400 11 9 7
0.281113 -0.679038 -0.109389 20 16 16
-0.038178 1.017415 0.701710 132 100 76
0.517052 -0.584409 -0.336601 29 28 26
0.549107 -0.464428 -0.387073 8 6 5
0.111757 0.280087 0.005580 228 188 148
0.281701 1.077241 0.644402 100 82 63
0.547617 -0.217727 -0.190438 222 175 134
0.140935 0.397610 0.123480 201 165 134
0.166547 -0.551232 -0.060469 14 12 10
0.533278 -0.507203 -0.344967 14 8 10
0.489383 -0.723649 -0.499490 28 24 21
0.123615 0.880271 0.728178 245 197 170
-0.427088 -0.695823 -0.211817 10 8 9
-0.116153 1.089627 0.604545 137 110 89
-0.058539 0.694685 0.599072 132 82 60
0.491225 -0.253345 -0.158593 11 10 7
0.630776 -0.425543 -0.373212 218 171 134
-0.422566 -0.615731 -0.120824 19 15 14
-0.365361 -0.352944 -0.052750 12 9 7
-0.433293 -0.481667 -0.088428 13 9 8
0.101124 1.038563 0.722576 75 56 37
0.465249 -0.723577 -0.381734 24 16 14
0.499744 -0.639876 -0.332686 34 27 25
-0.062446 0.537680 0.470290 230 178 151
0.190193 0.423879 0.365512 235 195 163
0.028563 -0.022709 -0.052432 16 11 10
0.373029 -0.520884 -0.099036 13 11 10
-0.471876 -0.294980 -0.106343 11 8 7
0.293892 0.597226 0.073596 210 165 126
0.358676 0.936697 0.560510 194 152 128
0.247172 -0.610333 -0.073137 19 15 14
-0.571582 -0.449571 -0.288665 101 77 57
-0.054776 -0.256678 -0.052658 13 11 9
0.239257 0.433413 0.039669 224 180 139
-0.235749 0.824684 0.207251 175 116 97
0.251552 0.861792 0.675646 237 190 160
0.004788 0.016997 -0.041304 18 13 10
0.307128 0.868026 0.625191 234 198 171
-0.891455 -0.405300 -0.480068 148 109 80
-0.261174 0.830206 0.205945 209 149 127
0.687219 -0.695421 -0.531168 224 172 136
-0.206224 -0.492261 -0.026876 12 10 8
0.381144 -0.159204 -0.104104 12 10 8
-0.174453 0.812888 0.493439 198 158 133
0.100289 0.739540 0.683371 245 200 176
0.430933 0.255412 -0.237008 34 31 31
-0.181508 0.685877 0.388600 183 132 107
0.586240 -0.768396 -0.516236 196 151 125
0.004394 0.209366 -0.034419 231 186 144
-0.739756 -0.066451 -0.162201 222 178 138
-0.206935 1.062020 0.469253 80 59 41
-0.537675 -0.797678 -0.280521 160 120 98
0.603705 -0.662532 -0.455878 209 162 130
-0.733589 -0.541733 -0.392715 215 169 133
0.028187 0.199032 -0.045542 229 185 143
0.285091 0.506404 0.237265 180 141 113
0.058948 0.899304 0.732258 247 202 174
0.323407 1.106476 0.585673 86 72 59
0.690798 -0.264464 -0.322486 229 185 143
0.378796 0.877234 0.435827 182 145 121
0.564422 -0.432982 -0.383355 144 109 83
-0.048027 0.435813 0.372599 206 162 136
0.279474 0.654994 0.498561 231 180 143
0.285212 0.875448 0.652104 235 191 162
0.503173 0.096703 -0.187447 15 14 10
-0.149867 0.875924 0.606312 193 151 125
0.410018 1.033232 0.429343 75 56 40
0.440559 -0.391609 -0.141076 14 11 9
-0.287188 -0.636279 -0.057787 18 16 15
-0.200985 0.724274 0.225545 196 145 125
0.220085 0.418383 0.054071 230 190 146
-0.145510 -0.661948 -0.077418 17 15 16
-0.374496 -0.212018 -0.053356 13 10 8
-0.752350 0.108668 -0.144587 210 161 129
-0.123905 0.629682 0.491228 229 177 146
0.523386 -0.529976 -0.310410 13 7 7
0.023089 0.392432 0.140349 117 83 57
0.337205 -0.187640 -0.090253 12 11 9
-0.806076 -0.383963 -0.351633 204 161 126
-0.019910 -0.375594 -0.050077 15 11 11
0.053803 0.822651 0.715344 244 196 170
0.095466 0.352065 0.091831 217 178 144
-0.585144 -0.277473 -0.204918 199 156 112
-0.367136 -0.406410 -0.052216 14 12 10
0.297432 0.729372 0.574521 164 123 96
-0.729680 -0.139795 -0.184336 225 183 141
0.156206 0.361832 0.060861 234 195 155
-0.147338 -0.278301 -0.045734 14 12 10
0.320774 0.037789 -0.110532 11 9 6
-0.651707 -0.505871 -0.362378 205 162 130
-0.282076 -0.760285 -0.180348 15 13 14
-0.438101 -0.446533 -0.091904 13 9 8
0.291417 -0.647250 -0.095179 22 19 17
-0.656629 0.245110 -0.192278 215 160 128
0.131834 -0.599512 -0.070231 20 16 16
-0.297393 -0.686545 -0.098594 12 11 10
0.610536 0.193789 -0.238748 232 184 143
0.271544 0.480063 0.289908 211 163 130
0.099535 0.039085 -0.054988 173 141 130
-0.105005 0.771889 0.630602 225 181 159
0.083220 0.192242 -0.050696 233 188 147
-0.201401 -0.242734 -0.044061 11 9 7
0.386759 0.725614 0.177371 191 124 99
0.358408 -0.562400 -0.094272 15 14 11
0.474728 -0.781078 -0.513075 30 28 28
0.028496 -0.606708 -0.078969 15 11 12
-0.536723 0.174234 -0.122570 242 195 156
-0.741435 -0.046639 -0.156341 222 179 138
-0.416498 0.045200 -0.081326 10 8 6
0.446882 -0.830732 -0.461323 54 52 53
-0.088817 0.689231 0.563894 109 67 46
-0.162277 0.582504 0.243997 177 133 108
-0.054774 0.425309 0.343301 191 150 129
0.197405 0.992747 0.715070 126 96 73
0.203034 0.343617 0.006454 230 190 146
0.266879 0.541404 0.096531 216 171 130
-0.512885 0.035502 -0.100164 237 198 155
0.319432 0.620436 0.378351 192 145 117
-0.161037 1.089586 0.563721 110 85 63
-0.442737 -0.224209 -0.072953 13 10 8
-0.486355 -0.321089 -0.128096 11 7 6
-0.283218 -0.419976 -0.032204 13 9 8
0.148630 -0.805777 -0.234850 13 10 10
0.100607 -0.845133 -0.257985 10 9 8
0.390733 0.844709 0.343343 141 105 84
0.592518 -0.143815 -0.220033 232 187 141
0.448725 0.202336 -0.199833 11 10 6
-0.220446 1.006310 0.438345 71 48 32
0.551896 -0.317497 -0.280166 22 18 13
-0.322784 -0.224174 -0.045445 12 9 8
-0.314981 -0.624737 -0.060259 14 13 11
0.521414 -0.408000 -0.249529 22 15 14
-0.177071 0.448596 -0.087452 195 143 103
-0.205385 0.194643 -0.092242 227 183 142
0.275009 -0.774270 -0.217513 20 17 17
0.374270 -0.615999 -0.117876 16 12 10
-0.129013 -0.746290 -0.156981 10 8 9
-0.059521 0.148407 -0.060547 239 188 148
0.788404 0.000556 -0.261988 226 182 141
-0.062342 0.989960 0.696882 150 107 84
-0.227188 0.874963 0.336882 82 53 36
0.341986 -0.225304 -0.090337 12 10 8
0.188907 -0.157434 -0.070501 11 9 7
0.764971 0.077677 -0.237588 231 188 146
0.004522 0.320838 0.287964 148 102 82
0.016973 0.364973 0.106383 160 126 98
0.521301 -0.569604 -0.350758 23 23 23
-0.540336 -0.550358 -0.292188 6 5 3
0.221485 0.395294 0.031154 226 186 143
0.503572 -0.051806 -0.160296 23 20 17
0.345476 -0.376091 -0.090498 12 10 7
0.045196 1.044608 0.714061 84 65 48
0.112049 0.355844 0.361239 237 186 162
0.588585 -0.409278 -0.358148 192 154 115
0.151530 -0.531238 -0.058963 14 11 10
-0.332167 -0.593371 -0.055843 14 11 11
0.441318 -0.566100 -0.159850 15 13 13
-0.111679 1.017763 0.647252 174 137 110
-0.430029 0.108665 -0.093410 9 8 6
0.126665 -0.859742 -0.276599 10 9 8
0.352211 0.864743 0.534897 199 162 135
-0.526719 -0.543071 -0.252176 7 6 4
-0.647920 -0.694136 -0.381249 209 164 134
-0.151349 0.580832 0.366398 187 141 119
0.218509 0.725961 0.646409 237 192 168
0.303056 -0.676544 -0.115004 21 20 18
-0.249647 0.213486 -0.104805 229 184 144
-0.466165 0.304184 -0.230643 25 20 17
-0.347683 -0.082525 -0.059083 10 9 7
0.716066 -0.503894 -0.475470 221 171 132
0.168506 -0.337863 -0.061918 14 10 9
-0.420991 -0.173820 -0.066446 12 10 7
0.261799 0.946418 0.691971 190 144 117
0.667056 -0.454082 -0.411677 221 173 133
0.182594 0.762404 0.676899 245 198 175
-0.520585 -0.715689 -0.408374 56 86 48
-0.114340 0.501215 0.332269 195 153 132
0.416348 -0.296215 -0.118382 12 11 9
-0.064579 0.852278 0.682215 226 182 156
0.205716 1.153687 0.633409 71 53 31
0.267398 0.570882 0.460392 234 183 153
0.108114 0.340446 0.350834 237 185 160
0.157061 0.159220 -0.085448 238 191 150
0.748876 -0.455582 -0.472319 219 170 132
0.444649 -0.783263 -0.420391 30 24 26
0.794506 0.053902 -0.264179 222 178 137
0.139104 0.333434 0.044098 233 195 158
-0.110709 0.897708 0.655329 217 178 149
0.204947 -0.565220 -0.061054 13 10 8
0.031171 0.498195 0.550362 203 154 136
0.203703 -0.326983 -0.064111 14 11 9
0.280904 0.539663 0.046067 211 164 125
0.340814 1.082471 0.576584 123 99 78
0.103741 -0.735505 -0.153976 15 13 15
-0.071982 0.457009 0.367558 193 149 129
0.072430 -0.243877 -0.061760 12 10 9
0.075700 1.077059 0.701267 51 33 14
0.304934 0.547397 0.277420 202 157 127
0.259592 0.684850 0.549824 162 114 90
-0.335949 -0.272977 -0.046716 13 10 8
0.481658 -0.461093 -0.190074 13 10 8
0.027795 -0.775106 -0.195041 14 13 11
-0.274142 0.875059 0.201201 200 127 101
0.461250 -0.717246 -0.353056 25 19 19
0.228076 -0.357586 -0.063775 13 10 8
0.152370 -0.494026 -0.056476 14 11 9
0.172666 0.291565 -0.013283 230 191 151
0.553862 -0.369147 -0.331767 30 16 14
-0.359308 -0.202245 -0.050817 11 10 8
-0.127876 -0.177266 -0.049047 12 10 8
0.446052 -0.756750 -0.389212 19 15 16
-0.388778 -0.755974 -0.265106 13 9 8
0.320597 0.749025 0.505407 217 176 148
0.579394 -0.736125 -0.494126 189 145 118
-0.033664 -0.413331 -0.050028 14 11 9
-0.339018 -0.152431 -0.050165 10 8 6
0.154315 0.762496 0.685525 245 201 179
0.283776 -0.212753 -0.078668 13 11 9
0.124327 -0.078424 -0.065269 13 10 8
0.055603 0.494778 0.586313 228 181 161
-0.894875 -0.474790 -0.497804 165 124 95
-0.199700 0.765509 0.273897 225 181 154
-0.596222 -0.565769 -0.426705 93 69 53
0.060362 0.842788 0.722245 246 202 175
0.369190 0.842896 0.428849 188 146 120
-0.066624 0.403861 0.285119 180 137 118
-0.206152 -0.841302 -0.242071 10 9 7
-0.317711 -0.672162 -0.093551 14 14 12
0.049288 0.304644 0.302611 157 109 88
-0.143349 0.175683 -0.070273 227 180 141
-0.402707 -0.579296 -0.084957 13 11 11
-0.139261 0.610045 0.459231 207 156 131
0.287578 0.114341 -0.105111 11 8 5
-0.227058 -0.667449 -0.068354 14 11 11
-0.226438 0.953716 0.397563 70 54 38
-0.487777 -0.706996 -0.332355 24 18 14
-0.170654 -0.381237 -0.037045 11 9 7
0.220821 1.094480 0.666202 77 63 45
-0.189663 1.053131 0.515479 80 61 45
0.280871 0.549538 0.410025 222 172 144
0.199009 -0.749266 -0.163173 17 16 14
-0.413021 -0.082723 -0.067496 9 8 6
0.513006 -0.631073 -0.455738 37 30 28
0.436519 -0.094643 -0.129839 13 12 9
0.542801 -0.393346 -0.305457 19 11 10
-0.054146 0.380568 0.245695 161 117 92
0.826429 0.043093 -0.335131 205 162 119
-0.134407 0.788042 0.601960 205 164 140
-0.049095 0.374605 0.262858 170 128 103
0.323339 -0.420683 -0.082090 14 10 9
0.480922 -0.315179 -0.158852 14 11 9
0.183065 -0.785382 -0.215939 15 11 11
0.662412 -0.197258 -0.275825 237 194 149
-0.857436 -0.515828 -0.454214 192 141 105
-0.094788 0.307866 0.000707 206 163 126
-0.112574 -0.263801 -0.048652 12 10 8
-0.287798 -0.285578 -0.042456 12 8 7
-0.012994 1.041294 0.700282 88 64 44
0.038999 0.678652 0.632757 172 128 102
0.724351 -0.017282 -0.225279 236 196 157
-0.716368 -0.538687 -0.387929 215 170 134
-0.310696 0.000244 -0.065950 9 8 6
0.143774 -0.748834 -0.163425 15 14 12
-0.181867 -0.206649 -0.046056 11 9 7
-0.001046 -0.609401 -0.081099 15 15 13
-0.215616 0.973407 0.458066 92 69 51
-0.150517 0.562552 0.326748 194 149 127
-0.400816 -0.148715 -0.061651 11 9 7
-0.268118 -0.586326 -0.037099 12 10 9
0.421698 -0.741058 -0.309284 31 25 25
0.784699 -0.166197 -0.331195 227 183 138
-0.524138 -0.571899 -0.270654 7 5 4
0.050005 0.655827 0.586594 154 116 94
0.283406 -0.565634 -0.069238 15 11 10
0.724607 0.134975 -0.237688 229 184 141
-0.166565 0.431358 -0.053681 188 141 102
-0.148468 0.043266 -0.031487 17 14 11
-0.304196 -0.159710 -0.047789 10 8 6
-0.559865 -0.535433 -0.337196 8 5 3
0.260954 -0.844173 -0.312563 10 9 7
-0.049979 0.645422 0.542876 179 129 105
-0.682213 -0.253859 -0.211043 224 181 145
0.050734 0.175941 -0.062683 235 190 148
0.228622 -0.823887 -0.278219 11 9 8
-0.124335 -0.456484 -0.038078 12 11 9
0.070018 -0.513293 -0.057759 13 10 9
0.012564 0.336633 0.075339 196 158 120
-0.229176 0.843238 0.232783 181 119 94
0.500897 -0.659969 -0.390032 32 24 22
0.314630 -0.330672 -0.081365 11 9 7
-0.002954 0.631854 0.539938 219 170 144
-0.081721 -0.283872 -0.050427 12 10 8
0.535911 0.145658 -0.209688 226 187 159
0.338400 0.679152 0.210294 232 186 155
-0.353762 -0.791109 -0.275739 25 21 20
0.186274 0.314063 -0.003876 232 192 150
0.132464 0.505368 0.521836 226 173 150
-0.119744 -0.655706 -0.080245 19 17 19
0.513978 -0.418057 -0.233994 19 14 13
0.427624 0.858122 0.228976 178 110 84
-0.515817 -0.039874 -0.097751 238 198 156
-0.018060 0.027002 -0.040619 26 20 17
0.197520 0.774556 0.673931 240 193 169
-0.283365 -0.039425 -0.057485 9 8 6
0.129119 0.064442 -0.064143 240 191 151
0.152778 0.708853 0.662363 240 193 170
-0.438789 0.265002 -0.180127 8 5 5
0.092061 0.101309 -0.074950 242 192 149
-0.740347 0.043772 -0.128261 223 182 142
0.513084 -0.622579 -0.418575 39 34 32
0.331003 0.979501 0.630513 190 150 125
0.592823 0.246523 -0.281506 217 170 139
-0.238723 0.382095 -0.154631 186 141 103
0.324452 0.671514 0.433304 220 169 132
-0.786116 0.036173 -0.169983 201 160 127
0.429042 -0.622378 -0.170677 15 11 10
0.019102 0.323245 0.321970 198 147 125
-0.805304 -0.540552 -0.418689 207 155 118
0.076271 0.765841 0.695836 246 201 176
0.116810 0.399048 0.167468 153 119 94
-0.036808 1.056870 0.683060 89 68 47
-0.099805 -0.731265 -0.146499 12 11 10
0.260285 0.487219 0.053023 220 175 136
0.638068 -0.090279 -0.231340 239 198 154
-0.188486 0.826889 0.449818 189 150 127
0.748019 0.170681 -0.287834 218 170 131
0.290756 0.366654 -0.131165 224 175 134
0.124536 0.912268 0.730883 244 197 169
0.417627 0.157962 -0.174401 11 9 6
0.304792 -0.172704 -0.084292 11 10 8
0.387594 0.190156 -0.174985 12 10 7
-0.503430 0.278477 -0.203589 38 28 22
0.259938 0.524815 0.097847 215 170 130
0.509001 -0.582929 -0.275604 35 32 28
-0.628177 -0.704815 -0.377304 194 149 122
0.419081 -0.211501 -0.118076 12 10 8
0.699782 -0.148152 -0.274835 237 194 150
0.452160 -0.797312 -0.455616 44 38 38
0.176881 -0.881405 -0.308329 9 8 6
0.462062 -0.795633 -0.487311 60 58 59
-0.171555 0.622571 0.244587 183 134 108
0.455326 -0.558583 -0.174384 14 12 10
-0.670778 -0.638129 -0.400553 210 164 130
0.356507 0.322188 -0.225686 149 120 110
0.747084 -0.395406 -0.437096 222 174 135
-0.211655 0.989661 0.472916 83 64 47
0.264983 0.489921 0.334872 224 181 153
0.031602 -0.874345 -0.268081 9 7 6
0.181904 -0.106811 -0.071422 12 11 7
0.594304 -0.439386 -0.375198 193 148 113
0.204694 0.247503 -0.073356 229 191 150
0.285333 0.020828 -0.098984 11 10 7
-0.110251 0.688869 0.533834 125 96 80
0.804606 0.095058 -0.302960 216 170 128
0.297949 0.586111 0.427869 224 175 145
-0.617833 -0.388832 -0.280574 211 166 130
0.258303 0.547929 0.448353 234 182 155
0.372501 0.795221 0.271090 215 172 144
0.124409 0.405417 0.405884 206 122 111
-0.366814 -0.719336 -0.177330 18 13 12
0.602618 0.221648 -0.256152 228 183 148
0.685945 -0.657911 -0.513176 219 166 130
0.040253 -0.623309 -0.085880 14 13 13
0.380085 1.000435 0.523316 137 104 80
-0.031305 -0.063778 -0.050247 12 9 7
-0.744176 0.140384 -0.155742 208 155 124
0.156012 0.333423 0.305227 220 168 142
0.341490 0.745082 0.425963 216 167 132
-0.755276 -0.401634 -0.329324 215 172 136
-0.203638 1.021828 0.493356 90 69 51
-0.275185 -0.120721 -0.049072 10 8 6
0.008161 0.770003 0.687537 245 200 177
-0.184646 -0.700696 -0.100518 21 19 20
-0.024024 0.351778 0.243992 140 100 74
0.113856 -0.352475 -0.058654 12 9 7
0.751571 0.115929 -0.242638 228 184 143
0.366849 0.886701 0.508574 175 136 110
-0.221101 0.344987 -0.119599 209 162 119
-0.697129 -0.416541 -0.314291 217 174 139
-0.879597 -0.289305 -0.427891 147 109 77
-0.582970 -0.159082 -0.131307 223 178 136
-0.140591 0.556618 0.357422 196 150 129
-0.529433 0.136814 -0.111506 242 198 158
0.662171 -0.760504 -0.550553 220 170 137
-0.134570 -0.767892 -0.175903 10 8 8
-0.763118 -0.523460 -0.391510 215 169 133
-0.477104 0.102475 -0.091076 23 17 12
0.027028 -0.149441 -0.057112 12 10 8
0.099088 0.302966 0.291824 164 116 97
-0.097989 0.701508 0.585671 160 118 98
-0.740900 0.088376 -0.129238 218 172 138
0.716420 -0.475079 -0.460237 221 173 134
-0.132724 0.398585 0.014584 188 144 107
0.640920 -0.067563 -0.225413 241 199 156
-0.127720 0.132070 -0.056211 233 181 141
0.342160 -0.850835 -0.355261 11 8 6
0.223969 0.142035 -0.098182 232 184 143
-0.151987 0.609940 0.430738 198 150 126
0.013105 -0.703420 -0.130812 27 24 23
-0.825637 -0.119705 -0.242939 186 142 106
0.566794 -0.021012 -0.193716 239 200 158
0.162952 -0.367384 -0.058682 13 11 9
0.003587 -0.041923 -0.051423 17 11 9
-0.556502 -0.227593 -0.149378 27 16 12
-0.088442 0.662198 0.535758 170 118 92
-0.163041 -0.666470 -0.075546 20 18 17
-0.112150 0.519330 0.368853 196 152 131
0.316824 0.694195 0.465936 226 182 150
0.038896 0.353780 0.363234 232 179 154
0.512421 -0.563943 -0.273499 22 20 21
-0.056690 0.294128 0.013254 224 181 144
0.692761 -0.635233 -0.512251 220 170 135
-0.215296 -0.443243 -0.028695 11 8 7
0.137223 0.669577 0.594578 176 125 94
-0.595250 -0.442277 -0.303918 156 124 96
0.375989 -0.371276 -0.101994 12 10 7
-0.141962 -0.634763 -0.063571 16 14 14
-0.151318 1.032216 0.603337 154 120 95
0.278828 -0.275686 -0.074148 10 9 7
-0.164831 0.640304 0.432422 194 144 119
-0.476864 -0.216769 -0.088140 14 10 8
-0.096870 0.436273 0.252445 172 129 105
-0.264854 -0.456290 -0.027657 12 9 9
0.733351 -0.555999 -0.512673 224 169 131
-0.347877 -0.256735 -0.048166 11 8 7
-0.432894 -0.026419 -0.072635 8 7 4
0.262175 -0.900258 -0.351680 10 8 7
0.241251 -0.371328 -0.064899 14 11 9
0.164328 0.015208 -0.066355 14 11 7
0.269145 0.380726 -0.087724 223 176 133
-0.072881 0.439602 0.107315 187 147 112
-0.485770 0.289540 -0.205220 28 22 23
-0.065788 -0.747985 -0.168664 11 11 11
-0.557748 -0.282049 -0.192219 56 35 24
0.766183 -0.041423 -0.259300 230 188 145
0.410697 0.909068 0.286318 88 68 53
-0.133555 0.348616 -0.015383 195 151 115
-0.580441 -0.189027 -0.139801 215 170 128
-0.032228 0.466255 0.433135 207 158 132
0.350470 0.912424 0.567500 196 158 132
-0.176184 0.797987 0.471885 200 157 132
0.225531 0.710207 0.634136 153 112 90
-0.091203 0.404791 0.065440 189 151 116
0.029501 -0.692267 -0.125329 20 18 19
0.241843 0.533518 0.451598 234 181 157
0.272324 0.507545 0.033717 212 167 126
-0.473891 -0.697200 -0.299942 12 10 11
-0.741433 -0.479029 -0.363086 214 168 133
0.362155 0.039440 -0.123258 10 9 6
-0.170227 0.635420 0.353196 183 137 115
-0.845758 -0.536121 -0.450182 195 143 105
0.538047 -0.488859 -0.349031 13 9 8
0.768725 -0.397745 -0.455414 217 168 128
0.375429 0.842383 0.397358 173 136 110
0.797823 0.014636 -0.270031 219 174 133
0.303616 0.556429 0.219145 183 145 114
-0.512370 -0.360196 -0.171872 5 4 3
-0.204871 0.969645 0.498904 117 92 70
0.310250 0.709199 0.497947 215 176 146
0.350645 0.723038 0.269547 221 177 146
0.385688 0.810281 0.274084 225 180 150
-0.272393 0.217702 -0.103855 219 171 142
-0.467768 -0.524416 -0.134460 7 7 7
0.584275 -0.058564 -0.202849 240 200 158
0.086808 -0.452122 -0.054276 12 10 9
-0.159455 0.338240 -0.055983 177 133 96
-0.191205 -0.581794 -0.038240 12 11 9
-0.074339 0.055662 -0.037384 238 187 150
-0.146187 -0.161589 -0.048229 9 8 6
-0.321293 -0.302851 -0.044696 11 7 6
-0.680734 -0.274543 -0.221786 223 179 143
-0.159954 0.465614 -0.021700 180 133 97
0.333812 0.672529 0.231097 186 140 113
0.779146 -0.343440 -0.429033 217 170 129
0.110701 -0.587700 -0.069067 18 16 15
0.665090 0.032876 -0.199550 242 202 161
0.150829 0.406303 0.375371 229 183 158
0.202915 0.301142 -0.030375 227 187 146
-0.782604 -0.137727 -0.210304 217 172 131
0.386239 -0.132928 -0.108201 20 19 16
0.234601 0.744742 0.643068 236 189 165
0.366161 -0.232178 -0.096536 12 10 9
-0.835658 -0.359516 -0.364248 185 146 113
-0.596617 -0.416851 -0.291345 170 131 99
0.133046 -0.785091 -0.209785 13 11 10
0.500835 -0.684598 -0.477500 28 23 19
0.198769 0.535509 0.479427 237 183 159
-0.038790 -0.101224 -0.051686 12 10 8
-0.080640 0.773989 0.649714 226 182 160
0.002026 -0.468401 -0.054344 13 10 9
0.317282 0.339935 -0.176331 228 182 137
0.392729 -0.559169 -0.114496 12 9 9
0.116236 -0.391679 -0.055636 13 10 9
0.523901 -0.545860 -0.330823 15 7 6
-0.833583 -0.331273 -0.346464 190 148 115
-0.710978 -0.343399 -0.273701 217 176 141
0.172675 -0.848324 -0.281398 10 9 9
0.295220 0.635720 0.472373 232 183 148
-0.487211 -0.655448 -0.284371 11 10 8
0.202510 -0.055555 -0.075842 14 11 9
-0.236067 -0.361533 -0.036095 12 9 7
0.366803 0.338287 -0.252874 38 31 30
0.216533 0.761114 0.659903 240 193 170
-0.710349 0.203659 -0.178136 207 153 123
-0.167091 1.102755 0.546054 79 61 46
-0.570905 0.220844 -0.147850 239 190 151
-0.865041 -0.157033 -0.319573 162 120 87
-0.509136 -0.568229 -0.233785 10 8 8
0.079527 -0.719429 -0.140571 27 25 26
-0.225018 0.164883 -0.074368 225 171 130
-0.253327 0.185420 -0.083766 210 162 128
0.213799 0.216363 -0.096285 221 177 136
0.119847 -0.712981 -0.136025 21 18 19
-0.577581 0.137292 -0.110188 240 195 154
0.321629 -0.151485 -0.089087 11 9 7
-0.139251 0.568999 0.392154 192 149 126
0.265131 0.129396 -0.098909 19 15 10
0.109190 1.003657 0.732413 128 102 77
-0.626814 -0.137442 -0.145186 230 186 145
-0.206762 1.097821 0.453793 55 36 23
0.657871 -0.584628 -0.462235 220 168 130
0.061004 0.465560 0.547948 67 13 11
-0.299208 0.081053 -0.073287 8 7 5
0.570380 -0.263385 -0.245762 195 148 109
0.104349 0.133186 -0.077478 238 188 144
-0.211170 0.699452 0.205212 207 144 127
0.243825 -0.730221 -0.144614 20 16 17
0.804735 0.052394 -0.278478 217 172 131
-0.525625 0.075513 -0.101671 243 201 160
0.311444 -0.584769 -0.079947 17 14 12
0.026141 0.453331 0.469769 229 183 157
-0.035686 0.150202 -0.054403 227 176 134
0.199158 0.407944 0.065715 232 193 151
-0.488994 0.006044 -0.084582 87 66 56
0.193553 -0.683674 -0.106037 26 22 24
-0.004967 0.494880 0.466287 224 175 147
0.613489 0.103965 -0.206917 235 191 149
0.349451 0.739773 0.363581 207 160 127
-0.628698 -0.566628 -0.415693 158 124 98
0.028898 1.011610 0.723256 109 82 59
0.478933 -0.795222 -0.532386 33 28 22
0.633106 -0.393014 -0.356235 220 172 133
0.067218 -0.365902 -0.055043 15 12 11
0.437841 -0.628572 -0.186498 17 16 14
0.568305 -0.337746 -0.316434 140 107 73
0.378489 0.812181 0.334550 145 113 90
0.268449 -0.175958 -0.078457 11 9 8
0.106458 0.393715 0.151530 151 120 96
-0.000666 0.575761 0.516574 232 186 160
0.217882 0.454870 0.098985 223 182 145
0.515819 -0.383960 -0.224993 17 15 12
-0.173349 0.642701 0.333474 189 143 121
0.264102 -0.215009 -0.075277 11 9 7
-0.652087 -0.641469 -0.403594 201 156 127
0.777024 -0.503653 -0.519733 217 163 124
-0.223266 0.841984 0.340552 112 81 60
0.455701 -0.395026 -0.153258 14 10 8
0.484589 -0.400164 -0.182119 15 12 9
-0.223582 -0.740232 -0.135278 21 20 18
0.309657 1.100877 0.605791 81 67 52
0.086320 -0.381398 -0.055070 13 11 10
0.269812 0.518900 0.061579 221 174 133
0.076279 -0.580838 -0.067401 15 12 11
-0.453828 -0.189509 -0.075479 13 10 8
0.305155 0.071449 -0.108051 12 9 6
-0.274775 0.109542 -0.065679 9 8 6
-0.242564 -0.780140 -0.199316 19 16 15
0.521666 0.085190 -0.191542 47 40 37
0.373694 0.810988 0.241149 118 56 39
0.274722 0.707352 0.588253 227 183 156
0.406544 0.906661 0.337149 66 44 24
-0.507207 -0.155306 -0.091147 18 14 11
0.405912 0.874633 0.296917 95 72 55
-0.215845 -0.275038 -0.041882 11 9 7
0.493469 -0.097253 -0.149214 20 17 14
-0.823066 -0.014958 -0.232112 183 133 98
0.214641 0.515662 0.455805 235 184 158
0.536858 -0.558037 -0.427429 21 11 8
-0.610377 -0.359736 -0.263761 212 169 132
0.525593 -0.150851 -0.168102 194 162 129
-0.738892 -0.217004 -0.218341 221 177 140
-0.180710 0.848356 0.508644 185 146 122
-0.066349 0.380963 0.066366 183 144 110
-0.693397 -0.289450 -0.234406 221 178 142
0.190181 0.366132 0.034764 233 195 152
-0.658512 0.105272 -0.098862 239 196 155
-0.690400 -0.461040 -0.338676 217 174 139
-0.210040 0.762812 0.220246 174 103 82
-0.330806 -0.346415 -0.044876 13 10 9
-0.212596 0.220248 -0.099549 224 179 137
0.683776 -0.319194 -0.348090 230 187 145
-0.335434 -0.744039 -0.194098 32 25 24
0.454271 -0.752788 -0.408175 24 20 21
0.261680 1.010937 0.685850 118 93 67
-0.348586 0.060617 -0.080260 8 7 5
0.432066 -0.227387 -0.124622 14 12 11
0.366476 -0.596049 -0.105485 19 14 13
-0.535235 -0.170481 -0.107877 21 12 8
-0.462432 0.019370 -0.078831 17 15 11
-0.183023 0.714283 0.283026 183 135 110
0.217662 0.062828 -0.077951 15 11 9
-0.331600 -0.489498 -0.039027 16 12 11
0.711049 -0.041402 -0.231455 237 197 156
-0.819836 -0.205179 -0.264871 203 161 124
-0.434655 -0.727255 -0.264901 32 26 26
0.092515 -0.807987 -0.224408 10 10 8
0.088547 -0.543466 -0.060820 13 11 10
-0.380030 0.239015 -0.149970 6 5 3
0.667070 0.076739 -0.202831 236 193 151
-0.352927 -0.746948 -0.211106 28 24 23
0.296836 -0.242743 -0.078843 12 9 7
0.253660 0.254640 -0.117116 222 178 141
-0.293949 -0.528921 -0.032761 14 11 9
-0.773688 -0.275541 -0.266913 217 175 139
0.367830 0.869543 0.480672 172 132 106
0.400940 -0.605314 -0.132513 15 13 12
0.529384 0.214292 -0.235342 51 38 36
-0.524168 -0.817583 -0.255651 152 113 88
-0.661766 -0.408214 -0.299332 217 174 139
0.058100 0.380216 0.401695 181 137 120
0.257293 -0.767736 -0.199768 18 16 15
0.352940 -0.730386 -0.201972 18 14 13
-0.745747 0.010077 -0.138503 220 178 137
0.609748 -0.376492 -0.342651 208 162 122
0.093013 0.392798 0.417536 200 112 97
-0.521976 -0.635130 -0.346034 7 6 4
-0.089587 0.102710 -0.046943 241 187 146
0.525025 -0.242098 -0.177626 21 16 12
0.144447 0.562324 0.524468 235 189 162
-0.167199 0.603791 0.243680 177 131 104
0.776047 -0.451712 -0.491977 216 165 125
0.073290 0.439373 0.473971 234 176 157
-0.394963 -0.185038 -0.059182 11 9 7
0.458565 -0.008923 -0.143860 10 9 6
-0.021062 -0.225204 -0.054623 11 9 8
0.104335 0.597187 0.572589 227 176 149
-0.216139 0.019778 -0.049071 11 9 7
-0.404555 0.262257 -0.173153 6 5 3
0.158382 0.281624 -0.011440 228 188 148
-0.520332 -0.612787 -0.317780 10 9 7
0.532385 -0.383854 -0.270338 24 20 19
0.549099 -0.308729 -0.260396 21 17 16
0.519157 -0.520819 -0.276771 25 16 19
-0.267651 0.869357 0.218146 184 109 89
0.428272 -0.512501 -0.138864 13 10 8
0.108433 -0.272470 -0.064444 14 11 10
0.331403 0.271901 -0.178025 225 181 144
-0.171831 0.645026 0.397705 178 130 104
0.573896 0.235843 -0.261011 223 177 144
-0.072928 0.076756 -0.043352 247 196 157
-0.199802 0.858472 0.436313 160 125 105
-0.121320 0.787112 0.617861 215 173 152
0.681612 -0.570694 -0.479407 221 167 129
0.126897 0.473216 0.474541 235 187 160
0.273041 -0.004488 -0.092074 11 10 7
-0.104462 -0.789728 -0.194481 10 8 9
0.417261 -0.850251 -0.427121 15 11 10
0.406633 -0.106202 -0.118169 12 10 7
-0.696565 -0.517271 -0.373699 216 172 137
0.142400 -0.068116 -0.067081 15 12 9
-0.261833 0.375228 -0.173044 208 160 120
0.414182 0.934283 0.308133 97 78 64
0.323264 -0.554143 -0.079144 15 11 9
0.388353 0.295937 -0.233240 31 25 23
-0.137747 -0.552231 -0.043205 12 9 8
0.378189 0.925826 0.499467 152 117 95
0.220933 0.418592 0.308618 223 176 147
-0.707392 -0.054922 -0.142016 229 187 146
0.512037 -0.587716 -0.299741 29 27 26
0.086766 -0.828639 -0.241695 11 9 7
0.506099 -0.568935 -0.254439 19 16 17
0.056787 -0.491480 -0.056395 15 12 11
-0.213186 0.901447 0.418060 94 67 47
0.572106 -0.224290 -0.217767 220 173 127
0.105137 0.449174 0.470127 233 182 156
0.487920 -0.760184 -0.526161 31 25 20
0.266452 0.469868 0.253630 188 142 116
-0.218767 -0.523048 -0.026647 15 12 11
-0.670076 -0.434092 -0.317401 218 175 142
-0.044261 -0.213884 -0.053532 11 8 7
0.163033 0.046520 -0.061805 16 12 7
0.221771 0.097708 -0.078342 23 14 10
-0.554668 -0.570622 -0.369732 8 4 3
0.012519 0.935566 0.727169 242 196 170
-0.483322 -0.258836 -0.102267 13 9 7
0.561582 -0.743036 -0.497717 165 128 103
-0.145205 0.534415 0.226537 163 121 97
-0.097121 0.148700 -0.060190 240 191 151
0.344076 0.991847 0.610993 188 147 121
0.260730 1.104030 0.642088 63 50 34
0.385072 0.092706 -0.141006 9 8 4
0.106216 0.381081 0.122231 183 152 121
-0.053319 0.188119 -0.045030 222 169 130
0.337798 -0.069717 -0.100324 12 9 7
0.255997 0.402119 -0.034705 210 165 123
0.261955 1.179185 0.591364 160 138 112
-0.817600 -0.045580 -0.222652 192 144 108
-0.121140 -0.336989 -0.045272 13 11 10
0.733345 -0.277454 -0.356810 226 183 140
0.341508 0.241837 -0.165681 21 16 13
-0.665138 0.026997 -0.100667 236 197 154
0.170925 -0.042345 -0.070666 14 12 9
0.022778 0.310910 0.290774 132 81 62
0.351477 -0.335143 -0.092158 10 9 7
0.515212 -0.457967 -0.248421 20 15 15
-0.803737 0.007693 -0.197933 190 148 112
-0.667596 0.231425 -0.179936 219 163 130
-0.756384 -0.032860 -0.160094 217 173 133
-0.289222 -0.355636 -0.039243 12 9 7
0.141023 -0.146232 -0.066728 11 8 7
-0.158066 -0.746112 -0.149695 14 13 11
-0.011805 0.422184 0.387858 215 165 142
0.266639 0.478928 0.020587 216 169 128
0.363288 1.032081 0.562985 147 116 88
0.415415 0.822938 0.210522 230 177 150
-0.273359 -0.784710 -0.219694 12 9 7
-0.501154 -0.040567 -0.088618 162 121 93
-0.807441 0.091140 -0.235167 172 126 93
0.555639 0.015422 -0.192386 239 199 158
0.367915 0.705054 0.201002 229 171 143
0.669800 -0.302211 -0.328969 230 187 145
-0.802651 -0.081349 -0.210685 208 161 122
-0.005631 1.014087 0.713577 126 97 74
0.345270 0.961075 0.596595 195 156 130
-0.458167 -0.576824 -0.137427 8 8 8
0.609000 -0.478265 -0.397506 201 154 118
-0.120948 0.965322 0.652019 194 148 122
0.512599 0.253957 -0.252872 39 35 38
0.288129 0.409071 -0.125600 218 166 123
-0.116004 0.323124 -0.008482 202 160 124
0.396358 0.933936 0.428578 118 91 70
0.072430 0.271531 0.011970 224 180 145
-0.134293 0.921494 0.634319 212 168 141
-0.330864 -0.767282 -0.226181 13 9 8
0.334728 -0.686370 -0.134937 20 16 15
-0.153850 0.602681 0.115703 192 142 109
-0.178884 1.112686 0.513239 70 54 40
-0.821295 -0.570468 -0.432004 200 149 112
0.271261 0.030557 -0.095493 13 10 7
0.256919 -0.513916 -0.060646 14 10 9
0.266144 0.393253 -0.073188 217 170 127
-0.788001 0.015502 -0.174448 205 165 131
0.265947 0.650374 0.510626 225 170 136
0.720018 -0.351148 -0.391341 225 181 139
-0.402638 -0.746724 -0.260027 23 18 17
-0.040005 0.918376 0.708382 230 181 152
0.046392 -0.335673 -0.055719 15 11 10
-0.152362 0.552791 0.080173 189 140 103
-0.001240 0.120183 -0.072170 228 176 132
0.430482 -0.758243 -0.353351 34 30 27
-0.189085 0.864888 0.493519 175 140 116
-0.771276 -0.587691 -0.403637 215 163 127
-0.003379 0.466944 0.452311 212 166 141
0.152955 -0.627636 -0.079418 18 14 12
0.004329 1.057359 0.698288 57 40 22
0.191000 -0.767593 -0.188029 14 12 11
0.200911 1.077848 0.684806 70 54 35
0.057189 0.366705 0.115387 138 105 78
0.319390 0.356351 -0.191449 223 176 131
-0.188744 0.743987 0.288279 192 146 121
0.379683 -0.705346 -0.193358 20 14 12
0.098747 0.677518 0.642265 228 184 158
-0.077204 0.703087 0.603355 174 121 99
-0.848518 -0.118664 -0.278080 175 132 97
-0.215235 1.075825 0.438944 68 49 34
-0.482489 -0.628400 -0.240304 8 5 6
-0.114422 0.612731 0.490926 231 178 146
-0.388246 -0.695112 -0.158886 17 14 13
-0.021076 -0.393074 -0.050019 15 12 12
-0.389207 0.111370 -0.095371 9 8 5
-0.558108 -0.515946 -0.305385 10 7 6
-0.153863 1.064437 0.587285 137 107 83
-0.259173 0.346366 -0.148325 204 156 116
-0.787717 -0.497532 -0.391767 216 168 130
-0.028019 0.392100 0.104816 181 144 110
-0.077796 0.546042 0.465146 226 172 146
-0.226106 0.728760 0.196073 134 92 81
-0.132140 0.553291 0.379795 193 150 129
0.217570 -0.646000 -0.084007 24 22 22
0.130360 0.610188 0.548152 226 180 149
0.425305 -0.688801 -0.230301 22 19 19
-0.111140 -0.097418 -0.049435 12 10 8
-0.185892 0.337607 -0.087820 202 155 116
-0.138222 0.098249 -0.044918 238 186 147
0.420797 -0.760349 -0.334980 32 26 25
-0.212326 0.837928 0.294842 210 163 139
-0.213473 0.941118 0.458851 79 55 36
0.824357 -0.011103 -0.322714 212 169 125
-0.039318 -0.700377 -0.126365 32 28 29
-0.319884 -0.020706 -0.064841 9 8 6
0.118089 0.254849 -0.015094 234 194 153
0.194415 -0.281691 -0.067136 13 10 8
0.762511 -0.366168 -0.430737 220 171 131
0.522641 -0.351969 -0.228786 22 15 13
0.352563 1.123401 0.536011 85 65 49
-0.067226 -0.722666 -0.142555 12 10 9
0.034206 0.825547 0.713210 243 195 170
0.619816 -0.454294 -0.385317 211 162 122
0.280010 0.239219 -0.139792 219 174 132
0.375862 0.127772 -0.146278 10 9 5
-0.017133 -0.261040 -0.054140 12 11 9
-0.828042 -0.156589 -0.254694 196 152 118
-0.138935 1.071980 0.598851 126 94 71
0.212991 -0.128629 -0.074487 12 10 7
-0.805508 -0.051016 -0.206684 206 159 122
0.075133 -0.435739 -0.053777 13 11 10
-0.136421 -0.711464 -0.113619 31 27 28
0.515345 -0.537635 -0.267227 31 28 27
0.077011 0.385302 0.137140 102 69 46
0.311846 -0.215237 -0.083746 11 10 8
-0.191761 0.093442 -0.033585 19 12 9
-0.496571 -0.275864 -0.118700 14 10 8
0.292096 0.544821 0.195762 174 137 110
0.751857 -0.347174 -0.411242 222 176 136
-0.119596 0.812689 0.627198 220 176 153
-0.116496 0.471803 0.230738 160 116 91
-0.200492 -0.364455 -0.036920 12 10 8
0.384943 0.967575 0.506854 121 87 64
-0.565676 -0.516639 -0.329887 8 4 3
0.348994 0.714755 0.253369 221 178 148
-0.061173 0.903355 0.695619 229 183 155
-0.665408 -0.698115 -0.384010 208 162 130
0.662430 -0.685552 -0.497450 223 172 137
0.134462 0.315024 0.303898 214 160 135
-0.097644 0.938441 0.673066 214 164 138
0.053110 -0.712573 -0.137542 27 25 26
-0.057742 -0.578182 -0.064963 14 11 11
0.091154 0.535878 0.583445 234 182 161
0.197269 -0.089893 -0.074212 12 10 7
-0.655218 -0.023198 -0.117074 233 194 151
0.287333 0.738371 0.590713 223 181 157
0.113388 0.217683 -0.036942 237 195 153
0.114107 0.168186 -0.066983 235 187 144
-0.621287 -0.620310 -0.440309 141 107 88
0.407655 0.896678 0.264725 88 64 50
0.528982 -0.306734 -0.219877 18 15 15
-0.111034 0.287722 -0.024772 214 170 135
-0.655776 -0.151896 -0.160822 229 186 144
0.444604 0.006135 -0.141499 9 8 5
0.611437 -0.691234 -0.471501 215 167 134
0.194031 0.461785 0.413244 228 185 157
0.416329 0.283644 -0.250427 32 29 27
-0.511187 0.219084 -0.141703 237 185 151
-0.130923 -0.011600 -0.042108 14 11 8
0.270294 0.453382 -0.050480 208 161 118
0.103256 -0.620272 -0.080901 15 13 14
-0.027695 1.072815 0.677811 77 59 37
-0.272558 -0.089353 -0.051498 12 11 8
-0.061964 0.327346 0.032216 214 173 135
0.067709 0.158439 -0.068433 235 186 144
0.833194 -0.013611 -0.350033 206 163 121
-0.458115 -0.053146 -0.072056 9 8 4
-0.683651 -0.381799 -0.288044 218 175 140
-0.633134 -0.188163 -0.163484 226 184 142
0.487860 0.160173 -0.187750 12 11 7
-0.318847 0.026772 -0.071105 8 7 5
-0.441269 0.224937 -0.142765 11 8 7
-0.469542 -0.732300 -0.320756 16 9 7
0.288976 0.571555 0.048660 202 157 120
0.703525 -0.377207 -0.394171 227 181 141
0.075044 0.934558 0.734913 241 196 167
0.418373 0.808643 0.197106 231 171 143
0.616591 -0.515820 -0.415119 205 157 121
0.315644 -0.741242 -0.188466 21 19 17
-0.063073 -0.371441 -0.048742 13 9 8
-0.102500 -0.563918 -0.052335 14 11 11
0.667225 0.201665 -0.260238 228 183 146
0.384172 -0.073907 -0.113300 12 10 7
0.588662 -0.635493 -0.444136 192 148 118
0.301071 -0.813319 -0.299544 13 12 10
-0.251216 0.240174 -0.111990 229 184 142
-0.158106 -0.193092 -0.047405 10 8 7
0.371145 -0.181469 -0.100135 12 10 7
-0.408068 -0.693511 -0.177945 21 16 16
0.046332 0.589787 0.567966 203 153 127
0.040723 0.417259 0.433236 97 9 5
-0.509942 -0.708924 -0.376579 57 86 49
0.236505 0.446381 0.323572 223 176 147
0.672423 -0.379487 -0.372713 227 183 141
-0.132392 -0.421540 -0.038297 12 11 9
0.284563 0.541686 0.375553 222 177 149
0.258110 0.450549 0.012476 215 171 129
-0.212531 -0.001361 -0.049352 9 8 6
0.109988 0.756667 0.690062 246 202 177
-0.096431 0.453971 0.297596 190 148 128
-0.557365 -0.483400 -0.281576 7 6 4
-0.881808 -0.519307 -0.485660 197 145 109
0.768239 -0.267685 -0.373778 225 182 137
-0.835398 0.002065 -0.276492 171 125 91
0.249065 -0.549058 -0.061982 16 13 12
0.158819 0.460080 0.441833 219 172 144
0.143571 0.856751 0.719576 247 202 175
-0.253958 0.797050 0.194682 199 129 111
-0.027515 -0.639568 -0.093862 14 13 12
-0.328135 0.241072 -0.123245 9 6 5
0.498206 -0.469069 -0.212868 17 13 10
-0.581313 -0.418867 -0.281538 146 112 86
0.540339 -0.150799 -0.180772 230 185 141
-0.268792 0.060632 -0.063196 10 8 6
0.484151 -0.351172 -0.168912 14 10 10
0.686514 0.114293 -0.213956 232 187 144
-0.220224 -0.556672 -0.030163 12 9 9
0.580022 -0.353623 -0.328913 173 139 97
-0.056878 0.565355 0.489797 244 192 162
0.526878 -0.571329 -0.401499 29 26 20
-0.437707 0.253005 -0.168196 10 6 5
0.687130 -0.788136 -0.574585 222 168 136
0.692869 -0.343479 -0.368799 227 184 142
0.774869 0.148678 -0.300636 214 166 127
-0.252212 0.871340 0.238783 218 164 138
0.392939 0.227145 -0.197260 13 11 8
0.228994 0.551637 0.474652 243 189 161
-0.196151 0.119636 -0.046544 216 175 148
-0.060648 0.498537 0.437049 216 165 141
0.527659 0.235259 -0.252140 74 60 53
-0.529554 -0.302376 -0.169345 7 5 3
0.670294 -0.102249 -0.246579 237 195 151
0.571916 0.127334 -0.210010 236 192 152
-0.577371 -0.583897 -0.430963 56 39 28
-0.062570 0.735533 0.648828 224 183 163
-0.071579 -0.420282 -0.046930 15 11 10
0.075492 0.324591 0.071910 220 182 145
0.526540 -0.509809 -0.319071 13 7 7
0.817865 -0.039979 -0.314060 215 170 126
0.270347 -0.292628 -0.072045 11 9 7
0.092635 0.296557 0.034295 224 184 149
0.152659 -0.684575 -0.113229 21 18 20
0.378864 0.288207 -0.216016 38 34 31
-0.813087 -0.479176 -0.399775 207 159 121
0.234390 1.148771 0.623943 62 54 34
0.376857 0.901811 0.484268 164 126 103
-0.406616 0.303047 -0.205615 13 11 9
-0.520156 -0.411246 -0.197635 7 3 2
-0.204692 0.304855 -0.102161 218 171 126
0.405898 0.752335 0.171597 211 143 118
0.126918 0.044111 -0.057506 45 32 25
-0.115775 0.543178 0.404551 199 155 134
0.421636 0.992168 0.345938 71 57 43
-0.158831 0.879790 0.591592 187 147 121
-0.708301 -0.254369 -0.221707 221 177 140
-0.002315 0.075393 -0.063761 237 187 143
-0.205809 0.823669 0.281678 193 144 119
-0.152815 0.543659 0.258202 179 134 111
-0.144916 0.380948 -0.014271 182 136 100
0.503537 0.039206 -0.178876 28 28 24
0.333560 0.681698 0.395960 209 158 123
0.219487 1.143942 0.634061 67 53 34
-0.244645 -0.744582 -0.144859 16 16 14
0.358799 0.766360 0.289942 192 146 115
0.380894 0.837234 0.367636 154 120 99
0.640169 -0.470062 -0.403133 220 171 133
0.126233 -0.537196 -0.060007 16 13 12
0.359228 0.724274 0.212454 195 115 93
-0.841106 -0.252558 -0.312908 187 144 111
0.164940 -0.212961 -0.068620 12 10 8
0.048587 0.942142 0.732921 242 198 169
0.498052 0.272076 -0.269782 30 28 29
-0.019682 0.146424 -0.059291 241 192 150
0.074968 -0.468687 -0.055032 13 10 9
0.550172 -0.574426 -0.435177 125 93 71
-0.245467 -0.337081 -0.037935 11 8 6
-0.244624 0.028323 -0.055515 11 10 8
0.278786 0.950247 0.683558 203 157 133
-0.640204 -0.634998 -0.413571 182 140 115
-0.698761 0.193574 -0.159201 220 167 133
-0.326474 0.311142 -0.167419 51 32 26
0.002386 0.848301 0.712529 244 201 173
-0.566895 -0.428210 -0.276075 87 68 47
0.336641 1.116836 0.562256 102 84 69
0.093656 0.219371 -0.032354 234 193 152
-0.330373 -0.447856 -0.040170 13 10 9
0.285127 -0.865149 -0.338243 9 7 6
-0.462387 0.090069 -0.087921 19 14 10
-0.384605 -0.679768 -0.137573 21 17 17
-0.614955 0.208030 -0.143880 239 187 150
-0.116784 -0.280480 -0.048043 12 10 9
-0.226448 0.980418 0.410735 63 45 31
0.267850 0.506738 0.359067 224 179 153
-0.793417 0.002311 -0.183392 203 157 121
-0.451839 -0.501853 -0.111299 12 10 8
0.832982 -0.033571 -0.346672 208 163 121
0.081174 -0.405266 -0.053987 13 9 8
0.458316 -0.429379 -0.160038 14 11 9
-0.180326 0.277018 -0.086987 214 167 127
0.253302 -0.135431 -0.079390 10 9 7
0.119157 0.527270 0.555726 217 163 141
0.335144 0.075609 -0.119204 12 11 7
-0.376506 -0.120034 -0.059190 10 9 7
-0.595515 -0.208245 -0.155078 219 174 133
0.547456 -0.441470 -0.353662 11 7 6
0.143530 -0.181826 -0.067396 12 11 9
-0.445173 -0.114801 -0.072436 10 9 7
-0.683147 -0.654230 -0.391163 213 164 133
-0.201552 1.001347 0.508042 95 72 54
0.055455 -0.586203 -0.069855 16 12 12
-0.364561 -0.175042 -0.052955 12 9 8
-0.688352 -0.028801 -0.126425 231 193 151
0.443147 -0.359094 -0.138842 12 10 7
-0.146475 0.968891 0.621769 172 132 107
0.234336 0.455914 0.347369 225 179 151
0.064506 0.600369 0.585763 226 174 149
0.271453 0.495410 0.022137 210 163 124
0.244814 -0.714791 -0.129077 19 17 17
-0.504909 -0.636952 -0.304909 10 9 7
0.254889 0.423092 -0.005526 214 169 126
-0.770868 -0.422609 -0.348923 213 168 133
0.169249 0.384228 0.341487 234 189 161
0.225628 -0.867143 -0.316254 11 9 8
0.258391 0.314419 -0.102339 219 175 135
0.412657 0.946428 0.368069 83 63 47
-0.071357 0.425576 0.095803 186 147 111
0.750117 -0.290545 -0.375838 225 182 139
0.031629 0.500125 0.506009 121 87 72
-0.767321 -0.550926 -0.401710 217 168 132
-0.458428 -0.628181 -0.182628 6 5 4
0.253865 0.476886 0.339553 224 183 152
0.293763 0.149390 -0.116661 17 14 10
0.403881 0.784469 0.197476 236 173 145
0.595883 -0.612795 -0.436682 197 151 120
-0.333770 -0.529634 -0.042913 14 11 10
0.365676 0.778690 0.327249 165 122 99
-0.074038 -0.255332 -0.051429 12 10 8
-0.458605 -0.353240 -0.104704 14 10 9
0.313651 0.165879 -0.130146 14 11 8
0.391759 0.803788 0.211137 189 117 87
0.444941 0.102604 -0.164004 9 8 4
-0.563702 0.023883 -0.102684 239 199 156
-0.358631 -0.295788 -0.050506 12 9 7
0.369141 0.857620 0.453092 197 160 133
0.373377 -0.537592 -0.100070 15 11 10
-0.225642 0.912101 0.379836 84 61 43
0.592610 -0.498450 -0.403709 186 140 109
0.203769 0.897697 0.708543 239 192 164
0.410285 1.042098 0.415160 60 46 31
-0.350308 0.160821 -0.102529 8 6 5
0.625840 0.200184 -0.247290 229 181 139
0.121773 0.335876 0.342332 233 180 155
-0.178181 1.065983 0.544703 86 65 49
0.104139 0.646450 0.585222 209 163 135
-0.087186 0.481865 0.368338 194 149 130
-0.073221 -0.673002 -0.103447 23 20 20
0.336491 0.748596 0.450361 219 175 143
0.357931 0.755337 0.275082 223 179 148
-0.548126 0.216655 -0.144021 241 193 155
-0.282328 -0.768832 -0.199867 15 11 10
-0.821891 -0.067451 -0.230717 193 145 109
0.569980 -0.415761 -0.370303 169 126 92
-0.271055 0.248048 -0.118991 227 180 139
0.470901 0.108551 -0.171831 12 11 7
0.344915 0.879802 0.562460 204 165 137
-0.323569 -0.701555 -0.126954 16 10 10
0.371067 -0.495523 -0.098239 13 12 9
0.161243 -0.758680 -0.172439 17 16 14
0.098708 0.659985 0.610181 222 178 152
-0.512268 -0.474354 -0.203962 8 7 5
-0.143137 0.525355 0.289578 195 150 129
0.333582 0.113613 -0.124417 11 9 6
0.721005 -0.311202 -0.369780 225 182 139
0.231541 -0.800969 -0.250400 16 13 14
0.764774 -0.186697 -0.327050 228 184 139
0.524339 -0.685918 -0.489464 31 30 20
0.131191 0.547038 0.538107 225 178 153
0.058117 -0.110674 -0.059601 13 10 8
-0.183564 0.946380 0.550642 152 117 95
0.539364 0.255673 -0.278057 208 162 131
0.470343 -0.065173 -0.142450 12 10 7
-0.462551 -0.244925 -0.085215 13 10 7
-0.008765 0.965495 0.721998 220 173 148
-0.170710 0.458247 -0.071505 189 139 99
0.444936 -0.331746 -0.136350 13 11 10
0.377761 -0.052430 -0.113118 11 10 6
-0.513668 -0.649417 -0.337727 7 6 4
-0.087934 0.746439 0.636475 215 174 153
0.600734 -0.723954 -0.492447 207 160 131
0.293402 0.555144 0.371274 216 172 142
-0.187021 -0.378272 -0.036126 11 8 7
-0.208898 0.912540 0.456530 114 85 66
-0.341210 -0.789269 -0.263761 23 19 20
-0.714843 -0.290607 -0.244266 218 179 143
-0.383755 0.316582 -0.200684 9 8 6
0.774868 -0.553111 -0.542936 219 163 126
-0.119214 0.021245 -0.034315 11 8 6
-0.902125 -0.498847 -0.521011 201 149 112
0.336971 -0.444391 -0.085511 14 11 9
-0.250512 -0.719972 -0.121853 14 13 11
-0.194545 0.954688 0.525880 118 88 66
0.099866 -0.859163 -0.269334 10 10 8
-0.060540 -0.217226 -0.052760 11 9 8
0.506139 0.227444 -0.228528 40 38 39
-0.299135 -0.445574 -0.032992 14 10 9
0.230435 0.916961 0.701979 234 186 159
-0.154117 0.479770 0.014321 181 134 98
0.582052 -0.313380 -0.299644 182 143 102
0.477774 -0.625106 -0.240881 19 16 15
0.107430 -0.224278 -0.065265 15 11 10
-0.681259 -0.585312 -0.406930 212 166 132
0.220563 -0.702472 -0.118170 21 18 18
-0.289091 0.178428 -0.083758 9 7 4
0.564991 -0.506957 -0.418144 142 109 86
0.296646 -0.891092 -0.360447 11 10 8
-0.050770 -0.763146 -0.180908 11 9 10
-0.019102 0.204421 -0.035836 236 191 147
-0.658992 -0.242018 -0.197125 224 181 143
0.512973 -0.183359 -0.158423 21 14 11
-0.319861 -0.724022 -0.156487 19 17 16
-0.499660 0.190325 -0.122448 205 161 138
-0.373167 -0.766006 -0.265077 14 10 9
-0.105325 0.639830 0.510279 232 185 153
-0.313207 -0.609253 -0.054488 12 10 8
0.168919 0.402227 0.355140 233 190 164
0.212117 0.371065 0.019078 229 189 146
-0.513215 -0.172363 -0.095960 15 12 9
-0.537075 -0.447046 -0.232597 4 1 1
0.128598 0.718041 0.671830 242 199 174
-0.216097 -0.390125 -0.033738 13 10 8
-0.511124 -0.437096 -0.193285 6 5 3
-0.547088 -0.050005 -0.106682 239 200 157
0.333399 -0.244560 -0.086838 12 10 8
0.178251 0.368829 0.318980 228 183 154
0.493883 0.111069 -0.184374 16 16 11
0.763646 -0.254389 -0.362556 226 183 138
0.076185 -0.100501 -0.061245 14 11 8
-0.059498 0.948888 0.699731 211 161 136
0.026617 0.628807 0.553294 195 149 121
0.357808 -0.823301 -0.343379 11 10 8
0.331789 0.096764 -0.120395 17 16 12
0.135040 0.662529 0.558697 203 158 133
0.248365 0.974739 0.699501 159 119 97
-0.481983 -0.470366 -0.151456 9 9 8
0.146318 0.548378 0.506974 234 185 161
0.171846 0.451324 0.411202 197 150 125
0.490480 -0.289537 -0.163939 13 11 9
-0.129257 0.749411 0.595428 123 88 68
0.201999 0.385272 0.291442 219 173 144
-0.862797 -0.324362 -0.389044 160 120 90
-0.111346 0.756083 0.620133 215 172 154
-0.032491 0.857309 0.701148 235 190 163
-0.376628 -0.732612 -0.211472 19 13 13
-0.450701 0.032037 -0.079484 7 4 1
0.502065 -0.602207 -0.270745 18 14 11
-0.190572 -0.652220 -0.062071 17 15 16
-0.136544 0.713351 0.538656 178 134 114
-0.166709 0.393794 -0.060008 186 140 101
-0.508225 -0.492255 -0.200698 7 4 4
0.465069 -0.668750 -0.269317 30 26 24
0.357414 0.218578 -0.170645 14 10 8
-0.123943 0.263609 -0.044329 218 173 136
-0.831090 -0.436645 -0.397631 192 145 106
-0.189903 0.388825 -0.093995 195 146 106
0.472046 -0.156336 -0.139407 11 10 6
0.408668 -0.004596 -0.128902 10 8 5
-0.095410 -0.636431 -0.077192 15 13 13
0.322783 0.627297 0.245133 191 147 116
0.382285 0.327662 -0.255540 37 32 31
0.176707 -0.912577 -0.328011 8 7 5
0.042694 -0.170120 -0.058829 11 10 8
0.257849 0.110712 -0.092578 19 15 12
0.252854 0.504012 0.395066 226 180 154
0.190734 -0.189657 -0.069772 11 10 8
-0.740126 -0.285128 -0.253018 219 179 144
-0.163405 0.900073 0.589004 173 132 108
0.359130 0.952544 0.564871 191 149 124
-0.636858 0.016290 -0.102622 237 197 153
0.019277 0.669156 0.582179 124 79 56
-0.092287 1.083824 0.626570 101 79 61
-0.871924 -0.207999 -0.355986 155 115 80
0.636271 -0.307930 -0.313043 222 176 133
-0.189872 0.741859 0.271846 190 143 119
-0.137780 0.848955 0.616244 204 161 133
0.022445 0.596588 0.543435 217 168 141
0.599742 -0.122794 -0.221780 237 193 147
0.597968 -0.211916 -0.243330 219 172 126
-0.766364 0.026855 -0.151515 213 172 136
-0.115597 0.928940 0.656905 210 162 134
0.514188 -0.613613 -0.398834 43 43 43
0.252151 1.092844 0.652283 74 58 39
-0.141161 1.117554 0.564899 94 73 53
-0.377739 0.292166 -0.180394 9 6 5
-0.516397 -0.007510 -0.100105 241 202 159
-0.409881 0.319635 -0.223358 11 8 8
-0.203765 0.420863 -0.136895 209 156 110
-0.492562 0.302013 -0.230775 27 25 28
0.587923 -0.671556 -0.457950 196 151 122
-0.261209 -0.331434 -0.039202 12 10 8
-0.498271 -0.707116 -0.352377 25 18 16
0.286968 -0.408471 -0.072788 12 10 8
0.522795 -0.064773 -0.176480 231 188 149
0.697001 -0.012436 -0.214403 241 202 162
-0.063270 0.391672 0.262646 171 130 105
0.079397 -0.901496 -0.294231 8 7 6
0.702467 -0.233001 -0.312341 233 189 146
0.485729 -0.711937 -0.458990 38 30 28
0.186159 1.051667 0.702876 52 39 20
0.294128 0.656446 0.482350 233 187 151
-0.329696 -0.809939 -0.271738 9 8 6
0.200863 0.863735 0.704391 240 195 167
0.795049 -0.396844 -0.476419 214 165 124
0.253499 -0.396302 -0.066233 13 8 8
-0.889946 -0.380199 -0.475180 147 108 77
-0.129827 0.545932 0.125940 183 133 98
0.522222 -0.000454 -0.183290 228 196 170
-0.213476 -0.781034 -0.192508 12 10 9
-0.527912 -0.204055 -0.114809 14 10 8
-0.847955 -0.157943 -0.283412 176 130 94
0.700879 -0.663377 -0.532446 223 171 135
0.449997 -0.502177 -0.159216 12 9 8
0.429996 0.127226 -0.167359 9 8 5
0.761014 0.042608 -0.232399 236 194 152
0.744633 0.016852 -0.224217 236 195 155
0.029195 0.567694 0.549471 209 163 138
0.716615 0.045891 -0.208718 241 200 160
0.392817 1.022598 0.488397 102 75 59
-0.465780 -0.669006 -0.252067 12 8 7
0.052156 0.285015 0.030946 219 174 138
0.294975 0.324477 -0.143777 223 179 138
-0.495312 -0.145690 -0.085135 14 10 8
0.039076 0.215401 -0.032426 229 186 145
-0.143931 0.887542 0.616355 198 158 132
0.351044 1.049922 0.578446 147 119 92
-0.823336 -0.182538 -0.259376 198 152 116
0.774201 0.026313 -0.243129 232 189 147
-0.273329 -0.315697 -0.040500 11 8 7
-0.509315 0.064079 -0.100925 239 197 157
0.240517 0.626158 0.515124 227 175 142
0.261065 0.460746 0.285684 215 167 135
0.493682 -0.641794 -0.301709 33 30 27
0.145040 -0.003211 -0.065873 13 10 7
0.221536 -0.772147 -0.193658 18 14 15
-0.062574 0.801199 0.668237 230 187 164
-0.546708 0.153542 -0.114900 241 196 156
0.000184 -0.629269 -0.089245 16 14 13
-0.097174 -0.380884 -0.045379 13 10 9
-0.055647 0.211820 -0.034255 220 174 134
0.461368 -0.822361 -0.507769 28 26 27
0.434027 -0.443243 -0.140715 17 12 11
0.365830 1.134487 0.507735 67 47 32
-0.697562 0.167806 -0.139171 225 176 141
-0.409515 -0.541957 -0.079110 12 10 9
0.022283 0.776549 0.692645 244 199 176
0.069378 0.095106 -0.076972 244 193 150
0.088772 0.168536 -0.064206 235 187 144
-0.166573 -0.603228 -0.047392 17 14 14
-0.335032 -0.008166 -0.068712 9 8 6
0.310523 0.600772 0.399629 211 165 131
0.283013 -0.844083 -0.321918 10 9 7
0.103758 0.631445 0.578136 219 171 140
-0.695199 -0.486140 -0.354155 217 171 136
0.825563 -0.040954 -0.330072 215 172 129
0.160416 -0.155724 -0.068405 11 10 8
0.082650 0.455436 0.577901 191 140 123
-0.177696 0.681674 0.270653 184 136 110
0.291505 1.166087 0.578329 88 75 64
0.285404 -0.701872 -0.127025 21 17 18
0.296707 0.528195 0.248072 189 146 113
0.278612 0.436294 -0.101007 214 165 121
-0.651138 -0.100723 -0.143713 232 191 148
-0.626132 0.003399 -0.106415 235 195 151
0.216310 -0.246283 -0.069918 12 10 8
-0.508420 0.117576 -0.108023 238 194 158
-0.780291 -0.348433 -0.314247 213 171 135
0.547924 -0.337444 -0.283487 21 16 13
0.409502 0.975384 0.402347 84 66 50
-0.037490 0.293569 0.020065 228 186 147
0.343438 0.146719 -0.137387 11 9 5
0.033144 0.377385 0.383670 202 157 135
0.351569 0.739464 0.196548 229 186 151
0.537689 0.091536 -0.197665 229 186 152
0.634444 0.243232 -0.298496 206 159 122
0.500515 -0.783882 -0.543073 35 30 22
0.567752 -0.284399 -0.269147 100 75 55
0.299251 0.978215 0.669805 164 131 105
-0.807646 -0.333883 -0.324155 203 160 125
0.293392 0.564291 0.403020 219 171 144
-0.287396 -0.016845 -0.060106 9 8 5
-0.544960 -0.345271 -0.212879 5 3 1
0.008862 0.430992 0.422988 99 28 25
0.387821 -0.427736 -0.109542 13 9 7
0.465521 -0.332076 -0.150077 14 11 9
-0.102006 -0.503243 -0.044363 13 11 9
-0.042120 0.684709 0.589429 193 144 113
-0.540221 -0.622756 -0.381118 15 9 8
-0.637926 0.054154 -0.097350 241 199 157
-0.873873 -0.364832 -0.428736 154 115 86
0.587677 -0.276692 -0.274683 191 144 101
-0.181184 -0.828766 -0.227122 15 11 10
-0.156395 0.765881 0.530487 191 153 131
-0.001057 0.435766 0.408768 82 15 14
0.169927 0.409452 0.101964 225 185 148
0.502005 -0.547023 -0.238926 15 10 7
-0.000746 -0.124331 -0.054291 14 11 9
0.479643 -0.132639 -0.142569 16 12 9
0.633543 -0.765526 -0.537767 219 170 137
0.173700 -0.304283 -0.064886 14 11 9
-0.837328 -0.272268 -0.317348 189 146 114
-0.362565 -0.576590 -0.062644 15 14 14
-0.048838 -0.014501 -0.042755 16 11 9
0.054992 -0.321954 -0.057496 13 10 9
-0.663959 -0.194050 -0.178626 226 184 142
-0.233067 0.914710 0.312082 91 64 47
0.043094 0.296361 0.043275 224 180 144
0.414338 -0.691249 -0.218471 16 14 12
0.350538 1.067718 0.568401 124 98 75
0.397062 0.861093 0.327108 120 89 69
0.111364 -0.176783 -0.065262 11 10 8
0.314508 1.149673 0.566580 74 59 48
0.035020 -0.735662 -0.163082 15 14 14
0.826855 0.015864 -0.328429 210 167 125
0.338715 0.693354 0.276848 199 153 123
-0.712404 -0.370377 -0.291902 216 173 138
-0.717382 -0.407679 -0.316020 217 174 139
0.439527 0.861604 0.251382 230 168 134
0.005443 -0.737146 -0.165282 16 13 13
0.517400 -0.777873 -0.543538 39 31 21
0.666767 -0.283238 -0.317455 229 186 143
0.022936 -0.415880 -0.051717 14 10 9
-0.259738 0.038972 -0.060294 11 9 7
-0.409524 -0.674317 -0.155559 20 19 18
0.098333 0.421060 0.450869 175 84 81
0.412830 0.849434 0.262042 157 75 47
0.605095 -0.538437 -0.420897 197 150 116
-0.084592 0.531480 0.443465 216 165 139
0.529607 -0.546503 -0.370510 23 20 21
0.240460 -0.433398 -0.062178 14 11 9
-0.605578 -0.067532 -0.122510 237 196 152
0.385210 0.245739 -0.202461 30 24 22
-0.812722 -0.271190 -0.292094 201 158 126
-0.352197 -0.364320 -0.049020 12 9 7
0.364636 0.792201 0.370957 175 140 114
-0.115283 -0.554813 -0.048150 12 10 10
0.278054 0.860713 0.653366 233 189 160
0.348094 0.833328 0.511339 207 167 135
-0.510907 -0.296652 -0.142896 13 7 6
-0.144542 0.771801 0.573226 192 151 130
0.296177 0.682074 0.496336 220 174 142
0.256812 0.041214 -0.091377 13 11 8
0.258129 -0.235794 -0.073699 13 12 10
-0.424565 -0.655496 -0.156515 22 18 17
0.400299 -0.219933 -0.109135 12 10 8
0.067178 -0.049811 -0.058813 15 13 11
-0.618119 0.147566 -0.112583 241 192 153
0.217293 0.464928 0.127646 199 161 128
0.778728 0.057771 -0.245232 228 184 143
0.035035 0.404456 0.419397 197 97 89
0.370450 1.071886 0.531102 85 63 43
0.236401 -0.487931 -0.058067 15 12 11
-0.619578 0.171449 -0.122803 237 188 148
0.324093 1.135588 0.565649 103 89 74
0.190882 0.434600 0.116233 210 168 134
0.013675 -0.184877 -0.057246 11 10 8
-0.150912 -0.449873 -0.033956 13 10 9
-0.174491 -0.287041 -0.043546 14 12 10
0.372788 0.975608 0.538293 169 132 106
0.120680 0.494074 0.493317 214 159 139
-0.443824 -0.292720 -0.081857 13 10 8
0.482336 -0.168192 -0.144084 11 9 7
0.231500 -0.340750 -0.065034 15 11 10
0.176669 -0.739195 -0.155597 17 14 13
0.526167 -0.375687 -0.249234 21 19 17
0.154407 0.309986 0.012682 231 192 152
0.306602 -0.548112 -0.072713 13 11 10
-0.101489 -0.297484 -0.048773 11 10 8
-0.353965 -0.238405 -0.048951 11 9 7
-0.338691 -0.231762 -0.047037 12 10 7
0.133404 -0.475374 -0.055430 14 10 9
-0.077192 0.439240 0.322025 184 141 124
-0.117846 1.109182 0.591608 104 81 60
-0.215534 0.857162 0.266737 165 100 83
-0.069161 -0.309429 -0.050102 14 11 9
-0.434678 -0.427541 -0.087562 12 10 8
-0.140131 0.803036 0.596559 201 160 136
0.148599 0.385191 0.094918 231 192 153
-0.713931 0.185041 -0.161742 218 163 129
0.547198 -0.402585 -0.333457 11 7 5
-0.778168 0.059608 -0.162402 202 156 126
-0.217445 0.847871 0.367446 93 65 45
0.643976 0.192306 -0.246781 229 182 140
0.024053 -0.506191 -0.058129 14 12 11
0.084079 0.683455 0.648355 232 188 162
0.736775 0.071423 -0.218359 236 193 152
-0.170627 0.617921 0.316093 190 144 121
0.327923 0.719880 0.456543 222 176 143
0.036898 -0.747895 -0.175214 12 12 11
0.411779 1.029132 0.396290 65 53 40
-0.231915 0.962227 0.361743 64 46 31
0.199806 0.415030 0.343384 229 187 159
-0.112059 1.064874 0.622159 116 89 64
-0.122361 0.710444 0.567210 181 136 115
0.304900 0.632811 0.453372 227 175 140
-0.104884 0.574587 0.467385 221 169 141
-0.113229 -0.775753 -0.184219 11 10 9
-0.480539 0.242411 -0.148929 17 13 11
-0.599607 -0.492249 -0.344124 140 108 87
0.302300 0.601034 0.434106 226 177 145
0.718286 -0.400227 -0.419203 221 175 135
-0.490010 0.134642 -0.105260 109 79 59
-0.768022 0.151147 -0.198653 191 144 110
0.229203 0.668741 0.545724 102 97 91
0.137200 -0.220245 -0.067268 12 11 9
0.099651 0.899441 0.733352 246 196 170
0.466678 -0.794121 -0.503566 30 28 29
0.395836 0.943296 0.449026 110 83 62
-0.105310 0.346324 0.016359 199 160 123
-0.239580 0.060731 -0.053378 11 10 8
0.185893 0.285707 -0.028132 228 188 147
0.228758 -0.220324 -0.071720 13 11 10
-0.069697 0.420089 0.307987 185 147 128
-0.106627 0.392462 0.043122 190 150 115
0.221614 0.403121 0.273917 214 167 139
-0.245176 -0.161193 -0.045237 11 9 7
0.012641 0.093604 -0.073270 234 182 137
0.714772 -0.383717 -0.406626 223 176 137
0.289149 0.509212 0.274601 204 158 127
0.524247 0.117348 -0.199776 31 24 22
-0.528749 -0.432587 -0.215657 7 5 5
-0.495324 -0.127621 -0.082239 16 11 9
0.404873 -0.628722 -0.148879 18 13 10
-0.750070 -0.496246 -0.374934 215 168 132
-0.463227 -0.490654 -0.122996 11 10 8
0.387019 0.837022 0.243846 181 121 105
0.063555 -0.749208 -0.175527 17 14 14
0.364267 -0.632626 -0.118888 22 17 16
0.593890 -0.739550 -0.500014 201 155 127
-0.337876 -0.174180 -0.048559 11 9 6
0.694004 -0.453890 -0.432443 223 175 135
0.488796 -0.016500 -0.157194 17 14 11
-0.482782 0.164242 -0.106016 26 16 11
0.479124 -0.550166 -0.201664 15 9 9
-0.419783 -0.776221 -0.321356 19 13 13
0.183785 -0.832537 -0.269917 14 13 11
0.426151 -0.415961 -0.133107 14 12 10
0.656707 0.107818 -0.209217 233 188 146
0.242075 0.683765 0.578585 167 114 87
0.224582 0.843926 0.687233 237 190 161
0.472951 -0.491676 -0.183922 14 11 9
0.791545 -0.334203 -0.433437 214 168 126
0.329227 -0.743427 -0.202678 21 18 18
0.133889 0.313016 0.287262 180 133 111
-0.444876 -0.586272 -0.125641 26 26 26
0.141855 0.482442 0.470400 237 190 162
-0.083166 0.425454 0.279668 186 144 124
0.569073 -0.178326 -0.203386 230 184 136
-0.032893 0.796743 0.681887 234 192 168
0.083149 0.523047 0.590121 247 196 174
-0.286913 -0.240378 -0.043506 11 9 7
0.136338 0.692547 0.653573 231 187 162
-0.734898 -0.264636 -0.239170 219 178 143
0.496953 -0.672918 -0.400948 38 30 28
-0.622165 -0.279468 -0.212622 219 175 133
-0.230932 0.928699 0.351003 70 53 39
0.415965 0.942926 0.331433 81 62 47
-0.080321 0.385126 0.059652 186 147 113
0.107208 0.379136 0.386066 216 166 141
-0.352612 -0.047160 -0.064372 9 8 6
0.555096 0.086890 -0.198877 237 194 153
-0.206463 0.882776 0.433668 123 93 73
-0.022003 0.235331 -0.014971 234 191 148
-0.162042 0.604350 0.087619 189 137 104
-0.501868 -0.545464 -0.201467 8 7 5
0.632522 -0.173617 -0.252653 234 188 143
0.400394 -0.661115 -0.168775 18 16 16
-0.229498 -0.197412 -0.044406 11 10 8
0.545432 -0.511592 -0.404293 28 22 21
0.750276 -0.483308 -0.488057 219 168 128
0.526431 -0.496555 -0.310032 20 11 12
-0.445027 0.114254 -0.092504 10 8 6
-0.077156 0.883267 0.681523 223 178 150
-0.099653 1.138955 0.582282 67 52 36
0.413798 0.979513 0.384062 94 73 58
0.336020 0.922408 0.600283 222 183 156
-0.583089 -0.772852 -0.323438 167 130 104
0.013198 -0.914656 -0.291113 24 20 21
0.721600 0.015410 -0.215303 241 201 162
-0.224647 0.243310 -0.105513 228 181 139
-0.826562 0.011367 -0.248732 171 124 91
-0.343285 0.256642 -0.140159 5 4 2
0.194633 -0.584244 -0.063957 19 14 14
-0.343620 0.086149 -0.084227 8 8 5
-0.377179 -0.372589 -0.055954 13 9 7
-0.204304 0.798030 0.340082 144 105 85
0.191982 0.919870 0.714728 239 192 163
-0.749557 -0.009999 -0.147612 219 176 135
-0.145401 1.000386 0.619615 163 128 102
-0.022237 0.277549 0.012974 233 192 150
0.155061 0.839493 0.713134 246 203 177
-0.463406 -0.712277 -0.295152 35 33 34
-0.403060 -0.280367 -0.061825 13 10 8
-0.535956 0.040817 -0.101110 239 200 157
0.065711 0.056064 -0.060458 238 190 148
-0.265809 -0.744918 -0.154159 14 13 11
0.106516 -0.002422 -0.058659 13 10 7
0.230539 0.347001 -0.022340 220 178 138
0.087807 -0.872261 -0.276219 9 8 6
-0.836985 -0.080520 -0.255675 179 132 98
0.309028 -0.272485 -0.080220 13 10 8
-0.293787 -0.743666 -0.165785 28 24 23
-0.124762 -0.379734 -0.041616 15 12 11
-0.025145 -0.474696 -0.053296 13 12 10
-0.609623 -0.641548 -0.449835 129 98 84
-0.366234 0.057671 -0.081738 9 8 6
0.222905 0.697962 0.619759 152 116 94
-0.352045 0.198310 -0.117960 6 4 2
-0.267389 0.077074 -0.061923 10 9 7
-0.444121 -0.337965 -0.090110 13 9 7
-0.240400 0.747126 0.193398 209 142 123
-0.639012 0.087087 -0.096702 243 201 161
0.506550 -0.634741 -0.366809 38 32 29
-0.154566 0.246923 -0.070538 213 168 128
0.272873 0.492467 -0.036595 196 152 111
-0.012631 0.732939 0.669738 242 199 176
-0.495845 -0.629988 -0.276446 15 11 10
0.242287 -0.789455 -0.231751 20 16 17
-0.388188 -0.636506 -0.103672 16 14 13
-0.604476 -0.118670 -0.131659 234 192 149
-0.760993 -0.370941 -0.315876 213 170 137
-0.191732 -0.804001 -0.208948 9 8 7
0.001976 -0.005138 -0.046227 14 10 7
0.274211 0.296075 -0.127596 226 183 142
-0.028086 0.417754 0.138058 162 124 95
-0.752379 -0.360227 -0.304760 215 173 139
0.362781 0.251724 -0.184639 23 18 13
0.007267 0.381864 0.119597 153 119 92
-0.176695 1.095851 0.528336 61 42 26
-0.802164 -0.320689 -0.311774 207 165 130
0.246543 0.282961 -0.097131 220 178 138
0.002240 0.402888 0.144598 133 95 71
0.166624 -0.468900 -0.055306 14 11 10
0.298936 0.211274 -0.139459 225 182 146
-0.379484 -0.658226 -0.113138 13 11 9
0.699238 -0.062220 -0.238164 237 196 152
0.153171 0.340152 0.040931 233 194 155
-0.174596 0.850998 0.537062 185 147 125
0.478072 -0.044758 -0.147129 16 13 10
-0.470010 0.196678 -0.118562 18 14 11
-0.002902 0.805046 0.696855 244 200 174
-0.798778 -0.295813 -0.294991 207 168 132
0.238678 -0.836513 -0.295375 10 10 8
0.284791 0.206547 -0.133108 227 183 142
0.309483 0.186824 -0.135189 19 14 10
0.531475 -0.748956 -0.518944 92 74 59
-0.083281 1.037846 0.660991 115 85 64
0.120276 -0.796361 -0.218832 14 12 10
0.227775 -0.736729 -0.151612 19 17 17
-0.033859 0.480189 0.443887 224 174 147
-0.163670 -0.634074 -0.058166 16 13 13
0.399777 0.937060 0.412218 115 90 70
0.067898 -0.147562 -0.060730 12 9 8
-0.687213 0.080385 -0.100639 242 200 160
-0.075433 -0.518601 -0.051053 13 10 9
0.426477 -0.721407 -0.282578 29 25 24
-0.221246 0.749900 0.221882 210 143 116
0.137346 -0.737996 -0.153760 16 15 15
0.424094 -0.706434 -0.253085 28 24 22
-0.614946 0.065798 -0.097433 240 198 156
0.558079 -0.687562 -0.467143 158 124 102
0.633681 -0.017399 -0.207208 239 200 159
-0.425647 0.316472 -0.231338 16 13 14
-0.354347 -0.625214 -0.078590 15 13 14
-0.177685 0.673053 0.295498 187 140 114
0.361377 0.806080 0.407142 199 162 135
0.196114 0.389591 0.312205 227 183 154
0.060352 -0.679976 -0.117154 21 19 20
0.469441 -0.735994 -0.435718 33 26 25
0.721275 -0.551617 -0.502232 222 170 132
-0.129349 -0.481389 -0.037432 11 10 8
0.611698 -0.780897 -0.537470 212 164 133
0.184721 0.686427 0.619658 152 110 89
0.113606 -0.066755 -0.064383 14 12 9
0.111239 0.419348 0.429309 151 57 57
0.257657 0.762747 0.631624 234 188 162
-0.486570 -0.455875 -0.157231 8 8 8
0.403242 1.009507 0.459749 101 76 59
-0.018529 0.670327 0.567347 117 90 83
-0.799149 -0.065364 -0.204455 210 162 123
0.209911 -0.293852 -0.067033 13 11 9
0.320720 0.894090 0.615156 228 187 159
0.180783 0.648597 0.539282 176 128 108
-0.527612 -0.490442 -0.232612 7 6 4
0.202054 0.378626 0.268504 202 158 131
0.767483 0.133177 -0.271828 222 176 138
0.086375 0.842570 0.724382 246 202 175
-0.223064 -0.063167 -0.049773 10 9 7
-0.178001 0.751292 0.442627 209 165 140
-0.887589 -0.448884 -0.474490 160 123 92
0.234725 0.829635 0.674881 235 188 158
0.246900 0.516786 0.428444 234 188 161
-0.427504 0.017333 -0.076708 10 9 6
-0.067226 0.767767 0.656904 229 185 164
-0.228508 -0.255690 -0.042216 13 10 8
-0.512781 -0.078240 -0.094211 178 139 105
-0.307527 -0.182919 -0.046424 11 9 7
-0.595826 0.083742 -0.099895 239 197 156
0.050315 0.683172 0.646601 217 175 152
-0.348799 -0.140259 -0.052746 10 7 5
-0.527896 -0.602783 -0.327428 8 4 3
-0.273688 0.896277 0.226913 216 146 122
-0.895520 -0.522209 -0.511350 200 147 111
0.247356 0.810177 0.657960 235 188 159
0.269429 0.464375 -0.022804 205 160 118
-0.321170 -0.543263 -0.041340 13 10 9
-0.218413 -0.808660 -0.220319 8 6 5
0.232499 0.130292 -0.091889 223 176 141
-0.294028 -0.204375 -0.044819 12 11 9
0.660553 -0.066294 -0.229759 239 198 154
-0.451104 -0.705099 -0.268513 10 9 7
0.353815 0.126208 -0.135462 10 9 5
0.309782 0.662160 0.458404 229 182 144
0.380230 1.051846 0.521630 110 82 61
-0.062571 0.022484 -0.033254 17 12 10
0.389672 0.903253 0.420919 153 119 97
-0.286006 -0.559995 -0.035397 14 11 9
-0.523127 -0.505470 -0.229041 7 6 4
-0.320162 -0.146562 -0.049584 11 9 7
0.337405 0.054033 -0.117222 11 9 6
-0.810050 -0.010882 -0.208862 191 143 109
-0.094644 -0.439859 -0.044011 13 10 9
-0.024673 -0.311189 -0.051601 13 12 10
-0.117700 0.368597 0.017962 193 153 116
0.536507 -0.328322 -0.250913 25 22 20
0.126487 -0.379742 -0.056867 14 11 9
-0.728681 0.158663 -0.152484 212 160 127
-0.357059 -0.545057 -0.053477 15 11 10
0.156570 0.681825 0.631198 148 111 88
0.074077 0.615102 0.586549 248 200 171
-0.582500 -0.134688 -0.125029 232 189 146
-0.543758 0.240785 -0.163371 233 181 144
-0.313480 0.120362 -0.080818 7 6 5
0.274811 -0.790973 -0.246296 15 12 11
0.145338 -0.038272 -0.067370 14 10 7
0.541926 -0.249421 -0.198061 24 15 13
-0.038440 0.749508 0.667253 240 194 172
0.271433 -0.153921 -0.080606 10 9 7
0.116269 0.656369 0.583473 196 150 120
0.538258 -0.364919 -0.276390 25 19 19
0.364000 -0.429388 -0.096363 13 11 9
0.460123 -0.230569 -0.139237 11 10 8
-0.518574 -0.443358 -0.205684 6 3 3
-0.093939 0.132321 -0.056757 243 189 147
0.741320 -0.570128 -0.524149 225 170 132
0.626437 -0.340630 -0.327354 212 168 129
-0.720576 -0.169828 -0.191494 226 182 142
0.595522 -0.704820 -0.475711 205 159 131
-0.624194 -0.038336 -0.118384 234 193 149
-0.587185 -0.535568 -0.390478 89 67 53
0.312947 0.601115 0.378854 201 155 123
0.011451 0.517460 0.490470 168 116 96
0.120436 0.617994 0.557562 225 178 147
0.209270 0.457456 0.395319 230 185 159
0.653901 -0.358550 -0.349199 223 178 137
-0.384575 -0.313919 -0.057711 12 9 7
0.063579 -0.303185 -0.059592 12 10 9
-0.715784 -0.498554 -0.365831 217 172 138
0.325487 0.767435 0.508346 217 174 147
-0.134817 0.451287 0.043607 184 140 103
0.611327 0.239760 -0.278823 219 171 140
0.139817 -0.423743 -0.054345 14 10 9
0.284320 -0.719530 -0.142355 21 19 17
0.322523 0.635849 0.328189 198 157 125
0.421669 -0.375676 -0.126807 14 12 10
0.382297 0.815884 0.291910 178 134 108
0.088332 -0.889131 -0.288712 10 8 6
-0.173886 0.661018 0.413355 186 137 112
0.506126 -0.642557 -0.392496 32 28 26
0.079995 1.064135 0.709130 60 43 22
0.099028 -0.555904 -0.062505 16 12 12
-0.608139 -0.500914 -0.355669 150 116 92
0.454249 -0.064602 -0.136709 11 9 6
-0.132726 0.041053 -0.030090 15 11 7
0.071454 0.781446 0.702050 246 201 175
-0.020115 0.511039 0.469533 228 175 148
-0.253457 -0.621512 -0.046356 19 15 15
-0.858975 -0.392988 -0.409997 166 127 96
0.291374 0.337738 -0.136185 224 180 139
0.280241 0.575538 0.452657 232 181 151
0.210209 -0.815618 -0.261258 12 12 11
0.177797 -0.575979 -0.062807 18 14 14
0.776237 -0.006832 -0.252061 229 186 145
0.746787 0.100614 -0.230912 232 188 147
-0.247522 -0.372224 -0.035225 11 9 7
-0.146880 0.421101 -0.000060 178 133 97
-0.236808 0.341794 -0.129885 207 159 118
-0.357002 0.356372 -0.223870 13 12 9
0.032175 -0.571698 -0.068638 15 12 12
-0.510701 -0.330546 -0.157494 8 5 4
-0.134158 0.539811 0.346082 196 152 129
0.458274 -0.117140 -0.135436 11 10 6
0.721241 0.120315 -0.228479 231 186 144
-0.736661 0.108928 -0.131763 218 169 135
-0.194193 0.806252 0.408709 183 146 123
0.398175 0.967251 0.463640 121 93 71
-0.047588 0.035662 -0.035106 124 106 95
0.431687 0.162406 -0.180613 10 8 5
-0.546737 -0.821501 -0.256101 155 115 89
0.408401 -0.399442 -0.120598 15 12 9
0.313435 0.614267 0.414517 215 166 132
0.210066 0.783431 0.670814 238 191 166
0.463533 -0.733240 -0.403897 29 21 19
-0.094223 0.064943 -0.036721 238 186 151
-0.478658 -0.674240 -0.286713 10 8 9
-0.226664 0.390378 -0.146653 193 144 101
-0.597209 -0.053351 -0.118195 237 197 153
0.378368 0.893870 0.464522 153 118 97
-0.453033 -0.208187 -0.075210 13 10 8
-0.419693 -0.202721 -0.064712 14 10 9
-0.591759 -0.364495 -0.261804 190 149 111
-0.136305 -0.031468 -0.044620 12 10 7
0.254459 0.929826 0.693330 220 169 143
-0.499288 0.105327 -0.104652 228 188 157
-0.899690 -0.409734 -0.510296 144 107 79
0.173648 0.869134 0.715738 243 199 173
0.151111 0.440911 0.410376 170 84 79
0.593771 -0.649612 -0.450147 198 152 123
0.787655 0.087763 -0.264599 221 178 137
-0.319881 -0.335320 -0.043510 14 11 9
0.087318 0.333088 0.351605 235 180 155
0.185684 0.482444 0.443584 234 188 158
-0.037741 0.450218 0.403445 203 159 135
-0.186890 0.833576 0.464681 187 147 123
-0.508315 -0.555410 -0.221112 6 4 4
0.425521 -0.104642 -0.125074 10 9 6
0.232341 0.401807 0.019862 224 183 139
-0.240483 0.810049 0.204560 170 105 86
-0.053161 -0.822994 -0.220850 8 7 6
-0.099774 1.054398 0.638374 136 104 83
-0.199590 0.894609 0.485884 143 112 92
0.632962 -0.636633 -0.458231 219 169 132
0.502450 -0.455103 -0.218380 14 10 9
0.001932 1.088644 0.677583 60 43 27
-0.176745 -0.485242 -0.030741 12 11 9
0.365129 -0.831504 -0.355690 11 9 8
-0.321726 -0.562289 -0.044536 14 12 11
0.174165 -0.725088 -0.142297 16 13 14
-0.830745 -0.348260 -0.353116 192 154 120
0.547375 -0.708077 -0.485781 137 108 87
-0.092712 0.442870 0.287283 188 143 122
0.734437 -0.500924 -0.486110 219 168 129
-0.836287 -0.143635 -0.263245 189 143 110
0.045216 -0.377933 -0.053002 16 13 12
-0.203388 0.855044 0.418192 140 107 88
0.041434 0.261672 0.006529 227 184 145
-0.155873 1.046399 0.593118 143 111 87
-0.096206 0.845470 0.656401 224 181 154
0.275599 0.451486 -0.082891 214 165 122
-0.557840 -0.466713 -0.274585 5 2 1
0.284989 0.394536 -0.119115 220 171 127
-0.132158 0.365950 -0.004943 190 147 112
0.272585 -0.019940 -0.090081 11 10 6
0.242985 0.901994 0.691919 237 190 161
-0.181842 0.421692 -0.087102 191 143 102
-0.575699 -0.081758 -0.116975 237 196 152
0.524201 -0.284638 -0.196260 20 14 11
-0.757807 0.138042 -0.168641 203 154 120
0.152331 -0.718135 -0.139375 17 16 14
-0.152439 0.681265 0.478010 206 158 129
-0.228565 -0.576997 -0.033123 15 12 11
0.672162 -0.479814 -0.430172 222 173 133
0.263897 0.415333 -0.053488 205 160 116
0.426158 -0.673699 -0.213406 23 19 18
0.645205 -0.521974 -0.431287 220 169 130
-0.419259 -0.117915 -0.066699 13 11 9
-0.205132 0.890983 0.451829 132 103 82
-0.173850 -0.676387 -0.080733 21 19 19
-0.564434 0.164088 -0.118555 243 198 157
-0.229695 0.996683 0.383021 45 27 16
-0.260254 -0.528677 -0.027257 13 11 10
0.455834 -0.359513 -0.147897 15 11 9
-0.089288 0.997835 0.673066 175 137 114
-0.001685 -0.692535 -0.124300 26 22 24
0.403582 -0.136715 -0.114451 12 10 7
-0.456103 0.249937 -0.163039 11 8 6
-0.079460 -0.773569 -0.185070 11 9 9
0.010693 0.689608 0.643027 138 97 71
-0.610532 -0.539586 -0.394033 135 106 85
-0.065343 -0.505170 -0.050733 13 12 10
0.254354 -0.684621 -0.108399 22 19 19
0.177155 0.102236 -0.077154 238 190 147
0.357275 0.756662 0.315816 188 136 109
0.441445 0.325196 -0.313670 32 30 30
-0.221386 1.036849 0.427093 44 24 9
0.121754 0.308572 0.029164 229 187 150
0.615368 -0.263602 -0.279500 218 171 125
0.294148 0.842825 0.629994 231 190 160
-0.430366 -0.268567 -0.071416 14 9 7
0.472412 -0.746848 -0.470498 34 28 28
0.061368 -0.814456 -0.227072 11 10 8
-0.207674 0.959817 0.486912 94 69 48
0.350612 -0.801239 -0.311812 14 11 9
0.374848 0.809066 0.351068 155 121 96
-0.134610 0.689927 0.509534 212 168 136
0.408733 0.245741 -0.218680 32 25 24
-0.040541 -0.661440 -0.103198 20 18 19
-0.210410 0.787273 0.269838 228 170 138
-0.104783 -0.835301 -0.224445 9 8 6
0.342994 1.039317 0.598057 140 113 89
0.284800 0.053645 -0.101284 12 10 7
0.530720 -0.448866 -0.301669 22 15 13
-0.543322 -0.396271 -0.224481 4 2 2
0.211833 -0.879878 -0.320307 11 10 8
-0.167286 0.473438 -0.066898 190 140 100
0.426123 0.218441 -0.208361 13 10 7
0.313472 -0.696766 -0.133288 22 20 19
-0.137374 0.738519 0.576594 190 150 132
0.089391 0.392853 0.147726 125 93 70
0.092899 0.614015 0.584981 235 187 161
-0.251035 -0.062870 -0.051869 9 8 6
-0.144557 -0.488289 -0.035025 14 11 9
0.256316 0.283258 -0.109558 220 178 136
-0.026494 0.837686 0.698044 235 193 166
0.549069 -0.281631 -0.234912 24 20 19
0.481178 -0.264800 -0.153076 12 11 7
0.502474 -0.615378 -0.292949 25 24 22
0.312621 0.784551 0.570143 225 182 156
0.743168 -0.332606 -0.396988 223 178 137
-0.058529 -0.162633 -0.052417 11 10 8
-0.598077 0.125656 -0.106312 239 195 153
0.222479 0.326741 -0.028463 223 182 143
0.012972 0.405797 0.399279 182 121 103
0.618389 -0.053719 -0.214773 240 200 158
0.310126 0.565109 0.249673 193 151 121
0.266401 -0.356962 -0.069802 13 10 9
0.154208 -0.099015 -0.068052 13 10 8
-0.570346 -0.278996 -0.200730 162 122 83
0.014936 -0.115762 -0.055409 13 12 9
0.266564 -0.037418 -0.087318 11 9 7
0.277489 0.978299 0.685021 148 114 90
-0.062620 -0.562065 -0.060154 15 11 11
0.262328 -0.422763 -0.067067 15 12 11
0.333006 0.861709 0.582352 217 178 149
-0.408780 0.230203 -0.148332 8 5 4
-0.851020 -0.201685 -0.303410 177 133 102
0.538398 -0.610376 -0.450117 66 49 37
0.344994 0.714607 0.281177 194 147 119
0.561007 -0.662994 -0.457574 159 122 100
-0.576891 0.008891 -0.104366 237 197 154
0.403304 0.976986 0.433234 80 59 41
0.108646 0.851512 0.723970 247 202 174
-0.689197 0.217356 -0.176713 217 161 126
-0.076665 0.329612 0.028127 214 172 134
-0.546060 -0.436205 -0.244387 6 5 3
-0.714240 -0.311553 -0.255416 217 176 140
-0.587154 -0.017732 -0.109498 238 197 153
-0.625637 -0.023059 -0.114112 235 195 151
-0.121252 -0.110121 -0.049301 12 11 8
-0.468908 -0.378516 -0.120195 10 9 8
0.284716 0.687658 0.515306 188 139 109
0.692972 -0.434528 -0.420711 221 175 136
-0.456231 0.239146 -0.151674 9 7 4
0.136730 -0.616899 -0.076046 14 11 10
-0.059162 0.480381 0.417740 197 150 127
0.364350 0.780555 0.291692 181 138 110
-0.099265 0.522001 0.404038 195 149 129
-0.300608 -0.093907 -0.053107 8 7 5
0.598410 0.124108 -0.211730 236 192 151
0.476795 -0.101668 -0.142640 12 10 7
-0.854446 -0.055064 -0.306795 165 120 89
-0.078714 0.464311 0.137464 168 128 96
0.502709 -0.411559 -0.209219 17 11 12
-0.269663 -0.707068 -0.108471 13 13 11
0.057330 -0.889482 -0.282906 9 8 6
0.266130 -0.729289 -0.147109 19 15 15
-0.116961 0.984776 0.652308 174 130 103
0.078929 0.359010 0.371916 234 184 158
0.385778 -0.868936 -0.400943 10 8 6
0.019751 1.089756 0.683004 54 39 21
0.520838 -0.388130 -0.239880 18 13 12
0.227032 -0.002848 -0.080443 11 10 7
0.130522 0.139072 -0.080091 236 186 145
0.338740 -0.391867 -0.088085 13 11 9
-0.386682 -0.055775 -0.066125 9 8 5
0.306227 0.827160 0.609102 231 193 163
-0.112131 -0.352273 -0.045103 12 10 8
0.778029 -0.203843 -0.344927 227 184 139
0.491312 0.004305 -0.162169 18 14 10
-0.665670 0.164385 -0.124893 234 184 145
0.091319 -0.693650 -0.124706 20 17 17
0.103388 0.470329 0.573618 225 173 156
0.033074 -0.472827 -0.055246 13 10 9
-0.565910 0.257378 -0.184141 229 180 142
-0.393076 0.290528 -0.190243 9 7 5
-0.851555 -0.219879 -0.312639 179 134 104
0.297517 0.569445 0.388861 216 169 140
-0.150303 -0.078953 -0.047371 11 9 8
0.443177 -0.734384 -0.338846 24 20 19
0.459745 -0.692231 -0.297887 25 21 18
0.707130 -0.545927 -0.489572 223 171 133
0.580900 0.097863 -0.203523 237 193 154
-0.212242 0.913647 0.438448 96 71 54
-0.610430 0.034743 -0.101560 238 196 154
-0.053234 1.110858 0.642456 88 70 54
0.275138 -0.711908 -0.132398 21 18 17
0.007698 0.324109 0.260261 131 93 70
0.324340 0.686448 0.445469 221 171 135
0.276146 0.499266 0.218372 174 139 113
0.761210 -0.299536 -0.389002 223 180 137
0.402230 -0.302182 -0.111650 11 10 7
-0.398989 -0.009157 -0.072379 9 8 5
-0.532063 -0.577752 -0.303650 7 6 4
-0.165251 0.791103 0.511245 198 158 133
-0.165148 0.745183 0.478713 205 166 141
0.038834 0.490342 0.563629 205 156 139
0.057095 0.216542 -0.032125 229 186 147
0.674272 -0.543869 -0.462976 223 172 133
0.064325 0.310756 0.058002 225 183 147
0.132257 0.198946 -0.057526 227 184 140
0.565330 -0.077793 -0.196006 241 198 155
0.633101 0.111889 -0.208849 232 185 144
-0.782203 -0.217697 -0.241404 215 172 134
-0.858523 -0.179993 -0.312035 169 125 93
0.529410 0.026328 -0.186969 234 196 161
-0.110032 -0.037480 -0.044947 12 9 7
0.542759 -0.087629 -0.184486 234 191 148
0.183642 0.361919 0.265922 186 145 117
-0.601980 -0.287544 -0.217185 211 168 124
-0.639888 -0.222487 -0.180764 225 182 143
-0.051901 0.833342 0.684684 227 183 158
0.075351 0.069049 -0.066748 239 187 144
-0.360479 0.316534 -0.184902 7 3 3
-0.440075 -0.554096 -0.106786 13 11 10
0.460442 -0.479885 -0.168251 13 10 9
0.104889 -0.427741 -0.054012 13 11 9
-0.604205 0.003468 -0.107178 236 196 152
0.400744 0.912027 0.380135 112 87 67
-0.051317 0.601241 0.510603 241 189 157
-0.867938 -0.308704 -0.397113 153 114 83
-0.316061 -0.203226 -0.045711 13 11 9
0.674247 -0.225359 -0.292319 234 191 148
0.436054 -0.165786 -0.126263 12 10 7
-0.508909 0.167156 -0.119840 237 194 159
-0.331579 0.055667 -0.077534 8 7 5
0.310425 -0.236548 -0.082047 13 11 8
0.250441 -0.816988 -0.279901 13 10 10
-0.303210 -0.031217 -0.060733 9 8 6
0.211200 -0.033497 -0.077197 11 10 6
-0.332422 -0.401039 -0.042439 12 9 8
0.015635 0.538377 0.518326 199 144 124
-0.142267 0.523346 0.080649 191 142 104
-0.172639 -0.013302 -0.044286 10 8 6
0.280088 0.574408 0.094552 218 173 133
-0.766511 -0.239733 -0.243777 218 175 140
0.241401 -0.202561 -0.073597 12 10 8
0.531153 -0.421194 -0.287580 18 14 13
-0.044415 -0.035025 -0.046374 13 9 7
-0.130455 0.577821 0.436856 202 157 134
-0.218762 -0.315054 -0.039688 11 9 7
-0.372482 -0.645710 -0.100290 14 12 12
-0.592080 0.177501 -0.124563 241 193 154
0.120776 -0.832147 -0.251941 11 10 11
-0.241922 0.391345 -0.169384 215 164 118
-0.546429 -0.033996 -0.104963 239 199 156
-0.749092 0.074831 -0.133992 217 172 139
0.299149 0.783504 0.595234 231 188 162
-0.201748 -0.414344 -0.032009 10 8 7
-0.109403 -0.804466 -0.204108 9 8 6
-0.611279 -0.262298 -0.198553 216 171 128
0.505529 -0.493043 -0.228898 14 11 9
-0.373528 0.253925 -0.156503 6 5 3
-0.545710 0.102077 -0.104052 240 197 155
0.439617 -0.533983 -0.152022 16 12 11
-0.456509 -0.532131 -0.120745 8 6 6
0.792949 -0.183356 -0.345649 222 178 134
-0.542467 -0.257983 -0.158872 19 15 12
-0.211848 0.955572 0.468777 95 72 54
-0.166254 0.346783 -0.066578 189 143 105
-0.032613 -0.044445 -0.048548 14 10 7
0.312888 0.323303 -0.168116 226 180 136
0.733649 -0.204301 -0.316300 234 190 148
-0.345411 -0.428885 -0.044876 13 10 9
-0.319602 0.153734 -0.089316 7 5 3
-0.193206 0.431882 -0.120161 209 155 112
-0.649707 0.148163 -0.114512 239 191 151
0.498536 -0.582070 -0.244495 17 13 12
-0.193450 0.764379 0.366117 197 149 123
0.785694 0.026488 -0.254221 227 183 142
0.240613 0.476931 0.086379 223 180 141
-0.119936 0.688285 0.522183 189 145 115
0.073504 0.748938 0.688671 245 201 176
0.793274 -0.466526 -0.515113 210 161 120
-0.198125 0.873718 0.463808 158 126 106
-0.691930 0.042595 -0.103351 237 197 155
-0.248562 -0.118967 -0.047730 9 7 6
0.245666 -0.312993 -0.068226 11 9 6
-0.027696 0.691792 0.617678 145 100 78
0.564823 -0.713403 -0.479335 173 136 111
-0.300930 -0.703566 -0.118984 15 13 13
0.410286 -0.356087 -0.118052 14 11 9
0.272834 -0.744866 -0.171750 19 16 15
-0.171689 -0.503711 -0.031854 12 11 9
-0.443705 -0.628219 -0.155772 17 17 17
0.024105 1.043658 0.711635 73 54 37
-0.531318 -0.621427 -0.357682 11 9 8
-0.173218 0.182984 -0.080362 222 174 134
-0.123400 1.146823 0.559367 87 71 54
0.400867 -0.336571 -0.111980 12 9 7
0.477780 -0.688816 -0.345589 30 22 20
-0.851858 -0.360677 -0.386759 174 133 102
0.270393 0.995996 0.686542 136 106 83
-0.252586 -0.295222 -0.039855 11 9 8
-0.581905 -0.512989 -0.358458 101 77 57
-0.192015 0.739711 0.342704 186 136 111
-0.518372 -0.459366 -0.211196 6 5 4
-0.546606 -0.086625 -0.107049 239 198 154
0.164932 0.724003 0.667466 243 197 173
0.386751 0.034583 -0.129100 9 8 4
0.067653 0.418545 0.456891 162 68 65
0.676392 -0.033476 -0.219334 239 200 158
-0.772308 -0.016439 -0.167839 215 171 129
-0.477341 0.014657 -0.080081 19 14 10
-0.046085 -0.718275 -0.138556 17 16 15
-0.584387 -0.652858 -0.469541 56 36 27
-0.218169 -0.770984 -0.179632 15 11 10
-0.215292 -0.358451 -0.036762 13 9 8
0.233979 0.375471 -0.002829 220 178 136
0.047740 0.095895 -0.079513 243 194 152
-0.533402 0.197946 -0.132733 244 199 162
-0.837673 -0.177298 -0.276506 187 141 105
-0.259134 -0.017071 -0.056116 11 10 8
-0.455494 0.279215 -0.192432 11 7 7
-0.623163 -0.369725 -0.271189 216 173 137
0.767137 -0.475011 -0.496592 219 166 127
-0.556485 0.088670 -0.102449 242 199 157
0.315222 -0.656124 -0.106485 27 24 22
-0.465309 -0.680902 -0.266703 8 7 5
-0.673601 -0.015527 -0.116720 232 193 151
0.322109 0.964030 0.643838 202 162 136
0.356961 0.769614 0.370208 196 153 126
0.609686 0.031291 -0.198514 242 202 161
-0.148168 -0.263075 -0.046186 12 10 8
-0.411977 0.083616 -0.089727 9 8 5
-0.788511 -0.242906 -0.258571 213 173 135
-0.246526 0.013298 -0.055800 10 8 6
-0.137884 -0.796329 -0.197669 8 7 6
0.009764 0.230841 -0.018310 229 186 143
0.135549 0.988178 0.731600 158 122 97
-0.727192 -0.126039 -0.178514 226 183 142
0.047753 -0.099605 -0.058590 12 10 8
-0.470484 -0.645539 -0.233541 11 10 9
-0.088198 0.723781 0.625266 160 116 93
-0.075106 1.074585 0.648029 106 86 67
0.044038 0.428001 0.466914 191 96 90
0.319519 -0.711152 -0.148898 19 16 16
-0.681857 -0.079760 -0.144517 230 189 147
0.553514 -0.398232 -0.356835 51 31 24
-0.481937 -0.696250 -0.313446 11 9 10
0.275517 0.532886 0.058474 218 172 132
-0.413085 0.006175 -0.075494 9 7 5
-0.592075 -0.711014 -0.404056 157 120 99
-0.747643 0.176058 -0.192767 197 146 112
0.335931 0.779807 0.483587 216 173 144
-0.232543 0.953638 0.348109 61 44 33
0.814322 0.083932 -0.319400 212 165 124
0.116049 -0.688329 -0.120202 20 18 17
0.574821 -0.387207 -0.350308 177 139 102
-0.129640 0.665240 0.502286 223 175 141
0.403335 -0.496363 -0.118389 16 12 10
-0.153357 -0.733310 -0.132444 17 12 16
-0.779548 0.098736 -0.174535 196 146 117
-0.585426 -0.466766 -0.315033 130 102 80
-0.378461 -0.750776 -0.235021 25 21 20
-0.138511 0.709516 0.524175 184 143 121
-0.001139 0.359478 0.090765 182 146 112
-0.160359 0.626973 0.111452 191 142 110
0.441664 -0.426993 -0.145206 15 11 9
0.342638 0.179616 -0.148966 13 10 6
-0.785948 -0.380329 -0.335834 210 169 134
-0.635186 0.116085 -0.102435 243 199 160
0.153339 1.057081 0.709361 65 50 32
-0.566141 -0.648206 -0.455710 56 39 31
-0.542221 -0.303215 -0.188031 8 4 2
-0.311813 -0.798052 -0.251704 20 16 15
-0.548015 0.119248 -0.106907 240 196 155
0.027553 -0.037749 -0.053403 14 10 8
0.017349 -0.597154 -0.075461 16 13 13
-0.447154 -0.695109 -0.250880 12 10 11
0.220939 0.590052 0.499262 240 184 152
-0.181586 -0.341804 -0.039156 11 10 8
0.685131 -0.201172 -0.288502 233 190 147
0.368622 0.155627 -0.152226 12 10 7
-0.423672 -0.575159 -0.099214 16 12 13
-0.057950 0.119528 -0.055696 239 185 144
0.656949 0.128551 -0.217523 233 186 144
0.258731 0.688650 0.564884 169 119 92
-0.056162 0.398881 0.087353 184 145 111
-0.797537 0.105153 -0.217048 183 132 100
0.125634 0.364876 0.090088 231 193 157
-0.632288 0.224621 -0.158309 231 174 142
-0.590928 -0.146031 -0.131377 228 185 142
0.021972 -0.677208 -0.115504 20 19 19
-0.200324 -0.761167 -0.166864 12 12 11
-0.494591 -0.233334 -0.101664 15 9 7
-0.045737 0.471293 0.425961 212 164 139
0.268652 -0.113352 -0.083349 11 9 7
0.212002 1.106500 0.663981 70 55 37
0.049861 -0.869307 -0.267833 10 8 6
-0.589750 -0.352096 -0.253288 193 149 108
-0.188690 0.976605 0.535735 132 100 79
0.721792 -0.454820 -0.453143 222 175 135
-0.730323 0.192162 -0.187735 205 152 117
0.383023 0.814324 0.252496 134 64 45
-0.071850 0.298607 0.009913 214 170 133
0.187157 -0.514714 -0.056821 14 11 9
-0.091051 0.164651 -0.061641 239 191 151
0.769895 -0.133174 -0.305293 229 186 141
0.282803 0.563916 0.432023 227 175 146
-0.543766 0.064894 -0.101701 240 198 156
0.486629 -0.721664 -0.484832 25 19 19
0.429037 -0.771474 -0.368647 24 19 23
-0.615458 -0.187626 -0.155854 225 182 140
-0.083170 0.202293 -0.049702 230 185 145
0.411460 0.336584 -0.303393 31 29 30
-0.292195 0.288653 -0.143202 220 173 133
0.390472 1.049036 0.496278 81 59 39
-0.045473 0.235703 -0.020048 227 185 141
-0.165678 0.646440 0.099943 180 133 103
-0.547549 -0.003437 -0.103126 239 200 156
-0.165163 -0.055041 -0.046941 12 11 8
-0.198822 -0.117515 -0.046934 9 8 6
0.244806 -0.641001 -0.084167 28 24 23
0.194125 0.739980 0.664016 237 190 167
-0.412402 0.137877 -0.103513 8 7 5
0.203262 0.390385 0.044367 230 192 150
-0.518699 -0.827272 -0.243962 141 104 78
-0.349308 -0.333377 -0.049113 11 8 6
0.415100 0.849897 0.230154 218 163 137
0.315699 0.807226 0.580366 226 186 158
-0.466879 -0.605643 -0.171442 7 7 6
-0.283080 -0.817859 -0.253488 8 7 5
0.309023 0.984288 0.659652 175 136 109
0.217871 -0.675163 -0.099824 23 20 20
-0.133585 0.531311 0.329809 197 154 131
0.392867 -0.768368 -0.307431 24 18 18
0.700331 -0.178868 -0.287184 235 192 149
0.370242 0.882924 0.493649 172 132 107
-0.015361 0.082523 -0.060956 239 189 148
0.219588 -0.446447 -0.058856 13 10 8
0.260323 -0.338792 -0.069066 12 9 8
-0.029386 0.893248 0.709525 232 182 155
0.733178 -0.361233 -0.406339 223 177 135
0.352571 -0.411149 -0.093102 15 12 10
0.374018 0.009606 -0.121846 13 11 8
-0.349285 -0.771209 -0.248864 15 9 9
-0.704823 -0.115202 -0.165413 227 185 144
0.529529 -0.356336 -0.248575 26 18 17
-0.294014 0.010047 -0.064429 10 9 7
0.332000 0.661908 0.199353 238 193 162
0.084904 -0.054077 -0.061220 13 9 8
0.031968 0.489668 0.538049 188 141 127
-0.213486 0.116205 -0.040588 18 11 7
0.107898 0.818656 0.714728 247 202 174
-0.054462 0.437305 0.132720 169 132 102
-0.182655 1.070809 0.528975 78 56 38
-0.557595 -0.067524 -0.109771 239 199 155
0.281186 -0.084902 -0.087411 13 11 9
0.002987 0.334349 0.319132 195 147 125
-0.045814 -0.314059 -0.050766 12 10 8
-0.005323 -0.426972 -0.051808 13 10 9
-0.493740 0.263330 -0.172372 19 12 12
-0.111020 0.264977 -0.035455 220 176 140
-0.022057 0.405138 0.125418 167 133 105
-0.628901 -0.120580 -0.141728 233 191 148
-0.100860 -0.312446 -0.048339 12 9 8
-0.266028 -0.359806 -0.037128 13 11 9
0.403719 -0.690979 -0.203667 17 12 14
-0.274878 0.264795 -0.125656 225 176 138
0.256027 0.497006 0.373317 225 180 153
0.305604 -0.318978 -0.078884 12 9 7
-0.108118 -0.665565 -0.088693 24 21 22
0.032523 0.892233 0.727770 249 205 178
-0.236876 -0.760110 -0.168256 19 17 16
-0.018494 0.367077 0.331298 205 159 134
0.508316 -0.632026 -0.381427 29 25 22
0.244623 0.506597 0.126323 195 154 121
0.214471 -0.713433 -0.126614 17 14 14
-0.276200 -0.188916 -0.044850 14 12 9
0.591570 -0.379175 -0.342046 192 147 106
0.501477 -0.292502 -0.173656 13 12 10
-0.150323 -0.521580 -0.036648 13 11 10
0.515042 0.155716 -0.206311 15 14 12
0.139485 0.499700 0.474735 235 185 161
-0.413294 -0.746438 -0.270510 16 13 11
-0.535259 -0.332220 -0.191283 5 4 2
0.354099 -0.440287 -0.091729 15 11 10
-0.066267 0.135180 -0.058801 242 190 149
0.154287 -0.276467 -0.066262 12 10 8
-0.204729 0.929779 0.492175 111 81 61
-0.047089 0.700329 0.618544 173 130 108
0.041776 0.319909 0.066159 215 175 139
0.397226 0.879356 0.344373 116 89 70
-0.143418 0.548580 0.098775 194 144 108
-0.170570 0.655663 0.426892 187 139 113
-0.452005 -0.440783 -0.105248 12 10 8
-0.479692 -0.509956 -0.151139 5 4 4
0.248019 0.659168 0.530588 141 100 80
0.100778 0.365343 0.371860 230 179 154
-0.730398 -0.314405 -0.265122 218 176 140
0.400287 1.109808 0.450697 86 65 51
-0.037573 0.378804 0.313686 195 154 134
-0.037766 -0.529879 -0.058384 16 13 12
0.090442 -0.650475 -0.098150 24 20 22
-0.504295 -0.409787 -0.177307 5 4 3
-0.831903 0.015605 -0.271303 170 125 90
0.285405 0.556509 0.048054 206 161 123
0.351172 0.738850 0.336521 201 153 123
0.154269 -0.304289 -0.064353 14 11 10
0.193761 0.444366 0.389873 224 177 149
0.395569 0.984761 0.480594 88 63 41
-0.475018 -0.057454 -0.074805 20 17 13
0.107650 0.873766 0.729412 246 199 172
-0.124992 1.011001 0.639566 160 124 99
-0.237069 0.078521 -0.049871 11 9 6
-0.167846 0.601673 0.292765 189 143 119
0.193203 -0.859648 -0.297582 12 11 9
0.268276 -0.630101 -0.083311 22 19 18
-0.089214 -0.457129 -0.044348 13 10 9
0.446547 0.032657 -0.146156 12 11 7
-0.513396 0.019144 -0.099995 237 198 154
-0.710262 0.172498 -0.148283 220 168 133
-0.507845 -0.518636 -0.204747 5 4 4
-0.754261 -0.303785 -0.271179 217 176 140
-0.157547 0.801525 0.551665 191 153 132
0.072241 0.338428 0.356597 237 184 159
-0.013732 0.692269 0.629967 128 89 67
0.414661 -0.440552 -0.126431 13 10 8
0.526385 -0.404174 -0.263042 22 16 15
-0.123153 0.867192 0.637237 212 172 143
0.301956 0.706810 0.525760 214 173 145
0.469226 0.171232 -0.189129 8 7 4
-0.162839 0.981271 0.594311 142 106 80
0.201445 -0.697717 -0.115065 23 19 18
0.238924 -0.669781 -0.097207 25 23 22
-0.476843 -0.582097 -0.171629 8 8 8
-0.170083 0.092584 -0.034909 225 181 158
-0.128266 0.498099 0.287111 194 149 128
-0.758298 -0.159968 -0.205066 223 178 138
-0.611565 -0.233555 -0.177501 218 176 134
0.058592 0.701570 0.662703 236 193 167
0.415392 -0.568718 -0.134674 13 10 10
-0.159710 0.911366 0.598049 174 133 107
-0.072793 0.238027 -0.028144 222 178 138
0.358881 0.288446 -0.200345 38 33 30
0.059704 -0.917984 -0.300206 10 9 7
0.050143 1.072649 0.700266 66 50 32
-0.189312 0.778244 0.404828 200 154 130
-0.088112 0.517545 0.420595 205 158 136
-0.252763 -0.764105 -0.181545 16 11 11
0.140713 -0.371008 -0.057679 13 10 8
-0.306804 0.356521 -0.197182 220 170 131
0.409905 1.047701 0.432778 80 64 46
-0.219951 0.961064 0.434742 80 60 45
0.219424 -0.143322 -0.074573 12 10 7
0.761672 -0.506916 -0.508475 220 165 126
-0.797374 -0.571069 -0.415730 209 157 120
0.144268 -0.850785 -0.274522 11 10 9
-0.755593 0.150861 -0.176126 203 153 118
-0.077178 -0.713133 -0.126150 23 20 21
0.234611 -0.620444 -0.075016 17 13 13
0.653189 -0.404900 -0.374550 224 177 137
-0.083877 0.428232 0.225883 147 105 78
-0.876149 -0.429880 -0.450230 163 122 91
0.018933 0.167272 -0.063548 232 185 143
-0.550736 -0.632377 -0.412527 58 42 36
0.259370 0.816004 0.651590 234 189 161
0.262361 0.343537 -0.093387 223 179 136
-0.244087 0.876361 0.251823 217 165 141
-0.023170 0.683011 0.593502 95 49 32
-0.073794 0.406689 0.243691 163 119 94
0.409370 -0.850359 -0.414519 12 12 8
0.177951 0.965499 0.721040 193 144 119
-0.238418 -0.643645 -0.053489 15 13 14
0.352568 0.848994 0.516792 207 169 140
0.686665 0.159078 -0.236982 228 182 140
0.538537 -0.543238 -0.411861 32 28 25
0.043063 -0.148168 -0.058105 14 12 10
0.047747 -0.416151 -0.052809 14 10 9
-0.385835 -0.444058 -0.058986 11 9 7
0.498327 0.016831 -0.169717 19 16 13
-0.485885 -0.543332 -0.169936 12 10 11
0.294720 0.530174 0.229747 176 137 108
-0.464395 -0.584335 -0.151906 9 8 7
0.254247 -0.179501 -0.076141 11 9 7
0.362844 -0.713049 -0.187476 17 16 14
0.317219 0.595455 0.245133 200 156 122
-0.366926 0.081361 -0.086814 9 8 6
0.025817 -0.327026 -0.054655 12 10 8
0.204063 -0.789289 -0.225432 17 15 14
-0.168795 0.148175 -0.064932 229 173 136
-0.250189 -0.454730 -0.026373 14 10 9
0.112869 -0.412275 -0.054382 13 10 8
0.325365 -0.581907 -0.084077 17 13 12
-0.116022 0.236587 -0.049777 229 184 144
-0.801987 0.071010 -0.206585 177 129 101
0.097405 0.340820 0.079352 222 183 144
0.414603 0.995387 0.381178 83 64 50
0.346581 0.755316 0.408623 209 159 125
0.231993 0.861293 0.688673 238 191 162
0.264212 -0.738711 -0.159338 19 15 14
0.354574 0.903044 0.552447 192 153 127
-0.029355 -0.845660 -0.239811 8 7 5
-0.643671 -0.082733 -0.135869 230 189 145
-0.468392 -0.206408 -0.081885 15 12 9
0.440111 -0.661235 -0.219333 21 19 18
0.158453 0.407996 0.117121 210 171 136
-0.143476 0.285301 -0.051950 203 160 123
-0.009653 -0.187130 -0.055584 11 9 7
0.108374 -0.192668 -0.065152 12 9 7
0.407672 -0.775061 -0.335077 31 27 29
0.403711 1.047797 0.458024 86 69 49
0.078389 0.718018 0.674986 241 197 171
-0.162083 0.576077 0.259613 179 133 109
0.564547 -0.563081 -0.427994 147 112 86
0.386402 0.732334 0.195951 234 176 148
-0.819627 -0.148068 -0.243966 200 154 118
-0.426084 0.277471 -0.190080 8 7 5
0.031709 -0.057998 -0.055175 13 10 8
0.370750 -0.796990 -0.322714 18 13 12
0.127038 1.081817 0.700782 76 58 35
0.326692 1.009891 0.630092 167 129 103
-0.721776 -0.455696 -0.344677 218 174 139
0.404702 -0.575114 -0.126773 15 11 11
-0.028933 0.016071 -0.037814 17 13 9
0.374034 -0.478195 -0.100194 12 9 8
0.552370 -0.180952 -0.191539 235 188 143
0.506496 -0.616322 -0.320447 28 27 25
-0.858600 -0.219197 -0.326042 168 127 95
-0.655970 0.225034 -0.167089 223 171 136
-0.599783 -0.085192 -0.124287 235 193 150
0.506979 -0.317128 -0.185979 18 16 17
-0.625078 -0.662846 -0.409014 173 134 110
0.735147 -0.376684 -0.417045 222 175 135
0.154494 0.779276 0.691915 244 200 177
-0.104985 -0.529009 -0.046500 14 12 9
0.116482 0.311024 0.315600 217 160 137
0.370745 -0.015751 -0.116807 10 8 5
-0.402491 -0.488004 -0.067946 13 10 8
0.045949 0.626579 0.569728 186 137 108
0.547985 0.027932 -0.191037 239 200 158
0.069849 -0.552004 -0.062367 12 11 9
0.642530 0.217840 -0.263394 227 182 147
-0.182757 0.709235 0.262336 189 141 116
0.332015 0.690516 0.414886 210 158 122
0.096825 -0.040608 -0.062171 15 13 10
-0.154723 0.548256 0.061718 188 137 100
0.475857 -0.575787 -0.204910 16 12 10
0.230400 -0.692346 -0.111291 22 19 20
0.126693 -0.196675 -0.066571 13 11 9
-0.036453 0.319369 0.038090 213 173 135
0.666321 -0.633437 -0.483110 222 170 132
-0.027354 0.602840 0.518993 239 189 158
0.194751 -0.649631 -0.086922 21 19 19
-0.126420 0.425853 0.042235 188 147 110
-0.696405 0.131455 -0.118083 234 188 147
-0.158147 0.582853 0.085406 187 137 104
0.176639 0.448662 0.385608 154 103 80
-0.238130 -0.541609 -0.027903 12 10 9
0.236795 0.330544 -0.050407 214 174 134
-0.083457 -0.267174 -0.050604 11 9 7
-0.251396 -0.186897 -0.044228 10 8 6
0.319902 0.726585 0.484386 219 178 150
0.785617 -0.377318 -0.456460 212 165 125
0.623470 -0.559898 -0.432610 215 163 126
0.207469 -0.364107 -0.060993 12 10 8
-0.781559 -0.045198 -0.182937 214 170 129
0.345723 0.767737 0.426139 215 168 136
-0.389306 -0.219784 -0.056580 13 11 9
0.548696 -0.477318 -0.398343 31 16 9
0.029238 0.008672 -0.044012 17 13 9
-0.367636 -0.267196 -0.051507 13 10 7
0.429031 -0.347056 -0.128797 11 9 8
-0.450993 -0.039109 -0.071478 9 7 5
0.487789 -0.704808 -0.445527 39 31 29
-0.873493 -0.283620 -0.400403 151 112 79
-0.365398 0.174606 -0.110165 8 7 5
0.052972 0.303251 0.288097 142 92 72
0.356366 0.973871 0.574421 187 149 126
0.168322 -0.418079 -0.055365 16 12 11
0.552783 -0.588694 -0.437453 135 101 78
0.332027 0.670525 0.318826 196 151 121
-0.287578 -0.790606 -0.232014 7 6 4
0.271025 -0.908450 -0.360248 8 7 5
0.488508 0.045694 -0.166690 18 15 11
0.703965 -0.483351 -0.456161 220 172 133
-0.429279 -0.357482 -0.078745 12 10 8
-0.156590 0.603406 0.404865 192 147 124
-0.097697 0.718513 0.614623 218 173 153
0.285607 -0.378028 -0.073582 12 10 8
-0.365153 -0.151406 -0.054552 11 9 7
0.547095 -0.457843 -0.371878 8 4 4
-0.886344 -0.367236 -0.462114 145 109 77
-0.048087 0.765536 0.666908 231 185 164
-0.457018 -0.708374 -0.281529 7 6 4
-0.376035 -0.597952 -0.076786 16 14 12
-0.040728 0.496451 0.452074 228 179 151
0.554609 0.123482 -0.206661 234 191 150
0.340591 0.733243 0.417365 212 158 124
-0.201280 1.059370 0.484360 86 67 50
0.347429 0.692745 0.212718 228 182 150
-0.281760 0.163783 -0.074744 9 7 6
0.338427 -0.563353 -0.085580 17 14 13
-0.758609 -0.127806 -0.193930 224 179 139
-0.759698 -0.187380 -0.215860 221 178 139
0.331838 -0.759196 -0.231605 21 19 17
-0.247806 -0.703186 -0.100184 16 14 15
0.477128 -0.217532 -0.146337 11 10 7
0.398453 0.134509 -0.158653 10 9 5
-0.030683 -0.754410 -0.176516 11 9 9
-0.330736 0.140330 -0.090995 7 6 5
0.391452 -0.369131 -0.108764 13 10 8
-0.355255 -0.389512 -0.048974 14 11 10
0.048530 -0.014352 -0.053870 17 13 10
0.226861 0.689628 0.601416 203 156 124
-0.733864 -0.205119 -0.210788 223 179 141
0.643229 -0.225210 -0.275149 233 190 146
0.724455 -0.173712 -0.297161 233 191 148
-0.495723 -0.666510 -0.314150 7 6 4
-0.537606 -0.666889 -0.403265 44 35 26
0.261862 0.801532 0.643377 234 186 159
0.301999 0.115084 -0.110938 17 14 12
0.108286 0.019356 -0.054333 15 11 7
-0.488793 -0.074857 -0.079186 20 15 12
0.534110 0.160992 -0.213721 209 176 158
0.269010 0.505846 0.049503 219 173 132
-0.235338 -0.098586 -0.048503 9 8 6
-0.877416 -0.224530 -0.390088 147 111 77
0.345976 0.717065 0.328755 194 149 121
-0.185347 0.797234 0.435467 201 159 135
-0.670676 0.040315 -0.098262 238 197 157
-0.439428 -0.009985 -0.073848 9 8 5
0.069129 0.990684 0.732718 141 109 83
-0.816680 -0.510805 -0.415743 205 155 117
0.272484 -0.245204 -0.074609 12 10 7
-0.147580 0.359226 -0.031067 182 138 100
0.516558 -0.559257 -0.288115 27 21 22
0.137667 0.522982 0.516393 218 161 138
-0.536153 -0.605967 -0.356391 8 4 3
-0.059707 -0.533841 -0.055727 14 12 11
-0.124777 -0.040828 -0.045607 12 10 7
0.079265 0.453654 0.540236 140 79 68
-0.429569 0.077983 -0.086396 10 9 6
-0.388181 0.197280 -0.124875 5 4 2
0.053455 -0.776635 -0.196694 10 10 9
0.528527 -0.556851 -0.386025 35 31 25
0.599735 -0.319848 -0.307678 200 160 114
-0.611220 -0.439865 -0.309544 182 143 112
-0.479589 -0.124154 -0.079169 11 9 7
-0.492475 -0.387832 -0.154496 7 6 4
-0.352441 -0.755866 -0.222647 18 14 13
-0.163682 0.963318 0.593690 157 119 94
0.061148 -0.440074 -0.053550 13 10 9
-0.018400 -0.823603 -0.226326 12 11 10
0.463767 -0.519546 -0.176832 12 10 8
-0.444936 -0.475604 -0.100055 13 10 9
0.260172 0.361589 -0.081293 218 172 129
0.349711 0.786314 0.432468 209 165 136
-0.160480 0.498790 -0.008252 177 131 95
0.296185 0.950890 0.672304 192 150 125
0.320062 0.123724 -0.120756 12 9 7
-0.380123 -0.175013 -0.056358 12 9 7
0.287133 -0.149074 -0.083367 11 9 7
0.067889 -0.211205 -0.061600 11 9 7
-0.366375 -0.777867 -0.275709 24 18 18
0.051933 -0.762213 -0.186265 11 10 9
-0.072350 0.980766 0.691622 165 120 98
0.301176 0.548740 0.306605 216 170 139
0.402495 -0.047263 -0.121234 10 9 6
-0.755508 0.026272 -0.141082 218 177 140
-0.240628 -0.671515 -0.071747 11 10 9
0.302452 0.631655 0.074826 197 152 117
0.070490 0.305200 0.311387 164 112 91
0.525718 -0.590007 -0.433567 53 48 44
0.356610 0.268586 -0.186057 35 29 27
-0.048606 -0.287347 -0.051733 13 11 9
0.716075 -0.568305 -0.505967 223 168 131
-0.662319 -0.472102 -0.340667 215 171 137
0.334035 0.814440 0.537130 217 175 147
0.120082 0.372251 0.103754 219 183 149
0.238697 -0.565386 -0.062854 16 12 11
0.105617 1.064351 0.711035 102 84 62
-0.222336 -0.750068 -0.145922 12 10 9
0.387776 1.097219 0.487370 90 71 54
0.203689 0.491145 0.443201 233 184 158
0.541530 -0.497345 -0.375257 9 5 4
-0.770296 0.085105 -0.157412 206 157 125
0.817103 0.015556 -0.299945 217 172 132
0.252987 0.406726 -0.015855 212 165 123
-0.412624 -0.430774 -0.071980 13 11 9
-0.435764 -0.657353 -0.175366 12 12 12
-0.013274 -0.078116 -0.052200 14 10 8
0.390810 -0.286750 -0.106386 13 12 9
0.619664 -0.090114 -0.224865 240 199 156
-0.860754 -0.091944 -0.311594 160 116 87
0.554722 0.170610 -0.220207 235 188 149
0.688591 -0.252532 -0.314500 229 186 144
0.172683 0.942179 0.721198 234 183 158
0.821816 0.049823 -0.321482 213 168 127
-0.237159 0.206962 -0.101280 227 183 143
0.400138 -0.250891 -0.109681 12 10 9
-0.369704 0.027223 -0.076207 8 7 5
0.203547 0.127688 -0.090278 234 185 145
0.012593 0.435285 0.447769 164 93 82
0.098216 0.067847 -0.065368 243 191 150
0.242187 0.426709 0.026623 219 175 133
-0.487264 0.053156 -0.089976 71 49 39
-0.081070 0.561356 0.474305 228 175 148
-0.190469 0.421124 -0.102859 194 144 103
0.348060 0.738732 0.377990 208 159 125
0.585288 -0.178022 -0.219241 225 180 131
-0.230340 0.153446 -0.063314 206 156 127
-0.652051 -0.371801 -0.275329 222 180 144
0.421361 0.855306 0.279653 243 186 162
0.461951 -0.296229 -0.143279 11 9 7
0.500987 -0.079692 -0.156578 23 18 14
-0.039885 0.884914 0.703973 231 184 158
-0.227464 -0.171568 -0.044930 10 9 7
-0.209517 0.326710 -0.106645 212 163 120
0.442836 -0.038137 -0.134861 10 9 6
-0.281783 -0.385919 -0.035592 12 10 9
0.324537 0.138047 -0.126098 12 11 7
-0.349845 0.109738 -0.089197 8 7 5
-0.375652 -0.290138 -0.054183 14 11 9
0.155760 -0.892015 -0.308877 11 11 9
0.783173 -0.535037 -0.540986 218 160 122
-0.164450 0.758933 0.489015 203 165 138
-0.301556 -0.598200 -0.047470 15 14 12
-0.007834 -0.367561 -0.050442 14 12 11
-0.177979 0.665622 0.365645 176 128 103
-0.349230 -0.021102 -0.067865 10 9 7
0.229814 0.116723 -0.085090 185 150 131
0.438725 -0.838073 -0.451893 19 15 12
-0.158678 -0.253119 -0.045812 11 10 8
-0.359695 -0.427192 -0.048579 12 10 8
-0.186533 0.779696 0.419940 205 161 136
-0.091037 0.707362 0.603041 190 144 123
-0.111951 0.530916 0.391192 195 153 131
-0.210411 0.760970 0.256681 195 134 107
0.545660 -0.416990 -0.331089 15 11 11
0.405177 0.913752 0.361764 104 80 61
-0.777064 0.134371 -0.197948 190 140 109
0.370450 -0.846439 -0.370766 10 8 6
-0.640241 -0.595658 -0.422858 175 136 110
0.323631 -0.266404 -0.083881 12 10 8
-0.205418 1.032050 0.483270 86 65 48
0.463522 0.072560 -0.162270 9 8 4
0.336618 0.343787 -0.215894 225 178 136
-0.065238 1.098830 0.642086 75 56 39
0.009558 -0.834672 -0.237201 8 7 6
0.329266 -0.727261 -0.176778 19 16 15
0.285632 -0.468959 -0.068447 15 11 10
0.164486 0.910542 0.721861 241 194 166
-0.448647 -0.605908 -0.143910 12 11 9
0.181432 0.395830 0.338647 231 188 159
-0.875383 -0.128879 -0.351091 151 112 77
0.339336 0.218963 -0.158515 19 16 11
-0.452378 -0.668486 -0.223189 10 8 9
-0.159055 -0.558383 -0.040109 13 10 9
0.657124 0.065710 -0.201148 238 196 153
0.685516 0.178081 -0.249158 226 179 136
0.455941 -0.816842 -0.481225 42 40 41
-0.289749 0.104291 -0.071241 9 8 4
0.297190 -0.738066 -0.169808 21 18 18
0.311597 0.594468 0.341579 196 155 123
0.267481 -0.394249 -0.069219 14 10 9
0.501409 -0.232037 -0.161780 13 12 9
0.657354 -0.243277 -0.290997 233 190 148
-0.040198 0.376364 0.081084 184 140 110
0.425890 -0.147649 -0.122637 14 13 9
0.058051 -0.069815 -0.058728 12 10 8
0.765411 0.153935 -0.291086 217 171 131
0.708822 -0.078095 -0.248162 236 195 152
-0.334357 0.118638 -0.088047 7 6 4
0.305696 1.011585 0.654418 143 112 83
0.694952 -0.466739 -0.440079 221 172 133
-0.820992 0.007629 -0.230040 180 131 98
-0.127972 -0.071107 -0.047332 12 10 8
0.231529 0.466253 0.089772 222 178 141
-0.090545 0.357500 0.036914 198 157 121
-0.158613 0.568858 0.296416 195 148 125
0.430758 -0.546229 -0.144739 16 12 11
-0.208845 -0.188104 -0.045190 12 10 8
0.496398 -0.134401 -0.150011 17 13 10
0.171213 0.249339 -0.047372 229 188 151
0.450890 0.084034 -0.160126 10 9 6
0.447222 -0.690435 -0.268375 33 27 27
0.786625 -0.085299 -0.294952 225 181 136
0.568681 -0.602993 -0.436071 161 124 97
-0.378451 -0.134288 -0.058291 12 9 7
0.478432 -0.705683 -0.390559 35 27 25
0.100522 0.788554 0.703813 246 202 176
0.163489 -0.658980 -0.094656 20 17 18
-0.566187 0.122856 -0.107164 241 197 156
0.402413 -0.462542 -0.118515 14 10 10
-0.798825 -0.407843 -0.359220 207 163 127
0.414910 0.930077 0.270792 74 58 44
-0.201238 0.798616 0.359763 158 120 100
0.023955 -0.009034 -0.049733 13 8 5
-0.727252 -0.043816 -0.147312 225 183 141
0.022220 0.752027 0.684783 244 199 175
0.753682 0.159818 -0.280268 220 174 135
0.798622 -0.312709 -0.425413 210 166 127
0.241363 -0.162386 -0.075612 12 10 8
0.028393 -0.649416 -0.099268 16 14 15
0.646432 -0.029974 -0.213078 239 200 157
0.148316 -0.508702 -0.057208 15 11 10
-0.005513 -0.579531 -0.069808 15 13 15
-0.116345 0.588353 0.468628 221 168 139
-0.152747 0.579170 0.101128 191 140 105
-0.717621 -0.590460 -0.404435 213 167 133
0.189051 0.383676 0.051910 233 195 155
0.207929 -0.602585 -0.069181 17 14 14
0.022373 0.291553 0.034282 216 173 135
-0.710810 0.218228 -0.200365 206 152 117
-0.106040 -0.577768 -0.053972 14 12 11
-0.718986 -0.071997 -0.154916 226 183 143
-0.739359 0.068646 -0.125393 224 181 141
0.099823 0.462771 0.486822 224 172 148
-0.076109 1.113242 0.619422 65 46 32
0.789838 0.073680 -0.262621 221 177 135
0.085937 -0.304384 -0.061433 14 11 10
0.320120 0.913907 0.622075 220 181 152
0.041711 -0.210027 -0.059233 13 11 9
0.398393 0.957141 0.453415 125 98 76
0.243093 0.720059 0.626550 164 121 103
-0.881978 -0.313967 -0.447929 144 107 76
0.550079 -0.424373 -0.367038 5 2 2
0.040625 0.653199 0.572851 163 125 102
0.077660 -0.085841 -0.061111 14 11 8
-0.463775 -0.011987 -0.075192 17 15 12
0.168785 -0.094012 -0.070166 12 11 8
0.031039 0.342929 0.349624 236 185 159
-0.216786 0.846640 0.225683 208 165 141
0.294589 0.535545 0.320075 219 174 144
-0.823491 -0.094318 -0.234749 193 146 111
-0.795582 -0.469272 -0.384273 209 161 123
0.832726 0.009642 -0.360863 199 156 114
-0.262893 0.802516 0.183155 215 148 128
0.167514 0.990474 0.723532 138 105 82
0.266408 0.093670 -0.094685 12 9 5
-0.114957 1.128949 0.579056 78 60 44
-0.426957 -0.254804 -0.069159 14 11 9
0.259465 0.678299 0.537048 92 54 34
-0.428841 -0.319892 -0.075594 11 8 6
0.305234 -0.770021 -0.228947 21 17 17
0.095357 -0.795878 -0.214749 11 10 8
0.208090 1.065295 0.688082 91 77 58
0.012653 -0.398159 -0.051003 13 11 10
-0.096426 1.005853 0.663543 177 140 116
0.056140 0.461573 0.497048 186 143 123
0.757288 -0.227825 -0.343725 227 184 140
-0.797480 -0.523217 -0.406816 210 159 122
0.171620 0.484502 0.451592 234 188 159
-0.200108 -0.011767 -0.048149 10 9 7
-0.084198 -0.372643 -0.047408 13 10 8
-0.282328 -0.133151 -0.048592 9 8 6
-0.100933 0.453658 0.219607 147 105 78
0.315024 0.593854 0.229331 186 146 116
-0.033994 0.670455 0.563537 186 156 117
-0.391243 -0.684793 -0.149237 24 20 19
-0.494475 -0.598454 -0.230304 10 9 7
-0.866228 -0.506271 -0.461146 191 142 104
0.477840 -0.728699 -0.460768 26 20 20
-0.649836 -0.359418 -0.267056 220 176 141
-0.061939 1.130938 0.618397 72 56 40
0.209874 0.815042 0.684092 239 192 165
-0.072483 -0.608078 -0.071150 19 15 16
0.078920 0.868048 0.729281 248 203 177
-0.171525 0.959675 0.578331 148 115 89
0.370910 -0.357906 -0.099879 13 10 8
-0.121049 -0.250890 -0.048248 12 10 9
0.787765 0.124967 -0.292724 216 171 132
-0.558993 -0.577491 -0.390735 10 6 6
-0.546028 -0.665645 -0.426468 41 32 24
-0.641319 0.230647 -0.167640 225 173 139
-0.495957 0.215333 -0.133036 75 52 37
0.411056 -0.740852 -0.289775 26 24 20
-0.219647 0.101742 -0.040477 20 13 11
0.026434 -0.310912 -0.055742 13 10 9
-0.716866 0.206428 -0.190567 207 153 120
-0.108505 -0.418730 -0.042519 12 9 8
0.148422 0.249128 -0.033269 228 189 148
0.108049 0.958364 0.734385 231 181 158
-0.858840 -0.528564 -0.460581 196 141 106
0.057007 -0.519165 -0.058652 13 10 10
-0.171705 0.904780 0.573584 167 127 104
-0.589177 -0.632510 -0.466473 58 41 31
0.025065 -0.281840 -0.056357 12 10 8
-0.826540 -0.404843 -0.379008 195 149 113
0.268734 0.480657 0.304514 220 172 142
-0.163495 1.009931 0.590387 135 103 79
-0.764212 -0.214236 -0.229803 221 177 139
0.177158 0.426723 0.129703 194 156 125
-0.270555 -0.298002 -0.040888 12 9 7
0.248617 -0.762555 -0.189645 19 15 15
-0.491748 -0.425724 -0.161680 8 6 6
0.048501 0.473944 0.561298 185 141 130
0.090355 -0.286222 -0.062693 13 11 10
0.375075 0.830506 0.381338 163 131 105
0.050268 0.238150 -0.013954 231 190 150
0.308189 -0.389685 -0.078969 13 9 8
-0.029940 -0.780477 -0.195033 9 9 8
-0.839962 -0.204048 -0.289382 186 142 110
0.243915 0.379515 -0.016993 212 170 127
0.414752 0.102795 -0.154473 9 7 4
0.681737 0.196633 -0.261860 228 183 147
0.324593 0.309250 -0.182252 228 184 140
0.610665 -0.111397 -0.226064 237 194 149
0.418450 0.961224 0.273653 66 52 41
0.273464 -0.444762 -0.067612 14 11 10
0.045689 -0.567640 -0.066505 14 12 11
0.478656 0.208332 -0.205228 9 9 4
0.041829 0.922053 0.731978 243 198 170
0.443908 0.860091 0.217982 235 176 148
0.570460 -0.204749 -0.208269 224 180 134
-0.242755 -0.243204 -0.042367 12 10 8
0.141986 0.582690 0.534507 231 185 154
-0.616405 -0.719765 -0.368003 190 147 120
0.610403 -0.388640 -0.350049 210 164 123
0.236146 -0.076744 -0.080691 11 10 7
0.372230 1.112833 0.508630 102 84 68
0.538659 -0.448302 -0.322789 22 20 23
0.569682 -0.327069 -0.306870 141 106 76
-0.152864 0.458641 0.004507 179 135 96
-0.092116 -0.326025 -0.048260 11 10 8
-0.218327 0.932627 0.422781 73 53 35
-0.645959 -0.576659 -0.413715 183 141 115
-0.065806 -0.433277 -0.047878 13 11 9
-0.194049 0.778818 0.291025 201 156 128
-0.659108 -0.530713 -0.378921 211 167 134
0.109663 0.431221 0.459356 201 108 97
0.512502 -0.018416 -0.177582 51 47 44
0.208226 0.929171 0.710459 238 188 161
0.395136 0.885704 0.372769 121 93 71
-0.035255 0.514851 0.467093 228 177 149
0.089578 1.007804 0.730971 109 85 63
0.021533 -0.103153 -0.055975 12 10 7
-0.417608 -0.753917 -0.290967 10 5 4
-0.134239 -0.583457 -0.049328 15 13 13
0.527485 -0.594032 -0.448181 37 31 26
0.293930 0.385522 -0.149489 217 165 121
-0.211379 0.851269 0.388192 106 78 59
0.695074 -0.714445 -0.551237 225 172 136
0.349828 -0.493352 -0.088487 14 10 8
0.357217 0.834231 0.470593 201 162 132
0.094492 0.929207 0.734452 245 198 170
0.480418 -0.675214 -0.318784 29 24 20
-0.019648 0.558413 0.500524 239 185 156
0.680285 0.126122 -0.218764 232 186 144
-0.231926 0.782855 0.208431 182 115 88
-0.304923 -0.316511 -0.042957 13 10 8
0.044224 -0.920979 -0.300258 8 7 5
-0.163064 0.650243 0.442423 199 150 124
0.613642 -0.176751 -0.242433 232 186 139
0.115317 -0.503514 -0.057073 13 10 8
-0.106863 0.909691 0.661911 220 178 150
-0.364999 0.222975 -0.134945 7 6 4
-0.087093 0.819384 0.657332 227 183 159
0.358306 0.791796 0.399643 191 153 126
-0.135485 0.497937 0.075619 189 143 105
-0.110433 -0.135772 -0.050291 11 10 8
0.092241 0.594850 0.582703 240 190 166
-0.568124 -0.536795 -0.358912 6 2 1
0.504124 0.060833 -0.182379 18 17 13
0.070191 -0.118057 -0.060744 12 10 8
-0.136116 0.639642 0.483601 221 168 138
0.541749 -0.044439 -0.185713 238 199 157
0.794253 -0.425495 -0.492722 216 167 126
0.211248 0.834519 0.690971 239 192 164
-0.120041 0.727780 0.598426 210 168 150
-0.111965 0.180607 -0.062918 238 190 150
0.131520 -0.094048 -0.065879 12 11 7
-0.599820 -0.603179 -0.454260 80 58 46
-0.196613 0.397888 -0.105291 196 147 107
-0.524759 0.101968 -0.104532 241 198 157
0.657415 -0.781203 -0.558426 219 169 136
0.498312 -0.531047 -0.223634 15 11 8
-0.168363 0.930006 0.586223 149 112 87
0.040193 0.381782 0.395172 187 147 124
-0.467401 -0.551556 -0.139654 12 11 9
-0.087707 -0.758562 -0.173591 12 12 10
0.305199 0.378840 -0.174443 220 171 127
0.185141 0.620826 0.523693 216 164 136
-0.882547 -0.500847 -0.479310 192 143 106
0.627572 -0.751625 -0.522860 219 169 136
-0.031327 -0.505712 -0.055388 14 12 10
-0.644584 0.162906 -0.120790 237 187 148
-0.342869 -0.606559 -0.064335 14 13 12
0.151901 -0.555122 -0.061353 13 11 10
0.367235 -0.730056 -0.216404 23 19 19
0.223404 0.791194 0.666143 238 191 165
-0.190011 -0.767844 -0.173932 15 13 12
-0.024158 0.701341 0.644170 135 97 76
0.254732 -0.006469 -0.086886 11 9 6
0.036687 0.388627 0.141592 108 75 51
-0.590349 0.224543 -0.151952 237 186 147
-0.338784 0.224723 -0.123016 8 5 3
0.519613 -0.031304 -0.179714 225 193 168
-0.151908 0.543122 0.277790 191 144 122
-0.306757 -0.735744 -0.166250 20 13 13
0.000794 0.532210 0.490650 202 152 130
0.094126 1.095969 0.692558 64 46 26
0.490552 -0.197177 -0.149431 13 11 8
0.391577 -0.394823 -0.109939 14 10 9
0.351913 -0.139558 -0.096763 11 10 7
-0.081418 0.646884 0.532220 208 159 127
0.128603 0.674000 0.627834 203 158 134
0.314534 0.741942 0.529771 208 164 138
-0.128663 -0.684233 -0.095791 23 20 20
0.074908 1.052212 0.714964 76 58 38
0.250785 0.382987 -0.034164 209 166 124
-0.062853 0.712831 0.631286 179 134 113
-0.063247 1.033287 0.683371 109 80 57
0.028927 -0.397762 -0.051708 13 10 9
0.393897 0.117163 -0.151656 9 7 4
-0.214459 0.867889 0.389697 95 69 48
0.675590 -0.272177 -0.317127 230 186 144
-0.474494 -0.476994 -0.139577 12 12 12
-0.437408 0.058106 -0.081837 9 7 5
-0.260747 -0.661766 -0.067390 12 11 11
-0.178513 -0.152227 -0.046835 11 10 8
0.212554 0.263054 -0.071170 228 188 149
-0.288278 0.042313 -0.066679 8 7 5
0.265509 -0.502749 -0.061934 14 11 9
0.234734 1.116056 0.644261 60 47 30
-0.535385 -0.096659 -0.103480 237 196 153
-0.249959 0.783525 0.194899 195 125 108
0.164343 0.433977 0.383604 227 172 150
-0.177723 -0.646481 -0.060665 16 14 14
-0.771400 -0.077492 -0.184934 219 174 132
0.169626 1.116833 0.673871 85 71 52
-0.381239 -0.796156 -0.304907 26 18 16
-0.209755 0.283826 -0.104009 218 172 129
-0.378196 -0.106048 -0.060367 10 9 6
-0.512163 0.231869 -0.153301 231 181 153
-0.167951 0.834710 0.543662 192 154 131
0.138639 -0.683115 -0.114262 24 20 21
-0.745832 -0.146666 -0.194024 225 182 140
-0.037345 -0.428323 -0.050622 12 10 8
-0.476848 -0.720459 -0.323236 23 16 13
0.692505 -0.760663 -0.568059 222 168 132
0.276164 0.505685 0.004073 199 154 114
-0.235564 0.172699 -0.079599 221 171 134
-0.701125 0.155705 -0.132750 225 177 142
0.748834 -0.303120 -0.383221 222 181 138
0.156179 0.121270 -0.082394 239 190 149
0.697120 -0.511101 -0.466217 219 169 131
0.337284 -0.295672 -0.087687 13 11 9
0.517519 -0.087708 -0.169605 227 186 149
0.634441 -0.507445 -0.418065 216 167 128
0.542991 -0.107038 -0.184528 233 190 146
0.201595 0.432241 0.366250 232 189 162
-0.008922 0.679260 0.593978 109 61 41
-0.107915 0.058380 -0.032318 225 184 163
0.136617 -0.014803 -0.066204 15 11 7
-0.152008 0.551763 0.234613 169 126 101
-0.255766 0.309484 -0.132050 218 170 129
-0.684470 -0.534574 -0.382336 218 174 139
-0.156543 0.668812 0.466850 205 155 126
-0.008041 0.059560 -0.056523 240 190 149
0.149044 1.126748 0.670176 82 63 43
0.007711 0.993798 0.722364 140 105 81
-0.095005 -0.003134 -0.040267 14 10 8
0.167892 0.366519 0.054516 235 195 155
0.571072 -0.132263 -0.203566 236 192 145
-0.319767 0.286097 -0.146854 28 21 16
0.514598 -0.625128 -0.443057 38 28 27
-0.652083 -0.724877 -0.372086 205 156 127
0.525388 -0.474883 -0.289639 17 11 11
-0.158489 0.411005 -0.035427 176 131 93
-0.148911 -0.426947 -0.035924 13 9 8
-0.362742 -0.464980 -0.048402 14 10 10
-0.068133 0.514809 0.443077 216 164 139
0.149459 -0.453312 -0.054579 13 11 9
0.129476 -0.808768 -0.232811 10 9 9
0.025254 0.507015 0.538876 211 160 139
0.217596 0.180871 -0.107606 225 180 140
-0.116559 0.512776 0.345468 194 150 130
0.060062 -0.722737 -0.145736 15 14 14
0.639474 -0.723699 -0.507935 219 169 135
-0.449533 -0.391997 -0.099048 12 9 7
-0.504569 0.077317 -0.101437 235 195 159
0.026946 0.311985 0.274173 127 79 55
0.398012 0.762331 0.190099 234 167 141
0.077280 0.392648 0.162284 152 120 95
-0.145161 -0.840028 -0.230039 9 8 6
0.410486 1.054008 0.400281 57 43 30
0.292918 -0.295780 -0.076258 13 11 8
0.119231 0.935168 0.732525 241 194 166
0.304566 -0.758878 -0.211238 20 15 15
0.309904 -0.872755 -0.354618 9 8 6
0.125344 0.507086 0.544713 217 163 141
0.285126 0.424845 -0.122096 213 161 119
-0.600691 -0.532790 -0.386628 119 93 74
0.341670 0.291531 -0.193361 222 179 145
-0.587255 -0.171650 -0.137381 218 173 131
-0.048467 0.656548 0.551314 89 64 42
-0.771223 -0.002593 -0.162652 214 170 128
-0.524972 -0.056985 -0.099271 238 199 155
0.119407 -0.605752 -0.072359 14 10 9
0.037594 0.368268 0.373942 215 167 141
0.143741 1.109769 0.682245 92 74 52
-0.186499 -0.448235 -0.030644 13 10 8
-0.738505 -0.170739 -0.199374 225 181 142
0.115087 0.324833 0.336780 228 173 148
0.339225 0.767810 0.455931 218 174 144
0.361923 0.748132 0.263437 239 199 164
0.067808 0.316339 0.336278 205 144 123
0.018703 0.583695 0.539290 217 168 142
0.614343 -0.276527 -0.286378 217 170 124
0.279382 -0.855697 -0.329583 10 8 6
-0.162304 0.591084 0.321010 196 150 127
0.079549 0.464263 0.518022 158 101 94
0.343366 0.707619 0.358714 207 159 127
-0.500539 -0.103960 -0.083090 20 15 11
0.333574 0.797566 0.516865 218 178 149
0.317489 0.617957 0.335979 202 158 128
-0.212714 0.833718 0.369189 113 80 62
0.510081 -0.342147 -0.197141 17 16 15
0.296926 0.742820 0.578537 224 183 159
-0.101690 -0.055840 -0.047031 13 10 8
-0.133715 0.057863 -0.028757 19 13 10
-0.556270 -0.549303 -0.346487 10 7 5
0.346725 0.868213 0.550106 204 165 137
-0.470486 -0.024928 -0.075900 16 12 9
0.020976 0.483771 0.481142 203 159 136
-0.739069 -0.439088 -0.342632 217 172 138
0.190561 -0.806498 -0.244162 11 10 8
0.265409 1.161403 0.602712 72 67 47
-0.400560 -0.720318 -0.213611 22 15 13
-0.894215 -0.431402 -0.492104 155 115 84
-0.647427 -0.324875 -0.245046 224 185 147
-0.586568 -0.552945 -0.414083 77 55 44
-0.680158 -0.327759 -0.252993 220 178 141
0.198549 0.584975 0.502108 241 187 158
0.279092 0.530728 0.001667 189 143 107
-0.530292 -0.691504 -0.405596 48 72 39
0.007507 0.543016 0.507887 192 143 121
-0.039179 0.120928 -0.059310 240 188 146
0.416921 0.946869 0.280923 77 61 48
-0.586838 0.243111 -0.168206 231 179 141
0.703751 -0.276301 -0.337007 228 185 143
0.400270 1.073882 0.468194 81 62 45
0.249828 -0.839951 -0.304201 10 9 7
-0.716864 0.102978 -0.117804 227 182 146
0.086082 0.303946 0.286702 154 109 90
-0.475576 -0.656506 -0.259802 8 5 5
-0.161099 0.394993 -0.047242 175 130 92
-0.724188 0.078974 -0.117416 228 184 147
0.237712 1.041641 0.683466 77 63 45
-0.124537 -0.237323 -0.048211 12 10 8
0.042790 -0.823912 -0.232649 9 9 7
0.371113 0.988292 0.543984 171 135 110
-0.521780 -0.242634 -0.125073 18 12 10
-0.815601 0.063620 -0.237673 174 126 93
-0.210936 -0.300065 -0.040868 12 10 8
-0.190438 0.169199 -0.080000 227 176 135
-0.095424 -0.037134 -0.044879 13 10 8
-0.304744 -0.719752 -0.143479 20 16 15
0.047924 -0.269795 -0.058914 11 10 8
-0.094741 0.908562 0.671509 219 175 148
0.029940 0.277579 0.020019 214 172 132
0.092544 0.765983 0.694982 246 201 177
0.008455 0.679135 0.610795 134 89 66
0.131663 0.944016 0.730203 241 194 167
-0.262032 0.844896 0.213091 210 145 123
0.144193 1.000512 0.728036 137 108 84
0.151468 0.029364 -0.060748 15 12 8
0.522276 -0.584909 -0.398087 31 28 23
-0.113283 -0.305331 -0.047526 14 11 10
-0.106826 0.835692 0.644523 227 184 159
0.289364 0.599460 0.091729 221 173 136
0.234826 0.781530 0.654973 235 190 162
-0.052146 0.371516 0.069342 185 146 110
0.356450 -0.759577 -0.254278 21 16 16
0.223507 0.432052 0.327299 220 174 146
-0.132282 0.228894 -0.059324 225 181 140
0.019211 -0.903479 -0.285225 17 15 16
0.452379 -0.715270 -0.323698 33 29 26
0.294959 0.669207 0.487983 230 185 151
-0.005935 -0.661866 -0.105911 21 18 17
-0.212922 1.032298 0.461181 72 54 39
0.509999 -0.509363 -0.243755 17 13 10
-0.225706 0.900345 0.365303 63 40 27
0.376991 -0.857912 -0.382823 10 9 7
0.067785 1.018272 0.727330 87 65 42
-0.161315 -0.783775 -0.188793 9 8 7
-0.652986 -0.219435 -0.184535 225 183 143
-0.344554 -0.484399 -0.042604 14 11 9
-0.614320 -0.133760 -0.138989 229 186 144
-0.711993 0.090802 -0.113004 232 186 150
-0.750875 -0.468774 -0.362560 215 169 134
0.142442 -0.409305 -0.054842 13 9 8
0.104917 -0.083632 -0.063738 14 11 9
0.654289 -0.273917 -0.304647 229 186 143
0.586430 -0.532730 -0.417391 179 136 105
0.622519 0.241452 -0.288364 214 165 133
-0.472958 0.126856 -0.094313 18 14 11
-0.566261 -0.191459 -0.133207 214 169 127
0.582350 0.019141 -0.196192 243 204 163
0.317576 0.873667 0.611858 231 194 165
-0.353013 -0.069806 -0.061207 9 8 5
0.149518 0.621821 0.529570 233 187 159
-0.303137 -0.462252 -0.033062 14 11 10
-0.094035 1.028540 0.656320 158 122 100
0.104682 0.801777 0.708926 244 198 172
0.350855 0.656520 0.181754 231 176 143
0.303190 0.797774 0.595612 228 185 158
-0.094059 0.218983 -0.046204 231 188 146
0.229254 -0.534808 -0.058951 17 13 12
-0.446678 0.298557 -0.217494 23 18 18
-0.115603 0.486832 0.305430 197 154 132
0.172913 0.680875 0.607184 165 120 95
-0.257266 -0.271640 -0.041232 12 10 8
0.509670 -0.661416 -0.483247 60 54 44
0.077170 0.465462 0.585891 229 179 159
0.045634 0.508532 0.576321 206 158 136
0.145486 0.222919 -0.051143 229 187 146
-0.402914 0.330092 -0.229357 13 10 9
0.371961 -0.401869 -0.100446 14 11 8
-0.768302 -0.493328 -0.380087 216 169 133
-0.877089 -0.176653 -0.368215 151 111 77
0.080315 -0.760621 -0.185581 15 13 12
0.150823 -0.212365 -0.067999 13 10 9
-0.015666 -0.843077 -0.239916 14 12 13
-0.682997 -0.424596 -0.314734 217 173 139
-0.000131 0.759895 0.682734 246 201 178
-0.065477 -0.126967 -0.052195 12 11 9
0.194003 0.249386 -0.064632 230 190 150
-0.629689 -0.417142 -0.299754 208 165 133
-0.432916 -0.182965 -0.069211 13 10 8
-0.183345 1.010984 0.542999 94 69 49
0.119932 0.483905 0.549224 214 162 143
-0.034588 0.250038 -0.007075 233 191 149
0.317964 0.284178 -0.170049 226 183 142
0.340434 -0.174169 -0.091634 10 9 6
0.430274 -0.750557 -0.339088 27 22 20
-0.269518 -0.106517 -0.049817 10 9 6
-0.445586 -0.153751 -0.072802 14 11 8
-0.133211 0.523760 0.097419 195 147 110
-0.192536 0.840047 0.447814 180 140 118
0.648919 -0.713609 -0.505666 221 172 138
0.236877 0.576783 0.485570 239 182 152
0.231453 0.207864 -0.111508 218 173 133
0.391869 1.073130 0.492987 112 89 73
0.151030 0.876989 0.722133 246 201 174
0.185792 -0.009645 -0.072377 13 10 7
-0.168299 -0.102917 -0.047484 9 8 6
-0.095050 -0.802292 -0.203258 9 7 7
0.624842 -0.241810 -0.272708 228 182 138
0.287250 0.569106 0.062235 212 167 127
0.337418 0.951316 0.606668 202 165 138
0.175908 0.837727 0.707899 246 201 175
-0.441620 -0.669141 -0.201109 8 8 8
0.433037 -0.790385 -0.404284 27 21 23
0.666534 -0.602013 -0.475947 221 168 130
-0.192642 0.052054 -0.037923 13 10 7
0.064992 -0.478343 -0.055598 16 12 11
0.327089 0.849864 0.586688 223 186 157
-0.856438 -0.326795 -0.375693 170 131 98
0.205228 0.469123 0.416956 230 188 161
0.520863 -0.273761 -0.188302 18 13 12
-0.639684 0.190746 -0.136239 235 183 146
0.255666 0.654459 0.519992 184 129 99
-0.596687 -0.322357 -0.239427 206 162 122
-0.083609 -0.538638 -0.052232 12 11 9
-0.667990 -0.179534 -0.174701 228 185 144
0.325755 -0.436974 -0.082014 14 12 10
0.088661 0.800754 0.709131 246 201 174
0.769931 -0.028550 -0.255786 228 185 144
0.324067 -0.508620 -0.078018 13 9 8
0.230869 0.634275 0.523267 197 146 114
0.456767 -0.649856 -0.232102 20 15 12
0.721694 -0.047464 -0.238033 235 196 154
-0.150696 0.202766 -0.074650 223 178 138
-0.174675 0.878773 0.558676 179 143 120
-0.082662 -0.242952 -0.051135 11 9 8
-0.352077 -0.669491 -0.107648 11 10 11
0.551379 -0.158878 -0.189555 232 188 142
0.311277 1.051463 0.631534 116 88 63
0.250916 -0.704936 -0.121434 22 18 17
0.228932 -0.852707 -0.306856 11 10 8
-0.724576 -0.299251 -0.253285 218 176 140
-0.464248 -0.462003 -0.122488 26 23 24
0.223420 0.672519 0.561209 119 73 57
0.028146 0.421962 0.429756 88 5 4
-0.516256 -0.712270 -0.394161 55 86 49
0.404928 0.891135 0.317724 98 72 55
0.630191 0.033944 -0.198722 240 201 160
0.135175 0.651281 0.546644 226 181 150
-0.190148 1.028165 0.524196 84 63 46
-0.265748 -0.777730 -0.205989 17 14 12
0.205044 -0.069187 -0.075972 13 9 7
-0.156214 0.270134 -0.067336 203 158 123
0.732211 -0.401034 -0.429689 222 174 135
0.323617 -0.796683 -0.288879 13 8 8
-0.093063 -0.130052 -0.051033 11 10 7
0.533886 -0.032342 -0.184546 236 198 156
0.102011 -0.345287 -0.058766 14 12 10
0.209108 0.733199 0.653565 241 195 170
-0.052831 0.410462 0.099774 184 145 111
-0.107251 0.697235 0.553650 129 86 66
-0.250715 0.758760 0.179279 209 134 118
0.097860 0.307066 0.314781 189 130 109
0.570441 -0.090083 -0.199841 240 197 154
0.019263 0.035271 -0.047697 232 186 152
-0.413977 -0.683262 -0.170738 21 17 15
-0.188178 0.734385 0.308117 184 132 108
-0.420319 0.208552 -0.133296 5 5 3
-0.155828 0.312645 -0.058240 183 138 102
0.124351 0.429610 0.437535 192 99 95
-0.617341 -0.252020 -0.191535 218 175 134
-0.531939 -0.289063 -0.163852 13 7 6
-0.019375 -0.334880 -0.051255 13 10 9
0.290892 -0.823215 -0.304722 9 8 6
0.155831 -0.585487 -0.065626 15 13 12
-0.250301 -0.141789 -0.046397 9 8 6
-0.186860 0.691241 0.212168 209 155 134
0.635599 0.129055 -0.215305 233 187 145
0.311325 -0.027013 -0.099238 11 9 7
-0.197347 0.350838 -0.098080 203 155 112
-0.799413 -0.150215 -0.226181 212 166 126
0.394309 -0.545422 -0.114406 14 11 9
-0.404637 -0.724647 -0.228971 18 14 14
0.442945 -0.678179 -0.243832 24 21 22
-0.048909 -0.737006 -0.160277 17 15 16
0.386542 -0.713660 -0.212669 20 18 16
-0.095242 0.451537 0.093836 194 149 113
-0.395056 -0.388211 -0.062770 12 9 8
-0.899041 -0.395923 -0.510517 145 106 77
-0.464740 -0.637514 -0.209371 14 13 11
0.788545 -0.055119 -0.282856 223 179 136
0.377745 -0.626715 -0.125883 17 14 14
0.037658 0.549378 0.563021 199 150 127
0.177997 0.356775 0.036845 233 194 152
0.198021 -0.310310 -0.065169 13 10 9
0.528308 -0.619742 -0.457156 39 32 26
-0.555107 -0.452552 -0.264558 5 4 2
0.426736 -0.197745 -0.121808 13 11 9
0.351906 0.765083 0.392804 206 159 128
-0.417896 -0.717579 -0.232955 20 14 14
0.372585 -0.651529 -0.136858 22 17 16
-0.076520 -0.227495 -0.051750 12 11 9
0.020923 -0.244807 -0.056734 11 9 8
-0.785983 -0.196529 -0.234240 216 172 133
-0.450230 0.140229 -0.099382 9 7 4
-0.005502 0.320812 0.052794 207 169 131
-0.748717 -0.294361 -0.262747 217 177 143
0.648819 -0.194292 -0.267916 236 192 147
-0.778274 -0.289448 -0.277488 214 173 137
0.692400 -0.570635 -0.489031 221 166 129
-0.107252 -0.697570 -0.108405 25 21 21
-0.641757 -0.137879 -0.150768 230 187 145
-0.192601 0.748504 0.331090 186 137 111
-0.839395 -0.290165 -0.330892 186 147 114
0.102956 0.253877 -0.011787 232 193 154
-0.031729 0.413927 0.363121 219 174 147
0.090052 0.378817 0.126048 142 108 83
-0.158394 0.575612 0.315643 196 151 128
-0.390679 0.162849 -0.108935 10 8 7
0.392516 0.901101 0.405178 137 102 81
0.223397 -0.612105 -0.072360 19 15 15
0.492041 -0.071431 -0.150172 19 15 13
0.315370 0.932864 0.642334 212 164 134
0.743216 -0.511523 -0.497780 221 168 128
-0.460535 -0.751069 -0.333544 19 16 12
-0.148303 0.945650 0.619329 187 139 115
0.215273 -0.550222 -0.059420 14 11 9
-0.171671 0.677094 0.437753 192 145 119
-0.131627 0.981890 0.638684 178 134 109
0.280282 0.899488 0.667065 222 173 143
0.023034 -0.561540 -0.066910 15 11 10
0.413962 1.032523 0.383122 60 48 38
-0.020743 0.351106 0.313524 192 146 122
-0.139739 -0.814142 -0.211434 9 8 7
0.208921 0.238015 -0.082401 224 184 145
0.141747 0.326648 0.316765 229 179 153
-0.202650 0.820814 0.389114 146 110 89
0.231170 -0.581732 -0.063870 16 12 11
0.557241 -0.248439 -0.213894 211 167 127
-0.528150 -0.323846 -0.177109 7 4 2
0.279173 -0.488316 -0.065340 14 11 10
-0.204601 0.951207 0.497626 99 74 52
0.003907 -0.641103 -0.095202 17 14 13
0.241566 -0.519626 -0.059034 15 11 10
0.412143 0.964230 0.388427 95 74 59
0.267697 0.871116 0.666829 234 190 160
0.276463 1.129166 0.619213 69 60 44
-0.163349 -0.686780 -0.091255 24 21 22
-0.532161 -0.236880 -0.132340 16 10 8
0.351225 -0.639522 -0.114558 18 15 14
-0.086699 0.477323 0.147946 160 117 89
0.130218 0.393221 0.383528 227 181 158
-0.832477 -0.226570 -0.288529 191 148 116
-0.773512 -0.169096 -0.216118 220 176 136
-0.262129 -0.482545 -0.026002 13 9 8
-0.030616 0.645020 0.545893 162 113 93
0.060280 -0.352615 -0.055505 14 12 10
-0.022753 -0.654696 -0.101740 19 17 18
0.074947 0.962664 0.735021 215 169 144
-0.069017 0.186954 -0.051528 227 180 139
-0.471442 -0.411773 -0.126433 12 10 9
-0.039258 -0.243734 -0.053656 11 10 8
-0.039245 -0.083409 -0.050736 12 11 9
-0.025631 0.627321 0.533876 218 171 142
-0.167458 -0.538274 -0.035758 12 11 9
0.013585 -0.032507 -0.051567 15 11 8
0.082944 0.432298 0.467237 225 138 127
0.296973 -0.261041 -0.077881 14 12 10
-0.869399 -0.153739 -0.332170 160 117 84
0.315601 -0.349322 -0.081397 13 11 9
0.357560 -0.665160 -0.135183 21 19 18
-0.238683 0.874777 0.305560 217 155 138
0.085928 0.370280 0.116122 168 131 104
0.259747 0.459048 0.266187 196 148 120
0.608027 0.232611 -0.266975 222 177 142
0.409464 1.016540 0.424640 69 50 35
0.033844 -0.724272 -0.148123 17 13 14
-0.297449 0.316140 -0.157356 218 169 131
0.671256 -0.048767 -0.224973 238 199 156
0.440690 0.134752 -0.173276 9 7 4
0.029219 0.252525 -0.001254 231 189 149
0.105656 -0.147828 -0.063944 11 8 7
0.113249 0.044964 -0.056890 162 133 117
-0.336931 -0.413978 -0.043146 13 9 8
0.669304 -0.469150 -0.422057 220 171 132
0.702367 -0.212148 -0.302922 234 191 148
-0.216344 1.010540 0.453486 80 58 40
0.041651 0.329972 0.075485 207 167 131
0.182819 -0.668164 -0.097952 22 19 21
0.320736 -0.804987 -0.299406 17 12 12
0.339650 0.689807 0.244221 201 157 124
0.393188 -0.166933 -0.108102 12 11 9
0.396118 0.203621 -0.185165 11 9 6
-0.506229 -0.198630 -0.100482 14 10 7
0.091396 0.137251 -0.075519 243 193 148
-0.056012 -0.635628 -0.086956 17 15 16
0.112828 -0.818469 -0.237291 10 9 8
0.198169 0.446643 0.147819 174 139 110
-0.759069 -0.101887 -0.185261 223 178 137
0.265342 0.837156 0.655766 236 191 162
-0.889641 -0.470881 -0.485762 165 126 96
-0.042414 -0.831061 -0.227809 21 17 14
0.097623 0.470292 0.500133 226 178 156
0.366699 0.860815 0.470173 191 152 128
0.155468 0.899162 0.723733 241 194 165
0.187923 -0.638841 -0.081952 21 18 18
0.395708 0.897819 0.386355 122 92 71
-0.140961 0.980968 0.628208 168 129 103
0.641192 -0.256723 -0.287617 232 187 143
-0.270767 0.828686 0.188872 221 154 135
-0.046678 0.792699 0.674178 233 190 167
0.234472 0.464214 0.363249 228 182 154
-0.609238 -0.686811 -0.409775 168 130 108
-0.106583 0.808789 0.638987 226 183 158
0.231458 0.756845 0.648677 237 190 164
0.339325 0.718515 0.406750 213 158 121
0.296602 -0.902785 -0.367538 11 7 6
0.332740 0.673024 0.277747 196 152 122
-0.852130 -0.290777 -0.348878 173 135 100
0.228178 -0.239536 -0.070843 12 10 8
-0.477360 -0.346159 -0.123896 15 11 10
-0.210681 0.867582 0.403096 121 93 74
-0.485652 -0.632178 -0.253067 13 11 10
0.475769 0.075132 -0.168779 12 11 7
-0.204332 -0.585530 -0.037265 13 11 10
0.728113 -0.097068 -0.265296 233 192 148
0.394343 0.955757 0.471912 137 109 88
-0.140094 0.434995 0.022612 181 135 98
-0.452804 -0.127163 -0.073981 10 8 5
0.536329 -0.265518 -0.201231 24 21 20
0.367919 0.936730 0.536364 170 126 102
-0.394232 0.086269 -0.089532 10 10 7
0.367846 0.808910 0.381726 178 142 116
0.009764 -0.554832 -0.065326 14 12 11
0.277457 0.554351 0.077173 218 172 132
0.207042 -0.773008 -0.196040 17 14 13
-0.076474 0.355865 0.044432 199 160 121
-0.747477 0.123677 -0.146404 208 160 127
0.826037 -0.061574 -0.336197 218 174 132
0.230395 1.018942 0.696083 97 76 54
-0.012060 0.444596 0.415493 118 61 44
0.672266 -0.676077 -0.504026 222 170 135
0.413939 0.225528 -0.207289 16 15 11
-0.253945 -0.712259 -0.111101 15 12 11
0.296863 1.113902 0.610931 78 68 53
0.482103 -0.743914 -0.501664 36 28 26
-0.224746 0.883243 0.351376 78 59 43
0.545626 -0.397631 -0.319256 17 13 13
0.141569 -0.926143 -0.324327 7 6 4
0.719300 -0.517804 -0.484530 222 170 132
0.301620 0.909890 0.647128 223 172 145
-0.618149 -0.476981 -0.336431 184 145 114
0.297857 0.554813 0.343069 211 168 138
0.690860 -0.616392 -0.503573 219 169 132
0.487640 -0.547723 -0.212055 17 12 10
0.166003 -0.022283 -0.069855 12 9 7
0.107092 0.942584 0.734133 240 193 165
0.563619 -0.257988 -0.228204 204 160 119
0.301749 0.566875 0.351984 206 162 135
-0.702253 -0.426923 -0.322190 216 173 138
-0.303501 -0.781830 -0.232624 19 15 14
0.304417 -0.459681 -0.074146 12 10 7
-0.374363 -0.228245 -0.053144 12 9 7
0.422610 -0.814943 -0.406504 15 12 10
-0.559980 0.243704 -0.166535 232 181 143
-0.121432 1.077503 0.607919 140 109 84
-0.171255 -0.080456 -0.047892 9 8 6
0.379235 -0.745483 -0.253580 23 20 19
-0.132600 -0.730254 -0.130368 19 15 16
0.197117 0.568721 0.496475 244 192 167
0.602296 -0.639117 -0.448049 204 158 125
-0.169062 1.073326 0.559828 108 83 62
0.058796 -0.376973 -0.053851 15 11 10
-0.109423 -0.483777 -0.041508 13 10 8
-0.232469 0.295102 -0.117179 222 177 133
-0.753948 -0.448887 -0.353382 214 169 134
-0.731797 -0.243993 -0.227423 219 176 139
0.476369 0.009853 -0.154598 19 16 14
0.128268 -0.265467 -0.065717 13 10 9
-0.211851 1.059321 0.456209 57 41 23
-0.220658 0.946584 0.423121 59 39 24
0.084131 0.823667 0.717554 247 202 176
-0.685996 -0.107400 -0.156337 230 189 148
0.064640 -0.849994 -0.256086 11 10 8
-0.086284 -0.848156 -0.234162 18 14 13
0.530234 -0.572767 -0.423616 30 27 22
-0.167480 0.859047 0.566153 173 135 114
0.684634 -0.095650 -0.248179 237 195 151
-0.128498 0.620935 0.481844 223 171 141
-0.277695 -0.608068 -0.044290 14 12 12
0.384977 0.072315 -0.136166 11 10 6
-0.125082 0.204962 -0.061716 231 185 143
-0.029789 0.332973 0.051755 204 165 127
-0.188709 0.726211 0.389920 201 149 121
0.780547 -0.428453 -0.482546 217 168 128
0.499409 -0.443265 -0.209562 15 11 9
0.123505 -0.323323 -0.062011 15 13 11
0.772522 0.121157 -0.267886 224 178 139
0.226367 -0.758722 -0.177827 18 15 15
0.311161 -0.286176 -0.080665 14 13 11
-0.274910 -0.205164 -0.044171 10 9 7
0.355507 -0.254123 -0.093156 13 12 10
0.664790 -0.251373 -0.299686 232 189 147
0.218597 -0.570489 -0.062031 19 14 13
-0.668691 -0.041993 -0.126847 229 188 147
0.476932 -0.768407 -0.508753 13 9 10
0.177489 0.585803 0.510101 243 194 168
-0.094110 0.972427 0.676571 188 139 113
0.654765 0.228125 -0.286517 218 169 133
0.390724 -0.589353 -0.119622 17 13 13
0.097826 0.652149 0.598551 226 181 152
0.211110 0.697188 0.626466 125 90 68
-0.545866 -0.527704 -0.285020 6 5 3
-0.768582 0.128886 -0.177221 195 147 114
-0.558720 -0.603222 -0.412212 11 8 5
0.739253 0.145841 -0.254806 227 182 141
-0.505643 -0.606263 -0.270195 10 7 7
0.263266 0.435814 -0.023713 214 169 126
-0.384026 -0.546803 -0.064902 15 12 11
0.744715 -0.552605 -0.519397 223 168 129
0.013193 0.219375 -0.027384 231 188 144
0.386114 1.123742 0.478405 101 82 67
0.240309 0.559006 0.473041 237 180 151
0.109541 -0.773934 -0.197999 16 14 14
0.324620 0.645475 0.403201 204 154 118
-0.061715 0.408136 0.306941 186 145 126
-0.150827 1.092474 0.572917 116 91 68
0.515991 -0.482111 -0.255886 17 12 14
0.317061 -0.720267 -0.158680 18 15 15
-0.158275 0.541982 0.036959 176 130 93
0.390110 0.831196 0.306286 128 93 69
0.277407 0.964272 0.685849 165 126 101
0.247969 -0.873058 -0.329697 10 9 7
0.470844 -0.642910 -0.248030 25 21 19
0.118964 0.235582 -0.027903 235 195 153
0.077820 0.413060 0.440443 130 36 33
-0.879852 -0.403397 -0.450630 155 114 84
-0.502286 -0.468791 -0.187680 5 5 5
0.055192 0.388352 0.147654 98 65 42
-0.630729 -0.600554 -0.431103 158 122 98
-0.004802 -0.773912 -0.192334 12 10 9
-0.701614 -0.212786 -0.200355 222 179 141
0.329336 -0.891862 -0.376760 14 13 11
-0.573509 -0.464926 -0.299045 7 3 3
0.611013 -0.306160 -0.301870 210 167 121
-0.261310 0.151712 -0.060720 12 9 6
0.437160 0.067129 -0.151303 11 9 6
0.289656 0.517584 0.303725 219 174 143
0.315900 0.051815 -0.110141 11 9 6
0.417446 -0.047193 -0.125803 13 11 9
0.183755 1.125087 0.662780 44 34 16
-0.789583 -0.559127 -0.412554 213 163 126
0.531315 -0.329608 -0.238141 22 18 17
0.475325 0.093569 -0.171983 13 12 8
-0.785566 -0.180979 -0.228065 217 173 133
0.378290 0.707866 0.184200 233 178 148
0.157303 -0.085827 -0.068682 12 10 7
0.187722 -0.705317 -0.123164 20 16 15
0.112424 0.623977 0.566784 218 167 136
-0.575617 -0.236473 -0.166228 191 146 105
-0.359266 0.069230 -0.083109 8 7 5
0.750558 0.001456 -0.231825 234 193 152
-0.555714 -0.377465 -0.242570 6 3 2
0.127785 -0.165433 -0.066201 12 11 9
0.116865 -0.240448 -0.065515 12 11 9
-0.127295 -0.201995 -0.048550 11 10 8
0.116292 0.840731 0.720044 245 200 173
0.237634 0.487395 0.116922 205 164 130
-0.380950 0.207261 -0.130513 7 5 3
0.126751 -0.567078 -0.063624 15 14 14
-0.726519 -0.416368 -0.324706 216 172 138
-0.090958 -0.607676 -0.066738 18 15 16
-0.891302 -0.362592 -0.485649 141 102 71
-0.683266 -0.166946 -0.175777 227 184 143
0.307682 0.648993 0.455986 227 180 144
0.187028 0.678331 0.586711 152 107 80
-0.533336 0.219166 -0.145997 241 191 155
-0.076026 0.598136 0.500373 240 187 154
0.546184 0.196254 -0.227596 220 171 138
-0.580537 0.107522 -0.103454 237 193 152
0.194823 0.000901 -0.073835 12 10 6
-0.082279 0.374332 0.051713 188 148 111
0.257330 -0.527447 -0.060730 15 12 10
-0.187492 0.727144 0.325595 178 129 104
-0.887052 -0.406001 -0.467180 149 110 79
-0.028176 0.386433 0.336591 199 154 131
-0.467668 0.289383 -0.203706 22 16 18
-0.497542 -0.002950 -0.090896 193 158 131
-0.173827 0.421929 -0.071520 191 144 105
-0.169834 0.796769 0.496719 199 159 132
0.273981 -0.872765 -0.339217 8 5 4
0.731349 -0.264634 -0.347790 226 184 141
-0.214343 0.790453 0.203587 175 111 90
0.011380 -0.282006 -0.054994 12 10 8
0.110841 0.316833 0.045863 231 193 154
0.220681 0.659370 0.540196 89 72 62
0.362779 0.844431 0.461200 201 164 136
0.425445 0.247059 -0.227894 33 29 29
-0.220878 0.848714 0.302669 218 169 147
-0.343329 -0.450081 -0.043338 14 11 9
0.096239 -0.753608 -0.176802 18 16 15
0.031438 0.695560 0.657569 211 167 143
-0.166132 -0.411841 -0.034934 12 9 8
-0.243405 -0.608593 -0.040814 16 14 12
-0.379908 -0.464510 -0.055154 15 10 9
-0.378778 -0.781335 -0.291299 17 11 11
0.485147 0.139686 -0.182785 12 10 7
0.051873 -0.846533 -0.251607 9 8 6
0.404544 0.830901 0.281107 230 177 152
0.553423 -0.049266 -0.190769 240 198 156
-0.126728 0.905691 0.640436 216 174 147
-0.896606 -0.461074 -0.498687 159 122 89
-0.466902 0.219841 -0.133825 24 19 17
-0.516484 0.052633 -0.100528 239 199 156
0.088836 0.253365 -0.008452 231 191 152
-0.034058 0.358417 0.288004 180 138 116
0.122439 0.349807 0.074916 232 194 155
0.394107 0.811319 0.228792 239 193 166
-0.740959 -0.087234 -0.170648 224 180 139
-0.224636 -0.225527 -0.043629 11 9 7
0.640539 -0.115062 -0.239878 237 194 149
0.018349 0.951608 0.728108 237 191 164
-0.561645 0.196347 -0.132828 242 195 156
0.595884 0.056954 -0.197643 239 197 155
0.061689 0.120242 -0.080183 242 194 151
0.311177 -0.080622 -0.093555 15 13 10
0.157516 0.058551 -0.064520 35 22 20
0.182139 1.093618 0.683077 63 50 30
0.104505 -0.384710 -0.055624 12 10 9
0.160046 -0.709177 -0.130774 19 17 17
-0.038218 1.096383 0.660370 86 69 49
0.265502 0.541257 0.435726 230 177 151
-0.422804 -0.065577 -0.069685 10 8 6
-0.353268 0.246046 -0.140668 8 7 5
0.086605 0.042861 -0.055502 232 187 156
0.341157 1.004783 0.613476 176 139 113
-0.183295 0.699941 0.234295 173 125 99
-0.143892 0.241596 -0.063812 219 175 136
-0.081962 -0.822356 -0.217171 9 8 6
0.144786 -0.571425 -0.063409 13 9 9
0.231410 0.447943 0.068986 225 182 143
0.163541 -0.867615 -0.294079 10 9 7
0.152009 -0.480368 -0.055783 13 11 9
-0.106462 0.506437 0.145824 160 115 87
-0.209755 0.888665 0.421988 116 89 71
0.518600 -0.716562 -0.508957 41 33 24
-0.337545 0.175865 -0.102363 8 6 4
-0.154388 0.701072 0.481815 203 160 132
0.110795 0.504656 0.571659 226 173 152
-0.848958 -0.307140 -0.355463 177 138 104
0.243534 0.490963 0.097556 221 177 140
-0.271221 -0.228792 -0.043298 11 9 7
-0.023960 -0.272628 -0.053226 13 11 9
0.737286 -0.178527 -0.306142 234 191 148
0.716894 -0.431317 -0.437055 222 174 135
-0.022746 1.089019 0.669844 84 66 48
-0.859620 -0.254563 -0.345973 165 124 93
-0.059834 0.397620 0.294945 183 139 120
-0.376599 0.336892 -0.214176 9 8 6
-0.032089 -0.369856 -0.049968 15 11 10
0.153032 0.970275 0.728672 206 160 133
-0.412804 -0.221088 -0.062504 12 9 8
0.300773 -0.017537 -0.097958 11 10 6
0.597931 -0.761912 -0.516704 205 157 129
-0.443850 -0.770238 -0.336927 29 22 20
0.375142 -0.875539 -0.394022 10 9 7
-0.514680 -0.379691 -0.181426 4 3 3
0.368811 0.788037 0.260319 195 145 114
-0.170849 -0.222692 -0.046042 11 10 8
0.509999 -0.733416 -0.519369 44 37 28
0.249643 1.008853 0.691445 113 89 64
-0.177887 0.677856 0.323293 186 138 115
0.224762 0.276347 -0.073477 223 184 145
0.122383 0.392492 0.129830 184 150 122
-0.084380 0.507078 0.413006 204 159 138
0.115575 0.562213 0.564009 224 178 151
-0.619201 -0.341181 -0.253420 215 176 135
0.075345 0.120868 -0.078158 243 194 149
-0.797948 -0.224888 -0.255599 212 167 129
0.506887 -0.646942 -0.427063 29 29 27
-0.196537 0.739089 0.234533 223 168 141
-0.002207 0.361413 0.343759 226 177 151
0.186241 0.821027 0.698052 238 190 164
-0.074620 -0.050687 -0.046945 13 10 8
-0.365834 -0.097993 -0.059163 11 9 8
-0.549589 -0.495495 -0.272067 7 6 4
0.062381 0.257997 0.001741 230 187 150
0.777115 -0.035380 -0.264818 227 184 142
-0.059684 -0.790734 -0.198925 12 11 11
-0.501001 -0.060736 -0.088127 123 92 71
0.410946 1.004781 0.399387 64 46 33
-0.617894 0.124491 -0.105544 240 195 153
-0.541881 -0.579320 -0.340948 9 8 4
0.443846 -0.199853 -0.129613 10 9 7
-0.516288 0.202445 -0.132050 244 198 161
-0.316239 -0.420928 -0.038055 12 9 8
-0.179603 -0.436003 -0.031929 12 9 7
-0.725962 -0.570096 -0.401237 216 170 135
-0.205716 -0.718018 -0.115376 20 16 17
-0.461103 0.065076 -0.083328 16 13 10
0.292859 0.600365 0.452232 230 180 148
-0.187596 -0.303241 -0.041652 12 9 7
-0.121980 0.065495 -0.033691 225 185 159
-0.799047 -0.395330 -0.352988 207 163 127
-0.706635 -0.190580 -0.193578 226 182 143
-0.557876 -0.775766 -0.311734 163 122 98
0.585957 -0.252810 -0.256672 191 143 101
0.315689 0.605657 0.316978 202 160 129
0.617056 -0.633081 -0.448382 214 165 130
-0.793258 0.103219 -0.204471 184 133 102
-0.663892 -0.126129 -0.155157 231 189 147
0.006423 0.879903 0.720172 244 197 168
0.535705 -0.162947 -0.177433 227 182 139
0.161891 0.583662 0.515395 243 197 170
-0.036393 -0.457852 -0.051597 12 10 9
0.541337 -0.508030 -0.383716 25 21 22
-0.369753 0.286446 -0.170755 10 6 5
0.088112 -0.818028 -0.232816 11 9 7
-0.381493 -0.035872 -0.067849 9 8 6
0.255585 1.074979 0.658414 62 50 31
-0.527059 -0.106458 -0.099251 234 195 154
0.254532 -0.478296 -0.061110 16 11 11
0.367056 -0.689390 -0.162899 17 14 12
0.676851 -0.250363 -0.306320 229 187 144
0.088676 -0.465399 -0.054793 14 11 9
0.416018 0.956408 0.359130 89 70 53
-0.157951 -0.758099 -0.164469 12 9 11
-0.287735 -0.718273 -0.133315 11 11 9
-0.135966 0.292223 -0.043243 208 163 127
0.026764 0.541017 0.540386 180 129 111
0.189021 0.544345 0.487551 240 187 162
-0.009722 0.338370 0.309171 181 137 116
0.545079 -0.275030 -0.222880 23 19 18
0.213455 0.399229 0.238802 158 116 91
-0.184118 -0.071354 -0.047890 10 9 7
0.195221 0.845864 0.702634 242 197 171
-0.867971 -0.272088 -0.374759 158 118 88
0.690488 -0.188506 -0.286236 235 192 149
0.384348 0.995264 0.511711 131 101 77
0.197491 0.316803 -0.010677 227 188 146
0.003433 0.893221 0.721386 240 194 165
0.030103 0.970450 0.730062 214 168 144
-0.193426 0.828928 0.430299 173 135 110
0.566810 -0.637900 -0.444843 167 132 104
-0.094912 0.344317 0.024564 201 160 124
-0.479761 -0.093030 -0.076828 16 12 10
0.757508 -0.335423 -0.408129 221 175 135
0.247507 -0.257503 -0.071646 13 10 8
-0.132668 0.514304 0.304365 198 153 132
-0.183414 0.256506 -0.089045 217 171 130
-0.686753 -0.132855 -0.165227 229 187 145
-0.480398 -0.615354 -0.217601 8 6 7
0.404161 -0.525804 -0.119940 14 12 10
-0.015974 0.383566 0.346859 215 169 144
-0.034521 0.783993 0.678135 235 192 169
0.670440 -0.533454 -0.455533 222 171 133
0.366888 -0.772180 -0.284144 24 20 17
0.003357 -0.446082 -0.053168 12 11 9
0.094653 0.512969 0.583893 237 184 164
-0.480692 -0.600536 -0.198924 7 5 4
-0.583954 -0.249922 -0.181625 199 152 109
-0.465401 -0.086189 -0.073606 10 9 5
-0.117532 0.107770 -0.048299 243 189 148
0.628476 -0.201425 -0.258629 232 189 143
0.172364 -0.804546 -0.238431 14 13 11
0.291186 0.229342 -0.144789 225 181 140
-0.526943 -0.356704 -0.187777 8 6 7
-0.677578 -0.446852 -0.326954 219 175 140
-0.470216 -0.428005 -0.126382 16 14 14
0.065943 0.344809 0.091521 197 161 126
-0.696483 -0.605356 -0.402732 215 170 134
-0.657355 -0.431892 -0.313932 216 174 139
0.147665 0.284845 -0.004129 233 193 151
-0.159353 0.076719 -0.032464 29 17 13
0.244901 -0.692951 -0.112884 25 22 21
0.388024 1.024835 0.500781 101 74 53
-0.224212 0.193366 -0.093807 227 182 144
-0.100840 0.755958 0.628395 218 178 157
0.146927 -0.395587 -0.055345 13 10 9
0.600683 -0.571863 -0.428952 198 151 118
-0.470714 -0.270018 -0.096224 15 10 8
-0.128782 -0.665130 -0.083135 21 17 20
0.011423 1.107051 0.668387 56 40 24
0.345822 0.948510 0.592076 204 165 139
-0.380031 0.053300 -0.081634 10 9 7
0.062038 0.872329 0.730048 248 202 175
-0.251415 -0.772677 -0.192646 22 18 19
-0.464550 -0.328405 -0.106354 14 10 8
0.325514 -0.647420 -0.106036 23 20 20
0.199945 0.446276 0.130345 192 154 120
0.638023 -0.670387 -0.472469 221 171 136
-0.862498 -0.186866 -0.323476 163 120 87
-0.012674 0.863094 0.712053 239 195 167
-0.400567 -0.453480 -0.065104 12 10 8
0.234649 0.487450 0.144593 180 145 115
0.216939 -0.851527 -0.301108 9 8 7
0.383813 0.860513 0.387911 151 116 93
-0.425176 -0.707344 -0.228467 18 12 12
-0.820040 0.038585 -0.237918 173 127 93
-0.134805 0.262262 -0.051964 215 169 133
-0.817179 -0.529893 -0.423538 204 153 117
-0.048908 0.679971 0.572983 85 50 37
0.772543 -0.416893 -0.469571 218 170 129
0.289913 0.523717 0.316042 220 174 144
0.380365 1.015073 0.521996 137 105 82
-0.427256 -0.631921 -0.136041 29 25 24
0.225992 0.302092 -0.056151 221 181 141
0.773302 -0.441309 -0.484131 217 167 127
-0.345600 -0.401192 -0.045639 14 12 10
0.190962 -0.717987 -0.133088 19 17 17
-0.170137 1.039277 0.570055 117 87 63
0.362427 0.931919 0.548641 182 142 116
-0.561933 -0.322559 -0.222147 123 88 58
-0.124894 0.387299 0.019317 189 147 112
0.498007 -0.685534 -0.462263 38 33 29
0.578988 -0.003898 -0.195951 242 203 162
-0.177836 -0.395527 -0.035321 13 9 8
0.623820 0.176795 -0.233263 235 188 147
-0.230347 0.974752 0.385979 63 47 33
0.071153 -0.610400 -0.077634 15 12 12
-0.036456 0.081336 -0.052075 242 190 149
0.530210 -0.634742 -0.460509 31 25 23
-0.160902 0.579564 0.068185 186 135 100
-0.023157 -0.682559 -0.117537 20 16 15
0.551068 -0.434943 -0.382686 43 25 20
0.036800 -0.833817 -0.239670 10 9 7
0.375514 1.019071 0.533764 139 107 80
0.375404 -0.673288 -0.156221 18 14 12
0.356871 0.808009 0.431555 209 165 136
0.173476 -0.562777 -0.061548 15 11 10
-0.498315 -0.738791 -0.383481 62 90 53
0.278442 0.823438 0.638667 233 189 161
-0.389518 -0.141984 -0.059563 11 9 7
-0.408826 -0.777744 -0.314007 30 22 20
0.538054 -0.353646 -0.269306 22 21 20
-0.238427 0.106301 -0.048054 13 11 8
-0.601406 -0.691862 -0.419188 155 119 99
-0.448572 -0.306851 -0.087979 13 9 7
0.299953 0.257373 -0.155347 226 181 139
-0.302008 -0.491330 -0.031889 13 10 9
0.328359 -0.790807 -0.277925 18 14 13
0.710603 -0.326468 -0.371408 225 183 140
0.392637 -0.486320 -0.111018 15 11 10
0.425269 -0.600956 -0.153578 16 13 12
0.226970 -0.036712 -0.079886 10 8 5
0.638262 0.229855 -0.279720 219 171 136
0.613694 -0.669838 -0.460709 214 165 131
-0.669919 -0.248386 -0.204018 223 181 142
0.273954 0.508894 0.345373 223 179 150
-0.643262 -0.314344 -0.238090 223 183 146
0.052512 0.054548 -0.060796 239 189 146
0.255967 0.739973 0.624781 236 191 167
0.401846 0.923270 0.388032 100 73 52
-0.167019 0.605148 0.315437 192 146 122
-0.202326 1.071135 0.478275 80 59 42
-0.558880 -0.259248 -0.174391 23 14 9
-0.190594 1.040072 0.517728 83 64 46
0.174584 0.529116 0.483730 231 178 153
-0.505633 -0.622775 -0.290981 9 7 5
-0.628909 0.179927 -0.127991 238 188 149
0.198055 0.695888 0.634551 106 71 50
-0.057634 -0.350574 -0.049223 14 11 9
-0.230155 0.910040 0.328925 64 42 25
-0.014392 0.355769 0.325682 203 158 133
0.762327 -0.519536 -0.515570 220 165 125
0.202327 -0.547305 -0.059236 15 11 9
0.658858 -0.566541 -0.458459 219 168 129
-0.135771 0.565034 0.129845 178 129 93
0.692170 -0.739185 -0.559305 224 171 136
0.283578 0.548102 0.022099 193 147 111
0.523021 0.012718 -0.184665 226 195 173
0.492686 -0.690470 -0.433458 45 40 36
0.114669 -0.670634 -0.108617 23 21 20
-0.833660 -0.520183 -0.433828 198 149 111
0.332233 0.778969 0.496879 218 177 147
-0.146033 0.708530 0.504337 201 160 133
-0.284259 -0.062454 -0.055107 9 8 6
-0.181336 0.805304 0.457069 196 156 131
-0.122922 0.499233 0.096191 194 150 114
0.076518 -0.788699 -0.207349 10 10 9
0.430452 0.287737 -0.262943 32 30 30
0.448783 0.303675 -0.292646 30 29 29
0.334546 -0.369545 -0.086865 11 9 7
-0.132165 0.555988 0.153355 156 110 79
0.268525 0.177016 -0.118328 229 185 147
-0.101850 -0.366146 -0.045308 13 10 9
0.702205 0.178844 -0.258045 227 182 141
-0.301994 -0.342391 -0.041178 11 8 7
0.409051 -0.651105 -0.168056 20 16 16
-0.018632 -0.719137 -0.141647 14 12 13
0.706147 0.150975 -0.239669 227 182 139
0.253609 0.907794 0.686565 237 190 162
-0.497155 -0.447424 -0.174847 7 6 4
0.045924 0.798397 0.705551 243 195 172
0.752160 -0.260428 -0.358326 225 183 139
0.180981 -0.819156 -0.255879 13 10 9
-0.105815 0.381034 0.036461 192 153 117
-0.110017 0.743051 0.617017 133 95 72
-0.276429 0.375855 -0.191893 220 168 127
0.401428 -0.021382 -0.124094 9 8 5
-0.368329 -0.340052 -0.053395 13 10 8
0.285185 -0.889176 -0.354093 9 7 5
0.391527 -0.790140 -0.335417 22 15 15
0.306706 0.567607 0.312052 210 166 133
-0.327338 -0.663681 -0.090281 13 11 10
0.138112 -0.833555 -0.258432 10 10 8
0.135105 -0.506346 -0.057146 12 10 8
0.257206 0.491211 0.065443 221 176 138
0.118968 0.747866 0.685936 244 199 175
-0.354910 -0.508917 -0.047365 15 11 10
0.018717 -0.873522 -0.265274 6 2 1
0.308499 0.753485 0.556707 221 181 154
-0.575730 -0.064076 -0.114257 237 196 152
0.027843 -0.891913 -0.279370 9 5 4
-0.086758 -0.594834 -0.063559 19 15 16
0.382980 1.075950 0.508988 131 106 89
-0.187450 1.066126 0.516517 82 63 46
0.077655 -0.348861 -0.057058 13 11 9
-0.199331 0.254272 -0.098408 224 177 135
0.401533 0.256515 -0.221315 36 31 29
-0.658748 -0.301436 -0.231428 223 182 145
-0.649971 -0.660304 -0.393748 203 158 127
-0.719289 -0.392902 -0.308276 216 174 140
-0.141660 0.459306 0.035599 184 137 101
0.350287 0.734847 0.307297 191 145 117
0.405903 0.046034 -0.137216 10 8 5
-0.162571 0.804729 0.533623 192 155 131
-0.251513 -0.538575 -0.027792 12 10 8
0.321909 -0.774229 -0.248381 20 17 17
-0.612677 -0.770684 -0.333433 178 137 110
-0.086444 -0.346784 -0.048047 14 11 10
0.240992 0.386762 -0.006335 217 173 132
-0.609788 -0.621698 -0.456010 112 84 67
-0.337335 -0.327727 -0.047043 14 10 9
0.284679 -0.237883 -0.077072 12 10 8
-0.174661 -0.328069 -0.040490 12 9 7
0.241008 0.821192 0.666929 235 189 159
0.547633 -0.431082 -0.345465 8 6 7
0.192826 -0.451022 -0.055259 14 11 9
0.676197 -0.598820 -0.484373 222 168 131
-0.497522 -0.612257 -0.257247 11 8 9
-0.207675 0.926194 0.471943 102 75 56
-0.156325 1.119916 0.547165 76 56 40
-0.227008 0.792628 0.200539 151 82 61
0.679618 -0.494800 -0.444216 223 174 134
-0.571679 0.069791 -0.100540 241 199 157
-0.833112 -0.046716 -0.249053 184 136 100
0.163910 0.878464 0.719636 245 200 172
0.340296 0.802612 0.495735 215 172 142
0.160206 1.089095 0.692995 67 55 37
-0.471911 -0.445579 -0.131702 11 11 9
0.460611 -0.712569 -0.340312 30 24 24
0.072922 -0.378539 -0.054526 12 11 9
-0.000160 -0.137504 -0.054836 14 13 11
0.390919 -0.810097 -0.357038 17 13 12
-0.150643 -0.340376 -0.041530 13 10 9
-0.028905 0.132593 -0.059071 234 181 139
0.352156 -0.746109 -0.227313 19 18 16
0.361373 -0.543619 -0.094243 15 11 9
-0.009725 -0.238104 -0.055011 10 9 7
-0.575166 0.193608 -0.132016 242 192 153
0.125946 0.570266 0.553007 228 182 156
-0.525575 -0.272746 -0.147172 14 8 6
-0.160036 0.827615 0.560196 192 153 128
0.077967 0.306283 0.276571 153 108 86
-0.393614 -0.332116 -0.062127 13 10 8
-0.494651 -0.570782 -0.201907 10 10 10
-0.118007 0.472035 0.260430 183 141 116
0.296861 -0.603318 -0.080290 18 13 13
0.316022 0.012247 -0.106766 11 9 5
0.293769 0.374635 -0.141217 220 173 127
0.359286 0.091394 -0.130289 10 8 5
0.268677 0.488444 0.217431 167 137 105
0.256871 -0.664140 -0.096337 25 23 22
-0.056184 -0.382670 -0.048846 13 10 8
0.377535 0.971837 0.525900 151 115 89
-0.106417 1.007605 0.655137 163 126 99
0.462465 0.123733 -0.174024 9 8 4
0.247626 -0.272058 -0.070765 13 10 8
-0.537557 -0.686597 -0.425816 42 56 30
0.710829 -0.182639 -0.294179 235 192 149
0.209434 -0.835381 -0.282117 11 11 10
0.324929 0.823178 0.572206 220 181 152
0.112603 0.586792 0.566775 227 178 152
0.567331 -0.479446 -0.405802 146 112 87
0.789052 -0.207719 -0.355273 224 181 136
0.604443 -0.402724 -0.356534 204 159 121
0.569871 0.015130 -0.194985 242 204 162
-0.110509 -0.019435 -0.042703 13 10 7
0.275153 0.504069 0.331278 226 183 154
-0.411829 0.065643 -0.085729 10 8 6
-0.602204 -0.390553 -0.278869 194 149 115
-0.299156 0.241135 -0.118655 28 19 12
0.209579 -0.754125 -0.169313 18 14 13
-0.200526 -0.092010 -0.047771 9 8 6
-0.205936 -0.828942 -0.232450 10 9 7
0.042608 0.487124 0.524491 53 5 2
-0.160997 0.283142 -0.068796 195 151 114
-0.312061 0.331375 -0.176826 204 155 120
0.171346 0.633734 0.532176 188 137 111
0.335647 -0.666611 -0.122248 18 16 16
0.114846 0.488946 0.527194 153 88 71
0.067998 -0.772750 -0.194197 14 13 11
0.535059 0.226807 -0.245302 217 172 144
-0.285231 -0.482869 -0.029059 12 9 8
-0.131148 0.723195 0.572531 198 156 139
0.268943 0.474862 0.241722 178 138 110
-0.414471 0.219829 -0.140887 6 4 2
0.248930 0.419092 0.006967 214 170 128
-0.517007 -0.522643 -0.222973 8 7 5
0.675452 -0.398228 -0.384976 225 180 139
0.484191 0.291311 -0.292118 28 23 24
0.516088 -0.597432 -0.364204 24 22 17
-0.625253 -0.427597 -0.306378 204 160 125
0.578400 0.176868 -0.226127 233 188 147
-0.424682 0.133047 -0.100832 9 8 6
0.541236 0.057512 -0.193122 239 198 158
0.484664 -0.648761 -0.287443 34 29 26
-0.494915 -0.559614 -0.192286 11 10 9
-0.532097 -0.250344 -0.141030 16 12 10
0.173567 -0.779174 -0.206977 13 10 8
0.311875 -0.823660 -0.316395 13 9 10
0.390463 0.932529 0.459178 128 99 78
0.746702 0.029727 -0.222524 235 194 153
-0.068242 0.009028 -0.036532 18 14 11
0.206727 0.685000 0.595954 170 129 104
-0.180808 0.003485 -0.044225 11 10 7
0.029943 0.841420 0.717721 245 200 174
-0.513642 -0.587467 -0.264444 5 4 2
-0.331544 0.320338 -0.175708 26 19 14
-0.165879 0.996231 0.587468 132 100 73
0.026069 0.317745 0.261321 142 95 69
-0.157015 0.234064 -0.074388 215 170 130
0.331934 0.934617 0.609747 216 178 152
0.591866 -0.345568 -0.321636 193 155 110
-0.855416 -0.079795 -0.299184 163 119 87
-0.143343 0.315112 -0.042240 197 153 116
0.297389 -0.783805 -0.246356 26 20 21
-0.668949 -0.666111 -0.389079 210 165 134
-0.118585 -0.444777 -0.039579 13 12 10
-0.902321 -0.424328 -0.520016 146 107 78
0.357033 0.347398 -0.250969 208 167 142
-0.141544 0.818943 0.598502 195 154 128
0.355096 1.155697 0.508895 98 79 66
0.014554 0.153482 -0.070753 233 184 143
0.127051 0.221388 -0.041494 233 191 149
0.220817 -0.885673 -0.327935 12 10 8
0.347510 -0.452849 -0.088504 13 11 9
-0.172469 0.980490 0.573858 126 93 70
0.311589 -0.790879 -0.266295 21 17 17
0.364620 -0.288548 -0.096426 13 11 8
-0.070911 0.921175 0.692116 223 175 147
-0.077486 -0.649021 -0.088938 22 21 20
0.321264 -0.198467 -0.086409 11 9 7
-0.006281 -0.335450 -0.051759 14 11 9
-0.450174 -0.319511 -0.091474 13 8 7
-0.133239 1.016998 0.630848 167 132 109
0.744029 0.157923 -0.270016 224 178 138
0.487164 -0.607509 -0.239916 17 12 9
-0.189224 0.231004 -0.091739 221 176 134
0.833150 -0.044780 -0.355541 201 157 114
-0.030899 0.055016 -0.047555 242 188 150
0.164807 0.804239 0.698340 246 202 177
0.546695 -0.477155 -0.385010 12 8 7
0.146942 0.675717 0.614410 177 130 101
-0.363256 -0.801041 -0.293273 23 19 18
0.389064 1.130804 0.467297 92 75 60
-0.164888 -0.719934 -0.115845 24 20 21
-0.455578 -0.692659 -0.262627 6 5 4
0.015314 1.053143 0.704039 76 57 40
-0.439304 -0.321643 -0.083276 13 9 7
0.345403 0.366393 -0.267114 210 165 129
0.301535 0.535770 0.258331 184 140 113
-0.470751 -0.538983 -0.141408 6 5 5
-0.275182 -0.671662 -0.077538 18 14 15
0.179832 0.145693 -0.090755 238 191 149
-0.111295 1.101240 0.600929 110 85 63
0.350403 0.248115 -0.172946 25 19 15
-0.024568 -0.189178 -0.054552 12 11 8
-0.012915 -0.733129 -0.160695 13 11 11
0.649582 -0.213789 -0.274344 234 191 148
0.559348 0.074676 -0.196869 240 198 157
0.446635 0.286061 -0.272013 32 31 30
0.462101 -0.465482 -0.167777 13 9 8
0.483750 0.020243 -0.159401 15 12 9
-0.817545 -0.369624 -0.353634 200 157 122
-0.669135 0.241856 -0.194354 216 158 125
-0.350588 0.003787 -0.071544 8 7 5
-0.075065 0.669534 0.555021 125 104 96
-0.170203 0.654520 0.090697 180 132 104
0.323983 -0.854674 -0.348722 8 7 6
0.043273 -0.603917 -0.076661 12 9 9
-0.700923 -0.148020 -0.175711 228 186 145
0.253358 -0.102508 -0.081722 11 9 7
-0.197908 0.787758 0.374543 183 141 119
-0.301871 -0.623469 -0.055637 14 12 12
-0.181688 -0.091696 -0.047824 10 9 7
0.349442 -0.539075 -0.088355 14 12 10
-0.430290 -0.584129 -0.108731 14 12 12
-0.174300 0.778261 0.465412 203 162 135
-0.875547 -0.467417 -0.460074 187 140 103
-0.143280 -0.618394 -0.057002 14 11 11
0.474131 -0.615603 -0.224388 16 13 9
0.095808 -0.128246 -0.062833 12 10 7
0.248378 0.438143 0.028046 218 175 132
0.324695 1.073437 0.602641 107 85 65
0.152652 0.597515 0.522035 238 193 165
0.191354 0.122083 -0.086393 236 188 148
-0.565855 -0.489485 -0.303243 8 6 5
0.178013 0.419160 0.365977 234 192 161
0.278086 -0.539172 -0.065191 13 11 9
0.423124 -0.588055 -0.147480 12 10 8
0.068977 0.039440 -0.053987 236 187 155
-0.435508 -0.040641 -0.071259 10 8 5
-0.211385 -0.639749 -0.053212 13 12 11
-0.833242 -0.115689 -0.252770 187 141 105
0.196081 0.414483 0.076598 234 193 154
0.818183 0.044708 -0.307243 214 169 128
-0.064838 -0.321750 -0.049903 14 12 10
-0.176082 0.034446 -0.038561 11 9 6
-0.325761 -0.583368 -0.050424 18 14 14
0.386222 0.170723 -0.166234 12 11 7
-0.162163 -0.573753 -0.042208 11 10 8
0.092086 0.549826 0.581876 233 181 159
-0.142237 0.517264 0.258070 185 140 117
0.112617 0.493363 0.504806 87 45 33
-0.303263 -0.392309 -0.038193 10 8 7
0.118376 -0.552955 -0.062101 15 12 11
0.348015 0.720227 0.217762 181 99 76
0.178070 1.032583 0.712567 83 69 50
0.542694 -0.367370 -0.293160 24 16 14
0.389046 -0.517631 -0.108815 15 11 10
0.351674 0.201192 -0.160364 13 9 6
0.418391 0.771005 0.172911 220 142 116
0.037645 -0.182150 -0.058749 11 10 8
0.103300 0.540641 0.574833 231 181 158
0.329160 -0.831902 -0.334145 9 8 6
0.252959 0.213220 -0.125570 224 179 138
-0.186892 0.713676 0.386807 190 140 112
-0.137207 -0.046039 -0.045698 12 10 8
0.210948 0.282944 -0.053486 226 185 144
0.637212 -0.142599 -0.245710 234 189 142
-0.112448 -0.734918 -0.146839 14 12 11
0.384085 0.870576 0.400857 160 124 99
0.064884 -0.177012 -0.060854 11 8 6
0.419260 -0.034178 -0.127195 12 10 7
0.684969 -0.334285 -0.357796 229 186 143
0.389849 -0.830792 -0.374838 11 10 8
-0.029986 -0.798074 -0.207047 10 9 8
0.752742 -0.157049 -0.305008 229 188 144
-0.193564 -0.556072 -0.033938 14 12 11
-0.154790 0.110686 -0.048223 239 187 148
0.037459 -0.424138 -0.052557 14 12 10
0.091657 -0.929915 -0.313443 7 6 4
0.449657 0.266604 -0.254773 35 32 32
0.439379 -0.126240 -0.128160 13 11 8
-0.074413 -0.169286 -0.051680 10 9 7
0.410768 0.935175 0.361778 93 72 55
0.349502 -0.881344 -0.381771 10 10 8
-0.869463 -0.169334 -0.336413 162 118 86
0.499161 -0.185882 -0.151801 15 13 10
0.649065 -0.000463 -0.204153 240 201 160
0.372412 1.125240 0.501339 86 67 54
-0.199434 0.967451 0.515245 96 67 49
-0.191736 -0.623999 -0.047316 18 14 15
-0.033664 -0.132081 -0.052894 12 10 8
0.256671 0.525382 0.428070 233 185 158
-0.687060 -0.359548 -0.275073 219 177 141
0.318842 -0.120980 -0.091180 12 11 8
-0.739526 -0.343478 -0.288032 216 174 140
0.242030 0.202536 -0.119989 221 175 134
-0.226289 0.968433 0.405011 68 50 36
0.063766 -0.278857 -0.060236 10 9 7
-0.852063 -0.502897 -0.443595 186 138 100
0.715810 -0.193287 -0.301466 233 191 148
-0.752601 -0.084424 -0.175751 224 179 138
0.116452 -0.630788 -0.084538 19 14 15
-0.049226 -0.480286 -0.051658 12 10 8
-0.588213 -0.517639 -0.368845 104 82 63
0.359931 -0.378767 -0.095219 14 12 10
-0.707805 -0.035380 -0.134039 228 187 146
0.415923 1.043891 0.372906 72 59 49
0.477351 -0.697579 -0.362969 28 22 22
0.386550 0.219761 -0.188662 12 10 7
0.010690 0.303525 0.042883 215 174 136
0.629572 -0.686389 -0.475642 218 168 135
0.282311 0.004038 -0.095884 10 9 5
-0.148699 0.793153 0.571951 188 148 127
0.580127 -0.227585 -0.231740 211 163 117
-0.231734 0.985264 0.362804 71 56 44
0.160648 -0.748874 -0.163922 18 14 14
-0.161243 -0.797265 -0.199407 9 8 8
-0.826248 -0.392949 -0.373450 195 151 116
0.727633 0.188286 -0.288248 219 173 133
-0.616724 -0.632724 -0.443402 138 106 88
0.452759 0.213064 -0.209638 11 11 6
0.737818 -0.191768 -0.312405 233 191 148
-0.710345 0.064866 -0.109417 236 194 153
-0.111211 1.046182 0.634110 140 106 84
-0.602066 0.064489 -0.098558 237 195 154
-0.400854 -0.086838 -0.065516 11 9 7
-0.165011 -0.698289 -0.099983 25 22 23
0.357479 -0.698692 -0.164840 17 13 13
-0.611559 -0.676392 -0.417373 160 123 102
-0.101651 0.505023 0.370469 193 148 127
-0.748423 -0.331421 -0.284686 215 175 139
0.377866 -0.765083 -0.285210 24 20 20
0.585659 0.121453 -0.209703 235 192 150
0.569901 -0.518907 -0.418771 153 117 90
-0.325537 -0.387241 -0.042416 14 11 10
0.495702 -0.695919 -0.473766 37 31 28
0.287644 -0.728852 -0.154843 19 16 15
-0.647450 -0.039032 -0.122616 232 190 148
-0.787256 -0.509907 -0.395710 216 168 130
-0.810980 -0.126500 -0.230215 207 164 124
-0.013962 -0.609203 -0.079723 15 12 13
0.077898 -0.392323 -0.054289 15 12 11
0.324342 -0.630032 -0.098477 19 16 16
-0.250462 -0.520258 -0.025860 13 11 9
-0.809494 0.078214 -0.228892 175 126 96
-0.150003 0.776423 0.560924 192 157 135
0.314146 -0.849040 -0.339808 10 8 6
0.136006 -0.775434 -0.201627 15 14 12
-0.904814 -0.470681 -0.527327 150 113 84
0.599413 0.148454 -0.218854 236 191 151
-0.169556 0.631780 0.366197 183 137 112
0.332490 -0.005254 -0.108456 11 9 6
-0.185759 -0.566833 -0.036764 13 10 9
-0.383826 -0.300171 -0.057027 11 8 6
0.518867 -0.330455 -0.209868 24 21 20
0.071854 1.087623 0.694776 58 42 24
0.490174 0.187375 -0.197031 10 10 5
0.522644 -0.484525 -0.280342 12 10 9
0.396889 0.181072 -0.174721 11 9 6
-0.072309 1.143559 0.600501 42 26 14
0.233884 1.066155 0.673358 76 60 40
-0.376042 0.150292 -0.103924 7 5 3
-0.029416 0.718986 0.656610 202 159 136
-0.181337 0.827271 0.480509 191 155 130
-0.603583 0.223064 -0.152871 236 183 146
-0.581462 -0.504429 -0.347088 109 85 63
0.066813 0.465536 0.520154 148 87 76
0.780981 -0.479171 -0.510418 215 162 122
0.288037 0.767686 0.604521 233 193 167
0.587463 0.082842 -0.200974 238 195 154
-0.175384 0.837042 0.517166 197 157 130
0.317498 0.994792 0.645173 170 133 106
0.445215 -0.307485 -0.134229 14 12 10
-0.522854 -0.473984 -0.221056 8 7 5
0.674400 -0.515266 -0.450161 222 173 134
-0.028417 0.981091 0.714916 193 147 121
-0.713980 0.148750 -0.135662 220 170 136
-0.047281 0.448383 0.393873 208 162 137
-0.148341 0.920539 0.616293 193 149 124
0.098461 0.990135 0.735018 144 110 85
-0.134891 0.145227 -0.061361 234 184 143
0.177534 -0.366221 -0.059370 12 9 8
0.325640 -0.456947 -0.080658 13 10 8
0.713310 -0.487369 -0.464705 220 171 131
-0.385256 -0.418551 -0.058704 13 9 8
-0.678721 0.051809 -0.098341 241 200 160
0.268283 0.824605 0.647883 234 190 160
0.477376 -0.586894 -0.211420 16 11 10
0.618089 -0.007543 -0.202762 241 202 161
0.147627 0.177940 -0.074742 227 179 139
-0.209539 0.846669 0.245789 88 25 12
0.240913 0.440121 0.300295 224 177 146
-0.189135 0.879004 0.513874 161 123 100
-0.019489 0.875575 0.711030 236 189 162
0.096037 0.707525 0.668718 239 195 170
-0.009878 0.229739 -0.019132 231 188 144
-0.497193 -0.535695 -0.188877 7 6 5
0.086033 0.331593 0.074708 221 181 145
-0.486894 -0.369763 -0.142704 9 7 6
0.303912 -0.651146 -0.100679 22 19 19
-0.599012 -0.650205 -0.463677 102 77 63
0.501522 -0.332605 -0.182633 21 14 14
-0.210394 1.044042 0.466050 61 41 25
-0.852097 -0.423264 -0.414064 178 137 107
0.330837 0.666787 0.290725 200 155 126
0.290484 -0.351743 -0.075103 12 10 8
0.208960 0.717271 0.647397 236 190 168
-0.180753 0.698093 0.314024 181 133 108
-0.676839 -0.555648 -0.396192 214 170 135
-0.170221 0.848938 0.549076 187 149 128
-0.044690 -0.066852 -0.049536 13 10 8
-0.845691 -0.179431 -0.288176 178 135 101
0.128543 0.333388 0.051592 234 196 159
0.237245 0.413547 0.022267 221 177 135
-0.227875 -0.395466 -0.033080 12 9 8
-0.480494 0.089979 -0.090948 25 20 15
-0.078247 0.127536 -0.055494 240 187 145
0.336958 0.790564 0.492376 217 172 142
0.450415 -0.815595 -0.460679 57 55 56
0.336035 0.193662 -0.149016 16 13 9
-0.083026 0.467892 0.125795 180 137 105
-0.270835 -0.758861 -0.174091 13 10 11
-0.200826 -0.074068 -0.048310 10 9 7
-0.143696 1.126644 0.555453 78 61 43
0.307864 0.900773 0.635744 228 186 158
0.031487 0.161018 -0.068607 235 187 145
0.163510 0.455742 0.429790 223 179 151
0.265297 1.045355 0.669655 92 78 59
0.501785 -0.264880 -0.169797 10 9 5
-0.179105 0.686636 0.422541 201 151 122
0.313265 0.586107 0.297799 204 160 130
0.144586 0.442522 0.433656 228 174 153
-0.520405 0.239306 -0.160012 232 182 146
-0.167714 -0.309072 -0.042431 11 9 7
0.050677 0.560938 0.576045 205 157 133
-0.522086 -0.601353 -0.307365 6 5 3
0.290673 0.585102 0.069937 212 166 127
0.176477 0.506709 0.468266 233 183 156
0.332878 -0.089637 -0.097536 12 10 7
0.385888 -0.747349 -0.266361 24 20 19
-0.188619 0.851778 0.479017 182 144 120
0.019783 0.609324 0.543065 216 167 140
0.411081 0.952031 0.383282 87 64 46
-0.225455 0.940836 0.397021 84 65 50
-0.068778 0.448164 0.358690 192 148 129
0.304819 0.687337 0.488221 223 181 148
-0.790958 -0.428589 -0.362834 210 164 130
-0.099925 0.858089 0.656223 223 180 154
0.474100 -0.429060 -0.175286 13 10 8
0.543097 -0.379162 -0.300207 14 8 9
-0.556283 -0.270916 -0.182728 20 8 5
0.534539 -0.313439 -0.234352 20 16 14
0.674373 -0.136047 -0.259759 237 196 151
-0.063754 0.610657 0.512267 241 191 158
0.197931 0.708585 0.649301 231 186 168
0.383939 0.268694 -0.212517 34 28 28
0.581713 -0.114569 -0.209659 237 195 150
0.334073 -0.769580 -0.249540 21 17 16
-0.869506 -0.451581 -0.449590 167 125 92
-0.207664 0.088661 -0.037385 17 12 9
0.398887 0.899938 0.374017 119 92 70
0.327260 0.651167 0.310402 196 153 121
-0.223534 -0.657232 -0.061285 14 13 13
0.308307 -0.707907 -0.139550 18 15 14
0.541118 -0.520840 -0.395735 13 12 10
0.658026 -0.153817 -0.259095 237 193 148
0.830796 0.014580 -0.349112 206 163 121
-0.121684 0.799683 0.620783 215 174 149
-0.137162 0.164130 -0.068247 232 186 145
-0.590263 -0.730923 -0.376984 171 132 109
-0.161421 -0.465023 -0.032557 14 10 9
-0.504294 -0.706755 -0.363788 16 13 12
-0.043416 -0.002038 -0.040855 12 8 6
-0.310719 -0.706232 -0.126963 19 16 15
-0.067983 -0.491720 -0.049955 12 9 9
-0.365051 -0.679542 -0.124228 11 10 10
0.333780 0.673241 0.365990 198 154 121
-0.365526 -0.281588 -0.051201 13 10 8
0.311808 -0.102429 -0.091754 12 10 7
-0.669819 -0.084903 -0.143199 232 191 148
0.289563 -0.801743 -0.275859 11 9 8
0.495808 -0.497439 -0.214181 15 11 9
0.278349 -0.302832 -0.073263 13 11 8
0.231788 0.585649 0.493838 240 183 152
0.354273 1.089460 0.550354 105 84 64
-0.050022 -0.695032 -0.121002 26 23 24
0.278419 1.023405 0.672320 116 95 69
-0.750115 -0.239974 -0.234815 219 177 142
-0.229035 0.949275 0.384643 49 28 14
0.233048 0.244928 -0.098885 223 185 147
0.193582 -0.266282 -0.068199 13 11 9
-0.143362 0.555503 0.344096 194 151 128
0.539624 -0.424908 -0.312862 13 10 11
-0.453718 0.224448 -0.139445 12 8 5
0.316768 -0.899654 -0.375425 11 10 8
-0.071942 -0.189871 -0.051898 11 9 8
-0.367800 -0.622798 -0.084165 15 12 11
-0.131278 0.519286 0.316924 197 153 131
0.401694 1.060959 0.464505 92 74 58
0.101600 0.566582 0.575824 228 178 154
0.127598 0.295393 0.012596 230 190 151
-0.079217 -0.637839 -0.082764 16 14 15
0.188801 0.346946 0.020433 233 194 152
-0.806597 -0.359953 -0.338933 204 164 128
0.679485 -0.076210 -0.238339 238 198 154
0.161178 -0.793788 -0.224846 14 13 13
0.529877 -0.737038 -0.514255 85 66 52
0.232541 1.090704 0.662400 82 70 52
0.019385 0.059692 -0.060797 240 190 146
0.451325 -0.828840 -0.473380 71 69 70
0.100603 -0.815023 -0.231871 13 12 10
0.351098 0.311938 -0.213066 218 175 151
0.141978 0.375562 0.088255 233 195 157
-0.584864 -0.402841 -0.276213 160 124 93
0.715442 0.161420 -0.251238 228 182 140
0.641427 -0.398827 -0.364278 222 175 134
0.346909 0.722906 0.354848 206 157 125
0.284119 -0.657396 -0.098286 24 22 21
0.035257 -0.252452 -0.057942 11 10 8
0.642212 -0.361265 -0.344522 220 176 134
0.174554 0.392164 0.075246 234 195 154
0.507533 -0.027704 -0.170173 36 30 29
0.101004 -0.450503 -0.054161 13 9 8
-0.320434 -0.439927 -0.038122 13 9 8
0.167445 0.421780 0.165107 153 118 94
0.287641 0.832288 0.633276 234 191 162
-0.146811 -0.291154 -0.045315 11 9 7
-0.097817 -0.265259 -0.049688 13 11 10
0.137003 0.914224 0.728322 241 195 166
0.621896 0.135899 -0.216799 233 186 145
-0.241910 -0.280921 -0.040655 10 8 6
0.205373 0.037054 -0.074054 13 10 7
0.415098 0.214456 -0.200850 14 13 9
0.691291 0.146430 -0.231024 229 182 140
-0.118876 -0.827248 -0.219442 8 7 5
0.248892 -0.244685 -0.072490 13 11 8
-0.805860 -0.449681 -0.383159 205 160 123
-0.126408 -0.313921 -0.046138 12 9 7
-0.128118 -0.286451 -0.046886 13 10 8
-0.180347 0.676137 0.379336 173 125 99
0.137773 0.466161 0.463177 230 182 154
-0.098741 0.493782 0.358659 195 150 129
-0.129213 0.583525 0.448301 208 159 136
0.681713 -0.621714 -0.496356 220 168 131
-0.705072 -0.224972 -0.206393 221 178 140
-0.140930 0.585187 0.424927 190 144 122
0.681804 0.101820 -0.209865 234 188 146
-0.654348 0.089764 -0.095742 244 203 163
-0.216272 -0.627567 -0.047190 18 13 14
-0.736015 0.056283 -0.124328 224 183 143
-0.795831 -0.110929 -0.211314 214 168 126
0.464194 -0.778653 -0.478134 37 29 27
0.204696 -0.381307 -0.059696 14 12 10
-0.154917 0.780537 0.545631 195 154 132
-0.063981 0.449221 0.144342 163 125 96
0.665999 -0.390427 -0.374740 226 181 140
-0.884453 -0.354680 -0.456660 144 105 74
0.573171 -0.063253 -0.198399 241 200 157
-0.512447 0.105687 -0.105271 239 196 158
-0.607134 -0.145898 -0.138833 229 186 143
0.674576 -0.357341 -0.362825 227 184 142
0.054568 -0.598326 -0.074182 16 11 13
0.519256 -0.489229 -0.268100 22 17 17
-0.345993 -0.586008 -0.058887 17 15 14
-0.248595 -0.752858 -0.154757 16 14 13
-0.223170 0.876015 0.267135 144 86 68
0.579763 -0.644620 -0.446085 184 142 115
-0.587858 -0.489175 -0.336347 119 94 74
-0.744599 -0.524085 -0.385871 214 167 132
-0.083339 0.872345 0.674406 224 181 155
-0.090123 0.426352 0.256992 175 133 108
0.261762 0.265578 -0.121793 219 176 136
-0.797398 0.045091 -0.190740 193 144 113
-0.413828 -0.298260 -0.066875 14 10 8
0.203187 -0.918078 -0.340643 7 6 4
0.814049 0.029087 -0.293454 216 172 134
0.235982 0.027927 -0.084414 11 9 6
-0.499392 -0.077751 -0.085792 24 15 11
0.381634 -0.120971 -0.107779 11 9 6
0.167814 0.411360 0.364074 230 183 154
-0.546880 -0.564415 -0.335287 7 5 2
-0.209110 0.833776 0.308700 179 135 114
-0.701640 -0.473265 -0.348820 215 171 136
0.490586 -0.469688 -0.202596 15 13 13
-0.191069 -0.149727 -0.046319 10 9 7
0.106428 0.337235 0.070983 231 191 155
0.029950 0.907098 0.728571 245 200 172
-0.008645 -0.396156 -0.050258 14 11 10
0.414633 -0.799139 -0.379043 24 17 19
0.415905 -0.408560 -0.125530 15 12 10
-0.049346 0.941377 0.705490 219 171 143
0.420076 0.268195 -0.239924 33 29 29
0.219188 -0.059916 -0.078539 12 10 7
0.058949 0.779633 0.699945 244 200 175
0.529229 -0.713147 -0.500252 79 61 47
-0.191317 1.071355 0.504926 95 75 58
0.356042 1.000717 0.579747 176 142 117
0.237116 -0.280826 -0.069294 12 9 7
0.732929 -0.139737 -0.286849 233 191 148
-0.207124 0.032974 -0.046360 10 8 6
0.628827 0.224783 -0.265911 225 179 146
0.553951 -0.075232 -0.190703 238 196 153
-0.185002 -0.510917 -0.029860 13 10 8
-0.278733 -0.398747 -0.034116 11 8 6
0.122740 0.182331 -0.059908 230 183 139
0.368934 0.235915 -0.183568 17 16 13
0.365736 0.990807 0.556371 182 142 117
-0.365851 -0.438283 -0.050258 14 11 9
0.259685 -0.821100 -0.288235 8 6 6
-0.735124 -0.098523 -0.172152 225 181 140
0.276022 -0.806331 -0.275938 12 11 9
0.661115 0.019653 -0.200936 243 203 162
-0.257817 -0.159280 -0.045758 10 9 6
0.364177 0.806398 0.394696 187 150 124
0.819581 0.072632 -0.328904 208 161 120
-0.187181 0.748128 0.404553 211 161 136
-0.500237 -0.245727 -0.110372 13 7 5
0.132329 0.076179 -0.068096 242 193 151
-0.142718 0.520698 0.271492 186 141 119
-0.818411 -0.296040 -0.310233 200 157 124
0.423311 0.076718 -0.149779 10 9 5
0.721742 -0.005703 -0.220504 240 200 160
-0.466916 0.039397 -0.081533 19 17 13
-0.197607 -0.170311 -0.046009 11 9 7
-0.165319 1.122710 0.530991 67 48 33
-0.564754 -0.635624 -0.447613 47 34 27
0.545981 -0.795984 -0.536063 137 106 88
0.594577 -0.287789 -0.284594 203 156 110
0.075816 -0.807320 -0.222502 10 9 8
0.188514 -0.614891 -0.071593 19 15 13
0.239037 0.257143 -0.099109 217 177 140
0.522162 -0.602353 -0.440043 89 84 80
0.608138 0.175956 -0.230579 235 188 147
-0.202911 -0.048768 -0.048699 10 9 7
-0.568022 -0.021280 -0.108037 238 198 155
-0.444881 -0.691011 -0.238982 9 8 6
0.419058 -0.656692 -0.186100 16 14 14
-0.184219 0.288860 -0.089794 213 167 127
-0.557908 -0.654881 -0.447835 49 38 30
0.460667 -0.663363 -0.254720 30 26 25
0.398181 0.872724 0.332299 127 98 80
-0.030164 0.404611 0.354501 209 165 138
-0.891237 -0.392096 -0.479689 145 106 75
0.253592 0.448947 0.255597 192 145 119
-0.852654 -0.341161 -0.377523 175 136 103
-0.218178 1.042417 0.438141 67 51 36
0.352622 0.994934 0.590640 174 137 107
0.021373 -0.758077 -0.182254 10 9 9
0.334164 0.716056 0.434280 222 166 130
-0.013921 0.108022 -0.067606 244 195 154
0.249133 1.144733 0.620222 44 35 19
0.503024 -0.376643 -0.197868 15 13 11
-0.863408 -0.210859 -0.334446 163 120 89
-0.166355 0.632445 0.091635 184 136 105
-0.149419 0.835161 0.589028 197 156 130
-0.197257 0.993915 0.517505 100 75 55
0.641893 0.013665 -0.201118 241 202 161
0.739413 -0.486614 -0.482199 220 170 131
0.202573 -0.496578 -0.055837 12 10 7
0.113731 0.399115 0.413171 217 119 112
0.270012 -0.655943 -0.094429 22 17 17
-0.339044 -0.658455 -0.092332 12 12 12
-0.385260 -0.250608 -0.055652 14 11 9
-0.630888 -0.761142 -0.348377 187 143 118
-0.732166 -0.393983 -0.314295 214 172 138
0.379677 1.094628 0.505190 101 80 65
0.286572 0.541150 0.362292 220 175 146
0.219680 1.061527 0.683560 75 60 40
0.387160 0.933411 0.474004 146 114 93
0.441206 -0.345672 -0.135988 14 11 9
-0.325698 -0.114712 -0.053070 11 9 7
0.379457 -0.455991 -0.103685 13 11 9
-0.054205 -0.442440 -0.049698 13 11 9
-0.002135 -0.500254 -0.057092 14 11 10
-0.253478 -0.492017 -0.024967 12 9 8
0.295386 0.352182 -0.142079 221 174 132
0.467004 -0.344472 -0.153542 13 11 9
-0.230590 0.805164 0.198152 161 79 59
-0.204914 0.182915 -0.087236 226 181 142
-0.877324 -0.198867 -0.377538 153 113 80
0.135193 0.507425 0.490607 180 117 98
0.146199 -0.229599 -0.067586 13 11 9
-0.188798 1.014404 0.529859 107 81 61
0.012884 0.568486 0.525281 217 171 144
-0.565132 -0.381257 -0.254583 112 82 57
0.420100 0.014146 -0.135182 11 10 6
0.069072 0.454895 0.571651 177 128 112
0.205486 -0.850545 -0.295402 11 10 8
0.403983 0.296884 -0.250144 34 28 29
0.258488 -0.410569 -0.066733 13 9 8
0.227568 -0.710720 -0.124919 21 17 16
0.425133 -0.715117 -0.268963 33 28 27
0.395990 0.830379 0.235647 239 195 170
-0.083732 0.426525 0.085489 189 149 114
-0.530901 0.005206 -0.100926 239 200 157
-0.217845 0.879919 0.386618 92 67 49
-0.519208 -0.647580 -0.350339 8 7 5
0.824151 -0.024936 -0.323843 211 168 125
0.343633 0.821104 0.509874 214 172 141
-0.008789 -0.322646 -0.052382 14 11 9
0.622219 -0.187344 -0.250942 233 189 142
0.337560 0.690652 0.296852 195 148 118
0.161951 -0.822412 -0.254620 11 10 9
0.182027 1.167841 0.630022 110 82 58
-0.870502 -0.296267 -0.398179 153 114 82
0.243860 0.296688 -0.087690 216 172 133
-0.456428 -0.365790 -0.104379 13 11 8
0.117973 0.807582 0.709119 247 202 175
0.024463 -0.482199 -0.055821 14 11 10
-0.101312 0.709382 0.595795 193 146 126
-0.814191 -0.348600 -0.338894 200 159 126
-0.689730 0.094158 -0.103252 240 196 158
-0.024985 1.004646 0.712893 152 112 88
-0.869611 -0.184008 -0.339844 159 116 88
0.757513 -0.394587 -0.444316 219 171 131
0.432713 -0.030910 -0.132062 10 9 6
-0.456311 -0.417299 -0.107180 14 12 11
-0.633647 -0.362762 -0.267869 219 178 140
-0.136079 -0.149876 -0.048856 9 8 6
-0.137696 -0.126259 -0.048868 10 9 7
-0.395601 -0.065952 -0.066269 10 9 6
0.732551 -0.324484 -0.385270 226 182 140
0.178375 0.674539 0.564755 119 74 56
0.545401 -0.523036 -0.410673 39 26 16
0.214101 -0.405309 -0.059987 14 11 9
0.204094 -0.809242 -0.251569 15 13 11
-0.197618 -0.482953 -0.028062 12 10 8
0.144062 0.337404 0.331258 232 182 156
0.187175 0.179412 -0.092425 230 186 145
-0.073492 0.847092 0.674756 225 182 156
0.323191 1.022117 0.630519 141 104 79
-0.224816 0.852758 0.283925 97 32 21
0.216355 0.403646 0.292405 225 178 150
0.353361 -0.095997 -0.101434 10 9 6
-0.459456 -0.066177 -0.072277 9 8 4
0.519185 -0.508387 -0.272248 19 15 15
-0.561162 -0.613426 -0.424207 56 40 32
0.266895 -0.684881 -0.110556 22 20 19
0.283707 0.689635 0.527816 195 146 116
0.365612 0.915844 0.530444 178 140 114
-0.402168 -0.030882 -0.070499 10 8 6
0.023138 0.427774 0.449870 135 56 48
-0.218598 1.072880 0.422383 95 74 57
0.034977 0.530600 0.558919 193 141 121
-0.055504 -0.834773 -0.228104 9 8 7
0.435524 -0.821550 -0.435026 17 14 10
0.695313 0.129088 -0.223301 228 183 141
0.028134 0.361825 0.364929 223 174 149
-0.711663 0.078001 -0.110713 233 191 152
0.116198 0.635874 0.562711 220 173 143
0.255288 0.502686 0.081599 223 179 139
-0.162023 0.580300 0.292093 193 147 123
-0.469943 0.165144 -0.105175 17 13 9
-0.185249 0.721892 0.306028 185 138 112
-0.097921 -0.161778 -0.050618 11 10 8
-0.227146 0.887610 0.338163 86 63 47
-0.495377 -0.676624 -0.321838 8 9 6
0.323244 0.783560 0.537462 218 178 149
-0.175243 0.654799 0.390332 175 128 102
0.583800 -0.795909 -0.535116 189 144 117
0.186823 -0.845586 -0.283702 11 10 8
0.090485 0.312553 0.052168 228 187 152
0.459443 -0.754104 -0.433605 37 33 34
0.620798 0.156741 -0.224979 233 187 145
0.088519 -0.843713 -0.254337 11 9 8
0.319087 -0.877695 -0.362529 9 7 5
-0.409201 -0.158067 -0.063545 11 10 7
-0.400932 0.246957 -0.161383 8 7 5
0.056057 0.359853 0.373081 229 176 149
0.122758 0.323715 0.045435 234 195 157
0.380017 -0.827001 -0.363265 13 12 9
0.365684 -0.097502 -0.105118 11 10 7
-0.342848 0.345854 -0.206074 15 14 13
-0.560415 -0.161373 -0.120322 224 180 138
-0.170787 0.017151 -0.040768 11 9 7
0.195677 -0.784469 -0.217119 11 9 11
-0.050019 0.386751 0.299319 184 139 120
-0.028365 0.433121 0.386050 227 179 151
-0.361865 -0.113268 -0.057211 10 9 7
0.498475 -0.596739 -0.254869 28 27 24
0.341246 0.015039 -0.114055 10 8 4
-0.049248 -0.300566 -0.051190 13 11 9
-0.424261 -0.305633 -0.072912 13 10 8
0.722044 -0.070583 -0.250210 235 194 150
0.379185 -0.739211 -0.242539 24 20 19
0.048873 0.118526 -0.082209 239 193 150
-0.809328 0.050223 -0.213352 180 133 101
0.250344 -0.674038 -0.100848 21 18 18
-0.085535 -0.526197 -0.050149 13 10 8
-0.165264 0.623438 0.406182 183 137 111
0.262395 0.161556 -0.109515 223 177 147
-0.798526 0.082867 -0.203690 184 131 103
0.533978 -0.479228 -0.329121 24 18 20
-0.026226 0.267804 0.005569 231 190 147
0.692402 0.198321 -0.269564 225 178 139
0.283370 0.499182 0.255184 195 152 124
0.372743 0.940384 0.525227 135 97 75
0.545536 -0.637980 -0.457897 120 98 78
0.745424 -0.385235 -0.429691 222 174 135
-0.795782 -0.035600 -0.193256 211 164 128
0.437459 0.041424 -0.145013 10 9 5
0.119401 -0.787401 -0.209906 12 11 10
0.359098 1.125654 0.525386 84 65 49
0.091982 0.641529 0.589909 235 189 161
0.276697 0.500975 0.319085 224 181 151
-0.411582 -0.661110 -0.143995 21 17 18
-0.011303 -0.472427 -0.054117 13 12 9
0.375319 0.849171 0.408080 181 141 116
0.359281 0.850920 0.489418 198 156 130
0.518036 0.066923 -0.188050 29 29 28
0.064399 0.398884 0.424002 211 109 101
-0.378117 0.105631 -0.093223 10 8 6
-0.199700 0.915705 0.506091 108 77 57
-0.169911 0.818158 0.518579 197 159 133
-0.142734 0.496077 0.060001 189 143 105
0.285873 0.598334 0.462599 235 185 152
0.460874 -0.680132 -0.279211 38 30 28
-0.182186 -0.591382 -0.041208 11 10 9
-0.645942 0.132825 -0.107150 240 194 154
0.293002 -0.773899 -0.227359 22 18 17
0.798383 -0.191295 -0.353886 223 178 134
-0.334374 -0.068742 -0.059518 9 8 6
-0.576271 -0.473061 -0.308958 18 6 8
0.247786 0.763266 0.639692 234 188 161
0.415521 0.315506 -0.279830 30 28 29
-0.042119 0.978271 0.710102 184 134 109
0.085534 0.205256 -0.042394 232 191 149
0.178464 0.700366 0.649645 193 149 124
-0.154260 0.552819 0.247635 171 128 104
0.268729 0.351948 -0.100392 224 179 137
0.248387 0.327704 -0.077241 209 166 124
0.644138 0.181698 -0.239877 232 185 142
0.429126 -0.133758 -0.124049 11 9 7
-0.903735 -0.485028 -0.525084 167 126 95
0.801076 -0.128067 -0.327327 223 179 133
-0.156167 0.595700 0.393437 192 146 123
-0.086616 -0.737822 -0.157088 14 12 13
-0.183043 0.885927 0.537579 162 126 102
-0.357066 -0.529664 -0.050736 15 12 11
-0.045065 0.870327 0.698423 232 189 162
-0.203922 0.017375 -0.046805 11 9 7
0.446387 -0.586735 -0.173381 13 10 9
0.655846 0.176694 -0.240015 230 183 140
0.122487 0.100093 -0.074047 244 194 151
0.005672 0.558744 0.511595 228 182 154
0.154548 0.431852 0.391791 214 130 121
-0.386298 0.263701 -0.167775 7 6 3
0.459673 0.061456 -0.157591 9 8 5
0.092784 -0.200493 -0.063778 12 10 8
0.211578 -0.435515 -0.058188 14 11 9
-0.351544 -0.712986 -0.157040 16 12 11
0.390271 0.709202 0.170249 235 174 142
0.634901 -0.651387 -0.463141 220 169 134
-0.539611 -0.542829 -0.282053 9 8 6
-0.328870 0.358146 -0.221046 206 156 127
-0.446746 -0.407573 -0.096537 17 13 11
0.420931 -0.670055 -0.202422 19 16 15
0.254113 0.510145 0.093520 223 177 138
0.362869 0.349423 -0.261997 38 33 27
0.098160 0.273420 0.005834 224 183 145
-0.034211 -0.720100 -0.142481 13 12 11
-0.140218 0.410734 0.010642 183 139 102
-0.069083 -0.459326 -0.047983 12 11 9
-0.448232 -0.531507 -0.111021 12 10 8
-0.505670 -0.531073 -0.204199 6 5 5
0.134733 -0.755730 -0.171037 15 12 13
-0.114949 0.734558 0.609065 152 113 92
0.653451 -0.165833 -0.260903 235 192 146
-0.267371 0.201820 -0.092428 206 163 136
0.215222 -0.180383 -0.071777 11 10 8
-0.281430 -0.713535 -0.123443 11 11 9
0.220924 0.816283 0.678065 238 192 165
0.583216 -0.139831 -0.212465 233 189 142
-0.160503 0.608169 0.099562 191 139 108
0.179850 0.385082 0.061419 234 195 153
-0.022511 -0.493695 -0.054817 16 13 12
-0.625720 -0.589199 -0.428476 156 119 98
0.364349 0.771219 0.261470 222 174 138
0.641880 -0.274868 -0.297449 229 184 141
-0.216299 -0.252541 -0.042954 13 11 9
0.683234 -0.003776 -0.208847 241 202 162
0.135884 0.533645 0.523296 225 173 151
0.129069 0.530721 0.538697 219 167 145
-0.343426 0.322179 -0.179571 12 11 9
-0.181653 0.717982 0.422641 205 156 128
0.563692 -0.106365 -0.196419 237 194 149
0.422665 0.791960 0.167986 226 157 131
-0.481609 -0.185769 -0.085294 15 11 8
-0.492762 -0.048571 -0.082565 23 14 11
0.271563 0.606325 0.481616 237 185 151
0.212264 -0.116034 -0.074996 13 11 9
0.590679 0.227829 -0.258389 225 177 141
-0.857070 -0.192515 -0.312776 169 126 94
0.240326 0.303513 -0.075325 220 177 137
0.610855 -0.355835 -0.330552 208 162 120
-0.191260 -0.215310 -0.045372 11 9 7
0.777705 -0.103044 -0.297082 227 184 139
0.074902 0.657914 0.605844 220 176 147
0.030292 0.309860 0.305583 149 102 84
0.364436 0.747061 0.189291 231 178 146
0.493532 0.080815 -0.179172 16 15 12
0.006041 -0.173887 -0.056499 12 10 8
-0.870621 -0.101612 -0.344509 162 117 82
0.075727 0.498887 0.592506 248 201 179
0.158872 0.190057 -0.075366 228 183 142
0.196191 -0.396640 -0.057984 15 13 11
0.517272 0.024312 -0.184165 54 44 41
-0.699902 0.056555 -0.104839 238 197 155
0.290150 1.017413 0.665091 117 97 73
0.025108 0.672573 0.599812 134 90 65
-0.176386 0.392597 -0.075125 193 145 106
-0.166476 0.633254 0.415948 187 137 112
-0.128797 0.492312 0.255530 180 137 112
-0.075145 0.895128 0.685310 223 179 150
0.141314 0.325164 0.033586 231 192 153
-0.212212 0.842842 0.378730 106 76 58
0.019357 0.516753 0.523320 209 153 132
-0.142544 0.730895 0.547204 189 143 122
0.325969 0.645891 0.374371 192 147 115
0.003024 -0.653671 -0.101443 18 14 15
-0.395271 0.300561 -0.197605 12 9 7
-0.839867 -0.480971 -0.423073 189 141 103
-0.093837 0.120374 -0.052732 237 182 141
0.312607 0.950742 0.655856 212 168 141
-0.743731 -0.191793 -0.209895 223 179 140
0.420347 0.840568 0.200454 215 144 117
0.741556 -0.089959 -0.268638 232 191 148
-0.633170 -0.546236 -0.396943 172 137 111
-0.232533 -0.501726 -0.025115 14 10 10
-0.866198 -0.372657 -0.411673 163 124 93
0.516551 -0.549002 -0.280793 25 16 19
0.279351 -0.765381 -0.207229 21 18 17
-0.120383 0.522434 0.129476 180 134 99
-0.284260 -0.084194 -0.052793 10 9 7
0.753824 0.138478 -0.260396 225 182 141
-0.617033 -0.415970 -0.296576 196 155 120
-0.410628 -0.043350 -0.070038 9 7 5
0.787644 -0.196521 -0.348466 225 182 138
-0.757791 0.055064 -0.139399 215 172 137
-0.840018 -0.458596 -0.414288 190 142 106
0.178760 0.780442 0.685336 243 197 174
0.164005 0.694656 0.650237 204 162 138
-0.090039 1.055421 0.646298 109 81 59
0.393477 -0.637702 -0.144397 21 17 16
-0.018641 0.336107 0.277535 162 118 97
-0.234902 0.975181 0.323771 75 55 39
-0.633476 0.169337 -0.122931 240 190 150
0.125798 -0.917649 -0.315510 7 6 4
-0.143682 0.648728 0.479306 213 158 127
-0.239370 -0.302488 -0.039738 12 9 7
0.796313 0.081154 -0.272631 218 174 134
-0.228235 -0.533569 -0.026904 12 11 9
-0.486622 -0.408281 -0.150042 9 8 6
-0.148448 -0.243205 -0.046659 13 9 8
0.257092 0.789884 0.642758 231 183 156
-0.072476 0.565952 0.482272 242 189 160
-0.135169 -0.596733 -0.051986 15 13 13
0.227657 0.887867 0.697788 239 191 163
-0.827732 -0.419651 -0.386826 193 148 112
-0.200208 0.791041 0.349711 167 127 107
0.110137 -0.655331 -0.099296 23 19 19
-0.441921 0.182558 -0.117419 9 6 4
-0.013664 0.567962 0.506495 241 190 160
-0.795948 -0.547891 -0.414469 211 160 123
-0.582617 -0.306065 -0.224080 189 146 104
-0.402788 -0.742963 -0.247820 29 24 22
0.109997 0.459841 0.474691 228 179 152
0.061924 0.382617 0.135925 105 74 50
-0.026290 0.444147 0.400632 138 90 70
-0.200523 -0.633135 -0.051003 16 12 11
0.484704 -0.694057 -0.387460 28 20 18
-0.136360 -0.374989 -0.040523 11 8 6
0.654550 -0.226761 -0.281702 234 192 148
0.247873 0.781211 0.646336 234 187 160
0.272926 0.423130 -0.077494 218 171 129
0.038357 0.032049 -0.049594 193 158 140
-0.238734 -0.402170 -0.032242 11 8 7
0.182633 0.039430 -0.067447 15 12 8
0.203756 -0.657580 -0.090619 28 24 23
-0.411952 -0.709777 -0.209398 18 14 13
-0.569094 -0.092367 -0.115591 237 196 152
0.307423 0.811578 0.597917 228 188 159
0.210585 -0.209178 -0.070538 11 10 8
-0.077795 -0.337358 -0.048773 13 11 9
0.330989 0.669118 0.387760 204 156 123
0.299484 0.540002 0.297403 211 167 135
0.259015 -0.264514 -0.072162 12 10 8
0.413135 0.921209 0.279523 77 58 44
0.287490 -0.062785 -0.089926 10 9 6
0.111839 -0.259046 -0.064855 12 10 9
-0.236036 0.329893 -0.125904 213 164 123
-0.793234 -0.356573 -0.327366 209 168 131
-0.639218 -0.449687 -0.322575 206 163 130
0.311916 1.072282 0.620001 100 82 59
0.040807 0.538270 0.568987 199 150 127
-0.140290 0.448061 0.028808 185 140 101
0.194809 -0.628705 -0.077201 19 16 15
0.367224 1.096224 0.526491 96 76 61
0.747141 -0.098196 -0.276798 231 190 147
0.201578 0.427115 0.084398 231 192 151
0.380987 0.772047 0.185216 231 166 142
0.560941 0.250889 -0.278636 214 167 137
-0.173495 -0.787259 -0.192032 11 9 8
-0.545655 -0.578089 -0.353375 7 5 4
-0.026090 0.456477 0.428186 182 138 117
-0.433741 -0.649998 -0.164365 20 20 20
0.774121 -0.405102 -0.464076 217 169 128
0.158309 0.133276 -0.085432 240 192 151
0.237174 0.482965 0.104851 216 173 137
0.220593 -0.391670 -0.061523 14 12 10
-0.004450 -0.287119 -0.053581 14 11 9
-0.004350 0.506169 0.471738 223 172 145
-0.077127 -0.797818 -0.201765 12 11 9
0.572620 -0.767329 -0.514063 183 139 113
-0.720896 -0.190214 -0.199102 224 180 141
-0.479962 0.186679 -0.112819 23 17 12
-0.378852 -0.148143 -0.057156 11 9 7
0.140157 0.400040 0.380036 228 182 158
0.393187 1.098381 0.476108 74 51 33
0.287487 0.525749 0.328185 221 176 147
0.418206 0.954743 0.335005 92 73 58
0.287486 -0.439183 -0.071147 16 13 12
0.431428 -0.677223 -0.224237 22 18 16
0.598961 -0.017977 -0.201942 240 202 160
-0.598219 -0.180604 -0.145474 222 177 136
-0.558071 0.207703 -0.139143 242 194 157
-0.121007 0.480134 0.269956 184 144 121
0.242746 0.071352 -0.087226 11 8 5
0.170689 -0.162901 -0.069065 12 9 8
0.541400 -0.482667 -0.359422 24 14 12
0.346807 -0.650769 -0.118581 21 19 18
-0.244101 -0.813447 -0.233166 9 8 6
-0.284515 0.198298 -0.088972 13 7 4
-0.002529 0.687787 0.626575 139 99 75
-0.130500 0.302509 -0.034633 205 162 128
0.372034 0.963116 0.537504 166 129 102
-0.139288 0.385759 -0.004119 184 140 103
0.333598 -0.538548 -0.082088 15 11 10
0.000476 0.281436 0.020836 228 186 146
-0.843416 -0.141442 -0.273617 179 136 101
0.241177 -0.803692 -0.257952 13 10 9
-0.248434 0.176093 -0.076998 199 152 124
0.262639 -0.576722 -0.066899 14 11 9
0.366920 0.784266 0.314081 166 122 99
0.226484 0.937291 0.705935 223 173 148
-0.047038 -0.360833 -0.049713 13 11 10
0.271353 0.397153 -0.083899 220 172 131
-0.149992 0.813336 0.579031 193 152 126
-0.068405 0.688186 0.578495 147 108 91
0.163194 -0.621331 -0.075907 17 12 11
0.350597 -0.612523 -0.103436 14 10 9
-0.407968 0.109228 -0.096088 9 7 5
0.168657 -0.080792 -0.070314 13 11 8
-0.179881 0.696702 0.294233 182 133 111
0.158917 0.526537 0.485069 231 179 154
-0.114432 0.510084 0.121390 187 141 105
0.424018 -0.617629 -0.160290 18 14 13
-0.517715 0.251577 -0.166181 223 174 141
0.272558 0.266020 -0.131906 223 179 141
-0.544490 -0.413736 -0.232712 6 5 3
0.253953 0.381921 -0.046234 204 159 117
0.350009 -0.070243 -0.102919 12 10 7
0.508078 -0.657095 -0.466738 53 43 36
-0.642303 -0.754869 -0.357594 192 148 122
0.596842 -0.031092 -0.202954 240 201 160
-0.188231 0.202967 -0.090128 223 178 138
0.190566 -0.384705 -0.058324 13 11 9
0.219730 0.351160 -0.003513 226 185 144
0.059435 0.311940 0.261928 152 108 80
-0.065724 0.349700 0.046211 200 160 123
-0.521350 -0.622670 -0.332947 4 1 0
0.538685 -0.699119 -0.486493 110 87 66
0.251347 0.308617 -0.093772 216 172 132
0.774425 -0.382202 -0.449743 217 168 128
0.443139 -0.377673 -0.141031 11 10 7
0.025495 0.311914 0.054455 215 173 137
-0.059320 -0.648722 -0.092745 23 22 21
0.007932 0.463251 0.460570 219 175 149
0.419748 -0.751324 -0.319673 27 21 20
-0.086913 0.260177 -0.022881 220 177 139
-0.121953 -0.754218 -0.164754 8 8 7
0.273229 0.914818 0.677137 209 157 131
-0.228851 0.902910 0.340082 72 50 34
-0.687197 -0.002108 -0.113492 231 193 151
0.758002 -0.006260 -0.238752 232 190 149
-0.450117 -0.753965 -0.325215 25 17 15
0.279948 0.086808 -0.099855 12 9 6
-0.502882 0.202800 -0.129456 214 166 138
-0.035459 -0.283206 -0.052265 13 11 10
0.550282 -0.761917 -0.512096 147 112 92
-0.024602 0.929039 0.715262 233 186 155
-0.081094 0.973529 0.686363 190 144 121
-0.085186 -0.700938 -0.116654 32 28 29
-0.432420 -0.283714 -0.074392 13 9 8
-0.221375 0.940826 0.412038 77 56 39
-0.578882 -0.269520 -0.196430 188 145 103
0.164943 -0.267406 -0.067101 13 11 10
-0.738251 -0.354901 -0.294411 216 173 138
0.489110 -0.694381 -0.414415 31 23 21
-0.146916 0.055513 -0.028359 20 15 11
-0.197482 0.832406 0.418400 161 124 102
0.086828 -0.782413 -0.203028 12 10 10
0.072070 0.455937 0.486623 220 168 146
-0.011224 0.375383 0.100602 177 142 111
-0.105422 0.496773 0.346945 195 150 129
0.165440 0.106244 -0.078721 241 192 151
0.441085 -0.477658 -0.149240 13 10 9
-0.685765 0.020103 -0.106230 237 198 155
0.346940 -0.775627 -0.271117 25 18 17
0.475516 0.050268 -0.161892 14 13 9
-0.487416 -0.564748 -0.179960 7 7 5
-0.167687 1.025062 0.578685 124 94 69
0.694067 -0.660610 -0.522302 224 172 135
0.322907 0.633850 0.315587 203 161 128
-0.115271 -0.815997 -0.211314 9 8 7
-0.200699 0.744576 0.251740 201 146 118
-0.078349 0.825927 0.665081 226 183 159
-0.574345 -0.795017 -0.296335 207 150 120
-0.796510 -0.194125 -0.240527 211 167 127
0.299813 0.380599 -0.161923 221 172 126
0.158101 -0.142647 -0.068355 13 11 10
-0.034393 0.215759 -0.027616 233 188 144
-0.524790 -0.561708 -0.263458 6 4 5
-0.815763 -0.384711 -0.359533 201 157 122
0.397563 0.279636 -0.232153 34 29 28
-0.129031 1.040481 0.623761 147 112 88
0.109496 0.682944 0.647035 232 188 163
-0.511967 -0.318564 -0.154204 11 8 7
0.041532 1.100496 0.681373 63 48 32
0.148987 0.507953 0.474344 240 194 167
-0.189164 0.727226 0.256717 184 136 110
-0.368945 -0.017148 -0.069501 9 8 6
0.331504 -0.322937 -0.086219 13 11 8
-0.083443 -0.097889 -0.050420 12 11 9
0.061186 0.066485 -0.066666 242 192 148
-0.377525 -0.400431 -0.055713 13 10 8
0.367777 0.788781 0.300546 170 127 102
0.053418 0.596987 0.575306 191 141 116
-0.574011 -0.764538 -0.329063 166 127 102
-0.504983 -0.281228 -0.128240 16 9 8
0.283572 1.048910 0.658631 102 85 64
0.322796 -0.023351 -0.102960 11 10 6
0.177655 0.351375 0.288579 214 167 139
0.440808 -0.152979 -0.128421 11 10 8
0.692292 -0.114662 -0.258889 236 195 150
-0.293802 -0.222605 -0.044261 12 9 8
0.681701 -0.295078 -0.333329 230 187 145
0.134631 0.683829 0.641384 220 174 153
0.221208 0.153277 -0.102815 231 185 144
-0.116459 -0.684414 -0.098381 26 23 23
-0.063369 -0.738368 -0.161089 17 15 15
0.307692 -0.895238 -0.368083 9 7 6
-0.153666 0.382004 -0.035668 175 130 92
0.303864 0.665018 0.470541 229 184 150
0.354773 0.835502 0.484798 207 168 136
-0.306090 -0.124450 -0.050475 10 9 8
0.733413 -0.045016 -0.241546 234 194 153
0.303123 1.060240 0.635027 98 81 58
-0.389288 0.063469 -0.084186 9 8 5
0.105684 0.157137 -0.070010 239 190 146
-0.121699 0.489980 0.295012 194 151 130
-0.500024 -0.559017 -0.203650 8 7 6
0.039411 0.477229 0.492083 177 134 114
-0.700723 -0.560215 -0.398102 216 171 136
-0.467830 -0.147881 -0.078063 12 9 7
-0.717307 0.019780 -0.117911 231 191 149
0.268150 0.423947 -0.064414 217 170 127
-0.796656 0.013740 -0.187183 196 156 120
0.419962 0.974680 0.302029 55 42 30
0.363767 0.777327 0.342767 175 137 111
0.533382 -0.122212 -0.176764 230 185 141
0.313816 0.629007 0.428872 222 173 136
-0.034937 0.454671 0.416058 186 142 120
0.273274 0.325365 -0.117732 225 181 140
-0.273349 -0.070223 -0.053060 8 7 5
0.245279 0.648498 0.524738 181 128 98
-0.581368 -0.625533 -0.457047 45 32 23
0.537308 -0.514811 -0.369729 31 27 26
-0.039756 0.345698 0.055924 197 159 123
-0.404799 -0.381218 -0.067902 12 10 8
0.369956 0.670663 0.176054 225 164 136
-0.606549 0.196187 -0.134835 240 190 152
0.196544 -0.829447 -0.270984 10 9 9
-0.382891 0.187646 -0.118882 8 6 4
0.530469 -0.658874 -0.473813 44 34 28
0.198509 0.076337 -0.071504 23 18 14
0.369697 -0.790284 -0.312267 14 12 10
0.435315 -0.010177 -0.135890 12 10 7
0.663389 -0.727360 -0.528990 221 171 137
-0.648640 -0.402384 -0.293580 216 173 137
0.487668 -0.682130 -0.369620 31 25 25
-0.105685 0.450686 0.252860 176 134 110
0.466730 -0.625448 -0.222508 21 17 14
0.328504 0.657212 0.334876 195 153 123
-0.365158 -0.767731 -0.255691 11 6 5
0.329585 -0.881262 -0.370214 8 7 5
0.137926 1.020116 0.724327 85 66 44
-0.761299 -0.325424 -0.288474 215 174 139
-0.684633 -0.598066 -0.407302 213 168 135
-0.437231 0.313561 -0.235012 25 19 20
0.193641 0.209922 -0.085748 228 185 145
0.091631 0.233389 -0.023132 231 192 153
0.573678 0.148807 -0.216546 237 193 152
-0.466658 -0.656891 -0.239104 11 10 9
-0.329766 0.019739 -0.071982 8 7 5
-0.544422 -0.468240 -0.250542 6 3 2
-0.206970 -0.463488 -0.027937 16 13 12
0.411014 0.848207 0.281297 238 185 161
-0.200916 0.687595 0.195920 176 122 98
0.579019 -0.166363 -0.210123 230 184 136
-0.812130 -0.094472 -0.223056 201 156 119
0.615475 -0.426321 -0.370640 209 163 127
0.491393 -0.656345 -0.329173 31 23 21
-0.454802 -0.177101 -0.075488 15 11 9
0.130067 -0.334136 -0.061184 13 10 9
-0.854285 -0.130750 -0.291383 172 128 94
-0.636118 -0.212128 -0.174193 226 183 143
0.143148 0.977744 0.730583 187 144 118
-0.048017 1.051998 0.680728 119 94 70
0.372913 -0.329946 -0.099934 12 10 8
0.526197 -0.454841 -0.287616 23 17 16
0.118718 0.773466 0.696618 245 201 176
0.578037 -0.582051 -0.428478 173 133 103
-0.246657 0.883140 0.287688 134 71 54
-0.299391 -0.776630 -0.220292 21 15 16
-0.070110 -0.811660 -0.211449 8 7 5
0.385824 0.938481 0.485319 128 95 73
-0.445052 0.166420 -0.109835 10 7 5
0.457076 -0.455899 -0.161625 15 11 8
0.365854 1.015345 0.556799 149 116 90
-0.402185 0.129125 -0.100554 9 8 6
0.108346 -0.795412 -0.215453 14 11 11
0.495501 -0.774652 -0.536452 33 28 22
0.170350 0.304721 0.000078 233 194 151
0.359048 -0.517984 -0.092170 13 11 8
-0.179034 0.740048 0.437429 210 163 136
-0.411836 -0.371052 -0.071355 11 9 7
-0.283839 -0.514114 -0.029251 13 10 9
-0.324893 -0.783208 -0.247340 23 18 18
-0.759160 -0.265720 -0.253173 219 179 143
-0.023323 -0.406366 -0.050126 14 11 9
-0.877633 -0.341013 -0.431877 148 111 81
0.343064 0.064621 -0.120401 10 9 6
0.274543 -0.383097 -0.071089 12 10 9
-0.564654 0.185256 -0.126636 245 197 157
-0.169493 0.695804 0.451494 202 157 130
-0.086010 0.299359 0.002981 207 163 126
-0.280041 -0.259247 -0.042792 12 9 7
-0.634589 -0.057497 -0.126076 235 194 150
-0.160278 0.259083 -0.073351 209 164 125
0.034361 -0.411032 -0.052183 12 10 8
0.498254 -0.673741 -0.419412 37 29 27
0.302290 -0.515675 -0.070617 15 11 10
-0.197824 -0.282355 -0.042462 10 8 6
0.521857 -0.435762 -0.263103 22 19 20
-0.172339 0.816132 0.505970 195 155 131
0.237741 0.540657 0.460894 236 179 154
-0.149080 0.898159 0.610943 187 143 119
-0.250975 0.382828 -0.169271 210 163 119
-0.265874 0.322535 -0.142327 217 169 128
-0.448145 0.204488 -0.127540 7 6 4
-0.448383 -0.486256 -0.105440 12 10 8
0.061097 0.226008 -0.025147 233 191 151
0.588952 0.212507 -0.245264 222 173 134
-0.533993 -0.271231 -0.156168 16 13 11
0.463977 -0.719111 -0.364963 27 19 17
-0.468900 -0.350111 -0.115037 10 7 7
-0.405033 -0.257575 -0.061098 14 11 9
0.126864 0.847187 0.720734 247 202 175
0.352285 -0.006978 -0.113442 11 9 7
0.133178 0.399892 0.133809 182 149 119
-0.455800 -0.676531 -0.241820 8 5 5
-0.100317 -0.428842 -0.043464 13 11 9
0.773458 -0.232111 -0.356823 223 181 136
0.158783 0.668892 0.550235 124 79 57
-0.252194 0.291827 -0.124951 224 176 135
-0.472339 -0.684586 -0.284095 12 10 11
-0.142931 0.522415 0.238176 169 126 102
-0.180770 1.029736 0.547435 88 63 43
0.047822 0.455780 0.484146 221 174 149
-0.191207 -0.714649 -0.112263 19 17 19
0.796675 -0.099943 -0.310580 223 178 134
0.420100 -0.780309 -0.365534 27 22 18
0.313455 0.602083 0.364047 195 149 119
0.468115 -0.168074 -0.138705 11 9 6
-0.106115 -0.405686 -0.043131 12 9 8
0.123286 0.112857 -0.076592 241 192 150
0.250842 0.358659 -0.059529 208 165 123
0.007437 -0.207285 -0.056614 12 9 8
-0.465899 0.275453 -0.186875 8 7 5
0.705684 -0.161543 -0.282556 236 194 150
-0.302540 -0.745465 -0.174376 32 30 29
-0.223436 0.825995 0.206491 161 102 86
-0.449993 0.090151 -0.087783 7 4 1
-0.186278 -0.290855 -0.042666 11 9 7
0.237092 0.513872 0.435441 234 185 160
-0.068819 0.260985 -0.011663 215 172 133
-0.158375 0.600262 0.380435 186 141 119
-0.496408 -0.308965 -0.134061 9 6 5
0.107389 0.671063 0.628759 214 172 143
-0.853343 -0.186366 -0.302682 171 128 94
-0.386435 0.076341 -0.086868 8 7 5
0.324893 0.643027 0.354502 193 151 120
-0.361198 0.335974 -0.202446 10 9 6
-0.126983 0.320911 -0.023194 200 157 122
0.381698 -0.408003 -0.105013 12 10 8
-0.212616 0.077494 -0.039403 13 11 7
0.313418 -0.771679 -0.238087 22 18 17
-0.288959 -0.665215 -0.076592 16 14 13
0.290209 0.609659 0.465264 234 183 149
0.599938 0.136546 -0.215371 236 191 150
-0.145236 -0.532597 -0.039062 12 10 9
-0.233234 0.884308 0.266406 178 124 109
0.281066 0.402384 -0.108916 220 171 127
0.103480 0.113691 -0.075909 244 195 152
-0.874771 -0.251925 -0.391956 148 111 78
0.277129 -0.785233 -0.235375 23 19 20
-0.459851 -0.558354 -0.130879 11 9 10
0.081821 1.020740 0.727627 92 69 49
0.682372 -0.432671 -0.411116 223 175 135
0.292762 -0.200424 -0.080930 12 10 7
0.055973 -0.791507 -0.208027 10 10 8
0.282416 0.586345 0.458360 234 184 153
-0.215848 1.063689 0.441278 83 65 49
0.185041 1.017214 0.713710 76 58 35
-0.457791 -0.736392 -0.312453 12 7 5
0.054875 -0.702364 -0.130679 22 20 21
-0.455886 -0.548600 -0.122855 14 12 13
-0.182870 0.931435 0.551846 156 119 94
-0.393822 -0.111702 -0.062559 11 10 7
-0.070313 0.627308 0.522901 233 185 152
0.273178 0.525998 0.385390 221 175 149
0.010086 0.356625 0.095108 175 140 107
0.320629 -0.035233 -0.100331 11 10 6
-0.111244 -0.726003 -0.133120 19 16 17
-0.069405 -0.286566 -0.050960 13 11 9
0.363573 1.075137 0.541572 105 83 64
-0.422050 -0.765033 -0.312990 20 14 14
-0.040711 -0.334906 -0.050233 12 11 9
0.162553 0.398010 0.095754 231 191 153
0.080020 -0.023738 -0.059160 14 12 9
-0.566707 0.142962 -0.111778 241 196 155
0.790722 -0.218663 -0.362226 221 179 135
0.295499 0.522563 0.259735 201 156 123
-0.702648 -0.572628 -0.401096 216 170 137
0.653936 -0.737604 -0.528825 221 171 138
-0.535724 -0.157610 -0.104339 153 123 103
-0.724090 -0.367349 -0.294556 217 173 138
0.125189 0.687749 0.649092 230 187 162
0.386301 0.825646 0.316651 119 86 64
0.668391 -0.747104 -0.546494 222 172 139
0.706971 -0.454778 -0.442781 221 174 134
0.733975 -0.445840 -0.456735 222 174 134
0.096172 1.134994 0.664602 66 44 25
-0.277753 -0.578044 -0.036236 12 10 9
0.418990 0.967504 0.314504 65 50 37
-0.122256 0.720433 0.585959 203 164 145
0.402099 -0.837438 -0.395897 11 9 7
-0.555977 -0.401254 -0.249292 8 6 4
0.091906 0.029700 -0.052472 24 15 11
-0.023566 0.362680 0.320938 203 159 135
0.206572 0.463391 0.405805 230 186 159
-0.423166 0.144767 -0.105248 9 8 5
-0.542049 -0.665999 -0.414785 42 33 25
0.430269 -0.728067 -0.301494 31 27 24
0.251233 -0.459590 -0.062325 14 11 10
-0.462835 -0.755828 -0.344655 20 13 11
0.386079 -0.786250 -0.324130 16 12 10
0.270292 -0.258208 -0.073532 12 11 9
-0.085120 0.233763 -0.035820 225 184 145
0.225446 -0.262599 -0.069638 12 10 8
-0.146705 -0.229057 -0.047014 10 8 7
0.505457 -0.557612 -0.249568 17 12 12
0.245338 0.001315 -0.085009 13 12 9
-0.392347 0.229203 -0.146590 6 5 3
0.485699 -0.208693 -0.148739 12 10 7
0.387838 -0.605711 -0.122905 11 10 8
-0.144529 0.604538 0.441842 198 152 126
0.050955 -0.310306 -0.058079 14 12 10
0.804874 0.070677 -0.284339 214 170 130
-0.151299 0.741476 0.526582 197 156 134
0.267139 0.984852 0.690531 143 107 81
-0.075603 0.455493 0.119421 184 141 104
-0.907759 -0.474778 -0.539355 150 111 83
-0.312009 -0.137305 -0.049839 9 8 6
-0.297291 -0.583276 -0.042319 15 11 11
0.765019 -0.350986 -0.423280 218 172 132
0.012505 -0.218730 -0.056870 12 10 9
0.429104 0.859006 0.243132 178 108 78
-0.413662 -0.404707 -0.072090 13 11 9
0.285008 0.527961 0.340834 219 175 146
-0.391293 -0.281891 -0.058461 14 11 9
-0.709074 0.196240 -0.168375 215 160 128
0.486939 0.296943 -0.302735 23 21 22
0.132692 0.317967 0.271155 150 108 84
0.531666 0.072324 -0.193404 229 191 162
-0.003596 1.064254 0.691833 58 41 23
-0.235646 -0.045124 -0.051674 9 8 6
-0.159056 -0.226243 -0.046459 12 10 8
-0.180664 0.688627 0.409097 196 146 118
-0.035332 -0.383629 -0.049875 15 11 10
-0.087276 0.616207 0.505920 242 192 158
-0.773292 -0.372980 -0.323978 214 170 135
0.517599 0.191638 -0.219454 17 14 12
0.115005 0.363694 0.096476 224 186 149
0.647961 -0.096435 -0.236624 237 196 153
0.265495 0.290056 -0.118772 223 181 140
-0.082788 -0.213601 -0.051326 10 8 7
-0.148006 0.530282 0.255908 181 135 111
-0.006479 -0.027610 -0.048556 15 11 8
0.250529 0.241869 -0.116454 215 170 134
0.668833 -0.418559 -0.392183 224 177 137
0.406086 -0.700379 -0.219051 18 15 15
0.557719 -0.363704 -0.342124 56 36 21
-0.796917 -0.582809 -0.411329 205 154 117
-0.055837 0.275437 0.002564 227 184 143
-0.728730 -0.597402 -0.402742 217 168 134
0.512069 -0.006207 -0.179356 36 30 28
-0.037858 0.819741 0.687656 234 193 167
-0.050632 0.721227 0.649587 155 114 91
0.206706 1.034644 0.701317 95 78 57
0.437948 0.300653 -0.280199 31 29 30
0.514677 -0.314631 -0.195272 23 22 22
-0.114086 0.844740 0.640385 224 182 155
-0.129400 0.886730 0.634120 215 171 144
0.229204 -0.382129 -0.063015 14 11 9
0.360278 -0.463297 -0.094397 13 11 10
-0.455554 -0.623803 -0.171485 10 9 9
-0.189222 0.724844 0.377696 192 141 115
-0.294672 -0.110533 -0.051044 9 7 6
-0.157937 -0.832426 -0.225578 7 6 4
-0.288274 -0.408884 -0.033917 15 12 10
0.155979 -0.645490 -0.087890 19 16 17
0.475156 -0.541105 -0.194330 14 11 8
0.316307 0.597653 0.291832 204 159 130
-0.101206 0.614056 0.498409 238 187 154
-0.215129 -0.707237 -0.102639 19 16 17
0.194302 0.170243 -0.098278 230 185 144
-0.148330 0.586089 0.119716 190 138 103
-0.020569 0.245256 -0.007842 233 190 148
-0.034848 -0.153781 -0.053532 11 9 8
0.689174 -0.561030 -0.482040 222 167 130
-0.400499 0.037655 -0.079371 11 9 7
0.308177 0.578622 0.320668 204 161 130
0.469328 -0.758306 -0.476113 37 29 27
0.409035 0.940547 0.378246 88 66 45
0.004460 -0.373717 -0.051009 14 10 10
-0.549962 -0.596105 -0.385551 11 6 6
0.314107 0.768952 0.551388 221 182 153
-0.407979 -0.642866 -0.124482 16 14 13
-0.350492 -0.216297 -0.049216 13 10 8
0.220927 0.972430 0.709338 180 137 112
-0.292555 -0.429576 -0.032932 13 10 9
-0.169526 0.633173 0.383586 179 132 106
-0.513672 -0.547254 -0.228593 7 6 4
-0.713115 -0.564927 -0.399051 212 165 130
-0.621895 0.158626 -0.116406 239 189 150
-0.203203 0.870230 0.435139 131 99 78
0.147607 0.370068 0.350898 231 184 157
0.519449 -0.545950 -0.292337 19 11 9
0.664439 -0.444654 -0.404250 223 174 135
-0.603262 -0.462533 -0.321398 158 126 100
-0.065731 -0.081807 -0.049767 12 10 8
-0.065467 0.931649 0.695544 224 176 149
0.699769 -0.349639 -0.376871 226 182 140
0.371768 -0.885951 -0.399620 8 7 5
0.609516 -0.067973 -0.215884 241 200 157
0.419804 -0.807419 -0.395025 16 12 11
0.307064 -0.884647 -0.361436 8 7 5
-0.017682 0.344716 0.067077 193 156 121
-0.000640 0.641355 0.547372 187 134 110
0.379290 0.885563 0.444841 180 145 126
-0.224215 1.002650 0.422671 85 66 52
0.263664 1.030019 0.677329 93 71 50
-0.473054 -0.515658 -0.141254 6 6 5
-0.262546 0.354848 -0.156571 203 156 116
0.695039 -0.385981 -0.392781 226 181 140
-0.484588 -0.517347 -0.159633 8 5 5
-0.681835 -0.621266 -0.402567 212 166 132
0.383286 1.025397 0.513753 121 92 71
-0.325938 0.339293 -0.190559 166 129 107
-0.159227 0.222103 -0.078141 218 173 132
-0.354916 0.127372 -0.094604 8 6 5
-0.111496 0.461250 0.264037 184 141 118
0.170854 1.062847 0.702002 71 55 35
0.368659 0.028152 -0.123375 10 9 6
-0.628425 -0.635299 -0.426148 163 126 103
-0.186373 -0.526244 -0.031123 10 8 6
0.028602 0.371321 0.115599 145 111 84
0.308098 0.713770 0.517789 214 171 146
0.408973 -0.269337 -0.114032 11 10 7
0.369612 -0.764337 -0.275179 25 16 16
0.366421 1.122146 0.514121 71 54 39
-0.473586 -0.238947 -0.090496 12 8 6
0.295066 -0.567903 -0.072318 14 10 9
-0.216351 -0.163273 -0.045344 9 8 6
0.376042 0.985987 0.532619 158 123 98
-0.111987 0.479922 0.096849 194 151 113
-0.208329 1.020494 0.480339 73 52 32
0.212349 0.310795 -0.032402 223 184 143
-0.825288 -0.501617 -0.418841 200 152 115
-0.082817 0.460473 0.345534 189 144 125
-0.774770 -0.098780 -0.194158 220 175 134
0.419886 0.134027 -0.165994 9 8 5
-0.596347 -0.522836 -0.376419 116 89 71
0.504863 0.027068 -0.177661 25 22 19
0.019318 0.381683 0.377257 206 159 135
0.612560 -0.036312 -0.208801 241 202 161
0.025618 0.333661 0.340614 227 177 153
0.169424 0.175528 -0.086659 234 190 149
-0.561285 -0.503810 -0.304475 8 4 1
0.286398 -0.769731 -0.217253 19 16 16
0.029556 0.608329 0.550903 211 163 135
-0.639570 -0.272133 -0.209252 222 180 141
0.243572 0.367682 -0.028149 210 167 125
-0.159212 0.505996 0.012481 180 134 98
-0.519571 -0.594137 -0.289994 10 9 7
0.039652 -0.345941 -0.054412 15 11 10
0.785888 -0.235233 -0.367471 222 178 133
0.370917 0.828924 0.397818 174 136 111
-0.311831 0.179052 -0.093562 7 5 3
-0.640000 -0.249685 -0.195884 223 180 142
-0.393705 -0.528977 -0.065502 12 11 9
0.122567 0.555787 0.554639 226 179 153
-0.070770 -0.620352 -0.077051 14 10 11
-0.396118 0.018001 -0.076109 9 8 6
-0.370578 0.309715 -0.186257 11 7 6
-0.164915 0.618515 0.387059 182 137 113
0.271968 0.802893 0.635569 227 175 147
-0.447700 0.285301 -0.200921 15 13 12
-0.649554 -0.283715 -0.218624 223 180 144
0.059205 0.343405 0.358980 241 187 161
-0.342458 -0.197735 -0.047978 11 9 7
0.332489 1.101820 0.577567 102 85 70
-0.167992 0.596620 0.271859 184 137 111
0.303104 -0.367461 -0.078149 13 10 8
0.521519 -0.474168 -0.273168 16 10 10
-0.702570 -0.011645 -0.122577 230 191 149
0.038720 -0.121442 -0.057601 12 10 7
-0.876988 -0.353862 -0.433839 150 114 83
0.740831 -0.034604 -0.239662 233 193 152
-0.167990 -0.550456 -0.037368 12 9 9
0.083981 0.661781 0.616646 225 180 151
0.206531 0.324952 -0.012087 226 187 145
0.706283 -0.052583 -0.235408 236 197 154
-0.385369 -0.711099 -0.176742 21 16 16
-0.523768 -0.379021 -0.192049 8 7 5
0.785907 0.104922 -0.273303 219 175 136
0.467199 0.041678 -0.156357 10 9 5
-0.172957 0.314435 -0.077276 195 150 111
0.322899 0.624253 0.257000 199 153 121
-0.525710 -0.704639 -0.409664 53 82 47
0.186316 -0.138341 -0.071231 10 9 7
0.798400 -0.044159 -0.288700 219 174 131
-0.887811 -0.504040 -0.489905 198 148 109
0.279967 0.196333 -0.128373 227 182 141
0.370435 0.088358 -0.134304 9 8 4
0.191593 -0.021306 -0.073704 13 10 7
0.661425 0.096983 -0.206035 235 190 149
-0.837836 -0.552694 -0.447567 196 145 108
0.213172 -0.271330 -0.068691 12 9 7
-0.424799 -0.398976 -0.078783 12 10 8
-0.679560 -0.063300 -0.138013 232 191 149
0.447115 -0.088375 -0.133571 12 9 7
-0.051114 0.378780 0.280039 180 138 115
0.514640 0.178500 -0.213719 17 16 12
0.137964 1.091769 0.694105 87 65 44
0.053305 -0.082856 -0.058714 13 11 9
0.251302 0.479826 0.351502 226 183 155
0.402061 0.723110 0.153427 204 138 106
0.299072 -0.804393 -0.287861 14 10 9
0.258821 0.601090 0.489993 238 184 150
0.203017 0.653076 0.541158 90 67 49
0.298503 -0.473035 -0.071632 14 11 8
0.259871 0.459567 0.253063 190 144 117
-0.225648 -0.076418 -0.049176 12 10 7
-0.554480 -0.147659 -0.114702 230 187 144
-0.602639 -0.474209 -0.329841 151 120 94
0.150510 1.039498 0.716085 77 59 40
0.363558 1.003473 0.561780 162 128 102
0.572995 0.259636 -0.296848 215 169 135
0.254425 0.842866 0.666142 234 188 158
-0.220070 -0.601495 -0.038194 17 16 14
0.041363 0.980461 0.730407 179 137 113
-0.339030 -0.707166 -0.140180 16 12 11
0.384878 -0.105985 -0.110781 13 11 8
-0.261526 0.121218 -0.059323 8 7 5
0.788555 -0.365404 -0.451397 215 167 125
0.709132 0.108873 -0.217869 231 186 143
0.382969 0.692151 0.173986 233 174 143
0.674235 0.154340 -0.231041 230 183 140
0.490824 -0.085327 -0.148692 22 18 15
0.041213 -0.089312 -0.057625 13 11 9
0.166918 0.346635 0.256122 157 113 87
-0.699108 -0.278891 -0.230484 218 177 141
0.041891 -0.855745 -0.256754 19 15 14
0.091575 -0.497057 -0.056486 13 11 10
0.525612 -0.536667 -0.338679 19 18 15
0.378573 0.824371 0.359226 151 118 94
-0.079657 0.496338 0.407062 199 154 133
-0.515873 -0.565852 -0.246640 8 8 6
0.159092 0.608128 0.522767 241 196 167
-0.765624 0.121275 -0.168130 201 152 118
-0.019818 -0.067823 -0.051233 15 12 10
0.010321 -0.098456 -0.054721 11 10 8
0.059226 0.983533 0.732433 172 133 108
0.349720 1.100417 0.553279 103 80 60
0.690827 0.089086 -0.207870 236 191 150
0.189029 -0.429806 -0.055834 15 11 10
0.400902 0.979645 0.458670 112 87 65
0.089849 0.733524 0.681362 245 200 176
0.065770 -0.641324 -0.093510 22 18 18
0.076566 -0.737864 -0.160699 13 11 11
-0.146123 0.681410 0.488881 212 164 134
0.338430 0.739407 0.436742 217 170 134
0.563136 -0.139740 -0.198067 234 190 143
-0.781471 -0.404153 -0.345326 212 167 132
0.123697 0.309262 0.303814 206 152 128
-0.299168 0.037184 -0.068724 8 6 5
0.258971 0.443303 0.002687 213 169 128
-0.193587 0.876849 0.488969 172 138 117
0.414152 0.115173 -0.158112 11 9 6
0.404719 -0.784062 -0.342765 27 22 20
-0.782000 -0.331142 -0.304995 211 168 133
0.266351 -0.611748 -0.076154 19 17 16
-0.170794 -0.759638 -0.165403 11 8 10
-0.099045 1.113333 0.601276 79 58 42
0.430866 0.209258 -0.201863 12 11 7
0.116869 0.415262 0.419283 205 105 102
0.160512 -0.802310 -0.233560 13 11 9
-0.088900 0.919316 0.677294 222 177 149
0.594691 -0.265373 -0.271482 193 146 103
0.538300 -0.721249 -0.499852 114 91 70
-0.170587 -0.744765 -0.146623 12 9 10
-0.380368 -0.693168 -0.149379 17 13 12
-0.229920 0.125871 -0.044880 14 11 8
-0.249345 0.260391 -0.117771 227 182 140
0.460561 -0.384070 -0.156307 12 9 7
0.731300 -0.477855 -0.471900 220 170 132
-0.083233 0.539906 0.454194 224 173 146
0.582045 -0.087833 -0.205509 239 197 154
-0.122783 -0.165449 -0.049404 10 8 7
0.476809 -0.145250 -0.141152 13 11 7
0.207264 -0.281964 -0.067759 12 9 7
0.530586 -0.375606 -0.260609 24 20 19
-0.411263 -0.096838 -0.066181 10 9 6
-0.115624 -0.293361 -0.047699 13 11 9
0.017945 0.495878 0.484632 194 146 126
0.061400 0.666945 0.614141 190 148 119
0.642735 -0.788487 -0.555898 218 168 135
0.054858 -0.461923 -0.054751 13 10 9
0.298064 0.547899 0.325549 219 173 142
-0.207853 -0.749744 -0.145834 13 11 11
0.007886 0.045722 -0.051006 237 189 147
0.398116 0.841661 0.241009 223 177 160
0.175628 -0.645142 -0.085793 22 20 21
-0.434976 0.286367 -0.201429 11 9 8
0.735725 -0.167812 -0.300552 233 191 147
0.449172 -0.488137 -0.156868 13 10 8
0.650156 -0.337386 -0.335462 225 180 139
0.565976 0.049528 -0.195472 241 201 160
0.274989 0.383113 -0.098956 223 175 134
0.013028 0.267730 0.010772 229 187 145
-0.629132 -0.398083 -0.287639 213 169 135
0.632966 -0.076763 -0.226178 241 199 156
0.017938 -0.817308 -0.225148 9 8 7
-0.676915 -0.236400 -0.201068 225 182 144
0.360514 0.982281 0.566640 173 135 109
0.331611 0.668073 0.263720 196 152 121
0.345773 -0.481965 -0.086930 14 11 8
-0.150975 0.719217 0.500322 200 161 136
0.780827 -0.525562 -0.533721 219 164 123
-0.151646 0.489436 0.026987 180 133 96
-0.341331 -0.677429 -0.108368 12 10 10
0.391958 0.922722 0.434213 126 98 77
0.470269 -0.008256 -0.149454 15 14 10
-0.398765 -0.100326 -0.063984 10 8 6
0.329248 -0.044088 -0.100878 14 12 8
-0.147187 -0.602685 -0.050927 15 12 12
-0.514010 0.144909 -0.113953 240 195 156
-0.379481 -0.503944 -0.056774 14 12 11
-0.516527 -0.336885 -0.167203 4 2 3
-0.099566 0.556147 0.453114 218 168 141
-0.006818 0.701021 0.654504 143 101 76
0.237528 0.183843 -0.112280 227 182 141
0.273693 0.849509 0.653398 234 191 161
-0.005369 0.607116 0.527105 237 191 158
-0.143804 0.564394 0.109381 194 143 107
0.127678 0.668272 0.602025 195 143 111
0.273330 0.628757 0.494225 234 183 148
-0.209769 0.833083 0.266923 167 110 89
-0.428161 -0.109914 -0.068936 10 8 6
0.009903 -0.386304 -0.050810 13 10 9
-0.429156 -0.345312 -0.078572 14 10 8
0.280107 -0.800295 -0.266180 13 9 8
0.450126 -0.739389 -0.367616 19 15 14
-0.646213 -0.529882 -0.380007 199 156 126
0.055509 0.647011 0.580256 177 133 106
-0.808198 0.026345 -0.204817 185 138 104
0.155810 0.349300 0.327630 231 181 155
-0.055556 0.044850 -0.037257 235 186 156
-0.089772 0.589017 0.488786 233 179 149
-0.030659 0.192241 -0.042547 237 191 146
-0.289176 0.054355 -0.068193 9 8 6
0.398186 0.887444 0.355419 95 70 49
0.496689 0.234571 -0.225699 36 31 32
-0.686467 -0.215400 -0.195412 224 181 141
0.328437 -0.778267 -0.258014 24 20 19
0.366313 0.759230 0.260864 236 193 157
0.708528 -0.413868 -0.420493 221 173 134
0.236986 0.798057 0.659988 237 191 163
-0.072558 -0.360915 -0.048467 12 9 8
0.548348 -0.685442 -0.474108 138 107 86
-0.105435 -0.675431 -0.095285 25 20 21
-0.212499 0.824323 0.353006 126 91 72
-0.463928 -0.626799 -0.193421 6 5 5
0.830197 0.030074 -0.356654 204 162 121
0.360140 -0.673346 -0.143791 22 18 18
-0.111680 -0.153319 -0.050062 12 11 9
-0.069239 0.320025 0.025787 216 174 138
-0.148803 0.160739 -0.067257 229 181 141
0.210692 -0.470667 -0.056331 13 10 8
-0.251465 0.901712 0.295022 213 146 119
0.131703 0.018071 -0.059588 13 10 7
-0.633399 -0.715879 -0.371340 196 151 124
-0.901830 -0.470779 -0.515531 159 122 90
0.049422 0.574365 0.572999 189 143 124
-0.162986 0.359400 -0.060992 181 135 99
-0.348630 -0.635740 -0.080652 13 11 9
0.072242 0.106686 -0.079310 241 191 148
0.333211 1.068972 0.594255 107 86 62
0.250940 0.627447 0.509013 231 178 145
-0.013400 0.930600 0.719706 234 189 159
-0.052559 -0.395422 -0.049141 13 10 9
-0.226727 0.884250 0.324682 94 65 48
-0.615628 -0.654230 -0.432759 149 114 95
-0.085518 0.436043 0.294338 190 145 126
0.265500 -0.752165 -0.180432 16 14 13
0.184280 0.722968 0.661863 242 196 173
0.287315 0.532776 0.198235 168 134 106
-0.827621 -0.368300 -0.361818 193 154 120
0.505281 -0.673366 -0.476302 49 45 34
0.142547 0.778339 0.693906 247 205 182
0.270372 0.676654 0.522450 115 75 57
-0.180249 0.045723 -0.036780 14 11 8
-0.053090 0.100055 -0.051863 237 185 142
0.185076 0.405355 0.079912 234 194 154
-0.883500 -0.340290 -0.453603 144 107 77
0.052680 -0.387510 -0.052881 15 12 10
-0.869962 -0.225936 -0.357141 155 114 82
0.519816 -0.201571 -0.165873 19 12 10
-0.880661 -0.208885 -0.398973 146 109 75
0.374700 1.061027 0.527591 118 96 77
0.490296 -0.482550 -0.204194 14 10 10
-0.039266 -0.606383 -0.076729 17 12 12
0.643742 -0.730949 -0.516823 219 169 136
-0.067720 0.480379 0.405949 200 155 132
-0.183541 1.037166 0.538011 94 69 50
-0.570497 -0.256825 -0.181193 173 131 92
0.249249 0.507431 0.105868 214 170 131
0.370967 1.137428 0.497140 90 71 58
0.437921 0.053692 -0.148133 10 9 5
-0.101030 1.018479 0.655205 172 133 111
0.710645 -0.314823 -0.364600 226 183 140
-0.566244 -0.131347 -0.117444 230 187 144
-0.252533 0.052225 -0.058068 9 8 6
-0.814044 0.025919 -0.217603 182 132 100
-0.126714 0.542583 0.375310 195 153 129
-0.139512 1.052774 0.609870 148 114 90
0.442811 -0.319519 -0.133523 14 12 9
0.222178 0.490942 0.425060 234 192 167
-0.148353 0.376423 -0.024973 181 136 99
0.226580 0.452809 0.359618 230 185 158
0.606049 -0.259411 -0.272945 214 166 120
0.520641 -0.560376 -0.315537 17 12 10
-0.194196 0.895727 0.511372 134 97 76
-0.683826 -0.371557 -0.281552 218 176 141
0.455121 0.230026 -0.224338 32 31 32
0.439292 -0.504841 -0.148873 14 10 8
-0.191606 0.745825 0.364305 195 146 121
-0.747766 -0.054742 -0.162768 222 178 138
0.460723 0.024943 -0.150516 9 7 4
0.130409 0.279634 -0.001987 232 193 150
0.472518 -0.765356 -0.495514 30 26 27
0.037398 0.382652 0.131060 122 87 64
-0.593356 -0.747566 -0.345650 173 131 107
0.286774 0.170609 -0.120289 31 17 9
0.538860 -0.519891 -0.383421 25 22 17
0.382654 0.104379 -0.143238 10 8 5
-0.084771 -0.146398 -0.051311 11 10 8
-0.349778 0.338692 -0.197546 12 10 8
0.078910 0.012232 -0.050333 14 11 7
-0.258441 0.165645 -0.064621 14 10 6
0.257369 -0.804171 -0.263712 16 12 11
-0.182767 0.688459 0.376824 178 128 101
-0.160745 0.052632 -0.030930 16 12 9
0.645451 0.148906 -0.223955 231 184 142
-0.569191 -0.580893 -0.418757 8 2 2
0.471997 -0.713545 -0.381176 32 24 22
0.160576 0.674111 0.571214 141 95 71
0.507899 -0.749762 -0.529130 42 35 26
0.018981 0.977155 0.726980 199 154 130
0.256094 1.188888 0.586675 154 136 116
0.511904 -0.608783 -0.346282 42 40 41
-0.610239 -0.598945 -0.445307 107 82 63
0.363827 -0.761540 -0.264859 21 16 14
0.320388 0.612270 0.273174 197 151 123
-0.132040 -0.188632 -0.048650 12 10 8
-0.164623 0.604203 0.074225 186 136 102
-0.000905 0.742461 0.677343 246 201 178
0.381068 0.875756 0.424024 164 129 101
0.196220 1.144973 0.642834 76 64 45
-0.053121 -0.410434 -0.049090 15 12 11
0.293801 0.790533 0.607997 233 193 165
0.660288 -0.294454 -0.319305 227 184 142
0.401329 0.894268 0.345587 82 60 41
-0.009982 0.397787 0.124393 162 130 100
-0.364252 0.201060 -0.121896 5 5 3
0.594428 -0.555326 -0.425205 188 143 111
0.093110 -0.077587 -0.062444 12 11 8
0.151494 -0.766351 -0.185656 12 10 10
0.206151 -0.081822 -0.075780 11 9 6
-0.166176 -0.180809 -0.047154 11 9 7
-0.219841 -0.731752 -0.127492 15 12 13
0.362497 1.146641 0.505765 72 54 41
0.157009 0.396176 0.361734 229 185 156
0.257508 -0.744890 -0.167307 18 16 15
-0.091092 0.775138 0.642395 226 182 160
-0.399829 -0.599973 -0.091042 14 13 11
-0.240133 -0.696946 -0.093157 18 12 12
-0.169884 0.721351 0.456787 207 166 138
-0.111334 0.215099 -0.053196 228 182 140
-0.645994 -0.489376 -0.350356 207 163 131
-0.250286 0.390450 -0.178697 217 165 123
0.503785 -0.067196 -0.159556 25 20 17
0.282834 -0.392542 -0.072448 14 10 9
-0.595558 -0.715287 -0.390920 169 130 106
0.519092 0.268285 -0.278541 33 32 32
0.443506 0.852771 0.208361 237 177 148
-0.749567 -0.260279 -0.244907 218 179 143
-0.039400 0.583237 0.504720 243 192 160
-0.872803 -0.351953 -0.422541 157 118 87
-0.578987 -0.615308 -0.449332 40 26 22
0.241162 0.991386 0.700320 135 104 79
0.240444 0.736906 0.635964 234 189 165
0.238410 -0.845440 -0.304915 11 10 8
-0.298802 -0.134043 -0.049384 10 9 7
0.382132 -0.807616 -0.346934 14 12 10
-0.547472 -0.289599 -0.187635 13 9 7
0.360105 0.809749 0.418598 202 162 133
-0.239813 0.352223 -0.135417 202 154 113
0.327836 -0.809008 -0.308333 14 12 11
-0.205166 -0.534321 -0.029269 13 9 8
-0.096916 0.473356 0.330703 194 148 129
-0.188627 -0.676520 -0.077737 24 21 23
0.519537 -0.555539 -0.302861 24 18 20
0.324747 0.635895 0.270034 198 153 122
-0.247544 -0.029262 -0.053596 9 8 6
0.463984 -0.041575 -0.142241 10 8 5
-0.882229 -0.441718 -0.463709 161 121 90
0.363922 -0.861137 -0.376283 9 8 6
-0.463621 -0.411542 -0.115021 20 20 18
-0.737044 -0.574543 -0.403106 215 168 133
0.219749 0.462244 0.390649 231 186 160
0.385763 -0.766990 -0.296668 22 16 16
0.298149 0.622816 0.081861 208 164 126
-0.131753 0.501986 0.276098 190 144 123
0.508222 -0.120322 -0.157470 19 14 12
-0.362261 -0.498872 -0.049434 13 10 9
0.252064 0.586177 0.483179 236 178 147
-0.634410 -0.234828 -0.184606 224 181 141
0.712218 -0.443424 -0.440379 221 174 135
0.764917 -0.314999 -0.401239 221 176 134
0.026754 0.553382 0.540881 195 146 125
-0.650445 -0.470675 -0.338433 209 165 131
-0.447183 -0.648329 -0.184195 8 7 5
0.695876 -0.525924 -0.472240 219 169 131
0.579192 -0.608754 -0.434504 180 137 109
-0.102839 1.147310 0.574163 62 46 31
0.285972 0.373737 -0.121197 221 172 132
-0.587670 -0.573604 -0.430066 70 52 40
0.185392 -0.526621 -0.057758 13 10 9
-0.875383 -0.147689 -0.354294 156 114 80
-0.013661 -0.555271 -0.064835 13 10 9
0.115544 0.483214 0.494525 231 180 162
-0.604173 0.106878 -0.100709 238 194 153
-0.484872 0.196678 -0.118406 24 20 13
0.477541 -0.675247 -0.307033 35 27 25
-0.548746 0.258343 -0.184451 227 177 140
0.095175 -0.879781 -0.283514 10 9 7
0.709545 0.061972 -0.208207 238 196 155
-0.658348 -0.418085 -0.305379 217 175 140
0.192615 -0.176182 -0.070282 12 9 7
0.278140 0.526049 0.033200 207 160 120
0.332217 -0.821188 -0.326678 11 10 8
-0.210667 0.208476 -0.097698 226 181 139
-0.153965 0.768614 0.541991 199 158 134
-0.759153 0.076405 -0.144083 212 164 134
-0.095119 0.464742 0.105775 193 147 112
0.241662 -0.024202 -0.083012 11 10 6
-0.886812 -0.381769 -0.463481 149 110 79
0.218499 -0.323612 -0.065109 12 9 8
0.383940 0.760885 0.188722 216 144 117
0.220143 -0.896110 -0.333968 10 9 7
0.157999 0.948095 0.725595 229 179 152
-0.806323 -0.181443 -0.242909 208 163 124
-0.242034 0.736332 0.188310 211 142 123
-0.786574 -0.062221 -0.191933 213 167 126
-0.194354 -0.593309 -0.039961 12 11 9
0.632743 -0.708616 -0.491793 219 169 134
-0.061778 0.448676 0.371669 192 147 124
0.616502 0.060397 -0.199069 237 195 153
-0.556057 -0.440725 -0.262411 6 3 1
-0.861548 -0.167559 -0.314835 165 122 89
-0.824145 -0.326410 -0.334306 197 154 121
-0.158351 0.525651 0.027026 179 132 97
0.030269 0.790025 0.699662 244 198 174
0.304257 0.778510 0.583751 228 187 159
-0.846710 -0.072143 -0.276354 169 124 89
-0.166903 0.778619 0.494597 202 163 136
-0.614812 -0.378765 -0.274666 212 168 131
-0.527677 -0.686988 -0.394727 47 65 36
0.193170 -0.078563 -0.073778 12 10 7
-0.573469 -0.334531 -0.237642 164 124 88
0.324529 -0.669231 -0.118394 22 19 18
0.239711 0.091385 -0.085016 16 13 9
-0.510155 0.271287 -0.196627 182 140 115
-0.555706 -0.509590 -0.295431 8 6 4
-0.048673 0.491570 0.444434 224 173 145
0.181941 -0.871780 -0.303161 11 11 8
0.606506 -0.248946 -0.266968 217 169 123
-0.058194 -0.624300 -0.081231 16 13 14
-0.055685 0.522189 0.463213 227 175 149
-0.318959 0.076509 -0.077569 9 7 5
-0.666943 0.113561 -0.103549 240 196 156
-0.066890 -0.772716 -0.185879 10 8 9
0.021455 0.765108 0.688966 244 200 176
0.096614 -0.362446 -0.057062 14 11 9
0.201600 0.090547 -0.073311 145 117 103
0.483802 -0.445441 -0.190807 15 11 10
0.246386 0.338533 -0.066803 209 167 125
-0.882153 -0.480488 -0.473036 191 141 103
-0.465982 -0.313950 -0.104934 13 10 8
0.111219 0.301306 0.027637 224 181 144
0.498390 -0.281397 -0.170093 15 14 11
0.416005 0.947049 0.305764 77 61 48
0.381176 0.061513 -0.132371 9 8 6
-0.741706 -0.413595 -0.329409 215 172 138
0.546349 -0.487396 -0.391929 18 14 9
-0.160201 -0.727057 -0.124758 22 20 21
-0.592198 -0.269261 -0.199643 207 162 118
0.094283 -0.408139 -0.054084 12 9 7
-0.334572 -0.083145 -0.057697 10 8 6
-0.085863 0.670417 0.544176 154 112 95
-0.104714 0.101227 -0.046323 242 189 149
0.236824 0.420682 0.253724 198 152 125
0.596909 -0.176578 -0.229017 228 182 133
0.154827 0.649257 0.535561 204 150 126
0.371233 0.297572 -0.216437 42 35 33
-0.222054 0.863418 0.316397 142 96 77
0.343554 0.700757 0.247348 206 160 130
-0.647321 -0.384809 -0.283272 218 175 139
0.381779 0.956506 0.510368 134 98 73
0.322161 0.624891 0.292252 204 160 128
0.003257 -0.296458 -0.053845 12 9 8
-0.059591 -0.336538 -0.049555 13 11 9
-0.143112 0.661411 0.485615 215 166 133
0.111519 1.015212 0.729155 114 93 71
-0.418276 -0.448450 -0.076998 14 11 9
-0.127635 0.928958 0.643024 211 167 140
0.131074 0.728555 0.677128 243 199 175
-0.008170 -0.039686 -0.050211 15 12 9
0.653796 -0.314205 -0.324537 226 182 140
-0.774102 -0.396977 -0.337087 213 170 134
-0.899101 -0.508880 -0.513843 200 149 111
0.310785 0.733288 0.539941 189 145 119
0.228384 -0.189473 -0.072610 12 10 8
0.220713 0.854092 0.693325 239 192 164
0.367786 0.967517 0.548220 173 132 106
-0.179706 1.101653 0.517960 75 56 39
-0.894827 -0.490642 -0.501276 194 148 110
0.065865 -0.832037 -0.241655 10 9 9
-0.699110 -0.023429 -0.126361 229 189 148
0.297055 0.819097 0.616955 233 194 163
0.259731 0.508202 0.386132 224 179 153
-0.538299 0.210564 -0.139215 243 192 153
0.693793 -0.502167 -0.458921 220 170 131
-0.027038 -0.807472 -0.213944 9 8 6
-0.294613 0.127408 -0.075127 11 8 6
-0.033150 0.239630 -0.012920 235 192 148
0.373314 -0.781538 -0.303504 19 14 13
-0.119829 -0.599204 -0.056853 19 16 17
0.289178 0.703181 0.547443 216 171 145
-0.195696 0.772305 0.357366 183 137 113
-0.167782 0.374497 -0.066594 189 144 104
-0.197538 0.884320 0.480037 161 130 108
0.351394 -0.158632 -0.095237 10 9 6
0.708096 -0.286622 -0.345949 227 184 142
0.750555 -0.186261 -0.317696 233 191 147
-0.335733 -0.437288 -0.042168 14 10 9
-0.522429 -0.653083 -0.360526 8 8 7
-0.389529 -0.482571 -0.059712 15 12 10
-0.030167 0.958574 0.714381 219 169 143
-0.331060 -0.468853 -0.039293 12 10 9
0.375603 0.803392 0.321169 141 110 85
0.425846 -0.118795 -0.123988 13 10 8
-0.289520 0.349541 -0.175298 205 157 120
0.356165 -0.778363 -0.283308 28 23 21
-0.103478 0.229583 -0.045514 229 186 146
-0.644230 -0.188155 -0.168082 227 184 143
-0.456062 -0.295522 -0.092157 15 10 8
0.025123 0.524914 0.539160 199 144 126
-0.056060 -0.753186 -0.173416 13 13 12
-0.076683 0.000588 -0.037865 14 10 7
-0.386429 -0.344138 -0.059186 12 9 7
0.081824 -0.183815 -0.062511 12 11 9
0.346204 -0.815858 -0.329603 11 10 8
0.129925 0.890486 0.728081 246 198 170
-0.302459 0.137502 -0.079558 8 7 5
-0.775330 0.127749 -0.188082 190 144 112
0.474386 0.263236 -0.256528 28 25 27
0.060373 -0.002523 -0.051842 14 11 9
-0.681593 -0.392093 -0.293853 217 175 140
0.147368 -0.637121 -0.084200 16 13 14
-0.138867 -0.564061 -0.044877 12 10 9
-0.014022 0.345158 0.243572 138 96 71
-0.157535 -0.813132 -0.211728 10 9 7
0.101849 0.911229 0.733805 243 194 167
0.631405 0.050244 -0.198501 240 198 157
0.218280 -0.625537 -0.076189 20 16 15
0.186013 -0.474982 -0.055351 14 10 9
0.208321 0.422757 0.339956 227 182 156
0.139767 0.274584 -0.009081 233 193 152
0.212640 -0.092375 -0.076280 14 12 9
0.011945 -0.311887 -0.054275 12 10 9
-0.596206 -0.258392 -0.191354 208 160 117
0.165733 0.312871 0.009981 233 194 152
-0.476162 -0.571878 -0.162052 11 10 8
0.303364 -0.535496 -0.071279 13 11 9
-0.129264 1.053435 0.616795 142 107 80
-0.136619 -0.847182 -0.234475 16 10 10
-0.636238 0.040443 -0.099168 240 198 156
-0.278321 0.299000 -0.139894 221 173 133
-0.580831 -0.480977 -0.323886 121 95 74
-0.186081 0.853380 0.491985 189 147 124
-0.184728 1.058742 0.526739 88 67 50
0.455565 -0.216183 -0.136117 12 10 8
-0.224575 -0.450760 -0.027633 12 9 8
0.444995 -0.576404 -0.167378 14 11 9
0.660261 -0.514065 -0.438692 222 172 133
-0.050224 -0.153387 -0.052778 12 10 8
0.338572 -0.761984 -0.241427 22 18 17
-0.191931 0.943931 0.530478 118 86 65
0.664664 -0.131256 -0.254384 238 195 150
-0.162075 -0.520894 -0.034387 13 10 9
-0.295615 -0.548714 -0.035669 15 13 12
-0.494177 -0.512163 -0.177666 5 4 4
-0.244782 0.156619 -0.061803 26 16 11
-0.725586 -0.019379 -0.136337 225 183 142
0.308088 0.586167 0.367565 202 157 127
-0.184494 0.817497 0.456103 196 156 130
0.175760 1.076130 0.694734 68 53 34
-0.159688 0.774224 0.522543 196 156 134
-0.193073 0.753092 0.343268 188 139 113
-0.610175 -0.167144 -0.146537 227 184 143
0.149955 0.698597 0.656861 234 188 164
0.625619 -0.593501 -0.441330 216 165 128
0.452407 -0.192314 -0.133324 12 9 7
0.037576 0.597160 0.557622 210 160 133
-0.209316 0.347534 -0.110000 202 154 113
-0.690699 -0.301827 -0.240531 219 178 142
0.080006 -0.506724 -0.057074 14 13 11
-0.859220 -0.128230 -0.302801 165 124 88
-0.001991 0.350205 0.335281 215 168 144
-0.420964 -0.016229 -0.073519 9 8 5
0.128134 -0.303634 -0.063789 14 13 11
-0.365376 0.105932 -0.091520 11 10 8
-0.862837 -0.198784 -0.328747 165 122 91
-0.891723 -0.419498 -0.481969 151 113 84
-0.544925 -0.505705 -0.267902 6 5 4
0.420478 0.295788 -0.263513 32 29 30
-0.453213 -0.760776 -0.335554 21 16 13
0.161272 -0.851938 -0.280679 14 13 11
-0.078761 0.507961 0.423779 204 154 132
-0.005296 0.661533 0.563269 106 68 58
0.580606 -0.680327 -0.461541 189 145 117
-0.132116 0.559850 0.395109 193 149 127
0.073144 -0.332688 -0.058127 13 10 9
-0.254114 -0.729371 -0.135680 11 9 9
-0.462532 -0.398312 -0.113125 11 9 8
-0.620341 0.101542 -0.098819 243 200 159
0.171951 0.240415 -0.055317 228 188 148
0.249916 -0.045862 -0.084124 12 10 7
-0.831070 -0.311385 -0.332579 193 150 119
0.575742 -0.566401 -0.425386 165 128 99
0.241918 -0.755320 -0.178372 18 14 15
0.646984 0.135036 -0.218741 233 186 144
-0.476724 -0.744336 -0.351339 21 15 12
0.184069 0.363359 0.252927 165 125 99
0.544654 -0.563582 -0.434612 65 51 38
0.412763 0.782173 0.187153 242 183 160
0.073672 -0.534934 -0.059738 14 12 10
0.017816 -0.852019 -0.250378 20 16 15
0.270671 1.138904 0.615372 75 63 45
-0.199315 -0.138948 -0.046393 11 9 8
0.322592 0.838073 0.587674 227 190 162
0.017077 -0.374594 -0.051607 13 11 9
-0.175371 0.654140 0.373079 175 128 103
0.785833 0.061530 -0.254088 224 181 139
-0.199472 0.409591 -0.112195 191 142 99
0.639327 -0.042756 -0.216290 239 202 159
0.689076 -0.021053 -0.216837 239 200 158
0.316406 0.922876 0.633184 222 176 148
0.480076 -0.595980 -0.219820 14 10 8
0.323121 -0.756753 -0.220752 24 20 19
0.159621 0.334367 0.274660 175 131 107
0.353784 0.786390 0.412691 202 161 131
-0.172796 0.210331 -0.084806 218 171 130
0.015021 -0.148676 -0.056252 13 11 10
0.549935 -0.449678 -0.383738 8 4 3
0.360202 1.097034 0.538469 93 74 57
-0.134057 0.901724 0.631866 211 167 142
-0.626464 0.073865 -0.096897 241 200 159
0.345815 0.718685 0.315885 195 148 118
-0.438368 -0.702346 -0.246237 10 9 9
0.700190 -0.408034 -0.410324 221 173 134
0.335419 -0.418571 -0.086558 13 11 9
0.262730 -0.142736 -0.080195 10 8 6
0.229794 0.426462 0.049220 226 183 141
0.368820 1.000390 0.549257 169 131 106
0.406210 -0.751130 -0.299955 30 27 22
-0.064948 -0.111892 -0.051485 14 11 10
-0.348737 -0.614647 -0.070889 13 12 10
0.278717 -0.505664 -0.064818 16 13 11
0.201238 0.061316 -0.071379 15 11 7
-0.177639 0.370764 -0.077946 195 148 109
0.340091 -0.115926 -0.096305 10 9 6
0.269444 -0.087347 -0.085314 12 10 7
-0.293181 -0.256214 -0.043309 11 8 7
0.304358 -0.788145 -0.256689 19 16 16
0.149675 0.235538 -0.044279 223 182 141
-0.348623 -0.648719 -0.089782 14 13 11
-0.260626 0.210207 -0.101427 226 180 144
0.669114 0.139130 -0.223282 230 183 141
0.404132 0.959126 0.410645 95 73 55
-0.014637 0.395932 0.360860 214 167 142
0.178966 0.301009 -0.009562 232 193 151
0.192662 0.029375 -0.071777 14 11 8
0.452982 -0.246971 -0.136079 12 11 9
-0.129693 -0.809200 -0.207276 10 9 7
0.278541 0.621214 0.484033 235 184 150
0.207863 0.387122 0.281206 214 169 139
0.026546 -0.633413 -0.090783 18 15 15
0.268626 1.169876 0.594739 79 66 45
-0.122318 -0.392394 -0.041364 13 10 9
-0.318953 0.102357 -0.081188 7 6 3
-0.014442 0.266836 0.007239 231 189 147
-0.864630 -0.145318 -0.317312 162 120 88
-0.172301 0.618580 0.283930 191 145 121
0.468721 -0.575464 -0.195329 13 11 8
0.149288 0.166503 -0.080055 232 185 144
0.365763 0.314774 -0.227046 40 34 32
0.597313 -0.751446 -0.508313 202 156 128
-0.691760 -0.155631 -0.174931 229 186 145
-0.073258 -0.702712 -0.120934 31 27 28
0.063550 -0.189603 -0.060995 13 12 9
0.598666 0.164403 -0.224650 235 189 148
0.254277 0.015303 -0.089238 12 9 7
-0.091136 -0.291167 -0.049665 11 10 8
-0.659164 -0.716348 -0.376540 208 161 133
-0.012782 0.335460 0.264803 147 104 81
0.324433 -0.767061 -0.238671 20 16 17
0.025603 0.818427 0.709005 244 196 171
-0.632674 -0.387735 -0.282521 217 174 139
-0.869552 -0.243742 -0.364014 156 116 84
-0.096777 1.090229 0.617561 115 91 69
0.137722 -0.357629 -0.059115 15 11 10
-0.171905 0.666982 0.430457 190 142 117
0.276889 0.640754 0.496392 233 183 147
0.007535 1.024398 0.713472 96 76 56
-0.214966 -0.754825 -0.154734 8 7 5
-0.146220 -0.193966 -0.047936 10 9 7
-0.140565 -0.670809 -0.083689 24 20 20
-0.667451 -0.307466 -0.236927 221 179 143
-0.266838 0.840314 0.202940 202 130 106
0.308296 1.021284 0.647976 139 109 83
0.336934 0.684801 0.334750 190 147 117
0.348062 0.806665 0.469492 207 167 135
-0.258116 0.890272 0.246526 192 127 105
-0.594579 -0.781610 -0.317291 169 130 104
0.478787 -0.717510 -0.432074 44 36 34
0.190854 0.666951 0.555244 65 41 30
0.534418 0.242948 -0.261794 210 165 138
-0.901626 -0.446924 -0.514753 154 117 86
0.270262 0.480803 0.002471 208 163 122
0.346761 0.790150 0.452417 212 170 138
0.045630 0.338110 0.083481 196 159 125
-0.339864 -0.048297 -0.062860 9 7 5
0.436519 -0.577497 -0.158349 14 11 9
-0.149113 -0.059573 -0.046335 12 11 9
-0.189886 0.309781 -0.093500 213 166 127
-0.366770 -0.727247 -0.191011 19 15 14
0.088435 0.466115 0.525748 165 108 103
-0.607295 -0.403608 -0.286759 192 148 117
0.341638 -0.837488 -0.344955 11 9 7
-0.175274 0.654448 0.332903 188 142 119
0.369791 -0.567917 -0.102035 16 12 11
0.356454 0.849552 0.500915 194 155 127
0.216141 0.471856 0.412086 228 182 156
0.422213 0.804525 0.186601 215 141 114
0.136292 -0.695143 -0.123145 21 19 21
-0.340047 0.203647 -0.115946 7 5 2
-0.233240 -0.744448 -0.141401 17 16 14
-0.601695 -0.705050 -0.397719 171 131 109
-0.046097 0.514430 0.462166 232 180 153
-0.175106 -0.271105 -0.044393 11 9 7
0.165240 -0.355775 -0.060062 16 12 11
-0.312439 -0.094898 -0.054131 11 10 8
0.225907 -0.814936 -0.265625 11 9 8
0.062207 0.459334 0.562228 156 118 106
-0.004927 -0.226262 -0.055447 13 11 9
0.406662 0.941873 0.389847 112 87 68
-0.132543 0.697975 0.518068 189 145 124
-0.335538 0.351972 -0.213344 60 42 33
0.392536 0.734428 0.171816 220 157 131
0.113679 -0.477686 -0.055441 12 10 8
0.496844 -0.656659 -0.359721 31 26 24
-0.132512 0.838648 0.619055 202 162 135
-0.172925 0.735736 0.453080 207 164 139
-0.283191 0.308576 -0.146253 219 171 131
-0.660769 -0.093722 -0.143997 231 190 147
0.366780 -0.064127 -0.108695 11 9 6
-0.441243 -0.613566 -0.138575 33 28 28
0.088711 -0.918250 -0.306573 8 8 6
0.207377 -0.447149 -0.057202 14 11 9
-0.317139 -0.249130 -0.044816 13 11 8
0.133782 0.377518 0.367989 232 186 160
-0.485718 -0.158039 -0.083566 13 11 8
0.504214 -0.387930 -0.203836 21 15 13
-0.602237 -0.301493 -0.226612 213 170 127
0.351175 0.968405 0.584948 199 157 131
-0.262832 0.192647 -0.086345 174 139 125
0.530983 -0.296048 -0.215077 22 15 13
-0.388320 0.352782 -0.242976 23 20 18
0.489252 -0.235547 -0.156291 12 10 8
0.732947 0.091152 -0.221704 234 189 148
0.649530 -0.546521 -0.445169 220 170 131
-0.269016 0.385939 -0.199903 220 171 130
0.225245 0.427758 0.314863 220 174 146
0.394111 1.057673 0.487750 93 70 52
-0.509789 -0.372632 -0.173194 6 4 2
0.213988 0.458633 0.113710 214 173 137
-0.682923 -0.039011 -0.129231 231 191 149
-0.118961 0.881766 0.644055 216 175 147
-0.564978 -0.219366 -0.147975 189 146 110
-0.188999 0.920467 0.536373 139 104 84
0.350640 -0.786889 -0.290753 23 19 19
-0.046423 0.397067 0.321217 189 151 130
0.279667 0.417043 -0.098900 221 174 130
-0.294946 0.372470 -0.206752 218 167 129
-0.314621 -0.753719 -0.193144 25 19 20
-0.046756 0.440349 0.384069 212 166 139
0.620150 -0.211578 -0.258198 232 187 141
-0.545814 -0.245166 -0.151693 17 12 11
-0.177148 0.348950 -0.079895 193 149 109
-0.084172 0.792877 0.651966 225 181 158
0.413419 0.933083 0.339758 81 60 45
0.672556 -0.181018 -0.275181 235 192 148
0.212656 -0.016524 -0.077312 12 10 7
0.760425 -0.285959 -0.379581 224 181 139
-0.070730 0.405747 0.080185 186 146 112
-0.075663 -0.743636 -0.163671 10 8 9
-0.751987 -0.577373 -0.404826 216 165 130
0.405311 1.004288 0.449268 89 66 50
-0.404303 -0.361485 -0.066544 13 10 9
-0.497368 -0.698820 -0.343912 12 12 10
0.361013 -0.877824 -0.386345 9 7 5
-0.446921 -0.658965 -0.198005 10 10 9
0.064333 1.073601 0.701600 79 62 45
-0.549548 -0.117356 -0.108627 235 194 150
-0.247583 0.082477 -0.053755 11 7 5
0.273762 0.490065 -0.012500 201 155 114
0.195425 0.805880 0.687971 242 196 171
-0.271800 -0.043728 -0.055631 10 8 7
-0.867838 -0.494287 -0.458864 186 140 101
-0.789854 -0.165919 -0.225102 215 171 129
-0.770502 -0.257049 -0.254954 216 175 139
-0.081550 0.841782 0.667820 225 182 158
-0.777041 -0.475478 -0.376274 214 167 131
0.416840 -0.599629 -0.144941 16 13 12
-0.070292 0.435485 0.333401 186 144 125
-0.535662 -0.434594 -0.226132 5 4 2
0.251623 0.368975 -0.053119 205 161 119
-0.128457 0.003968 -0.040328 14 11 8
0.520558 -0.729548 -0.513900 37 29 18
0.119989 0.318235 0.326873 217 159 135
0.371258 1.103197 0.516294 78 59 42
0.735344 -0.240050 -0.336373 229 187 143
0.633563 0.236944 -0.288011 213 165 129
-0.208483 -0.678598 -0.075821 20 18 18
-0.236565 0.278569 -0.115602 227 180 137
0.570757 -0.687163 -0.464199 179 137 112
0.008092 0.903909 0.723661 240 194 166
0.302708 0.841015 0.618908 233 193 163
0.367019 0.685286 0.189708 241 188 154
0.287771 1.101573 0.624278 64 54 36
0.291899 0.251376 -0.149002 225 181 139
0.755457 -0.046261 -0.253673 230 189 147
0.719074 -0.263347 -0.339425 229 186 143
0.344530 0.352378 -0.237774 221 174 136
-0.534393 -0.679822 -0.404017 41 41 25
0.270034 0.468347 -0.039159 204 158 116
-0.013341 0.675795 0.579307 175 130 110
-0.706876 -0.439483 -0.331377 218 174 140
0.099113 -0.253425 -0.064033 13 12 10
-0.131046 -0.637724 -0.067715 20 18 18
0.317885 0.603852 0.236764 193 150 119
0.348935 -0.202886 -0.092748 11 10 8
0.259746 0.751191 0.625846 234 189 163
0.360668 -0.108248 -0.102218 11 10 7
0.154550 0.823156 0.707966 245 201 176
0.006149 0.084351 -0.068710 232 180 134
0.207425 0.753961 0.662540 240 192 169
0.101221 0.304635 0.303378 184 130 110
-0.594102 -0.458687 -0.314481 144 115 91
0.248141 0.543271 0.454057 233 180 153
0.310503 0.100602 -0.112549 11 8 5
0.322225 0.629658 0.233515 188 143 113
0.084242 0.272429 0.009210 223 181 144
0.009204 0.631385 0.541896 215 168 143
-0.018651 0.048792 -0.049008 240 191 150
0.195590 -0.361594 -0.060697 13 10 8
0.403777 0.334649 -0.294561 29 27 28
0.005011 -0.778978 -0.196678 12 10 10
-0.144681 0.839123 0.599159 199 157 130
-0.534019 -0.458711 -0.232723 5 3 2
0.408007 1.059459 0.439701 87 67 53
-0.267197 -0.753090 -0.162611 22 17 17
-0.066409 1.005733 0.690515 143 106 81
0.522124 -0.538948 -0.302740 13 7 7
-0.441710 0.103051 -0.090432 8 7 4
0.394275 -0.322274 -0.108387 12 10 8
-0.352127 -0.658123 -0.098892 18 17 15
0.483830 -0.705069 -0.419524 32 24 22
-0.207349 0.840854 0.392192 122 92 70
0.065463 -0.670954 -0.111394 21 16 17
0.443201 -0.273965 -0.131427 11 10 8
0.546317 -0.328930 -0.275215 19 17 11
-0.042912 0.368392 0.281900 179 137 114
0.630670 -0.458803 -0.392929 217 169 131
0.419298 0.968705 0.326632 73 57 43
0.135941 0.960639 0.730888 229 180 155
0.211917 0.389792 0.035492 230 191 148
0.239887 0.496558 0.412458 231 186 161
-0.349445 -0.726367 -0.177593 18 12 13
0.323049 -0.817159 -0.317017 11 9 8
-0.122085 -0.141569 -0.049665 11 10 8
-0.796561 -0.122188 -0.215303 212 167 126
0.303714 0.162654 -0.124573 18 14 10
-0.484442 -0.587042 -0.193327 8 8 7
0.465543 -0.703207 -0.333303 29 23 23
-0.200462 0.802904 0.276120 219 166 135
-0.234618 0.950915 0.322271 62 43 26
0.569984 -0.651414 -0.447305 176 135 111
0.423715 -0.832681 -0.423267 15 12 10
-0.039935 0.807344 0.682356 233 190 166
-0.158313 0.153662 -0.065596 228 177 138
0.275624 1.105004 0.631828 87 69 50
-0.131009 0.493581 0.242918 167 126 101
0.708328 -0.139953 -0.275241 236 194 149
0.390328 1.012664 0.494362 108 83 63
-0.422551 0.117677 -0.096553 9 8 5
0.105005 -0.111227 -0.063690 12 10 7
-0.729726 -0.195671 -0.204817 225 181 143
-0.786637 0.065126 -0.177263 198 145 117
-0.229586 0.927260 0.373841 71 50 35
0.279162 0.715715 0.595510 171 129 107
-0.192790 -0.234624 -0.044697 12 10 8
0.060521 0.959011 0.733842 226 180 154
0.308629 0.583448 0.331477 202 158 125
-0.543163 -0.479623 -0.253566 6 4 3
-0.145184 0.533820 0.297607 196 151 129
-0.369795 -0.700294 -0.151297 16 12 10
-0.509713 -0.225720 -0.110092 14 9 7
0.394967 -0.035968 -0.120633 13 12 8
-0.569203 -0.476592 -0.300134 9 6 5
-0.634069 -0.168603 -0.157367 227 185 143
-0.550600 -0.204424 -0.128649 22 13 9
0.330486 -0.128318 -0.092771 10 9 7
0.433900 -0.648043 -0.195864 20 16 17
-0.781421 -0.446044 -0.365186 210 165 129
0.290809 -0.091739 -0.088639 11 10 7
0.325332 -0.294465 -0.084505 12 10 8
0.003555 0.780692 0.689709 245 200 176
-0.194897 -0.733862 -0.126389 24 21 22
0.295015 0.993589 0.668578 132 102 76
0.199381 -0.887271 -0.320337 8 8 6
0.281126 -0.668472 -0.103560 22 21 19
0.300959 -0.742932 -0.180135 19 15 16
-0.069292 0.455048 0.153170 158 117 89
-0.168053 0.108430 -0.043630 238 187 149
-0.007296 -0.720725 -0.144710 16 14 13
0.242936 0.842053 0.674043 236 189 160
0.771495 0.110103 -0.259185 225 180 139
-0.725362 -0.472750 -0.354862 216 171 137
0.219851 0.110880 -0.082481 214 175 149
-0.331558 -0.056917 -0.060778 9 8 6
-0.190179 0.729590 0.366900 190 139 115
-0.113077 0.772080 0.621955 220 178 155
0.590683 -0.516679 -0.410926 183 139 110
0.464241 0.308158 -0.308005 28 26 28
0.394778 0.065926 -0.137899 9 8 4
0.051275 0.662224 0.599941 154 111 84
-0.341950 -0.761195 -0.223851 15 11 10
0.114571 -0.295748 -0.063574 14 12 10
0.121303 -0.044783 -0.064778 12 9 6
0.364751 -0.441988 -0.096590 13 10 8
0.297194 -0.130846 -0.086525 11 10 8
-0.260629 -0.087809 -0.050731 10 9 7
0.753073 -0.443750 -0.469528 219 169 129
0.196662 1.023085 0.708659 91 74 52
0.253285 0.447779 0.283424 215 166 136
-0.730769 0.011269 -0.128696 226 183 142
0.299070 0.609265 0.447543 231 180 147
-0.709387 -0.416132 -0.318117 217 173 139
-0.265740 0.001417 -0.058089 10 9 7
-0.401581 -0.195686 -0.060402 13 10 8
-0.201186 0.146114 -0.063008 228 174 137
-0.654611 0.184894 -0.135231 233 181 143
-0.149623 0.983959 0.615986 158 122 97
-0.012646 -0.345369 -0.050863 14 11 10
-0.160831 0.754311 0.499273 197 157 132
0.091999 -0.734235 -0.154484 15 13 13
0.772876 -0.276524 -0.382461 223 179 137
-0.121266 -0.091354 -0.048826 12 9 7
0.439150 -0.694506 -0.260546 31 29 25
0.177945 0.339359 0.022953 235 195 151
0.398708 -0.730193 -0.253549 25 20 20
-0.750800 -0.024145 -0.153426 218 175 134
-0.422304 -0.536562 -0.086705 13 10 9
0.134034 0.437869 0.441103 228 152 138
0.164978 -0.439668 -0.054556 14 10 9
0.698887 -0.122574 -0.264663 236 195 150
-0.474485 0.206672 -0.123013 15 10 7
-0.381037 0.009935 -0.074031 10 9 6
-0.389247 -0.713912 -0.187542 20 15 15
-0.301552 0.092548 -0.074691 8 7 4
0.306364 -0.747642 -0.192005 20 18 17
-0.149554 0.605582 0.129487 182 132 99
0.289356 0.578859 0.439902 229 179 148
0.147978 -0.886159 -0.302192 9 8 6
0.562108 -0.805519 -0.540092 167 127 104
0.261775 -0.127420 -0.081251 10 9 6
-0.818839 -0.540420 -0.428548 204 152 115
0.324077 1.056666 0.613516 115 89 65
-0.773476 -0.568086 -0.407285 218 168 131
-0.334007 -0.560550 -0.048433 15 12 11
-0.688665 -0.555247 -0.395800 216 172 137
0.132675 0.330618 0.332367 231 180 154
-0.170312 0.169265 -0.076168 224 175 135
-0.407682 -0.477729 -0.070559 12 10 8
0.349242 0.728346 0.331494 197 152 122
0.521487 -0.106341 -0.170184 228 184 145
0.074091 1.040712 0.720096 85 66 45
0.573437 -0.531918 -0.418501 159 121 93
-0.485978 -0.664718 -0.292016 8 7 7
0.232200 0.696787 0.611854 187 145 122
-0.836712 -0.541499 -0.444016 198 147 110
0.792207 -0.148826 -0.328447 225 181 136
0.172658 -0.747481 -0.162981 16 13 13
-0.773771 -0.196495 -0.227004 218 175 137
0.759134 -0.413574 -0.457365 220 171 131
-0.741999 -0.448905 -0.348503 214 169 135
-0.619449 -0.606402 -0.441998 130 99 80
0.023808 1.067511 0.699516 77 61 44
-0.276537 -0.740027 -0.154212 16 12 11
0.518888 -0.053656 -0.175906 227 190 158
-0.526498 -0.025858 -0.102059 242 203 159
-0.592582 -0.703849 -0.415354 149 113 94
-0.509974 0.192632 -0.127692 238 193 162
-0.550958 -0.348573 -0.224060 4 2 1
0.569653 -0.616150 -0.438911 164 127 100
-0.230183 -0.723222 -0.123262 12 11 9
0.293985 0.301057 -0.147851 229 185 145
-0.137570 0.751439 0.583380 124 89 70
-0.044708 -0.274126 -0.052415 12 11 9
0.364848 0.100886 -0.134518 9 7 4
-0.277437 -0.279963 -0.041994 12 9 7
0.349527 0.213623 -0.163439 15 10 7
0.520935 -0.076121 -0.173857 229 186 149
0.148187 0.396391 0.369556 232 186 159
-0.262017 -0.561709 -0.031419 14 11 10
-0.295384 -0.173595 -0.046399 10 9 6
-0.200720 0.813460 0.284643 188 134 110
-0.261544 -0.646551 -0.058355 15 12 12
0.477892 -0.735121 -0.470731 25 19 19
0.747781 -0.055826 -0.254473 231 191 148
-0.630094 -0.463464 -0.329492 201 158 126
-0.181085 -0.033796 -0.046858 11 10 8
0.362606 0.970033 0.560161 181 143 117
0.580461 -0.239754 -0.237987 207 158 112
0.734863 -0.524264 -0.498761 223 169 131
0.373940 0.997700 0.537480 156 122 96
-0.085812 0.497774 0.395755 199 157 135
0.327786 0.651334 0.268945 198 153 121
0.430885 -0.811272 -0.418827 14 11 9
-0.605229 0.238702 -0.166408 232 177 141
-0.079104 -0.479189 -0.047154 13 11 9
-0.091917 0.462749 0.325713 186 141 122
0.056084 -0.548877 -0.062680 14 12 11
0.397873 0.038331 -0.133351 11 9 6
-0.733007 -0.382250 -0.307629 216 173 140
0.223902 0.337291 -0.021764 220 178 138
-0.680788 0.224987 -0.179847 217 162 127
0.219471 -0.860157 -0.308704 11 10 8
0.143790 0.633729 0.538395 228 182 154
0.403896 -0.060958 -0.120838 12 9 7
-0.161931 0.198387 -0.080613 219 173 131
0.095238 0.356317 0.366713 239 188 163
0.334396 -0.782300 -0.269502 25 18 19
-0.086492 0.287564 -0.004606 212 167 130
0.381422 -0.687870 -0.175518 20 16 16
0.487362 -0.596403 -0.232378 16 12 11
0.026497 -0.581588 -0.071552 15 12 13
-0.586924 -0.079823 -0.119947 236 195 151
0.159027 -0.330908 -0.062334 14 11 10
0.613532 0.217305 -0.255271 228 183 147
-0.197510 0.695577 0.209676 204 147 128
0.635505 -0.352253 -0.337855 220 174 134
-0.494606 -0.717928 -0.356162 25 18 16
-0.662240 -0.364139 -0.272084 221 179 143
0.330291 0.215593 -0.151797 18 15 10
0.252319 -0.374967 -0.066527 15 12 10
-0.821934 -0.133252 -0.242579 198 154 117
0.768025 -0.530882 -0.525478 221 165 126
0.125302 -0.012299 -0.064148 14 11 8
-0.162644 0.575262 0.271337 186 139 116
0.372738 -0.465068 -0.100380 13 10 8
0.236423 -0.902316 -0.343643 11 10 8
0.419996 -0.352698 -0.123741 12 11 8
-0.389251 0.099943 -0.092564 9 8 6
0.081020 0.892037 0.733210 245 200 173
-0.656114 -0.165377 -0.165111 229 186 145
0.089458 0.918576 0.734668 245 199 171
0.085390 -0.476690 -0.055401 13 10 9
0.147394 0.524290 0.485763 229 179 154
0.030007 0.638866 0.558365 183 140 114
0.708039 0.038224 -0.206269 242 201 163
0.490375 0.200707 -0.201606 10 9 5
0.076593 -0.930788 -0.310872 9 7 8
0.454553 -0.150625 -0.133341 12 10 7
0.538833 -0.599464 -0.446093 97 72 54
-0.329467 -0.716945 -0.150327 19 17 15
-0.508971 -0.719709 -0.385121 59 88 51
-0.057564 -0.311327 -0.050574 12 11 9
0.419530 -0.268231 -0.119316 12 10 7
0.478309 -0.702328 -0.379285 33 25 23
-0.338182 0.339192 -0.195669 24 20 15
0.557365 -0.298759 -0.265075 25 21 21
0.098273 -0.768081 -0.192189 15 13 12
0.034380 0.745299 0.683435 245 200 177
0.366219 0.225615 -0.178640 19 13 13
-0.526993 -0.419078 -0.208221 7 4 3
-0.530768 -0.444813 -0.222929 6 4 4
-0.149174 0.462696 0.020710 180 135 97
-0.866945 -0.413669 -0.429909 167 126 96
0.340665 -0.862204 -0.362893 8 7 5
0.279978 -0.364472 -0.072584 13 10 10
-0.434644 -0.386667 -0.084030 13 11 9
0.584290 0.240765 -0.269504 219 171 140
0.105243 0.718354 0.674240 242 199 174
-0.505703 0.283729 -0.213868 84 59 46
0.425588 0.308848 -0.279645 31 30 29
-0.691712 -0.578765 -0.404268 215 170 136
0.366319 0.055533 -0.126667 10 8 5
-0.192320 0.965702 0.530032 124 96 74
0.087937 -0.635279 -0.089430 16 13 11
-0.262238 -0.596275 -0.039193 16 14 13
0.477812 0.038083 -0.159907 16 13 10
-0.000969 0.679491 0.602886 121 76 53
-0.143457 0.082379 -0.037709 236 186 153
-0.632203 -0.079916 -0.132723 234 193 149
0.464402 -0.320808 -0.147044 12 10 8
-0.244987 0.189948 -0.090626 230 184 146
-0.530638 -0.532006 -0.251935 6 5 3
0.251244 0.496672 0.386045 226 181 155
-0.046022 0.537835 0.477279 235 180 152
0.295492 -0.859627 -0.338378 8 6 5
0.106294 0.089261 -0.072441 241 191 149
0.803235 0.022594 -0.276757 217 172 130
0.622409 -0.412149 -0.364580 215 168 129
0.372897 1.080443 0.523455 107 84 66
-0.707516 -0.523656 -0.378503 215 171 134
0.390548 0.862523 0.363739 114 84 62
0.118410 0.701383 0.663602 239 195 170
0.265385 -0.473252 -0.063569 16 11 10
0.144318 -0.382700 -0.056513 14 12 10
-0.516045 0.156005 -0.117204 240 196 157
0.397894 -0.428260 -0.115549 13 9 9
-0.422173 -0.626139 -0.126941 20 16 15
0.339762 0.157569 -0.139974 12 10 7
-0.313164 -0.516352 -0.035741 14 11 9
0.427939 -0.790288 -0.392385 17 21 14
0.311030 0.568352 0.276055 202 158 128
-0.044785 -0.539274 -0.058730 12 10 8
0.297448 -0.765811 -0.217690 21 17 18
-0.048105 -0.775031 -0.189452 12 12 12
0.436257 -0.054892 -0.131326 12 10 7
0.247585 0.503841 0.407431 227 182 157
0.669250 -0.327757 -0.342655 230 187 144
0.130702 0.500453 0.511318 215 164 141
0.250740 0.516089 0.129485 186 144 113
0.317215 -0.794475 -0.277890 17 11 13
0.468705 -0.197017 -0.140359 11 10 8
0.464312 -0.602268 -0.202277 13 10 9
0.178559 0.266532 -0.039310 229 190 150
0.234271 0.480033 0.392565 230 186 159
-0.256832 -0.036428 -0.054274 9 8 6
0.244814 -0.825182 -0.286118 10 9 7
0.393467 1.082485 0.484564 108 87 67
-0.023705 0.349519 0.302291 190 146 125
0.342870 1.022086 0.605760 147 113 88
0.835772 -0.019295 -0.365751 203 158 116
-0.101424 0.437250 0.075466 193 151 115
0.517942 -0.576214 -0.324050 36 35 33
0.183831 -0.401736 -0.056909 13 11 9
-0.446394 -0.350647 -0.092138 11 7 5
-0.522846 -0.303292 -0.159775 10 9 8
-0.084585 -0.190926 -0.051106 11 10 8
-0.011230 0.294940 0.027084 220 180 141
0.014050 -0.351652 -0.052192 13 11 10
0.376929 0.865378 0.428013 178 139 114
0.427977 -0.640826 -0.183160 20 19 19
-0.229780 -0.420941 -0.029936 13 9 8
0.215741 0.680156 0.577895 144 95 67
0.425112 0.855144 0.255540 175 100 69
-0.065136 0.158578 -0.059087 234 186 146
-0.093931 0.009425 -0.036211 13 10 8
0.432770 0.830042 0.181971 236 179 151
0.028488 -0.446448 -0.053612 15 12 11
0.132306 -0.707320 -0.131764 20 18 17
-0.387323 -0.009867 -0.071529 9 8 6
0.055659 1.030612 0.721728 95 75 55
-0.035484 0.260448 -0.001107 234 192 150
0.594409 -0.790773 -0.536287 201 153 126
0.117462 -0.927262 -0.317450 7 6 4
-0.036834 0.103135 -0.056124 242 192 149
0.495798 -0.163183 -0.149495 12 9 7
0.150064 -0.360288 -0.059145 12 10 8
0.050871 -0.234485 -0.059722 12 11 9
0.011467 0.840906 0.712723 244 201 174
0.205464 0.956928 0.713384 216 163 139
0.576814 -0.781957 -0.523532 187 142 117
-0.079468 1.015826 0.675613 133 98 76
0.333178 0.250209 -0.165991 132 112 97
-0.060575 0.358426 0.054491 195 155 117
0.201334 -0.162554 -0.071163 11 9 7
0.424171 -0.319139 -0.122940 12 10 7
0.211744 0.980835 0.711608 159 122 97
0.385178 -0.336649 -0.105256 13 11 9
-0.115923 0.356004 0.012293 193 151 115
0.437256 -0.604526 -0.169308 13 10 10
0.525964 0.153041 -0.209610 33 30 26
-0.804618 -0.251825 -0.274283 210 170 134
0.242199 0.316420 -0.070724 216 174 133
0.800252 -0.216643 -0.368735 221 177 133
0.157424 0.268482 -0.022397 229 189 149
-0.044449 -0.753563 -0.174868 13 10 11
0.161005 -0.538628 -0.059289 14 10 10
0.213632 0.542657 0.476965 241 188 162
-0.227321 -0.546052 -0.028564 14 11 10
-0.458404 0.163379 -0.106338 12 10 7
0.046902 0.363128 0.111095 144 111 85
-0.140876 0.193247 -0.069270 224 179 141
-0.189734 0.759033 0.223110 211 143 124
-0.344154 0.142164 -0.095472 8 6 4
-0.046115 1.086718 0.663150 62 43 23
0.086782 0.301887 0.042920 222 182 147
0.249000 0.893835 0.686099 237 190 162
-0.861844 -0.235800 -0.340576 166 123 94
-0.011926 -0.089919 -0.052717 14 11 8
0.158138 -0.726302 -0.145420 18 16 15
0.093950 0.310862 0.325246 190 131 110
-0.170502 -0.563364 -0.038831 11 9 7
-0.383279 0.340297 -0.223189 13 12 10
0.037650 -0.389960 -0.051989 14 11 10
-0.815898 -0.190501 -0.255114 203 157 121
-0.697780 -0.339772 -0.266540 217 175 140
-0.904707 -0.500768 -0.532256 202 150 113
0.615379 -0.551468 -0.429566 209 159 124
-0.304079 -0.148043 -0.048628 10 8 6
0.449870 -0.517818 -0.160748 11 8 7
-0.078020 0.685827 0.568252 85 52 41
0.603539 -0.604082 -0.436203 203 156 123
-0.866212 -0.293969 -0.382253 160 120 89
-0.440295 0.305942 -0.225388 14 10 10
0.139200 -0.559990 -0.062300 15 11 10
0.346879 -0.709300 -0.167373 20 17 16
0.522196 -0.522171 -0.293440 17 14 14
0.202217 -0.339799 -0.063011 13 10 9
-0.601856 -0.573379 -0.433575 103 79 61
0.089461 1.039367 0.722289 100 88 65
0.048825 -0.682399 -0.118888 19 16 18
0.416945 -0.731160 -0.282924 29 26 24
0.418597 0.027713 -0.137047 9 7 4
0.362286 0.829814 0.439806 202 163 135
-0.455458 -0.720093 -0.290228 9 7 8
0.049006 0.638700 0.575218 184 137 109
-0.025902 0.772730 0.678495 241 195 172
-0.127098 0.958320 0.644960 190 146 116
-0.434161 -0.408939 -0.085769 12 9 7
0.454029 -0.036305 -0.139133 10 8 5
0.356067 0.820305 0.453455 209 167 137
0.400194 1.097287 0.459504 78 57 43
0.271732 -0.049956 -0.087775 10 8 6
-0.239945 -0.010825 -0.053527 10 9 7
0.620762 -0.370726 -0.341153 216 169 130
0.629144 -0.733992 -0.509926 220 170 137
0.567223 -0.234810 -0.216303 220 174 130
0.467777 -0.505732 -0.179716 14 10 9
0.379845 -0.170785 -0.103201 13 11 8
0.420196 0.977347 0.334648 66 51 38
0.579150 -0.378814 -0.343113 184 144 104
-0.659420 0.045591 -0.097883 239 198 157
-0.186627 0.901856 0.538246 153 117 94
-0.192362 1.002456 0.525558 95 71 51
0.032165 -0.376912 -0.052183 15 13 12
0.087777 0.973774 0.735494 188 146 120
-0.738014 -0.275165 -0.246584 219 178 142
-0.672582 -0.146890 -0.164956 229 187 146
0.444352 -0.217908 -0.130360 11 10 7
-0.023469 -0.037171 -0.048543 14 9 7
-0.497896 0.162594 -0.113696 204 163 136
-0.162156 -0.585402 -0.044676 11 10 9
-0.106145 1.091724 0.610191 112 86 64
0.289057 0.589894 0.081298 217 173 133
-0.637870 -0.678850 -0.389633 197 151 124
0.088357 0.456036 0.547163 161 104 96
0.383076 -0.645997 -0.141144 20 17 17
-0.190896 -0.694285 -0.092832 21 19 19
0.024255 0.069835 -0.067763 237 186 141
0.061547 0.373541 0.390551 196 149 125
-0.809690 -0.415010 -0.369814 204 159 122
0.004685 0.445513 0.447227 209 161 141
-0.189246 -0.409658 -0.033323 14 11 9
0.281961 -0.777607 -0.226478 25 21 21
0.138836 0.610276 0.540125 229 183 152
-0.252714 -0.694712 -0.092156 15 13 12
0.017414 0.242173 -0.009913 230 188 145
0.495583 0.132255 -0.190974 17 16 12
-0.534662 -0.553196 -0.279273 7 6 4
0.182505 -0.799209 -0.234424 13 11 10
-0.062207 0.458520 0.386114 195 150 126
0.006499 0.434525 0.437848 136 66 55
0.323238 0.703819 0.460422 225 179 145
0.053028 0.479032 0.509753 159 109 102
-0.197005 0.863512 0.456106 164 127 111
-0.145145 -0.090231 -0.047723 11 9 7
-0.690247 -0.260019 -0.216838 222 179 142
0.250897 -0.146784 -0.078161 12 10 8
0.453166 -0.771443 -0.434511 30 24 26
0.167689 -0.387316 -0.056790 12 11 9
-0.087758 0.883852 0.673351 222 178 151
0.505484 -0.420259 -0.217747 15 11 11
0.658201 -0.497028 -0.429447 222 173 134
0.118014 -0.032539 -0.064211 15 11 8
0.524767 -0.521307 -0.318248 11 5 5
0.643809 -0.411359 -0.372045 222 174 134
-0.100202 -0.721073 -0.130287 19 16 16
0.210610 0.488338 0.434244 232 189 165
-0.721084 -0.106520 -0.168424 227 185 143
-0.137059 0.462626 0.048593 185 139 102
-0.862078 -0.541196 -0.469670 195 143 106
0.510823 0.200229 -0.215458 23 22 19
-0.365621 -0.319081 -0.052866 14 11 9
0.540435 -0.183129 -0.183060 229 184 141
-0.663843 -0.727713 -0.376491 204 159 128
0.424612 -0.475714 -0.134635 14 10 11
-0.106221 -0.249799 -0.049317 13 10 8
0.233226 0.233942 -0.102774 220 177 140
-0.391213 0.243126 -0.155988 7 5 3
0.105197 1.048602 0.718280 106 88 64
0.242903 0.134828 -0.094551 206 160 134
0.352568 1.011039 0.586434 152 118 91
0.197533 0.147154 -0.095676 236 188 148
-0.175357 0.156478 -0.070739 229 174 135
-0.049243 0.008788 -0.038494 20 16 12
0.686700 -0.540608 -0.471906 221 170 131
-0.289114 -0.298010 -0.042095 12 9 7
-0.097486 -0.238850 -0.050061 12 10 8
-0.162897 -0.279407 -0.044732 13 11 9
0.408957 0.918001 0.345746 89 68 49
0.468884 -0.136934 -0.138594 16 14 12
-0.513194 -0.722757 -0.398193 56 85 51
0.139497 -0.729003 -0.146674 18 15 15
0.400084 -0.362221 -0.112459 12 10 8
0.083676 -0.592940 -0.070480 16 14 14
0.157354 0.377204 0.347737 234 186 159
-0.062716 -0.010109 -0.041460 12 8 5
0.388288 -0.757299 -0.287167 26 22 19
-0.311022 -0.764294 -0.205695 13 9 9
-0.050449 0.917377 0.703329 228 180 152
-0.248007 -0.264383 -0.041574 11 8 7
-0.287772 -0.327238 -0.041000 12 9 8
0.194116 0.041665 -0.070383 12 8 5
0.149610 0.099076 -0.076215 236 186 144
0.249838 -0.851016 -0.313651 9 8 6
0.075678 0.642243 0.594551 237 193 165
0.055464 0.440543 0.475365 243 189 167
0.630695 -0.158159 -0.246538 234 188 142
-0.072550 -0.070537 -0.048703 12 9 7
0.206914 -0.628537 -0.076957 17 15 14
0.301974 -0.799034 -0.277942 15 10 12
-0.209821 -0.610686 -0.041052 17 13 13
-0.370108 -0.685292 -0.133262 22 18 17
0.207729 0.415780 0.064880 233 193 151
-0.113152 0.828901 0.637495 227 183 158
-0.202461 0.844908 0.412544 137 104 84
-0.877441 -0.165059 -0.367261 153 112 81
0.279877 0.735862 0.600478 220 179 156
-0.069339 0.107019 -0.050131 236 181 139
-0.235366 -0.221022 -0.043621 13 11 9
0.009912 0.346462 0.339605 229 179 152
0.334437 0.841506 0.562717 216 177 149
-0.066171 -0.683548 -0.110619 22 18 19
-0.114883 0.917183 0.655211 215 171 144
-0.466808 0.185662 -0.114371 17 14 10
-0.111464 0.423695 0.056635 192 150 114
0.537339 -0.343363 -0.262001 23 19 16
0.510152 -0.457091 -0.236610 16 14 10
0.208711 1.089387 0.675340 85 70 51
0.008662 0.672479 0.585591 112 68 43
0.368863 0.796540 0.358916 168 130 106
0.320720 -0.497539 -0.076921 14 10 9
-0.445839 -0.672043 -0.214251 6 6 6
0.202191 -0.535709 -0.058258 13 11 9
0.123317 0.357013 0.358615 234 184 158
0.246626 -0.862926 -0.321630 13 12 10
0.578673 -0.300629 -0.289860 167 121 85
-0.153495 0.930752 0.610257 182 138 113
-0.173723 1.003845 0.570463 117 88 65
0.086215 -0.272936 -0.062637 12 11 9
-0.748120 0.034467 -0.134825 221 179 139
0.347108 0.839012 0.522792 210 166 138
0.559633 0.210221 -0.238871 218 169 132
-0.172854 0.934042 0.576289 141 104 78
-0.104584 0.045461 -0.028295 21 14 11
0.503524 0.108209 -0.190203 14 14 10
-0.710706 -0.267224 -0.229227 219 176 140
0.705949 -0.307473 -0.356926 227 184 141
0.482519 -0.769752 -0.521545 28 23 17
0.268760 -0.781316 -0.224325 23 19 18
0.523706 -0.448586 -0.274371 18 13 11
0.168680 -0.702767 -0.123980 22 17 16
-0.007469 1.074318 0.683905 53 31 16
-0.865302 -0.479630 -0.450737 188 140 101
-0.688237 0.190259 -0.149337 223 171 138
0.163776 0.973728 0.725903 183 140 113
-0.233536 0.030505 -0.052806 11 10 7
0.253396 0.773478 0.639189 234 187 161
-0.496724 -0.196445 -0.094166 14 11 8
-0.247078 0.878720 0.298425 216 153 133
0.256785 -0.865736 -0.327724 10 9 8
-0.281720 0.142385 -0.070475 7 6 4
0.493057 -0.693217 -0.445223 36 31 27
-0.299937 -0.559168 -0.038437 14 12 11
-0.263503 -0.348482 -0.037745 12 9 7
-0.296437 -0.277827 -0.043005 11 8 7
0.219472 0.383773 0.023060 227 187 144
0.678651 -0.305701 -0.336971 229 187 144
0.289530 0.540220 0.347416 220 173 145
0.545473 -0.302627 -0.251205 20 15 12
0.185260 0.276684 -0.036047 227 187 146
0.130462 -0.035446 -0.065649 13 11 8
-0.172506 0.633449 0.326503 192 146 124
-0.486681 -0.287405 -0.115400 15 9 7
0.633519 -0.105317 -0.233730 237 195 151
-0.220520 0.780751 0.209090 158 87 66
0.316842 0.852580 0.605009 235 197 169
0.155005 0.555789 0.504846 239 189 163
0.021056 -0.882732 -0.271956 5 1 0
-0.849971 -0.094491 -0.282563 168 124 90
-0.644048 -0.479115 -0.343630 203 161 126
0.747771 -0.243434 -0.346024 228 186 142
-0.693823 -0.168623 -0.180316 227 185 144
-0.403469 0.159268 -0.108967 9 7 5
0.447949 -0.539073 -0.162365 13 10 9
0.053973 0.165691 -0.067031 233 184 142
0.084384 -0.224754 -0.063079 12 11 9
-0.327349 -0.264462 -0.045497 12 9 8
0.146014 -0.327611 -0.062273 15 12 10
0.381886 0.928006 0.488424 133 101 80
-0.711941 -0.489258 -0.360065 217 171 137
0.554781 -0.388648 -0.349522 27 18 15
0.226090 0.376865 0.011306 224 182 141
-0.126266 -0.716681 -0.118610 26 23 24
-0.662207 -0.064235 -0.133882 231 190 147
0.224848 -0.784960 -0.218848 15 12 11
-0.712711 -0.358861 -0.284272 216 173 137
0.029914 1.087314 0.688049 57 42 26
-0.295715 -0.819711 -0.260841 11 10 8
0.278302 -0.689095 -0.115115 22 18 17
0.474254 -0.665804 -0.284821 26 21 20
0.703784 0.193989 -0.273507 226 180 139
-0.192947 1.084049 0.497361 80 61 44
0.007675 0.957045 0.725663 227 181 155
0.319261 0.651002 0.431114 219 168 132
-0.089738 0.478777 0.357451 188 145 124
-0.851098 -0.053552 -0.295794 167 121 87
-0.304033 -0.523288 -0.033994 15 11 10
-0.847147 -0.551231 -0.454975 193 140 103
-0.208383 0.719530 0.213403 201 148 127
0.778900 0.091091 -0.255680 225 181 140
-0.722097 -0.340331 -0.277152 217 176 140
0.770786 0.093032 -0.246779 228 183 142
0.449357 0.246823 -0.235644 32 29 29
-0.140226 0.536577 0.317880 198 153 131
0.553656 0.000698 -0.191587 240 202 160
0.693449 -0.318068 -0.354356 227 185 142
0.242534 0.445291 0.046359 224 180 140
-0.038997 -0.446575 -0.050956 13 10 8
0.456890 -0.792487 -0.465033 32 28 29
0.327063 0.656870 0.224902 184 138 110
-0.522383 -0.264948 -0.139209 12 9 7
-0.434330 0.139429 -0.101625 9 8 5
0.261917 0.534171 0.104400 211 166 126
0.368396 0.696467 0.193229 230 172 143
-0.675143 -0.483033 -0.349631 219 174 139
-0.013631 1.096118 0.668898 62 44 23
0.251815 0.338732 -0.078236 207 162 120
-0.655387 -0.119877 -0.150370 230 189 147
0.131706 1.010737 0.727970 102 76 54
-0.770858 -0.464651 -0.368656 213 168 133
0.209962 0.437271 0.359893 228 184 157
0.043789 0.771366 0.694829 244 199 174
0.590730 -0.602917 -0.432601 191 145 117
0.637796 -0.565230 -0.442833 218 167 129
-0.032420 -0.596201 -0.073541 16 14 15
0.319918 1.068407 0.611920 111 87 69
0.489261 -0.735716 -0.514116 31 24 19
0.249078 0.156679 -0.106808 228 183 144
0.042708 -0.536491 -0.061630 15 12 11
0.113414 0.325015 0.053651 234 198 160
-0.342719 -0.767218 -0.235841 16 12 11
0.440593 -0.748698 -0.361205 26 20 20
0.027159 -0.431484 -0.052693 13 11 9
0.279232 0.927222 0.677984 210 159 131
-0.401081 0.061511 -0.084478 10 9 7
0.349263 -0.524758 -0.087662 15 11 10
0.690033 -0.729194 -0.553838 224 171 136
0.581943 -0.449556 -0.383453 179 136 105
-0.044731 1.024748 0.695600 111 83 59
0.147884 0.540267 0.498865 232 181 158
-0.133295 1.125758 0.567114 103 83 64
0.301418 -0.776978 -0.237915 23 19 18
0.250388 0.729834 0.625158 230 186 167
-0.481183 0.078498 -0.089631 21 13 9
0.287484 1.003382 0.671549 126 98 74
0.531667 0.104531 -0.198755 219 183 156
-0.156555 -0.534012 -0.037157 11 9 8
0.054472 0.354776 0.101834 170 136 105
0.248974 -0.033469 -0.084276 11 9 5
0.458129 -0.732059 -0.377315 19 11 9
0.236924 0.458037 0.070280 224 180 142
0.170413 -0.229759 -0.068688 11 10 8
0.458796 -0.274878 -0.140484 12 11 8
0.275339 1.069930 0.651064 78 68 49
-0.600647 -0.624009 -0.462716 92 68 53
0.040078 1.065921 0.702726 60 43 24
0.744153 -0.407074 -0.441953 219 172 133
0.798768 -0.283514 -0.406696 217 171 130
0.484875 -0.030628 -0.151724 17 13 11
0.389728 0.910894 0.429603 144 113 91
-0.576519 -0.781634 -0.311894 167 127 102
-0.027047 -0.076854 -0.051130 13 11 9
-0.647658 -0.111541 -0.145880 232 191 148
0.240520 -0.127432 -0.078126 11 10 8
0.221498 -0.797248 -0.241299 20 16 17
0.372767 -0.736053 -0.230906 24 21 20
-0.139958 -0.307973 -0.045101 12 9 7
0.281408 0.699167 0.555070 217 170 143
0.673316 -0.645140 -0.494869 222 170 133
-0.101831 0.980654 0.667162 170 123 98
0.639614 -0.341426 -0.332952 223 177 138
0.266282 0.427929 -0.052941 209 162 119
-0.203284 0.836124 0.401930 143 108 87
0.321502 -0.475748 -0.077789 14 11 10
-0.265312 -0.822573 -0.249268 8 7 5
0.078161 0.349068 0.096192 195 159 125
0.467181 -0.373805 -0.159984 14 11 8
-0.287629 -0.447756 -0.030469 13 9 8
-0.502510 -0.435250 -0.181737 7 5 5
0.320189 0.689550 0.455899 223 177 141
-0.261389 -0.510940 -0.026140 13 10 9
0.377876 -0.712858 -0.202377 18 15 15
-0.432872 -0.091424 -0.069333 9 8 6
-0.410526 -0.009571 -0.073203 10 8 6
-0.787853 -0.269124 -0.272454 214 172 138
0.514997 -0.435868 -0.242192 21 15 14
0.013335 0.372906 0.113963 157 124 96
0.366907 0.844934 0.442686 195 156 128
0.586114 0.202742 -0.238465 226 178 139
-0.308146 -0.274349 -0.043474 11 9 7
-0.180271 1.083151 0.528087 76 57 42
0.244327 0.870696 0.684101 237 190 160
-0.489753 0.017329 -0.086941 114 86 65
0.205335 0.189650 -0.099997 225 180 139
-0.609875 -0.245920 -0.185147 215 172 130
0.534730 -0.174637 -0.177315 221 177 136
0.491475 -0.574182 -0.228537 17 13 11
0.759191 -0.550215 -0.528698 221 167 127
0.255391 0.554797 0.457175 235 184 154
-0.018424 0.339440 0.289260 171 126 105
0.662820 -0.710133 -0.511645 221 171 136
0.182637 -0.771591 -0.194915 12 10 10
0.406798 -0.618252 -0.144432 14 12 11
0.326058 0.992943 0.634832 177 145 119
0.145082 0.438765 0.419991 189 101 97
-0.010822 0.330549 0.285573 160 116 95
0.124115 0.086362 -0.071936 239 189 147
0.445646 0.152041 -0.179547 8 7 3
0.377435 -0.096885 -0.109082 11 9 6
-0.427768 -0.451243 -0.084555 12 10 8
-0.037034 0.038877 -0.038581 236 188 163
0.686085 -0.773266 -0.569198 223 170 136
0.271512 -0.315170 -0.071752 11 9 6
0.282773 -0.794011 -0.254903 17 11 11
0.374625 0.217595 -0.181352 14 12 8
0.551206 -0.132271 -0.189102 234 190 144
-0.193469 -0.823762 -0.225867 10 8 7
0.215537 0.228035 -0.093107 223 182 143
-0.043124 0.182798 -0.043950 227 176 135
-0.056412 0.382794 0.256786 166 122 97
0.256735 1.172361 0.599180 102 85 65
0.390677 -0.776776 -0.316616 30 24 26
-0.400837 -0.321138 -0.063702 14 11 9
0.384383 0.837701 0.356613 146 111 86
0.403083 1.074893 0.457052 89 72 58
-0.260372 0.896127 0.279886 216 147 122
-0.224628 -0.781363 -0.195321 9 8 8
0.342929 -0.502034 -0.085313 13 11 10
-0.641955 -0.068417 -0.130930 232 191 147
0.317528 -0.046534 -0.097537 10 9 6
-0.211990 1.094714 0.438863 51 30 19
0.377126 0.806133 0.307495 142 106 82
-0.197980 0.428821 -0.130204 209 156 112
-0.620861 -0.734614 -0.361919 196 148 120
0.350351 0.823520 0.484164 207 164 133
-0.421592 -0.704495 -0.217075 17 13 12
0.087128 0.284960 0.023951 216 174 139
-0.614639 -0.515300 -0.369307 157 124 99
-0.182202 0.708297 0.416404 206 157 125
-0.719688 -0.528796 -0.382981 216 170 136
0.117915 -0.751269 -0.168897 15 13 13
0.349514 0.778708 0.421908 211 167 136
0.400504 0.821092 0.228507 241 199 172
0.338579 -0.021664 -0.107273 12 10 7
0.393284 0.910272 0.412125 150 119 98
0.571104 0.253663 -0.286774 213 166 135
-0.828754 -0.015639 -0.246633 178 130 96
0.330954 1.017254 0.622311 161 126 96
0.137653 0.343163 0.339028 232 181 156
0.020457 0.553724 0.531232 199 151 130
0.016138 0.177216 -0.057223 231 184 142
-0.017883 0.342387 0.256504 145 105 79
0.125814 0.367709 0.365804 233 188 160
-0.197275 -0.644252 -0.057129 17 15 13
0.063946 0.374265 0.122471 121 88 64
-0.007105 0.167867 -0.056981 230 180 137
-0.438895 -0.508699 -0.097785 13 11 10
-0.844365 -0.234322 -0.309030 184 141 107
0.286341 0.843345 0.638414 234 191 162
-0.066929 0.209240 -0.039985 223 175 136
0.705294 -0.098268 -0.256669 235 194 150
0.079218 0.031578 -0.052503 62 47 42
0.224597 0.265263 -0.080367 225 185 146
-0.871299 -0.440469 -0.447017 165 124 90
-0.490055 -0.569915 -0.190534 7 7 7
-0.184223 0.692333 0.366071 177 130 105
-0.270240 0.162663 -0.068953 10 7 5
0.121256 0.968550 0.733526 215 164 141
-0.671325 -0.579222 -0.407016 211 166 133
-0.103627 -0.325383 -0.047687 11 10 8
-0.371763 -0.382916 -0.054100 14 10 9
-0.326154 -0.410508 -0.040522 12 8 7
0.051863 0.852462 0.723822 246 200 174
-0.830403 -0.002686 -0.256349 167 121 88
0.022430 0.339967 0.081411 193 156 120
0.062286 -0.880486 -0.277695 9 8 6
-0.161731 1.057755 0.582175 127 95 72
-0.424647 -0.368957 -0.077499 12 8 6
0.074332 0.309096 0.264691 152 108 81
0.231777 0.598828 0.501960 241 185 153
-0.149005 -0.820577 -0.216585 8 7 6
0.514954 -0.469438 -0.249361 20 15 16
-0.327669 0.204283 -0.109698 7 5 3
0.048049 0.277570 0.023181 221 176 139
-0.113677 0.472918 0.283960 188 145 125
0.342123 -0.037740 -0.105253 11 10 7
-0.458522 0.173992 -0.110809 10 8 7
-0.343699 0.269685 -0.146987 8 5 3
-0.679724 -0.726100 -0.384316 208 161 131
-0.146547 0.392283 -0.013134 180 134 98
-0.486089 -0.268532 -0.107820 14 10 8
-0.279757 -0.362084 -0.038068 11 9 7
-0.431727 -0.668201 -0.181741 8 8 8
0.779695 -0.115539 -0.304530 228 185 140
0.446695 -0.713066 -0.308193 34 30 28
0.354381 -0.044676 -0.107146 11 10 7
-0.532902 -0.360641 -0.196804 5 4 3
-0.060503 -0.729686 -0.151069 14 12 12
0.064732 0.651910 0.596778 199 155 128
-0.214003 0.312343 -0.108139 219 172 128
-0.869055 -0.339936 -0.409571 156 117 87
0.436280 -0.800281 -0.419076 40 34 36
0.219450 0.526922 0.461237 238 186 161
0.181950 0.596193 0.512247 240 190 163
-0.188370 1.085375 0.507949 77 58 43
-0.137800 -0.409814 -0.038511 15 11 10
0.057451 0.025948 -0.049746 25 18 17
-0.874052 -0.236084 -0.380367 151 112 79
-0.221480 0.271233 -0.108338 227 180 136
-0.152849 0.006301 -0.041506 11 9 7
-0.119429 0.415769 0.044121 192 148 113
-0.672085 -0.335373 -0.256032 219 177 141
-0.406952 -0.071800 -0.067370 11 10 8
0.365650 1.046520 0.555562 126 97 71
0.353581 0.858102 0.525603 203 164 135
0.223015 0.468907 0.112748 215 174 139
-0.128618 0.436799 0.045004 188 145 108
0.103595 -0.805079 -0.223344 10 10 9
0.273348 0.580263 0.463383 237 187 155
0.392007 0.989756 0.490322 113 85 63
0.256935 -0.592905 -0.069807 16 14 13
-0.816497 -0.579527 -0.426896 200 150 112
-0.355968 -0.603575 -0.069408 13 11 12
0.399969 -0.093382 -0.117007 12 10 7
-0.306243 -0.813760 -0.261943 8 7 5
0.678036 -0.560720 -0.472366 222 170 131
0.734492 0.012432 -0.221093 240 200 160
-0.698435 -0.392970 -0.300264 216 174 139
0.537270 -0.676780 -0.477948 108 81 64
-0.502233 -0.726172 -0.377582 59 89 54
0.162355 0.381154 0.075619 235 195 156
0.152424 0.087488 -0.072176 241 192 150
0.365720 0.830234 0.424542 189 148 122
0.441805 0.261691 -0.246311 33 30 31
-0.853911 -0.264169 -0.338448 169 128 99
0.098183 0.478363 0.512368 217 164 154
-0.616167 0.136716 -0.109334 240 193 153
-0.585533 0.160911 -0.117267 239 193 152
0.773952 -0.161099 -0.320934 226 183 138
-0.003659 0.904696 0.720845 238 191 164
0.562379 0.150363 -0.215173 236 191 152
-0.038981 -0.710283 -0.132187 19 15 15
-0.036407 0.504710 0.459613 231 179 152
0.274541 0.488345 0.297292 218 170 137
-0.872309 -0.258089 -0.382127 150 112 80
-0.301163 -0.537519 -0.035227 16 13 11
0.571073 0.026555 -0.195071 242 204 162
-0.444410 -0.084808 -0.070641 12 10 7
0.214859 0.435225 0.346675 224 178 151
-0.134713 -0.161818 -0.048816 11 10 8
-0.211542 0.744783 0.225295 207 141 114
0.633867 -0.479523 -0.404678 216 167 129
-0.221481 0.855895 0.360283 100 71 53
-0.387985 -0.774753 -0.294953 20 15 13
0.434813 0.001534 -0.137626 11 9 6
0.247966 1.069165 0.664748 95 82 61
0.598161 -0.198449 -0.237576 226 178 130
-0.075096 -0.530245 -0.052822 13 10 8
0.276184 0.364963 -0.107792 221 174 134
0.382316 -0.313736 -0.103182 13 12 8
0.440184 -0.781175 -0.410024 32 26 28
0.070286 -0.859179 -0.263793 11 10 8
-0.614906 -0.556052 -0.414492 138 107 85
-0.413103 -0.736593 -0.247766 29 21 19
-0.496636 -0.578469 -0.213643 8 8 7
0.477600 -0.634098 -0.250976 24 23 21
0.407652 1.005646 0.427798 78 59 42
0.072046 0.466843 0.509718 132 69 57
0.369515 0.804548 0.367636 176 141 116
0.274956 0.481764 0.276290 205 158 127
0.399112 1.009128 0.470455 78 55 38
0.203894 0.610932 0.514626 236 184 153
0.305438 0.587917 0.393839 210 166 136
-0.232326 0.893162 0.311367 107 67 47
0.214637 -0.869332 -0.313624 10 9 7
0.222975 0.453106 0.088848 226 184 146
-0.439700 -0.741575 -0.291686 21 15 13
-0.084380 0.444674 0.312948 186 141 122
0.637592 -0.293429 -0.304566 223 177 136
0.251915 0.093446 -0.089473 19 16 12
-0.059539 0.826912 0.677746 226 184 160
-0.286809 -0.028253 -0.058962 9 8 6
0.485129 -0.433584 -0.189705 14 10 8
0.196454 0.381310 0.042617 232 192 149
0.106439 0.472318 0.493059 226 178 156
0.753053 -0.515663 -0.506995 220 166 127
0.179179 -0.594838 -0.066973 15 14 12
-0.480012 -0.378850 -0.135889 9 7 6
-0.346256 0.120504 -0.091092 8 7 5
-0.684073 0.151203 -0.121939 231 184 146
-0.264721 -0.539139 -0.028759 14 11 9
-0.505493 0.178082 -0.120339 236 191 160
-0.580016 -0.092314 -0.119110 235 194 150
-0.339147 -0.316413 -0.047648 11 8 7
0.465298 -0.566885 -0.188119 14 11 10
0.316519 -0.068185 -0.095663 11 10 7
-0.070819 0.463596 0.378532 197 153 132
0.150194 -0.338877 -0.061302 13 11 9
-0.088562 -0.729807 -0.149108 15 13 14
0.620023 -0.481127 -0.398964 210 161 125
-0.827045 -0.450184 -0.399626 196 150 112
-0.169685 0.606522 0.264974 186 139 113
-0.206237 0.821146 0.377558 134 100 79
-0.185593 -0.324543 -0.040166 11 9 8
-0.157648 0.363164 -0.051570 175 130 94
-0.621848 -0.236091 -0.181904 221 178 137
0.614486 0.092241 -0.204230 236 193 152
0.240520 0.478477 0.377369 229 184 158
0.263988 -0.835419 -0.305791 9 8 6
-0.416803 -0.505958 -0.078205 13 10 9
0.217939 0.504378 0.443796 237 192 169
0.336340 0.683154 0.268795 198 154 124
-0.153955 0.469043 0.009200 179 133 97
0.744890 -0.493472 -0.489580 220 168 129
-0.578614 -0.522488 -0.363968 97 72 57
0.592970 -0.467516 -0.393221 187 142 109
0.142383 -0.595347 -0.068649 17 14 15
0.424064 -0.841549 -0.430555 14 10 9
0.019724 0.117058 -0.078262 240 193 151
0.257450 -0.712452 -0.128206 19 16 15
0.144572 -0.583374 -0.065929 13 12 10
-0.183760 0.430701 -0.094631 189 140 100
-0.646739 0.112457 -0.101074 243 201 160
0.565573 -0.245930 -0.221351 214 170 128
0.664118 -0.274202 -0.310944 230 187 144
0.602245 -0.146541 -0.227893 232 188 142
0.535269 -0.489617 -0.337963 18 12 14
0.329161 -0.676889 -0.125546 20 19 15
-0.084742 0.342934 0.032526 205 164 127
0.313953 0.682694 0.463026 228 182 148
0.316350 -0.783531 -0.257772 26 22 21
0.137563 1.063851 0.708660 80 62 42
-0.743927 -0.378732 -0.311003 215 174 139
-0.213867 0.878162 0.399400 118 90 70
0.663535 -0.523155 -0.445216 222 171 132
0.473389 -0.795707 -0.520377 42 37 35
-0.145858 0.617248 0.451948 202 153 127
0.785966 -0.515323 -0.533505 218 162 122
0.296586 0.558165 0.359979 212 165 137
-0.000697 0.838032 0.708499 243 200 173
0.421190 -0.525424 -0.133100 14 10 9
0.517252 -0.446991 -0.250986 19 15 14
0.466247 -0.734166 -0.415220 35 29 29
-0.170490 0.621865 0.327435 193 147 124
0.010505 0.345267 0.083111 190 151 115
0.675866 0.013235 -0.202958 242 203 162
0.386334 0.318326 -0.249369 33 29 25
-0.509377 -0.643158 -0.321312 4 3 1
-0.069779 -0.098663 -0.050652 11 9 7
0.067307 -0.292381 -0.060237 13 11 10
0.442787 0.231720 -0.223648 33 29 31
0.306694 -0.841767 -0.330782 10 7 6
0.118768 0.298139 0.019346 229 187 149
-0.045120 -0.786188 -0.197341 8 8 7
0.385691 0.805878 0.263522 220 172 140
0.403136 0.990307 0.452174 96 72 53
0.169643 0.055447 -0.064580 17 14 9
0.164707 -0.174929 -0.068645 12 11 9
0.718637 -0.411358 -0.426220 221 173 134
0.021925 -0.072120 -0.054958 14 10 8
0.179566 0.428781 0.154488 166 132 104
-0.225520 -0.353310 -0.036834 11 9 7
0.309578 -0.525737 -0.073251 15 11 10
-0.319737 -0.778669 -0.238187 20 16 16
0.161382 0.035007 -0.061663 15 12 8
0.373447 0.196314 -0.170343 12 10 7
0.302412 1.120021 0.602249 66 51 38
0.094378 0.402699 0.423703 218 120 115
-0.021903 -0.619197 -0.083789 15 11 12
-0.089098 0.244000 -0.032611 228 185 145
-0.486287 0.230395 -0.139754 19 14 12
-0.184757 -0.729648 -0.123177 26 24 25
0.516640 -0.526300 -0.266387 22 17 13
-0.283563 -0.050801 -0.056295 10 8 7
0.249225 0.499289 0.092157 222 177 139
0.823810 0.014847 -0.317449 216 173 130
0.541509 -0.017648 -0.187684 239 200 158
0.295110 0.289009 -0.149682 226 182 141
0.340273 -0.805563 -0.309477 12 9 7
-0.340972 0.049144 -0.077577 9 8 4
-0.081433 0.486942 0.388512 199 154 132
-0.844421 -0.297084 -0.340595 182 140 107
-0.218733 0.800493 0.199907 187 129 107
0.790919 -0.296862 -0.408931 217 170 129
0.521093 -0.579363 -0.373378 33 30 25
-0.058417 -0.194107 -0.052760 12 10 8
0.659108 -0.263788 -0.302391 231 187 145
0.102149 0.049876 -0.057715 238 190 154
0.467107 0.002847 -0.149143 7 6 2
0.405966 -0.731701 -0.265817 27 23 22
-0.019687 0.355083 0.075645 188 149 114
0.152765 -0.116027 -0.067820 13 10 8
-0.662657 -0.510213 -0.364987 213 167 134
0.269928 0.062846 -0.096740 12 10 6
-0.352906 0.034710 -0.076608 8 7 5
0.064578 0.304161 0.284816 147 99 77
0.116799 0.491610 0.565459 227 174 153
0.183205 1.148816 0.644762 68 50 32
0.476703 -0.325696 -0.157446 12 11 9
0.346156 -0.764058 -0.252153 24 19 19
0.068603 -0.022250 -0.057477 15 12 9
0.269781 0.224275 -0.133975 222 177 136
0.346340 0.852900 0.540686 210 172 143
0.283666 0.885065 0.658016 231 187 158
0.060773 0.911788 0.733136 245 200 171
-0.136450 0.594573 0.447224 204 156 132
0.484733 0.246762 -0.241941 31 29 29
0.209378 1.015298 0.706158 100 78 58
-0.060808 0.583412 0.497224 247 194 163
-0.051882 -0.499594 -0.052066 12 9 7
0.380082 0.741240 0.192599 198 122 97
0.514047 -0.374350 -0.219093 18 13 13
0.093544 0.365737 0.108916 183 150 119
0.046717 0.520120 0.576889 207 158 135
0.204138 -0.222466 -0.069731 11 9 7
-0.080548 1.026913 0.669378 125 93 68
0.669713 -0.734661 -0.539540 222 171 138
-0.297807 0.357056 -0.186798 201 155 121
-0.113464 0.787334 0.626149 225 181 157
0.069999 0.896356 0.732787 248 201 173
-0.164182 0.453234 -0.041559 182 136 97
0.563063 -0.152405 -0.198157 234 189 142
0.106349 -0.123920 -0.063685 12 10 7
-0.069718 -0.140510 -0.051965 10 9 6
0.167637 0.345234 0.305554 227 178 152
-0.552422 0.057453 -0.101435 240 199 156
-0.656471 -0.480373 -0.345849 214 171 137
-0.442183 0.043016 -0.079461 11 9 6
-0.780260 -0.250734 -0.257544 214 174 139
0.035863 0.346136 0.091481 184 148 115
-0.860358 -0.105834 -0.306133 167 123 90
0.066875 0.626273 0.587748 226 177 147
-0.723276 -0.149886 -0.185330 226 184 143
0.736003 0.041571 -0.216987 237 196 155
-0.836848 -0.338772 -0.354858 185 146 113
0.129158 0.316881 0.314032 224 170 147
0.575989 -0.501710 -0.411707 162 124 96
-0.323651 -0.521249 -0.038968 13 10 9
0.046707 0.601705 0.567365 204 152 123
-0.804440 -0.513832 -0.407852 210 159 122
0.540908 -0.755894 -0.515559 124 96 78
-0.409240 -0.495981 -0.072542 13 9 8
-0.047997 0.415490 0.342101 194 151 128
0.592922 -0.695073 -0.470393 201 156 128
0.354655 -0.472776 -0.091309 13 10 9
0.164603 0.642559 0.535329 181 133 107
-0.412808 -0.726180 -0.238479 26 18 16
-0.158296 -0.113593 -0.047728 11 10 8
0.499037 0.218709 -0.212557 15 13 10
-0.115218 0.332279 -0.001710 201 158 123
-0.724682 -0.000414 -0.128233 226 184 143
-0.123075 0.482086 0.258551 177 137 111
0.037554 -0.158159 -0.058112 12 11 9
-0.020614 0.824916 0.695921 236 195 169
0.154267 0.958719 0.727441 222 170 146
0.385172 -0.850618 -0.386308 11 9 7
0.148293 -0.256762 -0.067006 13 11 9
0.262377 -0.792463 -0.244385 19 13 15
0.293012 1.124316 0.608315 70 64 45
-0.172242 0.642670 0.361769 179 133 108
-0.005919 -0.454530 -0.053478 11 9 7
0.348545 0.825645 0.495918 210 167 137
0.538081 -0.711341 -0.493281 109 86 67
-0.263067 -0.435051 -0.029148 14 11 10
-0.255331 0.843519 0.222359 219 163 139
0.181784 -0.045483 -0.072177 14 11 8
0.171614 -0.628921 -0.078605 19 13 13
0.271658 0.689847 0.543455 183 124 94
-0.470282 -0.131592 -0.077890 12 9 6
0.552487 -0.023027 -0.190338 240 202 159
-0.231423 0.904462 0.316803 91 65 45
-0.253689 0.823944 0.211827 216 160 137
0.520308 -0.459195 -0.265795 21 15 12
0.011005 0.471561 0.467750 216 174 151
0.675497 -0.335365 -0.351575 227 184 141
0.314580 0.754415 0.541919 212 172 144
0.264568 -0.011889 -0.088860 10 9 6
0.322794 -0.619706 -0.093878 17 13 11
0.620277 -0.585236 -0.435520 213 162 125
0.490397 -0.703597 -0.465346 41 33 31
0.089182 -0.104939 -0.062459 13 11 9
-0.218475 -0.460375 -0.027123 13 9 9
0.479153 -0.196850 -0.144908 10 9 6
-0.738458 -0.019013 -0.143768 222 179 137
0.606217 0.011492 -0.199256 241 202 162
-0.027125 -0.578163 -0.068349 17 13 13
0.488909 -0.417871 -0.190851 18 12 12
-0.118629 0.039281 -0.028792 20 13 11
0.112411 0.306740 0.302873 197 142 121
0.528543 -0.416088 -0.277295 23 18 16
-0.517101 -0.623003 -0.322378 7 6 4
-0.431668 -0.718745 -0.253987 18 12 12
0.184226 -0.341335 -0.061997 14 12 10
-0.436046 -0.543417 -0.099333 12 9 8
-0.400440 0.236285 -0.153191 7 6 4
-0.086035 0.906849 0.678654 223 176 146
0.005484 -0.576067 -0.069470 16 13 13
-0.077123 0.427008 0.300658 188 147 126
0.008425 0.257986 0.002903 230 189 147
0.064675 0.852867 0.725331 246 202 175
0.514160 -0.160292 -0.158738 20 15 12
0.274122 0.347672 -0.110981 224 180 138
0.258749 -0.072268 -0.084640 11 10 7
-0.610475 -0.280033 -0.212133 214 169 125
0.413357 0.795506 0.197129 242 185 159
-0.268770 0.374779 -0.182012 217 168 127
0.563377 0.094281 -0.201364 236 193 152
0.109438 0.387518 0.131053 175 144 115
-0.856701 -0.269573 -0.348400 164 126 94
-0.825632 -0.286127 -0.312308 198 155 123
0.307081 -0.161634 -0.085629 11 10 8
-0.147483 0.533160 0.281068 189 144 122
-0.384791 -0.198661 -0.056209 14 10 8
0.624007 -0.134583 -0.237665 236 192 146
0.395810 -0.863726 -0.408602 12 10 9
-0.289051 -0.705950 -0.116259 10 10 8
-0.549466 -0.813017 -0.266442 158 118 93
0.018612 0.020902 -0.044225 19 14 12
0.484493 -0.731954 -0.493424 29 23 23
0.258636 -0.385246 -0.067619 13 9 7
0.542402 -0.343548 -0.275627 21 17 18
-0.323821 -0.009047 -0.066957 9 8 6
-0.276634 -0.777309 -0.210241 21 17 17
-0.628992 -0.290539 -0.221009 221 180 139
-0.428004 0.241444 -0.158405 7 7 5
0.501640 -0.688320 -0.489763 42 37 29
-0.681496 -0.572905 -0.404211 212 168 134
-0.169299 0.671958 0.110787 176 132 106
0.480543 -0.614516 -0.233732 16 13 11
-0.828706 -0.566395 -0.439692 198 148 110
-0.562326 -0.481955 -0.292137 9 7 6
-0.185490 0.710004 0.397485 201 148 119
0.021650 0.259547 0.004431 231 189 147
-0.208454 0.404126 -0.127545 194 145 104
0.801028 0.093570 -0.292268 216 171 132
0.532682 -0.516612 -0.351323 27 20 21
-0.809278 -0.394058 -0.359606 204 160 124
-0.144137 -0.357363 -0.040902 12 10 8
-0.055575 -0.278371 -0.051936 10 9 7
0.052153 0.085668 -0.076047 244 195 150
-0.374200 -0.634916 -0.094074 15 12 11
0.027491 0.108365 -0.079014 241 194 153
0.385808 -0.196629 -0.104018 12 10 8
0.056543 0.550533 0.584237 218 171 148
-0.476580 0.113737 -0.092590 20 16 11
0.141759 0.732395 0.676465 242 198 174
0.518271 0.240916 -0.249095 48 46 45
-0.015490 0.718666 0.661458 235 190 169
0.320556 -0.733854 -0.179948 20 17 17
0.188332 0.364682 0.275908 205 160 133
0.288038 0.944804 0.677463 208 162 136
-0.491505 -0.327033 -0.136309 14 10 8
-0.726257 -0.426287 -0.330243 216 173 138
0.100172 0.969767 0.734910 202 156 131
-0.654223 0.003271 -0.106869 235 196 153
0.395309 -0.082574 -0.116415 10 7 5
-0.733575 -0.075969 -0.162926 224 180 139
0.204436 0.217369 -0.089996 227 183 142
0.405295 0.984665 0.424566 64 43 28
0.042091 -0.777026 -0.196760 9 11 10
-0.065045 0.084857 -0.046466 246 194 155
0.573227 -0.555422 -0.423749 161 122 94
0.128129 0.836345 0.717548 246 202 175
-0.033866 0.616607 0.525543 232 183 151
-0.330645 -0.772749 -0.236147 16 12 11
0.249439 -0.888058 -0.339626 11 8 6
0.083739 -0.244030 -0.062883 11 10 8
-0.372902 -0.543718 -0.059546 14 11 10
0.406855 -0.511680 -0.121308 14 12 10
0.566046 -0.032335 -0.194360 240 201 159
0.333570 0.169906 -0.141579 13 10 8
-0.208924 1.034995 0.472868 86 62 45
0.319709 0.187332 -0.140105 17 13 10
-0.680473 -0.632182 -0.399673 212 165 133
-0.122245 0.444706 0.059188 193 149 111
0.193738 0.687166 0.612819 173 128 104
-0.878649 -0.536462 -0.488867 197 146 108
0.690004 -0.153604 -0.272887 237 194 150
0.325231 0.640828 0.306142 199 154 122
-0.169828 0.751243 0.467249 203 165 138
0.094800 0.323019 0.060954 229 188 151
-0.180570 0.697768 0.420348 203 151 121
-0.639537 -0.342034 -0.255180 220 181 144
-0.628082 -0.378637 -0.276771 216 171 136
0.210958 0.452727 0.383163 232 190 161
0.058848 -0.266893 -0.060064 11 10 8
-0.381934 -0.535816 -0.061817 15 11 11
-0.501629 -0.493606 -0.190095 7 7 6
-0.145090 0.866349 0.610679 196 154 126
-0.553828 -0.476907 -0.271583 7 6 4
0.275609 -0.605178 -0.075695 17 14 13
-0.689209 -0.501402 -0.362681 218 173 139
0.351355 0.712887 0.225763 209 140 107
-0.161481 0.593929 0.079741 187 136 101
0.127519 0.262538 -0.012937 231 192 151
0.618678 -0.758640 -0.523844 216 167 135
-0.853276 -0.064900 -0.298672 164 119 87
-0.254763 0.892919 0.257080 153 73 53
0.654779 -0.284830 -0.310664 228 183 141
0.357020 -0.812627 -0.332930 12 10 9
0.345129 0.712019 0.341102 198 152 121
-0.161962 0.481711 -0.046350 186 136 98
0.559651 -0.401487 -0.365813 108 81 61
-0.545046 -0.551046 -0.308296 6 5 3
-0.653491 -0.567581 -0.405833 198 154 124
0.378634 1.116438 0.495322 97 78 61
0.298528 0.863313 0.632617 235 195 166
0.554144 -0.379032 -0.337817 41 24 22
-0.671459 -0.095491 -0.147383 231 190 148
-0.081769 -0.028098 -0.043530 13 10 7
-0.157298 0.832603 0.571155 190 151 128
0.301529 -0.754333 -0.201292 22 19 17
0.167938 1.140033 0.657555 92 72 52
0.203957 0.667846 0.557397 64 48 35
-0.050557 0.971023 0.707148 186 139 113
0.243422 0.191115 -0.118702 225 180 139
-0.155715 0.431528 -0.017407 180 133 97
0.196543 -0.740438 -0.154077 20 18 18
0.046721 0.141607 -0.076760 239 191 148
-0.261415 0.181652 -0.076703 39 24 23
0.401129 0.775463 0.191143 236 170 144
0.330698 0.744576 0.466077 220 178 147
0.735226 0.103991 -0.226370 231 187 146
0.724273 -0.210129 -0.313597 232 189 147
-0.309152 -0.660562 -0.080284 17 15 16
-0.035748 0.369424 0.306148 189 148 128
-0.752368 -0.112560 -0.185565 224 179 138
-0.114930 0.456980 0.075473 193 149 112
0.496628 0.069911 -0.179541 17 16 12
-0.419851 -0.473663 -0.077801 14 12 11
0.267348 0.456303 -0.015108 208 163 122
-0.677174 -0.682446 -0.389959 209 165 133
-0.175680 0.637482 0.293696 192 146 120
-0.106389 0.403022 0.049781 190 152 116
0.148015 0.350892 0.337322 232 181 155
-0.061087 0.921179 0.697786 228 179 152
0.189201 0.067142 -0.069956 21 17 12
0.184198 0.692012 0.638849 127 92 78
-0.179839 1.044624 0.546835 83 62 43
0.196097 1.111106 0.667445 70 59 41
0.340287 0.896078 0.581278 204 163 136
0.714029 -0.203831 -0.305223 234 191 148
0.099772 0.374144 0.115991 176 144 115
-0.021777 0.918058 0.715389 235 187 157
-0.142338 0.112394 -0.049291 238 185 145
0.181868 -0.453890 -0.054733 13 9 8
0.318584 0.779411 0.547885 219 178 152
-0.386360 -0.581129 -0.075252 16 15 13
0.787331 -0.175254 -0.337480 225 181 136
0.783524 -0.355495 -0.440621 213 165 124
0.256605 0.959502 0.696288 164 120 96
0.090262 0.457371 0.489627 220 170 145
-0.543441 -0.176932 -0.115145 71 46 33
0.234347 0.390243 0.007015 221 178 137
-0.405827 -0.560846 -0.080784 13 11 10
-0.501995 -0.576030 -0.224121 6 4 5
0.695737 0.022127 -0.204802 243 203 164
0.434532 0.866224 0.260489 238 176 138
0.741952 -0.207672 -0.323374 230 188 145
0.390138 -0.020388 -0.121229 12 10 7
-0.051337 -0.808977 -0.211819 10 8 8
0.360216 0.994079 0.569868 184 144 118
-0.114610 0.155825 -0.062385 238 191 151
0.510475 -0.637791 -0.444662 27 23 22
-0.077961 0.588315 0.493735 239 186 156
-0.236635 -0.033548 -0.052346 10 9 7
0.651485 -0.561341 -0.451655 219 169 130
-0.728158 -0.176195 -0.197005 225 182 141
0.283509 0.124908 -0.104740 17 13 10
-0.415627 -0.256051 -0.064814 14 11 9
-0.001347 0.683129 0.614838 137 92 68
0.344142 0.301133 -0.200735 225 181 146
0.038967 -0.697640 -0.128465 20 18 19
0.663228 -0.697310 -0.503568 222 171 137
-0.193889 -0.032549 -0.048023 11 10 8
0.419487 0.866734 0.273454 229 169 141
-0.202917 0.839533 0.254267 92 27 17
-0.143531 1.107486 0.569966 98 73 53
0.695278 -0.359866 -0.378861 226 182 141
-0.798398 -0.533608 -0.411290 209 158 121
0.258777 -0.290810 -0.070723 14 11 9
0.054286 -0.531528 -0.060044 15 12 12
0.615688 -0.679719 -0.466065 215 166 132
-0.668447 -0.620284 -0.406720 210 165 131
0.417023 -0.789941 -0.372140 30 24 19
0.066008 0.473174 0.586706 234 186 164
0.027692 0.957702 0.730037 236 191 163
-0.613180 -0.198410 -0.158434 223 179 137
0.075793 0.086115 -0.073817 239 186 143
0.000320 0.615766 0.532793 230 184 153
-0.214770 -0.589878 -0.036750 12 12 11
0.317550 0.746047 0.518745 214 172 146
0.265523 0.525212 0.079692 221 174 135
0.076114 0.945824 0.735146 234 186 160
-0.593256 -0.042662 -0.115624 237 196 152
0.410590 -0.858604 -0.423374 13 11 8
0.422493 -0.682771 -0.218822 18 15 14
0.162631 0.545155 0.496926 236 183 158
0.106294 -0.305112 -0.062587 14 11 9
-0.140187 -0.804988 -0.204580 9 8 6
-0.185832 0.725787 0.284148 184 135 112
-0.220661 -0.828684 -0.236921 20 17 16
-0.523937 -0.592125 -0.300237 10 9 7
0.084191 -0.130399 -0.061912 15 12 10
0.395584 0.825762 0.285722 207 160 134
-0.647154 -0.293938 -0.224891 223 180 142
0.479122 -0.471925 -0.188025 13 12 9
0.420647 1.005096 0.351829 69 52 38
0.574020 0.041582 -0.195105 241 202 161
0.370141 -0.087376 -0.107472 10 8 6
0.681926 -0.423147 -0.405130 223 176 137
0.137037 -0.456133 -0.054565 13 11 9
-0.594285 -0.768946 -0.329564 172 132 107
-0.833384 -0.299554 -0.328965 187 145 113
-0.638659 0.005138 -0.105374 235 195 152
0.178133 0.889782 0.716560 241 196 167
0.035646 -0.663635 -0.106984 19 16 14
-0.095676 -0.829580 -0.220944 7 6 5
0.177765 -0.549809 -0.059967 18 14 12
-0.457898 0.079881 -0.085928 23 19 16
-0.865360 -0.428707 -0.433214 172 129 97
0.755078 0.015207 -0.231689 234 193 151
0.008159 0.326212 0.313223 178 135 114
0.120473 -0.893107 -0.299363 10 9 7
-0.234384 0.935247 0.314669 87 69 49
-0.349256 0.352001 -0.216038 14 13 11
0.651666 -0.048945 -0.221260 238 199 156
-0.470526 -0.250363 -0.091103 14 9 8
0.304434 -0.356231 -0.078503 15 12 10
0.337493 1.057507 0.595284 115 89 67
0.025939 1.023283 0.718832 101 78 57
0.057374 0.154573 -0.070879 235 187 144
-0.745699 -0.399835 -0.323586 214 172 137
0.043706 0.106320 -0.081186 240 193 149
0.491370 0.283754 -0.282986 29 26 27
0.300220 0.572572 0.378340 210 165 134
0.236476 -0.782128 -0.215543 17 13 14
-0.539655 -0.519420 -0.264629 8 6 5
0.482692 -0.412885 -0.182390 14 11 9
-0.156595 -0.310836 -0.043353 13 10 9
-0.112803 0.961388 0.660164 196 150 124
0.695591 -0.204508 -0.296066 233 190 147
-0.167740 -0.804489 -0.205361 8 7 7
0.114477 -0.869696 -0.280481 13 11 10
-0.437585 -0.471798 -0.091885 13 10 9
0.022230 0.539906 0.530114 199 145 126
-0.481674 -0.499119 -0.153657 8 6 4
0.667459 -0.612642 -0.479742 222 168 130
-0.270047 0.908968 0.253898 223 152 123
-0.603279 -0.544508 -0.401162 118 92 72
0.581970 -0.365505 -0.334421 179 144 102
0.801142 0.005380 -0.275593 218 173 132
0.327470 -0.219094 -0.087274 12 11 9
-0.463682 0.257081 -0.169097 16 12 13
-0.600530 -0.239133 -0.177735 214 169 126
-0.105394 0.728846 0.615657 162 119 99
0.286910 -0.756805 -0.197939 20 16 15
0.565965 -0.795717 -0.533027 173 133 107
-0.595022 -0.470184 -0.322437 141 114 89
0.103844 0.506237 0.580419 232 180 160
-0.432548 -0.635076 -0.145504 30 24 24
0.603132 -0.346616 -0.323498 205 165 123
0.281131 0.532882 0.367728 219 173 148
-0.131422 1.147147 0.551427 61 45 29
0.542155 -0.404199 -0.308611 18 9 10
0.437421 -0.829458 -0.443871 15 11 8
0.352065 0.099995 -0.129041 10 8 5
0.259807 -0.798205 -0.254448 14 10 9
-0.333455 -0.543861 -0.045010 16 12 11
0.415208 0.840090 0.223364 235 185 155
-0.154155 1.021291 0.603192 151 117 92
-0.249793 -0.679279 -0.077434 13 11 10
-0.703955 -0.287765 -0.238020 217 175 140
-0.036579 0.727517 0.658432 237 196 173
-0.494663 -0.500855 -0.177632 6 6 5
0.118368 -0.056536 -0.064699 26 23 21
0.107703 0.304697 0.284740 155 109 89
-0.111098 -0.847891 -0.233148 16 12 12
-0.468071 0.008737 -0.077558 14 12 9
0.356035 0.890085 0.541521 192 154 128
0.752020 -0.376096 -0.429057 221 172 132
-0.664701 -0.292632 -0.227638 220 179 142
-0.217338 -0.417260 -0.030822 13 10 9
0.176603 0.284972 -0.021552 228 189 150
0.343648 1.071635 0.577979 122 97 77
0.093784 -0.140647 -0.062755 12 10 8
0.017126 0.285352 0.026449 220 176 137
0.186448 -0.887418 -0.315566 11 9 7
0.628062 0.080870 -0.202322 235 191 150
-0.168032 -0.156387 -0.047282 11 10 8
-0.020094 -0.703818 -0.129515 26 24 23
0.035403 -0.684168 -0.120147 19 15 16
0.449463 -0.632628 -0.204505 21 17 16
0.114544 -0.364379 -0.057661 14 10 9
0.349733 0.748289 0.383745 211 163 130
0.250296 0.465124 0.053074 225 181 140
0.316115 0.899638 0.623780 223 182 152
0.520590 0.127767 -0.202080 19 17 15
0.222779 -0.484270 -0.057320 14 11 8
-0.248841 -0.566439 -0.031610 16 12 11
-0.171107 0.412638 -0.065732 191 143 105
-0.173115 0.786048 0.475245 201 161 136
-0.220129 0.698340 0.198528 205 140 126
-0.458618 -0.517038 -0.120876 12 9 9
0.306338 -0.092564 -0.091718 13 11 8
-0.161915 0.789425 0.524320 195 155 133
0.122649 -0.440370 -0.054118 13 10 8
0.458710 0.048862 -0.154403 10 9 5
-0.119148 0.285492 -0.032277 214 170 134
0.461193 0.288851 -0.283771 32 28 31
0.208606 0.633060 0.528053 182 129 101
0.413932 -0.698377 -0.227190 21 16 15
0.175324 0.998773 0.720507 114 89 65
-0.711250 0.040664 -0.110781 234 194 152
0.307124 0.362308 -0.166441 223 176 131
0.145561 0.671234 0.586745 170 121 94
0.117404 0.718427 0.673120 242 198 174
-0.228344 0.907433 0.355019 74 57 42
0.221884 0.878073 0.698951 240 192 164
-0.171077 -0.245647 -0.045328 11 9 7
0.218969 1.132944 0.641308 72 60 40
-0.223382 1.026013 0.420463 70 54 39
0.291881 0.517664 0.248586 187 144 114
0.152406 -0.925730 -0.327418 9 6 5
0.162670 0.416808 0.146397 172 139 110
0.166982 0.420070 0.132914 189 153 122
0.407116 0.847019 0.245177 202 154 136
0.325510 -0.594643 -0.087229 16 13 11
-0.139349 0.731006 0.558339 188 143 122
-0.200159 0.798899 0.378310 158 117 97
0.304481 0.954871 0.665331 192 155 129
0.302606 0.586276 0.414405 220 172 141
0.304923 -0.483540 -0.072481 13 12 10
0.610060 -0.580141 -0.432317 207 159 125
0.460584 -0.093637 -0.137390 13 10 8
0.826175 0.027079 -0.329365 212 168 126
-0.443439 -0.733112 -0.283682 36 30 27
-0.553224 0.162971 -0.118356 242 196 156
0.253489 -0.774832 -0.208126 21 19 16
-0.251245 0.803045 0.203833 213 154 135
0.343339 0.743451 0.413476 211 159 125
-0.147138 0.628848 0.459838 206 153 126
0.764548 -0.163217 -0.315119 229 187 142
-0.038649 -0.729740 -0.153327 14 12 12
0.237847 -0.405988 -0.063361 14 12 9
-0.495465 -0.588745 -0.220699 8 8 8
0.069677 0.459059 0.543833 135 83 70
-0.431330 -0.676947 -0.192390 8 7 5
0.724666 -0.086526 -0.258832 235 194 151
0.696924 -0.270947 -0.329841 229 185 143
0.154983 -0.845838 -0.273604 11 10 8
0.579923 -0.523848 -0.414052 167 127 99
0.081364 -0.119016 -0.061780 12 9 8
-0.203548 -0.353631 -0.037483 12 9 7
0.320704 0.935346 0.632777 218 172 146
0.431842 -0.284381 -0.125776 12 10 8
0.070130 -0.563445 -0.064311 13 10 10
0.704955 -0.297238 -0.350076 227 184 141
0.373430 -0.506484 -0.099393 15 12 11
0.511402 0.088492 -0.188289 16 15 13
0.733474 -0.334236 -0.391480 224 179 137
0.149974 -0.077160 -0.067816 14 11 8
0.608693 -0.765591 -0.524813 213 165 133
-0.129144 -0.693576 -0.102057 22 20 20
-0.564989 -0.600250 -0.425083 19 11 9
0.795601 0.122735 -0.308010 216 169 129
0.793145 -0.135515 -0.323129 225 180 135
0.526104 -0.773044 -0.535322 65 47 35
0.196037 1.087371 0.681301 65 52 30
-0.150396 0.448120 0.008271 179 133 96
-0.551606 -0.581442 -0.373917 11 7 6
-0.499017 -0.360839 -0.156541 7 6 5
0.102530 0.319135 0.053094 233 192 154
0.016488 -0.262339 -0.055944 12 10 8
0.643419 -0.168833 -0.256782 233 188 143
0.335855 0.829751 0.549297 218 179 149
-0.055675 0.406457 0.317024 188 150 131
0.351243 0.945984 0.579988 205 163 137
0.246325 -0.769805 -0.198281 19 16 17
-0.077076 -0.782419 -0.191595 13 11 11
0.393047 -0.462879 -0.112315 15 11 10
0.749977 -0.465357 -0.478319 219 170 130
-0.157237 0.620342 0.429714 191 143 117
0.091642 -0.517513 -0.058062 13 9 9
0.327018 0.683169 0.434030 221 171 131
-0.007987 1.032970 0.705955 108 83 65
-0.261257 -0.628901 -0.049687 14 11 11
0.466027 -0.405411 -0.163720 14 11 9
-0.573048 -0.512363 -0.340387 11 7 4
-0.403187 -0.309580 -0.063288 12 9 8
0.329259 0.657755 0.356938 193 148 119
0.168844 0.256794 -0.039289 230 191 150
-0.232685 -0.057398 -0.050593 11 9 7
0.624310 -0.607548 -0.444299 217 166 129
-0.187713 -0.775438 -0.181901 11 10 10
-0.325094 -0.602110 -0.056105 13 12 10
0.406420 1.088274 0.441090 76 59 45
0.387023 0.046765 -0.131428 9 8 5
0.193910 -0.409065 -0.057119 15 12 11
-0.591449 0.141201 -0.111111 240 194 153
-0.222964 0.972375 0.424033 61 44 29
-0.308539 -0.749298 -0.184097 28 25 26
0.035517 0.229619 -0.020478 227 184 144
0.209249 0.070204 -0.074300 17 12 9
-0.501783 0.126386 -0.110188 236 193 164
0.053814 -0.172040 -0.059676 13 10 9
-0.109780 -0.494990 -0.042236 13 12 10
0.412282 -0.162850 -0.116136 12 10 7
-0.220212 0.405124 -0.150292 211 160 114
-0.231811 0.942383 0.351874 72 53 39
-0.044543 0.386944 0.310298 193 153 133
0.241618 0.468797 0.074302 223 178 140
-0.692482 -0.081307 -0.147838 228 186 145
-0.413685 -0.031700 -0.071449 10 9 6
0.005783 -0.721997 -0.146239 15 12 13
0.378348 0.726681 0.201377 243 182 153
0.137436 0.825714 0.712253 245 202 175
0.294704 0.910662 0.655917 219 166 137
-0.261497 -0.304605 -0.040124 13 10 8
0.296394 0.548330 0.205873 178 142 113
-0.106117 -0.000076 -0.040035 13 10 8
0.689272 -0.518688 -0.463548 219 170 131
-0.184082 0.300142 -0.089613 212 167 126
-0.114170 -0.228478 -0.049072 11 9 7
-0.497945 -0.603122 -0.245208 8 6 7
0.026195 -0.740426 -0.169086 15 14 14
0.034917 0.575104 0.555671 211 162 138
0.268270 1.017956 0.680045 110 85 63
-0.077897 0.800056 0.658110 225 181 159
0.723304 0.199758 -0.299009 217 170 132
0.393331 -0.876652 -0.415322 13 12 9
0.648265 -0.384177 -0.360565 223 178 137
-0.738515 -0.330199 -0.278863 216 175 140
-0.326917 -0.763026 -0.215504 14 10 9
-0.665325 0.140475 -0.113538 237 188 148
0.135343 -0.762745 -0.181680 14 10 11
-0.486698 -0.444738 -0.155811 8 7 6
0.555067 -0.676801 -0.466048 149 117 96
0.559057 -0.287284 -0.258513 22 16 14
-0.846626 -0.027160 -0.295360 169 126 92
0.593808 -0.041879 -0.203611 240 201 160
-0.058301 0.549440 0.479615 237 184 154
-0.440178 -0.764540 -0.327978 23 16 16
-0.161889 1.132886 0.527725 60 45 30
-0.418893 -0.387796 -0.074956 13 9 9
0.347148 -0.570793 -0.090688 21 16 15
0.276298 -0.121553 -0.083821 10 9 7
0.059452 0.410396 0.430587 201 95 95
-0.008523 -0.103278 -0.053243 13 12 9
-0.600956 -0.677289 -0.436718 136 105 88
-0.281099 -0.597574 -0.041945 13 11 10
-0.594148 0.072655 -0.099534 238 196 154
0.198356 0.939338 0.714115 236 186 160
-0.233593 -0.443463 -0.027838 13 10 9
0.240298 -0.776414 -0.205067 25 21 21
-0.390229 -0.505657 -0.061528 12 9 7
-0.506120 -0.003423 -0.098200 234 195 158
0.417845 -0.831735 -0.412942 14 11 9
0.310730 0.837461 0.607665 233 197 167
-0.244487 0.270624 -0.117542 227 181 137
0.178472 -0.687001 -0.110936 25 21 20
-0.589874 -0.342558 -0.247384 195 150 111
-0.276284 -0.810397 -0.243716 8 7 5
-0.332093 -0.305659 -0.045837 12 9 8
0.265567 0.479046 0.315409 225 181 150
0.431169 -0.375806 -0.132782 12 9 7
0.793079 -0.158628 -0.333847 224 180 135
-0.329751 -0.611820 -0.061136 14 12 11
-0.430637 0.162298 -0.110437 9 8 5
0.043927 -0.244171 -0.058911 12 10 8
0.509614 -0.366604 -0.208199 21 17 16
0.506359 -0.220373 -0.161523 14 12 9
-0.197474 0.027396 -0.045146 12 11 7
0.198516 0.595437 0.506141 239 185 153
-0.062675 0.415536 0.317103 187 149 130
0.072321 0.194131 -0.048882 234 190 148
-0.052501 0.708747 0.629925 188 142 119
-0.356203 -0.057718 -0.063214 9 8 5
0.402581 -0.239972 -0.110411 11 10 7
0.256093 0.453121 0.244704 184 141 116
-0.634273 -0.525883 -0.378151 183 144 117
0.177419 -0.465873 -0.055167 15 12 10
0.090854 0.455043 0.570273 216 165 146
-0.744593 0.101850 -0.135328 216 168 133
0.426428 -0.799595 -0.399568 26 33 25
0.632085 -0.775399 -0.543017 219 169 136
0.397508 -0.710695 -0.220715 18 14 13
-0.573493 -0.634218 -0.454805 36 22 18
-0.230555 0.948378 0.373565 71 53 39
0.033648 0.799960 0.703837 239 190 167
0.314208 0.606538 0.350730 194 149 119
-0.257438 -0.446297 -0.027748 13 9 8
0.274188 0.471511 -0.085991 208 160 118
0.640637 -0.427232 -0.378241 221 172 133
-0.136086 0.568495 0.140501 165 117 83
0.356012 0.758674 0.352077 195 154 126
0.685925 -0.376377 -0.380595 227 182 141
-0.119545 0.763660 0.613032 214 172 150
0.196514 0.011963 -0.074410 14 10 7
0.473357 0.276827 -0.270721 29 24 25
0.255491 0.452048 0.023487 219 175 133
0.169539 -0.326750 -0.062914 13 12 10
0.463026 -0.489888 -0.172530 15 11 8
0.256342 0.666434 0.528726 142 103 81
0.568555 -0.424764 -0.376976 161 122 89
0.269811 0.527069 0.069249 219 172 133
-0.185797 0.737208 0.408874 206 157 130
0.270861 -0.190231 -0.077743 11 9 8
-0.099732 0.406223 0.058206 192 152 118
0.065871 -0.078056 -0.059868 13 11 9
0.029349 0.677617 0.627161 152 108 82
-0.232903 0.740183 0.197940 210 151 129
-0.307464 0.203115 -0.100664 8 6 4
0.509973 -0.436167 -0.230980 16 12 10
-0.133490 0.712976 0.549429 183 140 120
0.383848 0.902658 0.446613 146 113 91
0.157280 0.887126 0.722535 242 197 169
-0.756460 -0.316670 -0.280164 214 174 139
-0.497493 -0.650973 -0.302999 5 4 3
-0.414382 -0.309369 -0.068192 13 9 8
0.592392 -0.623155 -0.439974 194 149 119
-0.153192 -0.472807 -0.033610 12 9 8
0.559509 -0.225712 -0.202408 226 181 138
0.441699 -0.731015 -0.328288 23 17 19
0.314657 1.040941 0.633352 120 90 64
-0.452027 0.193676 -0.120496 11 9 7
-0.518633 -0.388545 -0.189169 6 5 3
-0.079284 -0.764118 -0.178443 11 10 10
-0.029418 -0.117831 -0.052619 14 12 10
0.438282 -0.706199 -0.277819 30 27 25
-0.755953 -0.388342 -0.322470 215 172 137
-0.847038 -0.102945 -0.275284 170 126 92
-0.811472 -0.425930 -0.375987 203 157 121
-0.212403 -0.687307 -0.083102 19 17 16
-0.857263 -0.463064 -0.436394 191 143 108
0.448846 -0.732218 -0.349767 19 15 14
0.242088 0.268428 -0.096487 219 178 139
-0.101662 0.484979 0.337474 195 150 129
0.041842 0.861092 0.724367 246 202 175
-0.756646 -0.550678 -0.398465 216 168 131
-0.253888 -0.779819 -0.203765 20 17 17
0.534645 -0.005206 -0.186186 238 200 158
-0.584404 -0.216148 -0.155439 210 167 124
0.090117 0.453108 0.558169 186 134 123
0.250477 0.939647 0.696923 208 158 133
-0.812355 0.059732 -0.224932 177 128 95
0.166215 -0.279644 -0.066481 12 10 8
0.673747 -0.631809 -0.491329 224 172 134
-0.096787 -0.413480 -0.044315 13 10 9
0.369233 -0.169327 -0.099954 13 12 9
-0.321101 -0.734810 -0.173286 15 13 14
0.209048 -0.669152 -0.096502 27 24 24
0.672531 -0.707528 -0.524149 221 169 135
-0.194890 0.852893 0.452463 172 136 113
-0.164814 0.586148 0.263642 185 139 113
-0.318184 0.227582 -0.111748 10 8 6
0.518745 -0.594285 -0.388034 32 29 24
-0.066906 0.279777 0.000477 217 173 134
-0.540171 0.015983 -0.101316 238 198 155
-0.027886 0.364078 0.079156 184 142 108
0.343946 0.339307 -0.223037 226 179 137
0.631579 -0.362384 -0.341183 218 171 131
0.171182 -0.872872 -0.300365 11 10 8
0.740311 -0.365492 -0.413969 221 174 134
-0.103944 0.967675 0.667896 191 145 118
0.149015 0.413729 0.383532 224 173 151
0.214862 0.131012 -0.092741 230 182 142
-0.675090 0.158557 -0.123347 234 185 146
-0.207199 -0.555994 -0.031749 13 11 10
-0.194727 1.025903 0.514253 84 61 45
0.274411 0.484609 0.241418 177 139 110
0.545778 -0.318399 -0.264951 19 18 16
-0.073365 0.227858 -0.033900 224 180 140
0.425663 -0.258211 -0.122231 14 12 10
0.009108 -0.477329 -0.054994 12 9 7
0.213055 0.561011 0.487507 244 192 167
-0.072556 0.409101 0.277227 180 138 116
-0.857045 -0.243519 -0.333028 169 128 96
0.173946 1.086249 0.690344 74 62 44
-0.099170 -0.764743 -0.176870 10 9 8
0.401037 0.882255 0.326268 116 90 73
-0.017203 0.958634 0.719337 227 177 150
-0.035897 -0.306792 -0.051256 14 12 10
0.564668 -0.009098 -0.193450 242 204 161
0.679908 -0.734037 -0.548735 222 169 136
0.685807 -0.471600 -0.435871 220 171 134
0.446453 -0.162996 -0.130298 12 10 7
-0.391657 0.215205 -0.136510 6 5 4
0.002820 0.248312 -0.004713 232 190 147
0.604121 -0.464153 -0.390390 199 153 116
0.038103 -0.193311 -0.058917 12 10 8
0.323529 0.798188 0.552555 217 179 151
-0.431086 -0.146501 -0.069307 11 9 7
0.522018 -0.417188 -0.255838 20 14 13
0.326921 0.648058 0.279631 198 154 124
0.248900 0.685291 0.569859 141 97 72
-0.162096 0.604790 0.353479 186 141 119
0.318054 0.217947 -0.147335 47 37 30
-0.229710 -0.694666 -0.089845 14 14 14
0.556763 -0.779185 -0.523670 156 120 97
-0.340327 -0.289248 -0.047008 10 8 6
-0.624471 -0.090213 -0.133060 235 194 150
0.623376 -0.664863 -0.463220 218 168 134
0.283249 0.508970 0.220373 165 129 100
0.567773 -0.272370 -0.253539 168 126 93
0.338893 -0.611025 -0.097886 16 12 11
0.263380 0.301807 -0.112537 221 177 136
-0.135217 0.426803 0.028431 182 140 103
-0.485841 0.151385 -0.106133 19 10 6
0.585435 -0.260988 -0.264258 186 140 100
0.312514 1.137595 0.578963 77 64 53
0.233821 0.426532 0.291838 219 173 145
0.647477 -0.639126 -0.469113 220 170 133
0.587989 -0.588595 -0.429445 185 140 111
-0.775501 -0.510991 -0.390248 215 167 130
-0.250241 0.094713 -0.053444 14 11 8
-0.272457 -0.794165 -0.228132 10 8 7
-0.480892 -0.447054 -0.146138 13 13 11
-0.055782 -0.048852 -0.047447 13 11 8
0.371833 1.024430 0.542846 154 120 97
0.221728 0.614879 0.513994 235 182 151
-0.558127 -0.008399 -0.104858 241 201 158
-0.521610 -0.544202 -0.241332 7 7 5
-0.099243 -0.350693 -0.046767 12 9 8
0.211902 0.102892 -0.078778 213 171 152
-0.130933 0.386329 0.009280 187 144 108
-0.115093 0.297822 -0.022300 212 166 130
0.167408 0.704117 0.655042 233 187 165
0.710264 0.015782 -0.211114 243 202 164
-0.007813 0.791700 0.690509 243 200 175
0.189900 -0.823912 -0.262878 12 11 10
-0.143063 -0.007394 -0.042267 12 11 8
0.365331 -0.779578 -0.293606 26 19 17
0.731506 -0.063952 -0.251186 232 192 149
-0.801581 -0.494752 -0.397702 210 162 124
0.301244 1.051091 0.641135 94 70 48
0.509270 -0.496657 -0.238774 17 12 11
-0.162858 0.612801 0.377487 183 138 115
-0.452258 -0.244980 -0.079452 13 11 9
-0.180020 0.674913 0.357568 178 130 107
-0.051693 -0.140493 -0.052762 11 8 6
-0.521391 0.129073 -0.110086 241 197 157
0.705252 -0.429548 -0.427514 222 175 135
0.754516 -0.219119 -0.337313 228 185 142
-0.840539 -0.316256 -0.347947 182 143 110
0.413137 -0.579624 -0.135415 15 12 12
-0.060084 -0.815390 -0.215063 11 10 9
0.110155 -0.575115 -0.066238 16 11 11
0.728895 -0.115715 -0.274202 234 192 148
0.308454 1.083217 0.617665 91 73 54
0.060685 0.245189 -0.008701 231 189 150
-0.659479 -0.206652 -0.181314 226 184 143
-0.050186 -0.657462 -0.099257 21 19 20
0.070108 0.696171 0.659007 236 193 166
0.205205 0.518122 0.462966 233 181 156
0.348139 1.017287 0.597184 163 127 102
-0.047586 0.776260 0.669927 233 189 168
-0.214899 0.187059 -0.089976 228 185 143
-0.849644 -0.283704 -0.340502 178 138 105
0.158715 0.405834 0.367501 234 189 160
0.260861 0.388131 -0.063711 212 166 123
-0.435247 -0.589615 -0.117080 16 14 14
-0.790440 -0.405260 -0.352381 212 167 131
0.369486 0.793536 0.244841 198 137 103
0.186550 0.772730 0.678307 245 199 175
0.664004 -0.002581 -0.206274 239 201 159
-0.197572 0.805841 0.395874 172 134 112
-0.516089 -0.050983 -0.096205 236 197 156
0.792414 -0.354862 -0.447876 215 167 126
0.208995 -0.799812 -0.240133 15 13 11
0.192199 0.650429 0.540642 83 55 35
0.609795 -0.367031 -0.336746 208 163 121
0.067986 0.362819 0.110966 155 119 92
0.321434 0.629451 0.384596 195 148 115
0.254108 -0.538110 -0.061096 13 10 8
-0.874494 -0.204969 -0.366402 153 114 81
-0.026291 -0.146043 -0.053758 12 10 8
0.248884 -0.444081 -0.063027 12 11 9
0.463074 -0.418486 -0.162980 13 9 8
-0.257130 0.394593 -0.195547 217 166 123
-0.166749 0.465697 -0.058893 187 139 99
-0.533778 -0.591152 -0.329978 8 7 5
-0.844947 -0.421494 -0.403627 183 142 110
-0.094642 0.418661 0.070035 191 152 117
-0.541855 -0.210507 -0.125377 18 13 12
-0.409381 -0.205954 -0.061998 14 11 9
-0.069227 -0.158050 -0.051921 11 10 8
0.099217 -0.588182 -0.069230 16 14 14
0.131414 0.402832 0.154894 152 120 96
0.104217 -0.097902 -0.063736 13 10 7
0.266091 -0.203589 -0.076139 11 9 7
-0.047699 0.436220 0.153484 155 118 91
0.113374 -0.765534 -0.191079 17 13 14
-0.571906 -0.526094 -0.355709 8 4 2
-0.841213 -0.528010 -0.444073 195 143 108
0.578874 0.007249 -0.195902 241 202 161
-0.497734 -0.414025 -0.169365 7 6 4
0.141740 -0.027096 -0.066881 12 9 6
0.361248 -0.494379 -0.093109 14 11 8
0.007553 0.968184 0.725499 214 164 139
-0.148119 -0.558340 -0.042231 14 12 11
-0.168785 0.684721 0.450609 198 153 128
-0.464321 -0.170589 -0.077670 13 9 7
0.597482 -0.771786 -0.524181 204 157 129
-0.254050 0.320250 -0.134426 217 169 127
-0.408707 0.253289 -0.168048 8 5 3
-0.674620 -0.320432 -0.246695 218 177 141
-0.353741 0.307037 -0.172623 10 6 5
-0.011974 0.885019 0.715473 237 190 162
-0.151350 0.553225 0.306184 194 148 126
-0.178522 0.677927 0.411308 199 144 117
-0.155851 0.730841 0.497024 200 162 140
0.394302 -0.570223 -0.117044 14 12 10
-0.690026 -0.543377 -0.387678 217 172 139
0.093267 0.479047 0.522737 133 81 76
-0.403682 0.144605 -0.105141 9 8 6
-0.795171 -0.380799 -0.342036 208 165 129
-0.384405 -0.703394 -0.165257 16 11 11
-0.877361 -0.268000 -0.408763 149 110 79
-0.089236 0.022654 -0.031702 18 14 11
0.490346 -0.626289 -0.266575 26 23 21
-0.163722 0.826269 0.549563 193 155 133
-0.112569 -0.459788 -0.039989 14 11 9
0.232389 0.678887 0.571936 181 134 113
-0.361485 -0.519451 -0.050930 13 10 9
-0.793454 -0.249984 -0.265596 211 169 133
0.373835 1.039906 0.538207 134 106 82
-0.495290 0.290301 -0.214901 30 24 26
0.358593 1.033946 0.572900 148 117 89
-0.361415 -0.648785 -0.096460 18 15 15
-0.527921 -0.807576 -0.267942 157 119 94
0.355306 -0.590522 -0.098818 18 14 12
0.110765 -0.857101 -0.270214 11 10 8
-0.850894 -0.109515 -0.283948 171 127 93
0.725851 0.157506 -0.254079 227 182 141
-0.099771 0.509836 0.383392 196 152 131
0.525412 -0.337446 -0.227708 23 19 18
0.117427 -0.466841 -0.054920 14 11 10
0.022268 0.135109 -0.077296 238 191 148
-0.120011 0.640022 0.500051 230 177 146
-0.219612 0.846495 0.291504 199 139 110
0.545104 -0.140364 -0.184299 231 187 142
-0.128077 -0.052703 -0.046178 12 10 8
0.324902 0.637117 0.249909 191 146 116
0.521848 -0.504833 -0.286054 23 17 14
-0.450229 -0.265178 -0.082937 15 11 9
-0.052584 0.612790 0.517126 238 187 153
0.792232 0.023286 -0.262625 225 181 141
-0.829960 0.012977 -0.260674 168 122 88
0.171519 -0.315153 -0.063971 14 12 10
-0.002789 -0.406814 -0.050699 14 10 9
0.284413 0.582050 0.087730 221 174 135
-0.042381 -0.671883 -0.108440 21 19 20
-0.637523 -0.496369 -0.356034 198 154 122
-0.601306 -0.507803 -0.361099 132 104 81
0.380985 -0.084407 -0.111391 11 10 8
-0.331335 0.094387 -0.083052 8 7 6
-0.311916 -0.369422 -0.040949 12 9 7
-0.214474 -0.798656 -0.209806 8 7 5
-0.070522 0.710687 0.623528 197 152 133
-0.179939 0.923195 0.558708 168 130 109
-0.150389 0.213855 -0.073917 221 176 137
-0.366033 -0.004735 -0.071130 9 8 6
0.136290 -0.284279 -0.065086 14 12 10
-0.219397 0.873873 0.377424 77 54 37
0.462348 -0.753009 -0.444303 32 28 27
-0.177986 0.900808 0.559719 168 130 111
-0.145649 -0.767586 -0.175078 15 12 12
-0.132802 0.614343 0.473822 218 168 139
0.691369 -0.175086 -0.281569 236 194 150
-0.000681 0.859883 0.714959 240 196 169
-0.504976 -0.270417 -0.123513 15 9 7
0.069375 -0.743029 -0.167414 16 13 14
0.612986 -0.530679 -0.419831 204 156 121
0.233108 0.422780 0.039273 222 180 138
0.284817 0.362276 -0.122853 223 175 135
-0.267683 -0.181787 -0.044983 11 10 8
0.448491 -0.121026 -0.131846 13 11 8
0.330747 0.182848 -0.144203 12 10 6
0.240125 -0.592418 -0.067451 18 16 14
-0.587441 -0.609732 -0.453903 56 40 31
-0.199131 -0.271331 -0.042939 12 10 8
0.489280 -0.310944 -0.164831 13 12 8
-0.187977 0.143743 -0.062663 228 174 136
0.541814 -0.733927 -0.504704 125 97 77
-0.427181 -0.689846 -0.202453 15 14 12
-0.865755 -0.265984 -0.365744 158 118 87
0.029886 0.219898 -0.028062 231 188 147
0.589985 -0.194955 -0.229982 218 171 124
-0.402036 -0.269344 -0.060899 12 10 8
-0.362877 -0.364456 -0.052142 13 11 9
0.223395 0.047850 -0.080852 12 10 7
-0.207179 -0.665537 -0.066979 18 16 16
-0.049450 -0.172062 -0.052997 12 11 9
-0.310634 0.190217 -0.096990 6 3 2
0.002958 -0.536268 -0.061869 15 13 12
0.657622 -0.023306 -0.212125 239 201 158
-0.015332 -0.281404 -0.053186 13 12 10
0.357543 0.962287 0.570052 187 149 123
-0.288379 -0.738002 -0.157912 25 20 20
-0.413521 -0.339186 -0.069570 14 10 9
0.096389 -0.225032 -0.064216 13 11 9
-0.314094 0.215852 -0.106646 8 6 4
0.071437 0.562593 0.587212 247 199 174
-0.276095 0.210221 -0.096581 118 97 84
0.370281 -0.030668 -0.113927 11 9 6
0.774177 -0.141075 -0.311794 229 186 141
0.152554 0.300949 0.006506 231 193 152
0.467045 -0.217279 -0.141821 11 10 8
-0.134566 0.949105 0.636378 198 154 128
0.187788 0.997928 0.717079 128 99 74
0.246457 0.256438 -0.107942 223 181 142
0.085927 0.318584 0.337537 210 152 130
0.188600 -0.657522 -0.091711 23 21 22
-0.435424 -0.740808 -0.281152 28 24 21
0.038519 -0.038640 -0.054846 14 10 9
0.380148 0.894590 0.453590 147 112 91
0.406137 0.885722 0.296463 91 68 52
0.282368 0.514025 0.324824 224 179 150
-0.186912 0.705791 0.364417 180 132 106
-0.063826 0.961300 0.698754 207 160 135
-0.063121 -0.248462 -0.052369 12 10 8
0.132358 -0.768075 -0.191407 16 14 14
-0.768811 -0.026974 -0.167752 215 171 129
0.377350 -0.063805 -0.111989 11 9 6
-0.584940 0.081693 -0.100630 240 197 156
-0.286398 -0.687617 -0.094338 15 13 12
-0.409515 -0.122737 -0.064465 11 9 6
0.059418 0.473651 0.518542 144 92 85
-0.676532 -0.185771 -0.180185 226 183 143
-0.835596 -0.420826 -0.394535 185 141 112
0.722207 0.184370 -0.277001 224 178 137
0.240444 1.015461 0.692891 104 82 58
0.696953 -0.395583 -0.400042 223 177 137
0.251609 0.322686 -0.086602 211 168 127
-0.842171 -0.083811 -0.264917 173 129 94
0.055567 -0.408268 -0.052831 12 9 8
-0.270767 -0.680121 -0.083197 12 12 10
-0.804885 0.087828 -0.223232 177 128 99
-0.836376 -0.447724 -0.406716 188 142 106
-0.201997 0.158580 -0.070705 226 171 130
0.532049 -0.429601 -0.294743 17 13 14
0.303464 -0.560747 -0.073488 14 11 10
-0.146624 0.348484 -0.033671 183 139 102
-0.150826 -0.402000 -0.037410 11 9 8
-0.249748 -0.663158 -0.067036 12 11 10
0.535600 -0.542807 -0.398183 34 30 26
0.058371 -0.043208 -0.057396 14 10 8
-0.093548 -0.621524 -0.071624 18 13 14
0.456992 -0.772661 -0.448271 43 39 40
-0.112141 0.717076 0.594699 199 154 134
0.506279 -0.646642 -0.414250 33 26 27
-0.010435 0.623512 0.534884 228 180 153
0.319071 0.321757 -0.177179 229 184 140
-0.202967 0.862496 0.426474 153 117 97
-0.759279 0.100689 -0.148905 208 159 127
-0.576980 -0.013694 -0.107727 238 197 153
0.519551 -0.636546 -0.464921 84 66 54
0.531296 -0.470031 -0.315347 22 14 17
-0.183630 0.727224 0.416378 203 153 125
-0.561735 -0.403892 -0.261636 12 6 4
-0.821760 -0.476128 -0.405980 203 155 119
0.259946 0.874372 0.674061 236 191 161
0.416158 -0.239595 -0.117190 13 12 9
0.383519 -0.480052 -0.105638 13 11 9
0.333559 0.676089 0.302441 195 152 122
0.433903 -0.566346 -0.151620 13 11 10
0.544882 -0.466757 -0.364985 8 5 6
0.559214 -0.280610 -0.249666 25 19 14
-0.724930 -0.580620 -0.404545 215 168 134
-0.878164 -0.384189 -0.443428 151 112 81
-0.032790 0.687929 0.602079 124 78 56
0.265740 0.792123 0.636078 229 179 151
-0.067040 0.408844 0.295004 188 145 126
-0.059063 0.841515 0.682508 227 183 158
0.305329 0.546838 0.257941 194 150 121
-0.115253 -0.623260 -0.065977 15 12 12
0.421510 0.318863 -0.289049 31 29 30
0.341074 0.696215 0.351131 198 154 125
-0.522246 -0.081745 -0.098789 224 188 147
-0.207433 0.901823 0.451958 124 97 78
0.310080 -0.446802 -0.076529 15 12 10
-0.183681 0.696120 0.384975 184 134 109
0.535047 -0.447003 -0.312347 19 13 12
-0.186278 0.267016 -0.091080 218 171 130
-0.648033 -0.011978 -0.112117 233 193 150
-0.121653 0.533621 0.370983 194 152 129
0.622076 -0.725529 -0.499080 219 168 135
-0.409415 -0.705108 -0.197572 22 16 16
-0.158646 -0.004562 -0.042868 12 11 9
0.460854 -0.591651 -0.192838 14 11 10
-0.180413 0.086217 -0.031167 20 12 8
-0.010946 -0.142066 -0.054432 12 10 9
0.110994 -0.846617 -0.261535 10 9 7
0.517247 -0.621271 -0.458627 35 30 26
0.413477 -0.468589 -0.125855 14 11 8
0.070626 0.550440 0.586871 247 200 176
0.394121 0.932659 0.439626 122 94 72
-0.126469 0.398170 0.024076 190 148 112
-0.482712 -0.721734 -0.337160 22 17 13
-0.281402 -0.144208 -0.047727 10 9 7
0.025483 -0.841080 -0.243668 10 8 7
-0.325867 -0.744902 -0.188583 32 27 27
-0.745850 -0.075412 -0.168771 222 178 137
-0.231280 0.972049 0.374539 70 52 41
0.248343 0.439676 0.274837 213 162 135
0.742303 0.121642 -0.240586 227 182 141
0.506756 -0.649995 -0.439429 32 24 25
0.500998 -0.425040 -0.208819 16 12 10
-0.145777 0.410396 -0.002650 179 133 96
-0.243228 -0.323433 -0.038847 12 10 8
0.105444 -0.630316 -0.085624 16 12 13
-0.544793 -0.605538 -0.379911 10 6 4
0.326056 -0.376053 -0.084016 13 10 9
-0.038640 0.270998 0.004963 234 193 151
0.353183 0.796817 0.432047 210 167 136
0.216657 0.038671 -0.078508 14 11 8
0.184961 -0.031749 -0.072736 13 11 7
0.010852 0.418998 0.411998 172 84 76
0.513590 -0.064191 -0.168437 162 142 128
-0.047952 0.217651 -0.028843 227 180 138
0.502637 -0.660289 -0.416661 58 58 58
-0.193512 -0.789693 -0.196281 8 7 7
0.658675 -0.087198 -0.237582 237 196 152
-0.797217 -0.305732 -0.299643 209 168 133
0.539656 -0.414937 -0.307609 21 12 13
0.351594 -0.629358 -0.109675 19 18 16
0.303967 -0.330896 -0.078448 13 11 8
-0.820912 -0.307353 -0.319202 197 154 122
0.286143 0.503068 0.265166 195 151 122
0.313639 0.794461 0.574959 227 186 158
-0.345554 -0.740135 -0.196268 23 17 17
-0.140293 0.348726 -0.024142 189 146 110
-0.282188 -0.227405 -0.043723 12 9 7
-0.775789 -0.498714 -0.386180 215 168 131
0.159576 0.663687 0.540507 150 110 90
0.149669 0.364374 0.069414 235 194 155
-0.817895 -0.395304 -0.366632 200 156 121
-0.118307 0.471646 0.249365 174 132 107
-0.233491 0.716520 0.192501 209 142 125
-0.406515 -0.513383 -0.072048 13 10 8
0.138785 -0.803346 -0.230308 10 8 7
-0.536633 -0.562158 -0.296561 6 5 3
-0.156198 -0.133916 -0.047817 11 10 8
0.400084 -0.677753 -0.184698 20 16 15
0.550559 0.180823 -0.223371 230 183 146
-0.334341 -0.797757 -0.265516 22 17 18
-0.010026 1.051251 0.696499 85 64 45
0.486925 0.128796 -0.183667 13 11 7
0.177293 0.410183 0.358514 234 192 163
0.633066 -0.231363 -0.272483 233 188 143
0.050244 0.892635 0.730855 247 202 175
0.235011 -0.463023 -0.059081 16 12 11
0.061572 0.173912 -0.063204 231 185 143
-0.078526 -0.507304 -0.049294 14 12 11
0.170993 -0.124192 -0.069878 12 9 8
0.303782 -0.730980 -0.164470 18 17 14
0.149516 -0.288132 -0.065472 12 11 9
-0.137022 0.867482 0.620639 208 166 137
0.137895 -0.870184 -0.287788 12 10 9
0.367493 -0.216878 -0.097288 11 10 6
0.380842 0.905963 0.468104 138 105 80
-0.132210 1.080738 0.598388 127 94 71
0.783871 0.138886 -0.303367 214 168 129
-0.190563 0.750095 0.279255 195 149 124
-0.169772 0.778111 0.482587 204 164 139
0.257901 0.081660 -0.092079 11 9 5
0.081610 0.243974 -0.013412 230 189 150
0.378860 0.852874 0.397814 167 130 106
-0.146595 -0.102842 -0.047980 10 9 7
0.472928 -0.518829 -0.187154 14 11 9
0.404118 0.071708 -0.142490 9 8 4
0.109179 0.992786 0.734737 151 116 90
0.729338 -0.422829 -0.440857 221 173 134
-0.726952 -0.515606 -0.377413 215 169 134
-0.491495 -0.449496 -0.164784 8 7 5
0.310456 -0.762309 -0.219922 21 18 16
-0.068207 0.885097 0.687728 228 183 157
-0.487100 -0.297842 -0.120213 15 11 9
-0.006163 -0.679730 -0.116342 23 19 20
0.535077 -0.224194 -0.181337 36 27 25
0.004410 0.654186 0.559628 150 104 85
0.647831 0.039068 -0.198933 241 201 161
-0.064079 -0.391706 -0.048172 12 9 8
0.052824 0.350771 0.364518 240 187 160
-0.132862 -0.396065 -0.039869 13 11 9
0.431302 -0.587263 -0.155738 14 10 9
0.486671 -0.340433 -0.168486 14 11 10
0.055866 0.306199 0.311338 171 117 97
0.718488 -0.361163 -0.395807 224 179 138
0.131462 0.350201 0.068083 234 196 159
0.000076 0.304352 0.039972 217 174 137
-0.599137 -0.153408 -0.137623 226 183 141
0.183809 -0.629191 -0.078003 20 18 18
0.408177 -0.677434 -0.193515 24 20 19
0.363340 0.820500 0.419916 202 162 134
-0.510183 -0.529874 -0.214198 10 10 9
-0.859389 -0.315435 -0.374965 166 127 95
0.359775 -0.604816 -0.105215 17 13 11
-0.092970 -0.715396 -0.123265 23 21 20
-0.485877 0.175593 -0.111333 29 18 11
-0.225283 0.872460 0.347460 94 69 53
0.108974 -0.878858 -0.286108 9 8 7
-0.598854 -0.557965 -0.418798 97 74 56
-0.016090 -0.165419 -0.054669 11 8 7
-0.129483 0.080901 -0.039368 238 189 151
-0.596709 -0.426688 -0.296345 165 129 98
-0.430291 -0.057285 -0.070919 10 8 5
-0.306042 -0.249126 -0.043964 11 8 6
0.031234 0.511005 0.554939 204 153 133
-0.547519 -0.591668 -0.374565 11 8 8
0.034100 0.141863 -0.076645 239 190 148
-0.289022 0.265367 -0.131901 221 175 138
0.023398 0.092065 -0.075134 240 191 148
0.160063 -0.602752 -0.069512 20 16 16
0.508082 -0.621751 -0.347630 35 27 25
0.557482 -0.633906 -0.449175 148 113 91
0.244047 0.570115 0.477738 237 180 150
-0.031833 0.401226 0.109694 181 144 111
0.380147 -0.794622 -0.328165 12 8 7
-0.730306 -0.289416 -0.250420 218 178 142
0.534866 -0.792875 -0.540753 102 82 67
-0.832921 -0.034098 -0.252813 180 134 99
-0.539552 0.268084 -0.200858 222 173 140
0.131600 0.869988 0.724906 246 201 174
0.699715 -0.422111 -0.418584 223 175 135
-0.157426 0.479406 -0.008288 180 134 96
-0.231399 -0.002703 -0.052542 9 8 6
0.138030 -0.882238 -0.296593 8 7 5
-0.574256 -0.042847 -0.111294 239 198 154
0.236234 -0.264750 -0.070312 12 10 8
0.425324 -0.058050 -0.127806 10 8 5
-0.267721 0.339806 -0.150649 209 161 121
-0.243587 -0.466077 -0.025489 16 12 11
-0.532993 -0.655740 -0.384486 16 13 13
-0.172794 -0.514675 -0.031900 13 10 8
-0.218361 -0.182558 -0.044929 10 9 6
-0.137267 0.545918 0.109119 194 143 107
-0.586860 0.200417 -0.136565 242 193 154
0.378866 -0.865192 -0.390860 10 9 7
0.313589 1.089628 0.607360 92 73 56
-0.094591 -0.097743 -0.050207 12 11 9
0.660747 0.086201 -0.203834 236 191 150
-0.021171 -0.098790 -0.052349 13 10 8
-0.060170 0.633851 0.531048 222 171 139
0.351726 0.079300 -0.125041 11 8 6
-0.152037 0.410709 -0.019474 177 131 94
0.474073 -0.075535 -0.142984 10 8 5
-0.607958 -0.481571 -0.338489 161 125 99
-0.175796 0.121588 -0.049430 235 184 145
-0.610414 -0.727561 -0.362961 188 143 118
0.442109 0.078819 -0.155971 9 8 4
-0.094728 -0.536970 -0.049732 11 9 8
0.407361 0.839208 0.235101 242 201 175
0.074078 0.837942 0.722183 248 203 176
-0.189512 -0.613160 -0.044330 17 14 14
-0.692534 0.007343 -0.111615 232 194 151
-0.474299 -0.360075 -0.124093 9 8 6
-0.037672 -0.736742 -0.161774 16 14 13
0.208585 0.589459 0.501413 240 185 155
0.134948 0.241419 -0.031326 234 193 152
-0.243846 0.866411 0.247113 222 169 144
-0.073785 0.448267 0.347374 190 144 127
0.545984 -0.439019 -0.337583 23 17 15
-0.178109 -0.124843 -0.046933 10 8 7
-0.066462 0.398930 0.275270 183 141 119
-0.063729 0.721136 0.640546 144 104 79
0.404047 -0.795353 -0.357687 18 16 14
0.256614 0.367474 -0.067867 209 164 122
0.300203 0.630593 0.089376 212 168 131
0.382555 -0.227268 -0.102495 14 11 9
0.520441 -0.232443 -0.172280 21 17 13
-0.325631 -0.292740 -0.045140 11 8 7
0.333860 1.085726 0.584475 101 81 62
0.623080 -0.707191 -0.485824 219 169 136
0.033835 -0.336595 -0.054673 13 11 10
-0.275129 0.317789 -0.145960 217 167 127
0.032682 0.472155 0.483799 199 155 133
0.334789 -0.480727 -0.082618 14 12 10
-0.071683 0.508231 0.433462 207 156 133
-0.191636 0.740985 0.354261 182 134 109
-0.434324 -0.295027 -0.076793 13 10 8
0.466017 -0.125881 -0.137918 14 12 9
-0.699233 -0.089217 -0.153756 229 187 145
-0.664052 0.014889 -0.104201 236 197 155
-0.199372 0.939621 0.512555 120 90 67
-0.042448 0.365895 0.261791 167 125 101
0.743033 -0.323123 -0.391370 224 179 138
-0.160177 0.614517 0.410126 190 143 119
-0.166942 -0.342372 -0.040067 11 9 7
-0.183061 0.212773 -0.087937 224 178 137
-0.534013 -0.689107 -0.415703 46 67 36
0.426348 0.095296 -0.155811 9 7 5
-0.186040 -0.175719 -0.046434 11 10 7
0.650723 -0.253138 -0.291780 231 187 145
0.570114 0.195696 -0.232261 230 182 142
0.115053 0.516517 0.563807 219 166 143
0.056876 0.294312 0.039909 225 182 147
0.264412 0.523630 0.404302 226 179 153
0.307120 0.698994 0.495280 218 176 145
0.007037 0.400721 0.387929 204 158 135
0.506570 -0.536587 -0.245620 16 12 9
-0.027237 0.992736 0.714911 163 120 96
-0.206849 -0.381034 -0.034999 10 9 7
0.271531 -0.530345 -0.063428 16 11 10
-0.241171 0.003782 -0.054455 9 8 6
-0.156333 0.583055 0.346073 196 151 128
0.566907 -0.361203 -0.335769 142 108 75
-0.835953 -0.282227 -0.321815 188 145 115
-0.600287 -0.613483 -0.458664 84 62 48
-0.008954 -0.620729 -0.084803 17 16 16
0.418424 0.979347 0.361355 79 60 45
-0.550413 -0.249974 -0.160556 15 9 7
0.367346 0.066982 -0.128961 8 7 4
0.650147 -0.489117 -0.419003 221 172 133
0.168534 -0.682534 -0.109504 25 23 24
-0.308891 0.285070 -0.145573 199 155 131
-0.174825 0.646797 0.323374 189 143 119
-0.199992 0.883799 0.467783 158 127 107
0.393070 0.841022 0.311587 101 69 48
0.133521 0.386351 0.112031 215 179 145
0.750575 -0.107420 -0.282255 231 191 146
-0.538265 -0.392867 -0.215120 8 4 3
-0.146024 1.027872 0.611939 165 133 107
0.583612 -0.690258 -0.466992 192 146 120
0.248440 -0.283008 -0.070109 14 11 9
-0.167284 0.618642 0.346560 187 141 120
0.766582 -0.223436 -0.347612 228 184 140
-0.031388 1.104690 0.657393 76 59 41
0.193563 0.511684 0.464733 235 183 157
-0.154724 0.172532 -0.073800 224 176 138
0.235116 0.291048 -0.074652 223 182 144
-0.198320 0.817493 0.401266 164 127 105
0.313504 -0.614459 -0.088547 19 15 14
0.366299 0.871020 0.491468 178 137 113
-0.393534 -0.354251 -0.061719 13 9 8
0.596564 -0.422457 -0.365103 198 152 116
0.276102 0.540510 0.405954 220 171 145
-0.506509 -0.578325 -0.237242 5 4 4
-0.165444 0.599993 0.233516 173 127 100
0.770822 0.036297 -0.240008 232 190 148
0.582223 -0.483002 -0.399823 177 134 104
0.124483 0.423377 0.420801 169 79 76
0.281319 0.602882 0.471506 235 185 151
0.337071 1.075190 0.586032 99 78 55
-0.585413 -0.440989 -0.299193 139 109 83
0.113774 0.126838 -0.078321 240 188 146
-0.178434 0.669487 0.389916 181 132 106
0.201494 0.159162 -0.098358 231 185 144
0.064268 0.540607 0.586118 230 181 158
0.049208 0.367495 0.377011 215 166 140
-0.419317 -0.688736 -0.187967 19 15 15
-0.847105 -0.352273 -0.375871 178 139 107
0.444508 -0.751385 -0.375398 20 14 14
-0.436653 0.202824 -0.128201 8 7 5
-0.245552 -0.040521 -0.052844 9 8 6
0.369985 -0.548160 -0.099331 14 10 9
0.449004 -0.565421 -0.168555 15 12 13
0.676113 0.062966 -0.201299 239 196 155
-0.512127 -0.558008 -0.231094 8 6 5
-0.271958 0.120094 -0.064493 11 9 8
-0.215370 0.727794 0.211209 181 135 117
0.225291 0.735798 0.646635 236 190 167
-0.541480 -0.274803 -0.168637 11 6 4
0.554009 -0.209962 -0.194851 231 185 142
0.101869 0.284486 0.015962 225 183 147
0.221888 -0.588350 -0.065576 15 11 10
-0.730173 -0.480838 -0.360510 215 170 135
0.310276 1.001678 0.653186 166 126 101
0.237243 -0.743084 -0.160202 18 16 16
0.560640 -0.769427 -0.514842 162 125 101
0.108797 0.480948 0.574232 230 179 161
-0.229583 0.099425 -0.044534 15 12 10
-0.482636 -0.350952 -0.132247 12 9 8
-0.436297 -0.748711 -0.305151 11 5 5
0.574613 -0.726950 -0.487675 183 140 114
-0.091552 1.040008 0.653288 135 101 79
0.259339 0.639593 0.509507 231 178 144
0.520670 -0.398641 -0.243803 22 16 15
0.111162 -0.165807 -0.064946 11 10 8
-0.175253 0.969875 0.568466 135 102 79
0.104012 0.211006 -0.039348 235 194 152
0.174040 -0.054354 -0.071191 11 8 6
0.350485 -0.177984 -0.093802 10 9 6
-0.121836 -0.641645 -0.072217 16 14 14
-0.521125 -0.557496 -0.251438 8 5 3
0.141329 -0.908579 -0.315233 12 11 9
-0.696260 -0.127567 -0.166678 230 188 147
-0.541271 0.191027 -0.129523 242 198 156
0.250647 0.699921 0.601686 218 172 146
0.372086 0.798662 0.343895 162 130 108
-0.447479 -0.745601 -0.314309 9 3 2
0.035656 0.488801 0.499317 161 120 106
-0.411646 -0.147407 -0.064429 11 9 7
0.223618 0.410395 0.242403 170 131 104
0.361773 0.914638 0.540650 187 146 121
0.087105 0.743464 0.685662 243 199 174
-0.648556 0.067839 -0.096515 243 203 162
-0.137907 -0.081985 -0.047625 11 9 8
0.577761 -0.411240 -0.364012 180 138 103
0.205580 -0.194888 -0.070551 10 8 6
-0.529443 -0.566754 -0.279768 8 6 5
-0.099357 -0.811322 -0.208910 9 8 6
0.109483 0.532925 0.570084 227 179 156
0.414976 0.197371 -0.190667 11 9 6
0.401056 1.050721 0.468397 96 73 55
0.001168 0.325914 0.268886 135 97 77
-0.714375 -0.300503 -0.249456 217 176 140
0.601527 -0.082874 -0.214525 240 200 156
-0.499426 -0.174703 -0.091139 17 14 12
0.392257 1.120172 0.467110 74 53 38
0.384520 1.046585 0.511035 124 100 78
0.291470 -0.537117 -0.068306 13 11 9
-0.240071 -0.108472 -0.048067 9 7 6
-0.423446 0.086710 -0.088969 10 9 6
-0.226807 -0.025662 -0.051075 9 8 6
-0.222295 0.903391 0.385980 72 49 30
-0.481927 -0.402906 -0.141715 8 7 5
-0.449243 0.255608 -0.170219 10 7 6
0.349629 0.792188 0.442033 208 165 133
-0.267702 0.140660 -0.062809 12 9 7
0.094787 -0.373213 -0.056057 13 10 9
-0.213098 0.998796 0.467022 92 69 52
-0.215444 1.034503 0.450739 86 66 50
-0.307428 0.054031 -0.072218 9 8 6
0.051876 -0.651457 -0.100136 19 14 16
0.493465 -0.520318 -0.214887 14 12 9
-0.555501 -0.557047 -0.354210 6 5 3
0.438860 -0.650200 -0.205387 18 15 16
0.022925 0.647374 0.558210 173 133 110
-0.189752 0.736737 0.387043 204 154 129
0.381525 -0.206585 -0.102339 11 10 8
0.540855 -0.460346 -0.336953 18 12 11
0.081902 0.345653 0.362059 239 186 161
0.255931 0.272639 -0.112248 221 179 138
0.051101 -0.444730 -0.053763 13 9 9
-0.859126 -0.080501 -0.311080 159 115 81
0.604411 -0.179761 -0.236854 229 182 135
0.499910 -0.105097 -0.153303 19 15 11
0.052058 0.392922 0.421368 197 95 87
-0.395500 0.268216 -0.174761 9 8 6
-0.634527 -0.014800 -0.111961 234 194 151
0.402926 0.839862 0.287203 192 140 117
0.578169 -0.018189 -0.197148 241 202 161
-0.673428 -0.263167 -0.212944 223 181 144
0.140459 0.206169 -0.058241 227 186 143
0.156489 -0.034339 -0.068753 14 11 8
-0.258719 0.792404 0.183554 216 148 129
0.436606 -0.077313 -0.130892 13 11 8
-0.215914 -0.039552 -0.049728 9 8 6
0.472811 -0.727120 -0.430317 34 26 24
-0.249953 -0.792930 -0.217362 8 7 5
-0.558962 -0.526860 -0.321636 4 3 1
0.541639 -0.055387 -0.185316 238 196 154
0.576993 -0.205037 -0.217048 217 169 122
0.618872 -0.697076 -0.477246 219 169 135
-0.323169 0.163475 -0.092839 7 6 4
0.058193 -0.142573 -0.059633 12 10 8
0.350053 0.225895 -0.167162 18 15 11
0.408164 0.984077 0.408839 71 52 38
-0.645875 -0.176818 -0.164790 227 184 143
-0.878248 -0.303950 -0.425225 148 110 79
-0.054747 0.386850 0.289441 183 138 119
0.137907 0.341021 0.052744 234 197 159
0.275147 0.498590 -0.004201 200 155 115
-0.008239 0.245369 -0.007102 233 191 148
0.073519 -0.273392 -0.061352 12 10 9
0.359211 0.337821 -0.245005 118 96 91
0.295799 0.400496 -0.160462 211 160 118
-0.239870 0.365544 -0.141319 194 147 106
-0.441433 -0.719023 -0.267391 17 15 15
-0.360987 -0.693197 -0.136822 20 17 16
-0.294138 0.224873 -0.104427 18 9 5
0.373539 0.680153 0.182567 238 182 149
-0.070857 0.991916 0.690287 164 124 99
0.727523 0.168205 -0.264825 226 181 141
-0.646006 -0.537626 -0.387765 194 153 124
0.238457 0.171906 -0.109000 230 185 144
0.511285 -0.350862 -0.203718 20 18 19
-0.542789 -0.568135 -0.325722 6 5 3
0.209543 0.139871 -0.096328 231 183 142
0.644809 -0.443636 -0.390438 220 171 134
-0.553349 -0.603296 -0.398998 12 7 4
-0.511370 -0.463813 -0.201170 6 5 3
0.628541 -0.263100 -0.284805 227 181 137
0.482531 -0.722212 -0.468050 20 12 10
0.103002 0.144182 -0.074277 244 194 150
0.454419 -0.723292 -0.346791 25 21 20
0.024587 0.227733 -0.021463 230 188 146
-0.159790 -0.382364 -0.037632 13 9 8
0.586584 -0.777393 -0.523235 195 150 123
0.554245 -0.358493 -0.317931 32 21 18
-0.245937 -0.085664 -0.049734 10 8 6
0.430875 -0.780799 -0.386456 15 13 14
0.174426 0.659560 0.541083 136 106 91
0.044310 0.752014 0.687364 242 197 174
0.390264 0.157058 -0.163225 11 10 6
-0.111425 0.205016 -0.057446 233 187 147
-0.839498 -0.008657 -0.282932 170 124 90
-0.593567 -0.697563 -0.424306 143 109 91
-0.631774 -0.641482 -0.417870 172 133 109
0.225218 -0.416288 -0.061033 15 12 11
0.160431 1.024478 0.719384 92 74 55
-0.449155 -0.714445 -0.274987 19 19 19
0.753386 -0.135021 -0.295125 231 190 145
-0.579664 -0.561417 -0.414379 66 47 38
-0.869251 -0.389824 -0.423833 156 117 86
-0.531255 -0.117549 -0.099319 237 195 153
0.336247 0.689988 0.386435 208 156 124
-0.859716 -0.503865 -0.452742 187 139 102
0.365392 0.814708 0.401758 187 150 124
0.334436 -0.846898 -0.348596 9 8 6
-0.872665 -0.508575 -0.470069 193 142 105
-0.539401 -0.568885 -0.314751 8 7 5
0.630566 -0.066796 -0.221972 241 199 157
-0.101540 0.658469 0.522032 215 166 132
0.039657 0.043364 -0.053022 238 188 146
-0.292144 -0.782578 -0.226175 17 13 13
0.293603 -0.045807 -0.092325 10 9 6
-0.079726 -0.627801 -0.078470 16 14 13
-0.299447 -0.790259 -0.238281 23 19 18
0.309714 0.671915 0.463329 228 182 147
0.427713 -0.631965 -0.176785 15 11 10
0.398899 0.027623 -0.131465 10 8 5
-0.086860 -0.486900 -0.046183 12 11 9
0.799939 -0.150377 -0.336034 224 179 135
0.177370 0.417168 0.104087 223 182 147
0.244679 -0.722471 -0.136849 19 16 16
0.557151 -0.275636 -0.239170 29 23 19
0.265130 0.445541 -0.019102 210 165 122
-0.618902 -0.500979 -0.357546 168 131 104
-0.157494 0.458451 -0.013828 180 134 98
-0.781741 0.120945 -0.193958 190 139 110
-0.314319 -0.236887 -0.045054 11 9 7
0.249134 -0.559889 -0.063410 15 12 10
0.303423 -0.700926 -0.132272 20 16 16
-0.588003 0.050387 -0.100990 238 197 154
-0.811687 0.005375 -0.209877 185 141 109
0.721728 0.176915 -0.268022 225 180 140
0.245406 1.049842 0.676003 104 87 66
0.016755 0.423439 0.423109 90 15 12
0.070268 0.519272 0.589233 250 202 179
0.246164 -0.746795 -0.167900 18 15 15
-0.621984 -0.063158 -0.125349 234 193 150
0.385554 0.893396 0.427214 170 131 108
-0.740796 0.132300 -0.145792 209 161 128
0.394353 -0.071708 -0.116913 11 10 7
-0.632467 0.095782 -0.097638 244 202 162
-0.589200 -0.225895 -0.165051 208 165 122
0.109509 0.247739 -0.018008 232 193 152
-0.130366 -0.102682 -0.048704 13 12 10
0.192270 0.230916 -0.073923 228 187 148
-0.064546 0.671255 0.558224 77 65 46
-0.801025 0.052926 -0.199462 185 137 106
-0.176369 0.647530 0.299149 192 146 121
0.508873 -0.294259 -0.181489 14 13 9
-0.503355 -0.827250 -0.243453 130 94 70
0.273785 0.446790 -0.073204 218 171 128
0.450141 0.058674 -0.153027 12 10 7
0.760840 -0.483922 -0.495800 220 167 128
0.568442 -0.189208 -0.203778 230 184 136
-0.299848 -0.353254 -0.040260 11 9 7
-0.719549 -0.435765 -0.333619 217 174 139
-0.418806 -0.636169 -0.130588 18 14 13
-0.086806 -0.110922 -0.050911 13 11 10
0.343113 0.706552 0.331875 194 150 120
-0.094381 0.826524 0.653456 227 183 159
0.029813 -0.135642 -0.056757 12 11 8
-0.099043 0.470525 0.320381 190 148 127
0.203312 0.840088 0.696970 242 196 169
-0.058750 0.310601 0.024023 223 180 141
-0.385631 -0.743046 -0.230424 25 19 19
-0.092587 1.124768 0.597374 106 87 72
-0.228038 0.336907 -0.122037 210 163 119
0.328588 -0.518432 -0.079621 13 11 8
-0.194056 0.822404 0.421099 173 135 113
0.666818 -0.157275 -0.264565 236 193 148
0.549826 -0.416859 -0.359126 8 4 3
-0.018629 0.984513 0.718303 189 142 118
0.270301 0.551618 0.098809 215 169 129
0.133263 0.101605 -0.074663 240 191 149
-0.438572 -0.459736 -0.093009 13 10 10
-0.705321 -0.167877 -0.184409 228 185 144
-0.057269 -0.490024 -0.051101 12 10 9
0.450324 -0.641475 -0.213003 23 19 16
0.186384 0.534612 0.483397 232 178 153
-0.582566 -0.241553 -0.172925 198 151 109
0.122123 -0.639355 -0.088191 16 12 11
-0.751259 -0.168273 -0.204471 225 181 141
0.033588 1.001962 0.725627 130 97 75
-0.335657 0.303011 -0.163416 11 7 5
-0.195495 0.763434 0.335446 192 141 116
-0.027525 -0.745826 -0.170580 11 9 10
-0.082454 -0.402993 -0.046511 13 10 9
-0.191991 0.754646 0.372240 200 148 125
0.356012 -0.031501 -0.110017 12 10 7
0.202911 0.352917 0.013279 231 192 147
0.233824 0.896734 0.696383 240 190 163
0.088298 0.416714 0.446110 156 65 64
0.164468 -0.719798 -0.139380 19 16 16
0.221161 0.430607 0.065201 230 189 147
0.328423 1.028756 0.621791 145 115 89
-0.708962 -0.553757 -0.394969 216 170 135
0.237762 0.038644 -0.085173 13 9 6
-0.162073 -0.442823 -0.033195 14 12 11
0.145833 0.768864 0.689636 248 206 183
-0.096393 0.035389 -0.028321 20 15 12
-0.236515 -0.686929 -0.083165 16 12 12
0.716321 0.027907 -0.210777 244 203 164
0.138444 -0.117691 -0.066387 12 10 9
-0.212102 0.976676 0.472097 90 67 47
-0.727561 0.023933 -0.123004 229 187 147
-0.434869 -0.690759 -0.217535 10 8 9
0.378906 -0.000135 -0.121519 9 8 5
0.111607 -0.837719 -0.253899 12 10 9
-0.462357 0.050763 -0.082088 17 14 11
0.067414 0.426401 0.464937 181 83 78
-0.504645 -0.674580 -0.339711 9 7 6
-0.247244 -0.426365 -0.028899 12 9 7
0.470120 -0.236088 -0.144954 13 12 8
0.584249 -0.204595 -0.226742 215 167 120
-0.766149 -0.134777 -0.200356 223 178 137
0.771792 -0.080047 -0.282019 225 183 141
-0.181406 0.175799 -0.080202 225 173 134
-0.466276 -0.719853 -0.304768 1 0 0
-0.749637 -0.280394 -0.255733 221 182 146
0.415721 1.016323 0.376790 72 57 45
0.338534 -0.273423 -0.088019 13 11 9
-0.506323 0.253698 -0.164015 170 128 102
-0.536274 -0.818902 -0.254467 157 116 91
-0.210134 -0.400933 -0.032686 13 9 8
0.343494 -0.588742 -0.092708 17 13 11
-0.176124 0.651042 0.309719 192 146 120
-0.865056 -0.285729 -0.373315 161 120 90
-0.173189 -0.200098 -0.046614 10 9 7
0.041289 0.480991 0.556319 192 145 132
0.184827 -0.724757 -0.140038 20 16 16
0.009526 -0.341746 -0.052411 13 10 9
0.271649 0.595363 0.477150 235 179 146
0.031117 -0.825722 -0.232407 12 11 9
-0.241947 -0.347355 -0.037121 13 9 8
-0.752372 -0.181718 -0.210130 223 179 139
0.420390 0.981433 0.324559 64 51 38
-0.392795 0.335811 -0.226865 14 11 10
-0.467117 -0.702565 -0.291883 15 13 14
0.287783 0.322184 -0.135932 224 180 140
-0.392602 -0.656520 -0.122790 12 8 9
0.387041 1.002385 0.503931 127 100 79
-0.132871 -0.136015 -0.049120 11 9 8
0.368348 0.726848 0.207095 211 141 112
-0.678354 -0.115153 -0.156357 230 188 147
-0.384979 -0.569034 -0.070282 15 11 11
0.120650 -0.102899 -0.064998 14 12 9
0.619650 0.037593 -0.198503 241 201 159
-0.192045 0.913683 0.528424 126 93 70
-0.143680 0.583996 0.411055 195 150 128
-0.833256 -0.321971 -0.340822 189 150 118
0.131387 0.007372 -0.061565 13 9 6
-0.767062 -0.043670 -0.170582 215 171 129
-0.502376 0.297644 -0.232656 29 20 20
0.262767 -0.674956 -0.103486 21 18 16
0.168160 -0.064840 -0.070495 14 11 9
0.474115 -0.207328 -0.144058 10 9 6
-0.641448 -0.723360 -0.370538 198 152 125
-0.361911 0.018060 -0.074222 9 8 6
0.310105 0.575594 0.304670 207 162 133
-0.354595 -0.706436 -0.148896 18 17 15
-0.166268 0.825043 0.538960 191 154 130
0.059076 0.994350 0.730748 143 111 85
-0.623306 -0.194915 -0.161813 225 182 140
-0.427165 -0.488865 -0.083051 12 10 9
-0.199517 0.846364 0.423637 149 114 94
0.199192 0.114717 -0.084806 233 185 146
-0.624435 -0.216031 -0.171612 222 179 140
0.216732 0.957485 0.710766 215 164 141
0.478738 0.227595 -0.220884 30 28 29
0.510745 -0.519573 -0.247408 18 12 9
-0.095522 0.527056 0.422241 204 159 138
-0.305540 -0.261861 -0.043623 9 8 6
0.564357 0.063549 -0.196425 240 198 158
-0.649446 -0.438667 -0.317068 212 171 136
-0.696109 0.021658 -0.109220 234 195 153
0.265181 0.532581 0.090404 219 173 133
0.391492 1.001257 0.491411 95 71 51
-0.206829 -0.020275 -0.048985 10 9 6
-0.646205 0.022655 -0.101100 237 198 155
-0.139093 0.777127 0.586045 196 156 133
0.111251 0.309864 0.037525 226 185 149
-0.060775 0.699616 0.608496 168 117 94
0.303937 -0.631097 -0.091772 20 18 16
0.156891 -0.003562 -0.068354 15 11 8
0.289305 0.572223 0.429435 227 177 149
-0.043548 0.243973 -0.013267 230 187 143
-0.235256 -0.333356 -0.038061 12 9 7
-0.209346 0.921964 0.462071 113 88 68
0.346637 -0.059918 -0.103077 12 9 6
-0.088518 0.548572 0.458074 219 168 143
-0.545861 -0.333967 -0.209798 9 7 6
-0.460147 -0.135002 -0.075925 11 8 6
-0.160398 -0.038982 -0.045888 13 10 8
0.838250 -0.027266 -0.376573 195 152 109
0.477548 0.157297 -0.185839 12 12 7
0.283110 0.570547 0.443069 231 180 150
-0.165016 0.296422 -0.070054 190 145 108
0.486773 0.275753 -0.272026 28 24 25
-0.012233 0.642525 0.546905 190 137 110
-0.491982 0.183942 -0.116828 58 31 24
0.285654 -0.787984 -0.244717 20 15 14
-0.150831 0.729011 0.508525 196 155 132
0.295905 0.752549 0.583263 228 187 162
-0.099992 -0.392454 -0.044526 10 8 7
-0.164768 0.593202 0.243465 177 132 106
-0.565080 -0.331987 -0.230109 137 102 67
-0.163560 0.615428 0.399041 184 138 113
-0.168122 0.986072 0.584336 138 105 80
0.476029 -0.384070 -0.169235 14 12 9
-0.142490 0.698339 0.505730 210 166 137
0.685341 -0.531105 -0.466296 221 169 131
0.547756 -0.364522 -0.308233 22 16 16
-0.404474 -0.173225 -0.061942 12 9 7
-0.150565 0.543934 0.241998 173 129 104
0.190056 0.259151 -0.054867 229 191 148
0.412852 -0.279272 -0.116190 13 12 10
-0.574455 0.172725 -0.121621 241 195 155
-0.156390 0.721632 0.490052 198 159 134
-0.182957 1.000223 0.545667 100 73 52
-0.178192 0.686117 0.297945 184 136 113
0.224031 0.405272 0.037436 225 184 141
-0.366288 -0.418982 -0.051228 11 9 7
0.507863 -0.774753 -0.539467 41 35 27
-0.510285 -0.814042 -0.259302 138 100 80
0.383754 0.714487 0.177138 218 153 125
0.670447 -0.291113 -0.323977 230 187 144
-0.160621 0.604487 0.368820 183 139 116
-0.103046 -0.468703 -0.041690 15 12 10
-0.233602 0.761341 0.214644 202 147 125
-0.083841 -0.447797 -0.045701 13 10 9
0.174169 0.683977 0.620278 149 107 87
0.509098 0.138568 -0.200413 17 18 14
0.409357 0.908709 0.305685 85 66 52
-0.529325 -0.148577 -0.099927 116 87 67
-0.224854 -0.814212 -0.227062 10 8 9
0.324962 0.975390 0.638538 195 153 128
-0.181030 -0.763609 -0.169553 10 8 9
0.371346 0.870746 0.463393 181 144 121
-0.245439 -0.484065 -0.024410 12 9 8
-0.210710 -0.728123 -0.122888 22 17 18
-0.376317 -0.009328 -0.071002 9 8 6
0.082148 -0.003783 -0.054959 10 8 4
0.044444 0.318620 0.251342 152 108 79
0.363478 0.957745 0.556350 187 147 122
0.519206 -0.615638 -0.445642 45 40 36
0.413523 -0.827311 -0.402265 12 10 9
0.678094 0.034365 -0.200477 244 204 164
-0.365218 -0.123579 -0.056902 10 8 6
-0.092306 0.543382 0.448980 218 167 142
0.405884 -0.644222 -0.160268 18 16 15
0.358049 -0.086444 -0.103664 12 10 8
0.430506 0.188465 -0.190410 11 9 6
-0.458950 -0.696300 -0.272272 20 19 17
-0.337567 -0.188058 -0.047660 13 11 9
0.526288 -0.223380 -0.173409 16 10 7
0.517045 -0.566108 -0.297812 19 13 15
0.546438 -0.470289 -0.376606 8 2 2
0.493102 -0.615308 -0.259715 19 17 18
0.120580 0.498434 0.556341 220 165 143
0.084664 0.357480 0.102731 187 151 119
0.011937 -0.753911 -0.178853 11 9 10
0.199688 -0.428116 -0.056873 14 12 10
-0.399065 0.115545 -0.097060 9 8 5
-0.115003 -0.064193 -0.047441 12 11 9
0.306887 0.236226 -0.151398 226 182 141
-0.105834 -0.199985 -0.049927 10 9 7
-0.492610 -0.652169 -0.293184 12 8 7
0.337803 0.353625 -0.228976 222 175 134
0.677822 -0.781278 -0.568484 222 170 137
0.472927 -0.803671 -0.527732 29 26 19
0.036254 0.239822 -0.011868 231 191 149
-0.260493 0.249285 -0.116874 227 182 140
0.449229 -0.227139 -0.133281 12 9 8
-0.289489 0.188628 -0.087419 11 7 5
0.079905 0.178053 -0.059721 234 187 145
-0.185972 0.756057 0.412785 209 162 136
-0.400436 -0.397285 -0.065269 11 8 7
-0.156449 0.553999 0.260001 182 138 115
0.334330 -0.285278 -0.086839 12 10 8
-0.569041 0.104438 -0.103767 241 197 155
-0.153384 0.337728 -0.046964 179 135 98
-0.001875 -0.258770 -0.054826 12 10 8
0.247136 1.130329 0.629692 63 51 33
0.419538 -0.077628 -0.125262 11 9 5
-0.268639 0.886724 0.227878 169 89 67
0.383693 0.807666 0.229164 149 80 56
0.021958 0.500807 0.510850 187 136 122
0.222855 -0.348106 -0.063538 14 12 10
-0.367641 -0.738660 -0.211114 28 25 24
-0.034101 -0.343494 -0.050132 14 12 10
0.011756 -0.843198 -0.243511 10 10 8
0.087946 0.464978 0.499005 198 145 126
-0.181815 0.163936 -0.076082 230 179 138
-0.660072 -0.500290 -0.358351 212 168 134
0.631927 -0.212683 -0.264377 232 188 142
-0.707180 0.136827 -0.125849 226 179 144
0.286164 0.552901 0.401189 220 173 146
0.001940 0.139182 -0.071056 230 179 134
-0.362820 -0.757522 -0.234521 17 11 12
-0.311923 -0.713728 -0.138048 18 16 16
0.326528 0.796031 0.540488 219 181 152
0.045456 0.479323 0.500823 168 123 110
-0.767935 -0.161614 -0.210616 223 178 138
-0.318332 0.053889 -0.074405 8 7 5
-0.541317 -0.592767 -0.358238 9 5 4
0.469304 -0.255804 -0.145689 12 10 8
-0.113465 0.275311 -0.033339 215 170 135
0.523177 -0.541169 -0.320298 10 6 6
0.118968 0.653845 0.573290 217 178 148
-0.291561 -0.751795 -0.172590 29 27 27
0.279142 0.444324 -0.108257 209 159 116
0.176032 -0.609721 -0.070627 19 16 15
0.733992 -0.305889 -0.375346 224 181 138
-0.662275 -0.228459 -0.192200 224 182 141
-0.113351 0.401315 0.041658 191 150 114
0.150392 -0.794600 -0.223679 13 13 11
0.318502 -0.703265 -0.140905 16 13 11
-0.572044 0.034422 -0.102289 239 198 155
0.170021 -0.397876 -0.056271 12 10 9
-0.491705 0.245947 -0.153600 22 13 9
-0.242206 -0.292048 -0.040200 12 9 7
-0.310457 -0.561854 -0.041532 15 12 12
0.451824 -0.465275 -0.157458 14 10 8
-0.185528 0.720392 0.317361 181 133 108
0.500776 0.179132 -0.199663 17 16 12
0.393729 0.739464 0.182958 226 165 140
0.314418 0.177094 -0.134367 18 14 10
0.127245 -0.404105 -0.054769 14 11 10
0.134224 0.598487 0.544406 231 184 155
-0.579646 0.215089 -0.145077 240 190 151
0.504063 -0.353713 -0.191206 17 15 13
-0.568237 -0.544354 -0.366657 8 4 3
-0.038562 0.365876 0.294428 185 140 119
-0.329144 0.128125 -0.088247 8 6 6
0.253761 -0.726691 -0.142105 19 17 16
-0.763238 0.089396 -0.150417 207 160 128
0.532783 -0.346396 -0.251643 18 16 16
-0.117120 -0.178332 -0.049577 12 10 8
0.413377 0.939704 0.351916 78 59 42
0.394288 0.814550 0.266260 203 144 113
0.704967 0.160953 -0.244973 227 181 139
0.024508 0.576631 0.545564 215 165 140
-0.158058 0.400589 -0.038330 177 131 92
0.355479 -0.117551 -0.099794 12 10 8
-0.775719 -0.531298 -0.399320 216 168 132
-0.281406 -0.431848 -0.031053 14 11 9
0.321240 0.625430 0.309003 202 161 127
-0.718657 -0.040887 -0.141424 226 184 143
0.306069 -0.427461 -0.076707 12 9 7
0.200130 -0.619937 -0.073526 22 19 18
-0.491732 -0.492425 -0.171487 7 6 5
0.384710 -0.143532 -0.106728 21 19 16
0.701504 0.187340 -0.264705 227 181 143
-0.713895 -0.024561 -0.132259 227 187 145
-0.904713 -0.456443 -0.526944 148 110 83
-0.617413 -0.075752 -0.127493 235 194 150
0.395595 -0.698141 -0.202679 16 13 11
-0.280620 0.228687 -0.110253 214 168 139
0.039753 -0.613507 -0.081336 13 10 11
-0.091977 -0.047279 -0.046368 12 10 7
-0.089039 0.736518 0.632312 146 103 79
-0.048123 0.429970 0.361728 196 154 130
-0.111077 0.884298 0.652591 217 177 148
-0.630865 -0.752718 -0.355128 189 145 120
0.465057 -0.147607 -0.137026 11 10 7
0.548807 -0.486336 -0.405948 30 18 10
0.222992 0.997732 0.705277 124 96 70
-0.191139 0.722024 0.238379 186 137 112
-0.110795 -0.085234 -0.049055 11 9 7
-0.648499 -0.624803 -0.411599 190 146 119
-0.048218 0.748890 0.662679 233 188 168
-0.151253 -0.641454 -0.064126 21 17 16
-0.673212 -0.346958 -0.263517 219 176 140
-0.257098 -0.386651 -0.033896 13 10 8
0.298054 0.534611 0.239024 185 149 117
0.304243 -0.610092 -0.084355 17 14 13
-0.005202 0.448325 0.440200 194 148 127
-0.294622 -0.065410 -0.056002 8 7 5
0.213428 0.274560 -0.063329 225 185 145
0.001162 0.189507 -0.046552 231 187 142
0.318957 -0.752956 -0.210604 20 16 17
-0.174329 1.062435 0.555626 97 72 53
0.145976 -0.815017 -0.243486 12 11 11
0.641307 -0.620483 -0.459440 220 169 133
-0.554017 -0.664903 -0.446726 37 29 22
-0.418975 -0.699950 -0.204982 21 17 17
-0.374758 -0.522179 -0.056673 13 10 9
0.340108 -0.138800 -0.094072 12 9 7
0.294312 0.773770 0.598263 230 190 164
0.373408 0.142860 -0.149873 10 8 5
0.002453 0.324758 0.304161 165 120 100
-0.323554 -0.457643 -0.038011 13 9 9
-0.811178 -0.044051 -0.212695 198 152 117
-0.362205 -0.027079 -0.067733 9 7 5
-0.122415 -0.848574 -0.234403 16 15 13
0.473225 -0.738612 -0.460361 26 20 20
0.170422 0.732831 0.670431 244 198 175
0.780439 -0.051689 -0.275362 226 183 140
0.051249 0.415992 0.435321 105 14 11
-0.599955 -0.670848 -0.447218 128 99 84
0.039836 0.585227 0.560633 207 157 134
0.010232 0.029928 -0.045129 179 146 132
0.038117 0.118790 -0.081294 242 197 155
-0.563390 -0.792322 -0.295161 200 142 111
-0.567796 -0.552461 -0.379184 11 5 5
0.237513 0.442486 0.313548 225 179 149
-0.037919 1.069321 0.676337 88 68 45
-0.161105 0.597110 0.341840 192 146 123
0.386818 -0.537834 -0.108534 14 10 8
0.396610 0.314920 -0.256385 33 30 28
0.272746 -0.420806 -0.069279 15 11 10
-0.418442 -0.494923 -0.078092 12 10 9
0.652069 -0.146424 -0.253963 238 194 149
-0.749215 -0.439208 -0.346361 214 169 136
-0.025356 -0.297378 -0.051897 14 12 11
0.333313 -0.197656 -0.089163 10 9 6
0.232584 1.080830 0.666766 83 70 47
-0.109616 0.367700 0.025058 196 156 121
0.193150 -0.762308 -0.178864 15 13 12
-0.778310 -0.312739 -0.291021 213 171 135
0.029652 1.035374 0.715777 75 57 36
0.625514 -0.319797 -0.315750 215 171 128
-0.011156 -0.687876 -0.121365 21 18 19
0.046106 0.612670 0.565955 195 142 111
-0.516966 -0.610553 -0.304995 12 10 8
0.286301 -0.575801 -0.071362 13 11 9
0.252556 -0.790425 -0.235750 15 12 12
0.652962 -0.510406 -0.431666 222 173 133
0.707729 0.096091 -0.214334 233 189 147
-0.010977 0.913584 0.719151 237 190 159
-0.066806 0.168959 -0.056640 232 185 144
0.525303 -0.361885 -0.240323 18 16 15
-0.375547 0.230892 -0.142827 8 6 4
0.414117 0.143039 -0.167385 9 8 5
-0.107829 -0.826786 -0.218560 11 10 8
-0.724564 -0.323332 -0.267630 217 179 142
0.366159 0.174946 -0.158634 11 9 6
0.398039 0.270011 -0.227300 31 26 25
0.227125 0.351574 -0.013185 220 180 140
-0.221655 0.985885 0.436928 69 47 30
-0.240820 0.219692 -0.104810 226 181 140
-0.736501 -0.532164 -0.387888 215 169 133
0.166026 0.086525 -0.071679 242 194 152
0.522024 -0.257999 -0.181460 16 13 10
0.241999 0.860282 0.682005 238 191 161
-0.144529 0.522553 0.248954 177 131 108
0.240627 -0.882069 -0.332788 7 7 5
-0.199726 -0.544973 -0.031447 11 10 8
-0.176707 0.693816 0.431275 203 155 124
-0.565666 -0.531368 -0.348670 9 5 4
0.318153 1.016268 0.638804 151 119 88
-0.668439 -0.518914 -0.370962 215 171 137
0.122688 -0.344985 -0.059800 12 9 7
-0.474761 -0.607032 -0.192688 9 8 6
0.326658 0.810276 0.555944 221 183 153
0.328872 0.659555 0.318351 192 149 119
-0.438310 -0.256116 -0.073621 14 10 8
-0.422706 0.170393 -0.113610 8 7 5
-0.639023 -0.045709 -0.123416 232 192 148
0.323436 0.238276 -0.157271 211 171 149
0.270726 0.781038 0.627486 233 186 159
-0.679389 -0.714469 -0.385188 209 161 132
-0.511567 -0.836897 -0.232552 134 97 70
0.308066 -0.493852 -0.072524 15 11 9
-0.055870 0.129587 -0.058959 240 186 145
-0.004856 0.158443 -0.061909 228 179 134
-0.167345 0.674138 0.447933 199 152 127
0.471718 -0.633908 -0.239435 27 23 21
0.256246 0.512649 0.402784 227 180 154
0.548138 -0.345846 -0.292435 19 14 14
-0.168038 0.418962 -0.057559 188 142 103
0.337040 0.808156 0.518241 218 178 149
0.544990 -0.030463 -0.188172 239 201 160
0.146190 -0.711074 -0.134030 19 17 18
0.254197 -0.735525 -0.151945 19 15 14
-0.403738 0.179767 -0.116836 7 6 4
-0.652389 -0.587258 -0.412756 194 151 123
-0.068828 0.251491 -0.017352 215 171 131
-0.872332 -0.276678 -0.392241 154 114 82
-0.080049 -0.658494 -0.093390 24 20 19
-0.386808 -0.365804 -0.058966 14 11 9
0.237891 0.400724 0.009633 219 175 134
-0.481164 -0.225824 -0.092087 13 9 7
0.689805 0.038846 -0.201908 244 204 164
-0.809249 0.036065 -0.209344 181 135 102
0.463786 -0.729307 -0.393870 24 16 14
-0.303208 -0.414386 -0.036002 14 11 10
0.778747 0.111401 -0.268535 223 179 139
-0.796596 0.073426 -0.197577 187 135 106
-0.102993 1.068145 0.626969 134 104 81
0.333304 0.806327 0.530082 216 177 148
-0.190057 -0.245041 -0.044491 12 9 8
0.174604 0.017662 -0.068481 15 11 8
-0.150771 -0.203721 -0.047532 11 9 8
0.358247 -0.794528 -0.308253 15 11 11
0.169142 0.265804 -0.032162 228 187 146
-0.224164 0.927370 0.394275 78 57 39
-0.185598 0.028898 -0.041978 12 9 7
0.460072 -0.744125 -0.411640 33 29 28
-0.423915 -0.337041 -0.074088 13 10 8
0.309144 -0.473834 -0.074444 13 9 8
0.034675 -0.507957 -0.058279 14 12 10
0.280602 -0.013367 -0.092987 11 9 6
0.629942 0.021732 -0.199041 240 200 159
0.548006 -0.502143 -0.409007 33 22 15
0.314751 0.941054 0.649347 211 169 141
0.344991 -0.753538 -0.233170 23 19 18
0.342032 0.706806 0.369365 206 156 124
-0.017376 0.604959 0.522443 240 191 159
-0.157786 0.426540 -0.027727 178 132 95
-0.877755 -0.142665 -0.364239 151 111 76
0.114394 -0.760180 -0.181716 16 15 14
-0.655721 -0.085252 -0.139680 230 189 146
0.196959 0.418889 0.353179 232 191 164
0.142766 0.932802 0.727772 238 192 162
-0.135803 0.661567 0.494273 220 170 138
0.164393 0.686455 0.643274 143 105 86
-0.005344 0.998204 0.719146 155 116 93
-0.190311 0.769660 0.395049 210 160 136
-0.232721 -0.609819 -0.040425 18 14 15
0.315313 0.601398 0.307103 204 163 130
-0.220805 -0.677846 -0.075389 20 18 18
0.499407 -0.144624 -0.151476 19 16 11
-0.879205 -0.227814 -0.401022 149 110 77
-0.156600 1.083405 0.572428 115 89 66
-0.683535 -0.525213 -0.377081 216 171 137
0.170137 0.756935 0.680072 244 199 176
-0.444542 0.156383 -0.105995 7 6 3
0.198480 0.308242 -0.019518 227 188 146
0.329332 -0.158917 -0.090243 11 10 8
-0.490599 -0.727681 -0.358316 22 21 15
0.275146 0.314298 -0.123320 225 182 140
0.330254 0.663145 0.234972 192 146 118
-0.374742 0.199793 -0.123911 6 5 3
0.133716 1.029755 0.722070 70 51 29
-0.532547 -0.601460 -0.342677 10 8 7
0.101514 0.729706 0.679188 245 201 176
0.080572 -0.157429 -0.061954 12 10 8
0.469232 -0.766013 -0.483772 39 31 29
0.552625 -0.624339 -0.448977 132 98 78
0.408307 0.897076 0.275451 83 62 47
0.064308 0.235387 -0.017702 229 188 148
0.636642 -0.377841 -0.350274 222 175 134
-0.831889 -0.022811 -0.254107 175 128 94
-0.084431 -0.075109 -0.048861 13 12 9
0.289884 0.011087 -0.099136 10 9 5
-0.152515 0.802164 0.567498 194 153 132
0.635659 -0.546093 -0.435648 215 164 125
0.226723 0.463566 0.379842 231 186 161
-0.135909 0.016255 -0.037850 15 11 8
0.023648 -0.704531 -0.132683 30 27 27
-0.552322 -0.649192 -0.428497 54 42 34
0.439866 0.311536 -0.295040 32 30 32
-0.561163 -0.302131 -0.209695 87 62 43
-0.170403 -0.113592 -0.047221 10 9 7
0.767449 0.018860 -0.239323 232 189 147
0.048537 -0.064988 -0.057404 15 11 9
0.303533 -0.399253 -0.077450 13 9 8
-0.135401 0.651227 0.490169 221 170 139
-0.707112 0.102514 -0.112518 232 187 148
-0.128457 0.511773 0.097554 195 149 114
-0.018920 -0.599450 -0.075989 18 14 13
0.321896 0.346478 -0.188049 225 178 134
0.038092 0.131947 -0.080822 241 193 151
0.066151 0.529265 0.587075 245 199 176
0.316114 0.832878 0.597488 231 192 164
-0.053282 0.991928 0.702320 157 115 90
0.308149 0.317041 -0.160772 225 180 138
-0.736908 -0.119606 -0.180782 227 183 143
-0.167713 0.659259 0.437485 200 153 126
-0.096359 0.898225 0.669049 217 172 145
0.323329 0.357996 -0.202062 222 174 131
-0.174402 0.761423 0.458003 204 164 139
-0.413676 0.162710 -0.110258 9 8 5
0.315985 0.610616 0.386763 197 150 121
0.363607 -0.195740 -0.097098 11 10 7
-0.300022 0.211413 -0.100822 10 6 4
-0.302736 0.332053 -0.171610 210 162 122
-0.063934 0.526569 0.457899 226 174 148
-0.543391 -0.645906 -0.403630 20 15 14
-0.086871 -0.233066 -0.050888 11 8 7
0.213815 0.410921 0.311051 225 179 150
0.293340 0.312640 -0.145329 226 183 141
0.368602 1.156277 0.489432 93 75 61
0.421771 0.845421 0.269052 196 141 113
0.218015 0.409189 0.046676 228 188 145
0.280328 0.696070 0.544724 202 154 126
-0.586864 -0.528819 -0.382128 90 69 55
-0.621471 -0.577816 -0.424339 144 112 91
0.400658 1.038334 0.469820 98 76 58
-0.195569 -0.603840 -0.041624 16 14 13
0.329982 0.832944 0.567695 227 188 159
-0.067168 -0.640697 -0.087040 16 12 15
-0.458098 -0.655341 -0.217357 12 10 9
-0.868552 -0.208664 -0.345813 161 118 87
0.250076 -0.341618 -0.067524 14 11 10
-0.052948 0.532627 0.470934 234 181 152
0.052520 1.060203 0.707578 84 66 48
0.622725 -0.799859 -0.553352 218 168 135
0.372585 -0.141236 -0.102302 12 11 8
0.105771 0.491342 0.512829 78 39 26
0.450295 -0.266882 -0.135331 11 10 8
-0.360814 -0.714282 -0.165111 13 12 12
-0.450991 -0.286346 -0.086681 13 8 7
-0.548340 -0.315198 -0.201822 9 6 4
-0.567345 -0.360706 -0.246924 134 100 72
-0.185404 0.701363 0.374083 183 133 108
0.219867 -0.751452 -0.167855 17 14 14
-0.250513 0.347079 -0.142020 203 156 114
-0.035456 0.678223 0.577151 109 73 56
-0.096122 0.691352 0.556359 118 72 50
-0.819667 -0.159547 -0.247780 200 156 120
-0.120544 -0.543343 -0.045379 12 10 8
-0.154504 1.073458 0.580905 126 96 74
0.755943 -0.029168 -0.245652 231 190 148
-0.135201 0.813748 0.608116 205 164 138
0.022325 -0.766621 -0.188683 9 9 7
0.051736 0.300826 0.047818 222 179 143
-0.630347 -0.673286 -0.398262 185 143 117
0.319008 0.601971 0.263778 199 157 123
-0.818371 -0.246202 -0.284371 201 158 124
-0.154955 0.658346 0.465077 204 155 125
-0.811405 -0.231362 -0.270260 201 157 122
0.188395 0.267498 -0.046646 228 187 146
-0.070175 -0.575570 -0.061525 13 9 9
-0.226454 0.854323 0.295417 182 123 97
0.047888 1.081663 0.694896 63 47 28
0.140511 0.427919 0.407390 198 96 95
0.211494 0.344589 -0.000076 230 190 148
-0.376588 -0.067470 -0.063756 10 8 6
0.758822 -0.475190 -0.489768 219 168 128
0.085665 0.953523 0.735363 215 168 145
0.300319 0.017235 -0.103100 10 9 6
0.419602 0.988611 0.356073 70 54 40
0.667164 -0.777959 -0.561451 220 169 136
0.547082 -0.717008 -0.491949 137 108 87
-0.112345 0.340063 0.005930 199 159 123
-0.016938 -0.637902 -0.093234 16 14 14
0.232369 -0.641353 -0.083222 21 19 20
0.484051 -0.644160 -0.277770 27 25 23
0.502112 -0.501674 -0.223526 17 15 13
-0.107932 -0.273474 -0.048849 10 9 7
0.111587 0.006989 -0.057823 13 9 6
0.230836 -0.046687 -0.080629 12 11 7
-0.749222 0.131069 -0.154071 207 157 124
0.048239 0.314590 0.332356 200 142 122
-0.135009 0.549608 0.363313 194 151 128
-0.020958 0.728615 0.664545 244 201 178
0.219221 -0.809355 -0.256745 13 11 9
0.562913 -0.202952 -0.200856 231 184 140
0.338701 -0.741132 -0.207309 18 14 16
0.250668 0.479804 0.068523 224 179 141
0.059606 -0.839585 -0.247164 13 12 10
-0.047330 0.375961 0.290227 182 140 118
0.204483 1.125821 0.653504 79 64 45
-0.075659 0.933357 0.689213 220 171 145
0.238923 0.472326 0.368737 227 182 156
0.166745 1.015280 0.720049 99 77 56
-0.604498 -0.682709 -0.423892 149 115 97
0.395042 0.790412 0.198696 214 146 119
-0.837654 -0.049710 -0.259918 173 129 95
-0.606338 -0.023133 -0.112215 237 196 152
-0.187413 0.769495 0.410719 205 161 136
-0.011243 -0.126443 -0.053815 13 11 9
0.724928 -0.341762 -0.389751 224 180 139
-0.421827 -0.746959 -0.279642 10 7 7
0.379573 0.867317 0.417337 172 129 105
0.660687 -0.641425 -0.479015 222 171 134
0.087170 -0.255043 -0.063040 13 11 9
0.269126 0.754737 0.619373 233 187 161
-0.197281 0.364937 -0.099238 198 149 107
0.377066 0.933348 0.507737 133 97 73
-0.574040 0.021156 -0.103397 239 198 154
0.331755 1.036139 0.614290 147 117 90
0.283294 0.384562 -0.115583 221 172 128
0.286310 -0.743228 -0.173883 19 17 16
-0.638120 -0.404333 -0.292734 214 172 135
0.740977 -0.065197 -0.256211 232 191 148
-0.196410 0.849772 0.441563 160 124 103
0.186711 -0.790931 -0.224349 15 13 11
-0.402643 0.285684 -0.190453 9 8 7
-0.756670 -0.221838 -0.229506 221 177 139
0.143961 0.648902 0.540996 226 179 148
-0.758801 -0.091731 -0.181849 223 178 138
0.362532 -0.721398 -0.198847 18 17 15
-0.023169 -0.056808 -0.050356 15 12 10
-0.717427 -0.480596 -0.356917 216 170 135
-0.231234 0.087988 -0.045923 9 5 3
0.204324 0.381601 0.258467 189 148 121
0.655086 -0.125115 -0.248743 237 194 149
-0.064389 0.748882 0.652856 227 186 165
0.688985 -0.285340 -0.332586 230 187 145
0.058021 0.419241 0.452262 144 51 49
-0.396246 -0.726573 -0.221158 21 15 14
0.351686 0.922717 0.570172 199 159 133
0.446834 -0.680340 -0.253579 31 28 25
0.386727 -0.551480 -0.109903 13 10 9
0.434270 -0.270458 -0.126724 11 10 8
0.268941 0.466376 -0.011844 204 159 117
0.398427 -0.196734 -0.108589 13 11 8
-0.229789 -0.715468 -0.112574 13 11 12
0.527279 -0.444176 -0.286791 20 16 17
0.468034 -0.106861 -0.139331 14 12 8
0.415864 -0.324930 -0.119009 14 12 10
0.604263 -0.652328 -0.452650 208 162 129
0.491421 -0.300059 -0.165679 12 10 8
0.321777 0.676291 0.443258 224 174 137
-0.657434 0.171445 -0.127954 236 185 147
0.136104 0.412914 0.398488 217 132 121
0.186603 0.973543 0.718520 182 140 116
-0.275238 -0.688164 -0.091523 13 12 11
0.438869 -0.252082 -0.128736 12 11 9
-0.334201 0.333945 -0.186077 37 27 21
0.361735 -0.853263 -0.369368 9 9 7
-0.156518 0.572660 0.082490 185 135 100
0.079896 0.096599 -0.075696 243 192 147
-0.278843 -0.156686 -0.046676 11 10 7
0.328219 -0.141074 -0.091162 11 9 8
-0.503920 -0.512898 -0.196612 8 7 5
-0.157778 -0.159423 -0.047673 13 11 9
0.557401 -0.543715 -0.427911 135 105 80
-0.814757 -0.220113 -0.267691 199 156 121
-0.250983 -0.204297 -0.043673 12 10 8
0.391793 0.891003 0.395900 136 103 81
0.257426 0.691768 0.578127 199 149 116
-0.124585 0.740196 0.598212 136 99 79
0.652111 -0.748029 -0.536087 223 173 139
-0.743086 -0.546251 -0.394657 215 169 133
-0.445120 0.272377 -0.186466 10 7 5
0.153835 -0.247211 -0.067574 13 10 8
-0.622842 -0.509676 -0.365365 173 136 108
-0.166891 -0.134155 -0.047315 10 9 7
-0.872683 -0.150394 -0.344303 157 115 81
0.084766 -0.331603 -0.058999 14 11 10
-0.453502 0.302449 -0.224816 21 19 20
0.059816 0.814040 0.713315 247 199 173
0.148885 0.609385 0.528708 231 186 158
0.326201 0.951432 0.630259 202 162 135
-0.484817 -0.614250 -0.227281 10 8 9
0.139588 -0.057796 -0.066899 12 10 8
0.403731 -0.545323 -0.121040 14 10 8
0.299803 -0.640622 -0.094761 22 18 16
0.535230 -0.204993 -0.180267 144 103 85
0.184701 -0.289968 -0.066225 14 11 9
-0.647606 -0.462364 -0.332272 211 167 133
0.527936 0.041317 -0.187956 232 196 169
0.781555 -0.410128 -0.472676 218 169 129
-0.054917 1.075247 0.666118 82 60 39
-0.242002 -0.509121 -0.025509 12 10 9
-0.306880 -0.085399 -0.054740 9 8 6
-0.759125 -0.061316 -0.172149 219 174 134
-0.098279 -0.667831 -0.092964 25 22 22
-0.372893 0.181123 -0.114320 7 6 4
0.099509 0.749364 0.687521 245 201 176
0.295842 0.571806 0.411113 221 172 144
0.311670 0.637794 0.443409 224 173 138
-0.031719 -0.691110 -0.121425 26 24 25
0.683166 -0.163326 -0.273756 237 194 150
0.066328 -0.689222 -0.122430 20 18 19
0.640127 -0.693019 -0.485252 219 169 135
0.620068 -0.308791 -0.306890 213 169 128
-0.148751 0.579058 0.376616 192 146 126
0.696967 0.156728 -0.239281 227 181 139
0.126803 1.098148 0.691457 79 64 45
-0.001591 0.524513 0.483617 199 149 127
0.461625 -0.684882 -0.288761 28 24 23
-0.033136 0.170488 -0.047064 234 184 143
-0.238125 0.857493 0.249948 227 175 149
-0.197015 0.224205 -0.094443 227 181 138
0.070200 0.310440 0.326565 182 125 107
-0.240367 -0.137852 -0.046235 9 8 6
-0.201590 0.880856 0.456647 146 114 94
0.491446 -0.347709 -0.175909 15 13 12
0.451399 -0.425300 -0.152965 13 10 8
-0.071534 0.860103 0.680068 227 183 158
0.128444 -0.800945 -0.225602 13 11 10
0.644971 -0.311601 -0.319125 225 181 139
0.336769 0.331439 -0.204232 228 183 139
0.144251 -0.779843 -0.206802 16 13 13
0.450426 -0.551937 -0.167600 12 10 8
-0.409111 -0.288891 -0.064027 13 10 8
0.289975 0.575994 0.035464 194 149 114
-0.551031 -0.258700 -0.167167 16 9 7
0.058306 -0.019842 -0.055936 15 12 9
0.546155 -0.546160 -0.432588 54 38 27
-0.031557 1.011003 0.707368 138 104 79
0.076285 0.300094 0.043763 226 185 149
-0.044677 -0.559840 -0.061913 11 10 8
0.417827 1.020822 0.366570 84 68 54
0.392134 1.131770 0.456139 83 71 59
-0.156030 0.478848 0.003882 181 134 97
0.184271 0.076581 -0.070774 141 117 106
0.417421 -0.842011 -0.420267 14 10 9
-0.431386 -0.516974 -0.090374 13 10 10
-0.770415 0.012155 -0.157422 213 170 133
-0.675314 0.014675 -0.106028 235 196 153
0.342634 0.655959 0.174962 183 119 84
-0.702461 -0.157786 -0.179747 228 186 145
-0.197897 1.067627 0.490228 85 65 49
-0.210364 0.043137 -0.045872 11 9 6
-0.204451 0.735622 0.228261 221 168 144
0.462535 -0.761439 -0.454368 48 44 45
-0.024080 0.803784 0.688357 240 196 172
-0.107995 -0.604922 -0.061647 18 16 15
-0.278067 0.018569 -0.062368 9 8 6
0.020152 -0.668364 -0.109805 27 24 25
-0.027903 0.122433 -0.062202 231 179 138
-0.324577 0.116354 -0.084419 8 6 5
-0.313726 0.311403 -0.163589 206 156 128
0.388860 -0.650482 -0.149757 21 19 19
0.114592 1.082057 0.702177 94 76 54
-0.125357 0.364170 0.003097 191 148 113
0.036114 -0.908728 -0.291395 9 8 7
0.129414 -0.551950 -0.061704 14 11 10
-0.151627 0.504181 0.045932 182 135 98
0.420636 0.303910 -0.270456 33 31 31
0.406043 1.075468 0.445413 77 59 44
-0.123853 0.482618 0.081135 193 148 111
-0.127293 -0.616544 -0.060687 17 14 15
-0.505073 -0.339290 -0.154670 9 7 5
-0.343121 0.152435 -0.098181 8 6 4
-0.313127 -0.806042 -0.259196 7 7 5
0.616540 -0.621916 -0.444719 214 164 130
-0.614631 -0.349388 -0.258476 214 173 132
0.030057 -0.096781 -0.056762 13 10 8
-0.120788 1.059514 0.619173 157 124 101
-0.136637 0.561715 0.384554 193 149 127
0.547213 -0.726798 -0.497890 140 109 87
0.187084 -0.440288 -0.055400 15 11 9
-0.188182 -0.667959 -0.071389 19 17 16
0.151811 0.811202 0.704622 244 199 174
0.331395 0.887093 0.596516 218 182 155
0.068938 -0.129996 -0.060642 12 10 8
0.176715 0.203330 -0.079535 227 182 143
0.226420 -0.273208 -0.069105 12 9 8
0.308625 0.260834 -0.161936 225 182 140
-0.351250 -0.092545 -0.058257 10 9 7
0.301505 0.534458 0.269654 203 159 126
-0.260109 -0.111437 -0.048807 9 8 6
-0.281255 -0.653825 -0.065229 18 15 15
0.378919 -0.039336 -0.115325 11 10 7
-0.362375 0.184172 -0.113787 6 5 3
0.168084 -0.376690 -0.057859 13 11 9
0.097806 -0.892526 -0.293239 9 9 7
0.164397 -0.479320 -0.055687 15 10 9
0.229487 -0.792843 -0.235802 13 10 11
0.796751 -0.035205 -0.283150 220 174 133
0.210982 -0.738602 -0.151604 18 17 16
-0.175306 -0.836542 -0.231443 16 11 11
0.187605 -0.853750 -0.290683 12 10 9
-0.282117 0.333572 -0.157789 213 164 125
-0.011442 -0.113531 -0.053336 12 10 8
0.108788 -0.698707 -0.127637 22 19 21
0.298598 1.087789 0.624211 64 49 31
0.723734 -0.058637 -0.244519 234 194 150
0.130952 -0.891530 -0.301398 11 10 8
0.244325 0.420760 0.016436 216 173 129
-0.742764 -0.109351 -0.179802 224 181 141
-0.866583 -0.349649 -0.405937 159 120 91
0.113898 -0.378110 -0.056570 13 10 9
0.700925 -0.570045 -0.496112 222 167 130
0.598641 -0.165602 -0.226312 229 184 135
0.121251 0.499432 0.503298 188 133 114
0.406046 0.863261 0.293451 82 55 35
-0.140931 0.214262 -0.068726 226 183 141
0.704056 -0.109822 -0.261605 235 194 149
0.562121 -0.309593 -0.285615 32 23 20
0.476847 0.241547 -0.235996 31 25 25
0.156820 -0.613337 -0.072910 17 15 14
-0.245482 -0.445199 -0.027157 13 11 10
-0.706585 -0.333084 -0.265657 217 177 141
0.028538 -0.210102 -0.058194 12 10 8
0.408176 -0.290851 -0.114199 13 12 10
-0.474773 -0.259694 -0.095962 13 8 7
-0.606535 -0.108236 -0.130980 234 193 149
-0.436818 0.068592 -0.083806 8 7 5
0.406248 1.027441 0.448815 79 60 44
0.319067 0.620217 0.367706 187 141 113
-0.567770 -0.071049 -0.113028 239 198 154
0.820859 -0.005385 -0.312593 215 172 127
0.228593 0.412605 0.251559 186 143 116
0.389831 0.006044 -0.125368 11 9 6
-0.099890 0.791704 0.640026 226 183 159
0.304025 0.359859 -0.156316 227 179 133
-0.751168 -0.154159 -0.199390 224 179 139
0.274184 0.792447 0.629337 233 183 156
0.214443 -0.219905 -0.070531 12 11 9
-0.767877 -0.269747 -0.260123 215 174 138
0.773557 -0.181861 -0.330645 227 184 139
-0.172911 0.689834 0.103027 163 121 95
0.336194 0.680269 0.247465 205 160 129
0.640347 -0.181346 -0.259216 235 191 145
-0.115790 -0.409884 -0.041650 12 9 7
-0.032039 -0.489169 -0.053460 15 12 11
0.410367 0.021807 -0.133716 9 8 4
0.297187 0.030853 -0.103365 11 9 6
-0.615933 -0.451393 -0.318842 183 146 115
-0.248113 0.838578 0.229413 211 155 132
0.312810 -0.204602 -0.084368 10 9 7
0.443692 -0.708471 -0.292767 33 29 25
0.473918 -0.349633 -0.159790 13 11 8
-0.306836 -0.505112 -0.033548 14 10 9
0.236103 0.957496 0.704486 193 148 122
-0.144311 -0.697965 -0.102511 22 20 21
0.379543 0.963754 0.517841 149 114 91
0.159877 0.794943 0.696739 246 202 178
0.529185 -0.289781 -0.204163 22 17 16
0.179309 0.905151 0.717842 241 194 166
0.310856 0.861025 0.617111 233 197 167
0.189867 -0.837914 -0.276797 11 9 8
-0.151119 0.691121 0.483883 208 163 132
-0.717176 -0.053867 -0.146078 226 183 143
0.202491 0.677335 0.573961 161 110 93
-0.113170 0.704458 0.566061 165 120 97
-0.057840 0.766304 0.661712 230 186 165
0.293921 0.523986 0.294116 213 167 135
0.599477 -0.358614 -0.330596 202 164 123
0.163369 0.356176 0.324642 230 181 155
-0.319138 0.265952 -0.133528 11 8 4
-0.039536 -0.761098 -0.180487 10 8 8
-0.089302 1.109244 0.610788 80 64 49
-0.575155 -0.102524 -0.118261 235 193 150
0.407613 0.179119 -0.178433 11 9 5
-0.175503 0.709280 0.439010 201 157 127
0.316248 0.350286 -0.178589 226 179 135
-0.135273 -0.519624 -0.039206 15 12 10
-0.385051 0.020097 -0.075709 10 8 6
0.315624 1.126625 0.582413 86 71 58
0.149656 0.402537 0.119591 205 169 135
0.229128 0.702981 0.627200 135 97 73
-0.605635 0.133780 -0.108631 240 195 154
-0.235897 0.771862 0.207987 201 143 123
0.370059 0.209594 -0.174555 13 12 8
0.344064 0.827949 0.519585 213 173 143
0.256913 0.005004 -0.088863 11 9 6
0.120474 0.355851 0.083447 230 193 154
-0.077766 0.038910 -0.031523 21 12 9
0.123929 0.669250 0.611931 196 147 114
0.124751 0.158939 -0.071325 227 180 137
-0.694724 -0.139004 -0.170136 229 186 146
0.159589 1.064170 0.704481 62 46 27
0.149343 1.086632 0.695586 73 55 35
0.121992 0.784514 0.700070 245 201 176
-0.147141 -0.028448 -0.044502 13 12 9
0.098907 0.950839 0.734702 236 188 164
0.318907 0.259209 -0.164642 226 182 142
0.126091 0.695660 0.658797 238 194 169
0.209693 1.144358 0.638182 56 46 26
-0.009510 0.361105 0.336041 216 169 145
0.104823 0.186687 -0.055427 233 187 145
0.267396 0.341528 -0.102533 225 182 140
0.022542 -0.365044 -0.052238 15 12 11
-0.011991 -0.589830 -0.073502 17 15 15
-0.488948 -0.308929 -0.126488 10 7 5
-0.478153 0.059858 -0.084886 23 17 10
-0.560726 -0.635732 -0.437774 52 38 31
-0.596110 -0.732930 -0.368401 178 138 113
-0.862687 -0.357530 -0.399738 164 124 95
0.069219 0.293928 0.037489 221 178 142
0.270462 0.943076 0.686822 216 167 142
-0.092126 -0.274267 -0.049939 12 10 8
-0.816722 -0.011666 -0.219897 185 135 102
0.190034 1.101417 0.675556 69 58 39
0.081108 0.996754 0.732920 128 98 76
0.282282 -0.818019 -0.295628 11 9 7
-0.430460 -0.698791 -0.223309 6 6 6
0.516830 -0.170261 -0.161273 21 15 11
0.186316 -0.921523 -0.335692 8 7 5
-0.214760 0.770648 0.214844 164 92 69
0.729242 -0.371035 -0.409384 223 176 137
0.587312 0.152937 -0.219059 236 192 150
-0.028064 0.027298 -0.037051 21 14 11
0.424752 0.227755 -0.213567 15 13 10
0.161347 -0.772044 -0.195578 13 11 11
0.008690 -0.129154 -0.055065 13 11 9
0.050666 0.064997 -0.066887 241 191 147
-0.595190 0.150866 -0.114018 240 194 153
-0.214752 -0.698802 -0.093163 22 20 20
0.178021 -0.840566 -0.276508 13 12 10
-0.274883 -0.411752 -0.032524 13 11 9
0.181632 0.791452 0.688702 244 199 174
-0.150133 0.650708 0.470842 209 156 126
0.561757 0.104655 -0.203417 235 193 152
0.237727 -0.542330 -0.060055 16 13 12
-0.184638 0.370581 -0.085937 197 149 110
-0.197547 1.030690 0.505201 91 68 51
0.048473 0.392058 0.155003 97 63 39
-0.165355 0.806051 0.523461 200 160 136
-0.658803 -0.456543 -0.330084 214 171 137
-0.667064 -0.448110 -0.325943 216 172 137
-0.857801 -0.415527 -0.418665 171 131 96
0.327947 0.694951 0.440228 221 169 133
0.320295 1.050134 0.622048 128 102 78
0.397034 0.917040 0.402699 136 108 87
-0.543223 -0.071188 -0.105661 238 198 154
-0.161893 0.576170 0.281888 188 141 117
-0.160647 0.435012 -0.035355 178 132 94
0.171542 -0.904025 -0.322084 9 8 6
0.286776 0.623476 0.477674 233 181 147
0.277125 0.405484 -0.096644 220 172 129
0.227063 0.254724 -0.087926 224 185 146
0.413243 0.926469 0.294713 75 56 42
-0.213881 0.867498 0.268522 123 58 46
-0.148017 0.669984 0.481825 212 162 132
0.010143 0.202468 -0.040069 231 186 145
-0.261347 -0.772554 -0.196354 21 17 16
-0.164793 0.835646 0.554422 196 156 131
-0.150901 -0.215276 -0.047179 11 10 8
-0.676754 -0.612558 -0.405815 213 168 134
0.349559 0.330293 -0.222864 226 180 141
-0.833510 -0.072408 -0.249671 182 134 98
-0.497004 -0.286429 -0.123556 12 9 7
0.282660 0.105446 -0.102034 12 10 6
-0.159950 0.475908 -0.019104 179 133 96
0.124811 -0.868568 -0.282703 11 11 9
-0.139032 -0.257720 -0.046888 11 10 8
-0.605724 -0.093209 -0.127900 235 194 151
0.040940 0.310513 0.324074 180 126 106
0.350857 -0.661145 -0.126814 21 18 16
0.211361 0.018604 -0.077611 13 11 7
0.310921 -0.129168 -0.089004 10 9 7
0.282578 -0.527549 -0.065970 14 10 8
-0.809625 -0.438728 -0.380476 204 158 121
0.120302 0.333869 0.058256 233 195 158
0.408772 0.994518 0.407054 69 51 37
-0.065419 1.044142 0.675404 108 80 58
-0.681043 -0.465967 -0.339518 217 173 137
-0.555835 -0.291867 -0.197308 33 19 14
0.000864 0.093966 -0.070478 230 177 132
0.773474 -0.018651 -0.253569 228 186 145
0.009860 -0.565262 -0.067238 13 12 11
-0.181276 0.073268 -0.032097 18 13 10
0.054960 -0.623158 -0.084411 16 13 14
-0.241523 -0.717529 -0.116782 14 12 13
-0.018858 -0.751033 -0.174997 9 9 9
0.234229 1.099958 0.657500 78 62 44
-0.183842 0.708996 0.249657 179 130 104
-0.442466 -0.636355 -0.162458 10 10 10
0.034999 0.669671 0.607968 134 90 65
-0.123927 0.548669 0.394676 194 152 130
0.198421 0.629173 0.527766 198 145 116
0.489437 -0.667736 -0.344168 31 24 22
-0.486817 -0.682844 -0.310868 10 10 10
0.553027 -0.260052 -0.217048 43 37 27
-0.565643 -0.623277 -0.439686 55 41 34
-0.832128 -0.237880 -0.293112 191 148 116
0.348484 -0.275965 -0.090989 13 10 9
-0.881571 -0.198746 -0.401926 146 108 74
0.403355 1.028371 0.459800 82 63 47
0.761488 -0.082080 -0.276707 227 186 143
0.529805 -0.516157 -0.338804 35 27 25
-0.396884 -0.251374 -0.058360 12 9 7
0.221398 0.599396 0.504244 240 183 152
-0.837548 -0.090986 -0.257256 181 133 97
0.665770 -0.358228 -0.357149 226 182 139
-0.168378 0.709962 0.457924 206 164 136
-0.357597 -0.797507 -0.285038 16 10 10
-0.510621 -0.508080 -0.207649 4 3 2
0.075385 0.048961 -0.056760 240 187 150
-0.862924 -0.123036 -0.312403 165 122 88
0.053020 -0.821335 -0.231645 10 9 8
0.122293 0.073119 -0.066604 241 191 150
0.024695 -0.527581 -0.061273 15 12 10
-0.341459 -0.100378 -0.056349 10 9 6
0.386258 -0.276377 -0.104400 12 10 7
-0.171656 -0.594456 -0.044318 13 11 10
-0.816181 -0.180432 -0.251829 202 155 120
-0.036782 0.382770 0.088798 182 144 110
0.477953 0.255644 -0.250060 27 23 23
0.170555 0.606698 0.518697 236 189 161
0.357134 -0.452307 -0.092909 14 13 10
-0.037095 0.900209 0.707442 231 184 154
0.681062 -0.762704 -0.561428 221 169 135
0.280321 0.750338 0.605324 233 190 163
0.277798 -0.402243 -0.071031 13 11 9
0.196085 -0.134307 -0.072054 11 9 7
0.146380 0.132903 -0.083577 242 193 152
-0.838181 -0.214669 -0.291341 189 145 111
-0.850685 -0.383088 -0.393723 176 139 104
0.373316 -0.812163 -0.343139 12 11 9
-0.148304 0.402727 -0.013172 176 130 94
-0.008793 -0.835986 -0.236088 9 7 7
-0.192224 0.832616 0.440272 185 147 124
-0.089184 -0.509270 -0.047330 13 12 10
-0.413801 -0.266476 -0.064459 13 10 9
-0.135697 -0.625773 -0.061505 15 12 13
0.208796 0.199601 -0.099198 225 181 140
-0.031554 -0.163840 -0.053843 12 10 8
0.689429 -0.672009 -0.521560 223 170 135
-0.791255 0.118406 -0.211223 187 137 104
0.260732 0.533879 0.121945 192 149 114
-0.645856 -0.512749 -0.367819 203 158 127
-0.739331 -0.140110 -0.188844 226 183 142
-0.457807 0.269920 -0.182737 10 7 5
-0.572181 -0.311000 -0.223390 164 122 84
-0.685240 0.175515 -0.138296 228 178 141
-0.454206 -0.646804 -0.197888 5 5 5
-0.558943 -0.414036 -0.258739 7 4 2
-0.148457 0.073961 -0.033682 126 100 90
0.021289 0.506386 0.520634 203 147 127
0.621030 0.146936 -0.220997 233 186 145
-0.379752 -0.434577 -0.056409 14 10 9
0.697445 -0.043879 -0.228816 239 199 156
-0.245686 -0.096389 -0.048928 9 8 6
0.766670 -0.003660 -0.244263 231 189 147
-0.179298 0.692821 0.266994 186 137 110
0.265460 0.533995 0.424145 226 177 149
0.184988 -0.272411 -0.067449 13 11 9
-0.181707 0.403557 -0.084100 197 148 108
0.064907 0.583953 0.586322 226 173 150
-0.618700 -0.685195 -0.396836 182 140 115
-0.074468 1.101830 0.630297 86 66 50
-0.803847 -0.114565 -0.219665 210 164 124
0.355145 -0.552695 -0.091572 14 11 10
-0.617164 -0.584747 -0.432844 138 107 86
0.410888 -0.015837 -0.127593 11 10 7
0.128806 0.620546 0.549663 224 176 146
-0.186198 0.320046 -0.089229 206 159 120
-0.423913 0.100117 -0.092172 9 8 5
-0.151726 0.440538 -0.000432 179 133 97
0.044939 0.324247 0.340803 223 170 145
0.329783 1.078909 0.593049 114 92 71
0.072702 -0.753027 -0.179233 15 12 11
-0.770662 -0.322333 -0.292293 211 169 134
0.028823 0.190486 -0.051747 228 183 141
0.176438 0.399616 0.082518 233 193 153
0.030644 0.481894 0.487798 189 144 125
-0.132066 0.477598 0.065189 189 145 107
0.010990 -0.241222 -0.056098 11 9 7
-0.147675 0.571632 0.359140 191 145 124
-0.706196 -0.583140 -0.404656 213 167 133
0.144254 0.667667 0.559465 156 108 84
0.656397 -0.678104 -0.487620 220 168 134
0.298383 0.691401 0.500793 215 169 140
0.175608 -0.476873 -0.055510 15 10 9
-0.173930 -0.068516 -0.047599 12 11 8
0.416593 0.966582 0.366209 77 61 44
-0.104351 1.029565 0.647555 161 127 102
-0.176223 -0.820882 -0.220083 14 12 11
-0.867805 -0.255437 -0.365597 157 118 86
0.357395 0.012070 -0.117856 10 9 6
0.485482 -0.653730 -0.296741 30 22 22
0.595967 0.042950 -0.196967 241 201 159
-0.625366 -0.531435 -0.385259 169 131 109
0.425325 -0.781559 -0.375591 29 27 25
0.432115 -0.479037 -0.141351 14 10 9
-0.148568 0.518093 0.063867 189 141 103
-0.557843 -0.595114 -0.404392 12 6 6
-0.366412 -0.600198 -0.073030 16 12 13
-0.084011 1.149257 0.586075 75 59 44
0.000438 0.064527 -0.060414 239 191 147
-0.790788 -0.452484 -0.374213 208 163 124
0.200186 -0.594297 -0.066726 18 14 14
0.372925 0.852436 0.426249 184 143 117
-0.121046 0.340847 -0.003797 196 152 116
0.675236 -0.215571 -0.288462 235 191 148
0.179289 0.676433 0.575112 127 81 59
0.460512 -0.550039 -0.178561 15 11 10
0.419552 -0.386030 -0.126313 13 11 8
0.038177 -0.463510 -0.054804 15 12 11
0.028664 -0.187702 -0.058349 11 9 7
-0.137951 -0.681276 -0.091484 21 16 20
0.430570 -0.086002 -0.128415 13 12 9
-0.031487 -0.226826 -0.054066 12 10 9
0.549763 0.065099 -0.195272 241 200 159
0.510726 -0.652200 -0.476136 58 54 45
-0.001687 0.591387 0.524998 231 185 159
0.172351 -0.348015 -0.061069 14 11 10
0.081557 0.301663 0.295972 151 99 81
0.409934 -0.092881 -0.120555 11 9 6
-0.558690 0.234635 -0.158371 235 183 146
0.602460 -0.336178 -0.317982 203 167 122
0.451151 -0.207123 -0.132917 11 9 7
0.640871 0.208725 -0.256956 228 182 140
-0.214757 -0.333175 -0.038530 12 10 8
-0.731754 -0.434033 -0.336931 216 172 138
-0.054185 -0.267223 -0.052447 11 9 7
-0.117232 -0.577489 -0.051423 14 11 11
0.058369 0.573047 0.583568 212 163 141
-0.247862 -0.549084 -0.029042 14 10 10
-0.328420 -0.627783 -0.066745 13 11 10
0.299378 0.898752 0.644679 223 177 149
0.046784 0.732466 0.679775 244 200 176
0.467489 -0.812370 -0.522969 36 31 27
0.589078 -0.006180 -0.198117 239 201 159
-0.383115 -0.083655 -0.063139 12 11 9
0.266636 0.740499 0.616685 233 188 164
-0.098871 0.836348 0.651795 226 185 160
0.349037 0.135624 -0.135582 12 10 6
-0.151746 -0.739734 -0.140665 12 10 10
0.662907 -0.310762 -0.328651 229 185 143
0.379982 -0.021288 -0.118201 12 10 7
-0.430170 -0.501627 -0.087515 12 9 9
0.526784 -0.677460 -0.483623 37 25 20
0.354969 -0.719910 -0.189018 18 17 15
0.237076 0.274264 -0.087627 220 181 142
-0.232862 -0.286358 -0.040740 11 9 7
0.287567 0.288174 -0.142236 225 183 142
-0.089836 0.194374 -0.055215 233 187 146
0.009735 -0.079049 -0.054154 12 10 8
0.387121 0.200140 -0.179380 11 9 6
0.178325 -0.508938 -0.056605 17 13 12
-0.094459 0.486449 0.137029 169 126 95
0.134954 0.123063 -0.079537 242 192 151
0.028479 -0.123775 -0.056628 11 10 7
0.358969 0.733926 0.201640 216 123 102
0.548835 -0.612612 -0.446708 124 93 69
0.454846 -0.509819 -0.165544 14 11 10
-0.021106 -0.451558 -0.052531 14 12 10
0.027393 -0.296325 -0.056217 12 10 8
-0.554099 -0.531193 -0.310985 8 4 3
0.339632 0.985320 0.617993 178 139 110
-0.153599 -0.669203 -0.079382 17 15 15
0.016463 -0.498915 -0.057233 13 11 10
0.343317 -0.364387 -0.089676 14 11 10
0.346675 1.093395 0.560541 120 98 81
-0.149565 -0.796578 -0.198377 7 6 5
0.413730 -0.135957 -0.118280 11 10 7
-0.145720 0.563623 0.351429 194 150 129
0.362053 0.789541 0.237912 191 125 95
0.681586 -0.175649 -0.277608 237 194 149
0.337255 -0.234880 -0.088495 14 13 10
-0.471504 -0.596292 -0.173015 12 11 10
-0.607704 0.230501 -0.159097 233 180 143
0.165670 0.503994 0.469939 239 193 165
0.143668 -0.702917 -0.127553 20 18 17
0.159259 -0.013827 -0.068877 15 10 8
-0.423106 -0.591518 -0.106304 15 13 11
0.304811 0.705142 0.506206 214 172 145
0.715201 -0.250115 -0.329681 229 186 144
0.361319 0.208366 -0.168443 13 10 7
0.459975 -0.575363 -0.184783 14 11 9
0.177189 0.679360 0.597661 166 120 93
0.089518 0.363148 0.372688 233 179 153
-0.023752 0.312470 0.037371 216 177 139
-0.583647 -0.110110 -0.121730 234 191 147
0.214796 1.051688 0.691156 87 74 53
0.772027 -0.194708 -0.335737 227 184 139
0.007313 0.867800 0.718369 243 200 172
-0.471220 0.084361 -0.087135 19 15 11
0.404509 -0.828284 -0.391309 15 14 11
0.283268 0.269015 -0.140339 225 181 143
0.663626 -0.590525 -0.469938 220 167 129
0.262020 -0.226027 -0.074510 11 9 7
-0.123065 -0.737500 -0.146337 14 13 14
0.039199 0.682985 0.642369 186 147 122
-0.498341 -0.391198 -0.163980 5 4 3
0.312138 0.974474 0.657672 183 138 113
0.189543 0.381654 0.314441 231 188 160
0.362733 0.078791 -0.129327 11 10 7
0.595037 -0.098677 -0.214818 240 198 154
-0.117131 0.554897 0.427256 200 156 133
0.158994 0.416831 0.160869 154 120 95
0.238678 -0.633396 -0.080196 24 21 22
0.281725 -0.555123 -0.067693 16 13 11
-0.099327 0.516114 0.395293 198 155 134
0.125467 0.958939 0.732508 230 180 157
0.231352 -0.426485 -0.061306 14 12 10
0.645043 -0.247039 -0.285176 233 188 145
-0.557745 -0.029523 -0.106732 238 199 155
0.098480 -0.209346 -0.064397 13 11 9
-0.063485 -0.550548 -0.057853 13 12 10
-0.079241 0.744993 0.642257 223 183 161
0.380983 -0.513229 -0.103612 13 10 9
0.218042 0.163260 -0.104036 230 184 143
0.417752 -0.639919 -0.170226 17 15 16
0.365019 0.785278 0.272634 196 149 115
0.053012 -0.344984 -0.055523 14 11 9
0.020732 0.330830 0.072069 203 163 126
-0.038780 -0.020221 -0.044118 15 13 10
-0.018090 0.417664 0.379527 228 181 154
0.087073 -0.790556 -0.209721 11 10 8
0.356311 0.943155 0.568568 192 151 126
0.103171 1.026268 0.726711 77 57 38
-0.008903 -0.699442 -0.127655 25 21 22
-0.364788 0.148797 -0.102105 8 7 5
0.571296 -0.706463 -0.474700 180 139 114
-0.625685 -0.006702 -0.109379 236 195 151
-0.220935 0.259847 -0.106492 227 181 137
0.338860 0.688263 0.254614 207 162 131
0.290342 0.406907 -0.135671 213 161 118
-0.451346 -0.685906 -0.245549 12 10 10
0.777853 -0.389172 -0.457209 217 169 129
-0.627493 -0.326198 -0.244183 222 181 141
-0.527296 -0.707254 -0.419742 54 83 46
0.244410 0.455524 0.322050 225 180 151
0.545273 -0.203661 -0.187974 228 181 140
-0.022621 -0.736508 -0.163015 14 12 11
-0.090268 -0.336970 -0.048065 12 9 8
-0.673289 -0.592367 -0.408568 208 164 130
0.230214 -0.888954 -0.333307 9 9 7
0.484819 0.055519 -0.167641 17 14 11
0.134644 -0.003514 -0.064158 15 12 9
-0.234217 -0.703821 -0.099691 13 11 13
0.351694 1.149083 0.518438 79 66 50
-0.191639 -0.684912 -0.084187 19 17 18
-0.515488 -0.029445 -0.099180 241 200 159
0.561654 -0.494541 -0.414437 133 102 80
0.400054 -0.653250 -0.161778 21 17 16
0.569153 -0.217894 -0.209835 227 180 135
0.593198 -0.245328 -0.258275 189 142 95
-0.224933 -0.376750 -0.034999 11 8 6
0.704312 -0.221202 -0.307886 233 190 148
0.326302 0.655493 0.405981 205 155 119
0.465197 -0.768008 -0.470562 30 26 27
0.300343 0.708130 0.538383 217 174 148
0.123428 0.518460 0.551851 212 155 133
-0.182622 0.894375 0.544866 169 131 108
-0.191407 0.879094 0.503569 160 122 101
-0.227192 0.043220 -0.051231 10 8 5
0.247981 0.480038 0.361616 223 180 154
0.317003 0.631805 0.419233 215 165 129
0.260011 -0.551251 -0.063430 16 12 11
0.760434 -0.495125 -0.501425 221 167 128
-0.544809 -0.130996 -0.107530 236 194 151
-0.102758 0.542153 0.431551 205 161 140
-0.212862 0.848943 0.257469 173 123 101
0.727114 -0.354791 -0.398362 222 178 136
0.128998 0.500212 0.495308 192 134 115
0.093236 0.569185 0.581663 234 181 159
0.722544 0.004527 -0.218123 240 201 161
-0.164928 0.938134 0.592465 164 123 101
-0.303721 0.367428 -0.209657 218 168 133
0.346761 -0.148548 -0.094901 12 10 8
0.010025 0.482225 0.471891 211 165 145
-0.179156 0.776965 0.447165 203 162 136
-0.459252 -0.388776 -0.109129 14 12 9
0.391008 0.705445 0.157993 201 139 110
-0.171714 0.616623 0.270523 181 135 109
-0.690355 -0.410801 -0.308639 218 174 139
0.295400 1.060469 0.642175 78 57 38
0.308107 0.558791 0.281035 208 162 132
-0.111846 0.463430 0.083400 195 150 113
-0.627086 0.141675 -0.110498 238 190 151
0.265409 0.557862 0.450615 233 180 152
0.782377 0.126107 -0.283761 218 172 134
-0.029218 -0.630292 -0.089192 13 11 12
0.379469 -0.571406 -0.108424 14 11 9
-0.225086 0.718654 0.199282 203 139 122
-0.404894 -0.243780 -0.060263 12 9 7
-0.654253 -0.194234 -0.174565 227 185 144
0.361059 -0.332240 -0.095408 12 10 8
0.131511 -0.828419 -0.252047 11 10 8
-0.031101 0.357838 0.071315 189 149 115
-0.193644 0.796760 0.403526 194 153 132
-0.032274 0.847113 0.698554 234 190 164
0.202435 0.643944 0.535964 148 103 89
-0.428150 -0.473280 -0.084253 12 10 9
-0.162755 0.725376 0.477930 202 164 140
-0.176932 0.301352 -0.081930 203 157 118
-0.061744 0.643041 0.538575 177 126 99
-0.001642 -0.071952 -0.052650 14 10 9
0.382404 0.827001 0.347443 145 110 86
0.373779 -0.293322 -0.099700 13 11 8
0.203497 -0.874749 -0.313335 11 10 8
-0.156809 0.592585 0.370226 184 139 118
-0.844363 -0.410109 -0.398303 183 144 111
0.421150 -0.577237 -0.142171 18 14 13
0.174858 0.623367 0.526527 218 168 142
-0.163530 0.682865 0.459565 204 157 128
-0.592071 0.030673 -0.102758 238 197 154
0.257483 -0.114002 -0.081610 12 10 8
-0.194566 0.764313 0.350623 193 143 119
0.054134 0.971594 0.733296 199 154 129
0.298766 1.019841 0.657315 112 86 63
0.311352 -0.016641 -0.100968 13 11 7
0.685102 -0.275588 -0.324858 229 185 143
-0.304063 -0.201266 -0.045275 13 10 9
0.670802 -0.762904 -0.556104 222 170 137
-0.521713 -0.526135 -0.232795 6 4 5
-0.673078 -0.196857 -0.183044 226 183 142
0.116775 -0.903672 -0.304793 11 8 7
-0.670025 -0.004915 -0.112009 233 194 151
0.401171 0.123306 -0.156116 9 8 5
-0.123650 -0.769683 -0.178043 10 9 7
-0.278606 -0.764470 -0.191084 14 11 11
0.509850 -0.471175 -0.237438 19 14 12
0.119656 0.398162 0.151705 153 121 95
-0.278964 -0.461782 -0.028590 13 10 9
0.274520 -0.217325 -0.076713 11 9 7
-0.621059 -0.753142 -0.351105 184 140 115
-0.139094 0.136319 -0.057691 233 182 142
0.467825 -0.785077 -0.498400 46 38 36
0.436354 -0.779911 -0.399991 25 21 22
0.219522 -0.302411 -0.066846 14 11 10
0.043977 0.932703 0.732540 242 198 170
-0.342339 -0.113746 -0.054848 10 9 7
-0.048404 0.689795 0.596117 115 59 38
0.336457 -0.710817 -0.159429 19 15 14
0.391782 0.857315 0.353185 141 110 89
-0.172239 -0.166682 -0.047047 10 9 8
-0.235427 0.016221 -0.053611 10 10 8
-0.446582 0.217836 -0.135460 8 6 2
0.442414 0.114407 -0.167200 8 7 4
-0.314864 -0.117957 -0.051592 11 10 8
-0.185343 0.063196 -0.033737 16 12 10
0.723138 -0.560530 -0.507532 224 169 132
0.653782 0.047964 -0.198949 241 200 160
0.469980 -0.724046 -0.405251 24 16 14
0.143732 0.552799 0.517096 234 185 159
-0.400521 -0.407865 -0.065414 14 11 9
0.689373 -0.297919 -0.339920 229 186 143
-0.023119 -0.520241 -0.058049 16 13 12
0.446987 -0.071800 -0.134263 12 11 7
-0.540419 -0.804577 -0.272093 160 120 96
0.346795 0.923057 0.582244 207 168 143
-0.141730 -0.775044 -0.181903 10 7 7
0.334083 -0.509676 -0.081505 14 12 10
0.722526 -0.156352 -0.288780 234 192 148
0.653050 -0.728701 -0.521025 222 172 138
0.579397 0.076020 -0.199090 238 197 155
-0.312126 -0.307908 -0.043831 11 9 7
0.099308 0.496421 0.586958 236 184 166
-0.552649 -0.612663 -0.403802 14 8 9
0.121559 0.244648 -0.023282 232 192 150
-0.574730 -0.651594 -0.464218 35 23 19
0.032249 0.323858 0.068183 211 169 132
-0.129705 0.504288 0.297159 191 149 129
0.294242 -0.615275 -0.083649 19 15 15
0.321639 0.631439 0.353913 193 149 118
0.006122 0.355161 0.345130 231 180 155
-0.136869 -0.294520 -0.045877 13 10 8
-0.008590 0.429420 0.394759 209 148 129
-0.129137 0.565566 0.416175 196 152 128
-0.360462 0.158557 -0.103978 10 8 7
-0.056833 -0.721587 -0.141503 13 11 11
-0.339815 -0.780371 -0.255779 21 17 17
-0.193330 0.988239 0.525419 107 82 62
0.495500 -0.712306 -0.503137 35 30 23
0.341876 0.924992 0.591962 214 175 150
-0.754387 -0.411020 -0.333940 215 171 137
0.353976 0.333072 -0.232351 221 176 144
0.088660 -0.150134 -0.062477 12 10 8
0.731199 -0.220738 -0.323494 233 190 147
-0.072330 -0.399541 -0.047467 12 10 8
0.232397 -0.064524 -0.080539 13 11 9
-0.255809 -0.169567 -0.045207 10 9 6
0.373317 -0.756523 -0.265968 23 17 16
-0.168267 0.043089 -0.034739 11 9 6
-0.565097 0.042470 -0.101008 238 198 155
-0.097400 -0.755869 -0.170603 12 10 11
0.419417 -0.363618 -0.124437 14 10 10
-0.592680 0.116871 -0.103844 240 196 154
0.277317 0.070872 -0.099254 12 9 7
0.294928 -0.581104 -0.074149 18 14 13
0.282395 0.665025 0.499555 226 176 140
0.181013 0.223233 -0.071264 227 187 147
0.305346 0.890602 0.635098 227 183 156
0.431652 -0.499854 -0.141033 13 9 7
0.030006 0.980821 0.728459 190 148 123
-0.344776 0.287500 -0.155743 9 6 4
0.212453 0.390634 0.259514 196 154 127
0.313948 0.961109 0.655369 205 160 133
0.242291 0.214719 -0.117350 221 176 136
0.225881 0.406580 0.260502 202 156 129
-0.563087 0.062965 -0.100890 243 202 159
-0.658447 -0.055256 -0.129973 232 191 148
0.138209 0.264049 -0.015501 233 193 151
-0.148247 0.910221 0.614393 200 157 132
-0.038131 -0.175568 -0.053631 11 9 7
-0.255660 0.886536 0.280264 160 94 72
-0.393868 -0.622239 -0.098341 12 11 10
0.296965 -0.490993 -0.069643 14 11 10
0.223839 1.102915 0.660744 67 54 37
0.143392 -0.675818 -0.108413 26 23 24
0.017383 -0.774372 -0.194012 12 12 10
0.438548 -0.848441 -0.457396 12 4 1
0.356203 -0.234174 -0.093495 13 12 10
0.244973 -0.621747 -0.075929 17 13 12
-0.098988 0.565333 0.464063 225 173 145
-0.378010 0.349354 -0.227771 14 13 11
-0.770509 -0.247255 -0.249894 217 175 139
0.317368 0.821123 0.586662 226 187 157
0.286076 0.546484 0.384753 219 172 146
0.088390 -0.391674 -0.054672 13 11 9
-0.101261 0.282349 -0.019697 214 169 134
-0.729082 -0.032446 -0.144437 225 183 141
-0.119257 0.951886 0.653767 205 158 130
-0.427418 -0.753620 -0.301588 13 8 7
0.014179 0.579331 0.530895 219 171 146
0.195651 0.981546 0.716129 158 121 99
-0.175364 1.014666 0.565467 104 77 54
0.808525 -0.031894 -0.297893 219 172 130
0.760154 -0.068236 -0.268051 228 187 143
-0.106929 -0.707971 -0.114903 31 27 27
-0.791782 0.090335 -0.193572 186 135 106
-0.102312 0.315243 -0.001166 205 162 126
0.026160 -0.619693 -0.084637 16 14 15
0.030959 0.537260 0.549196 182 129 109
-0.634792 -0.104989 -0.139756 230 189 145
-0.806212 -0.208435 -0.254339 206 162 123
0.312063 0.721782 0.508862 214 171 145
-0.093334 0.093306 -0.044214 243 190 150
0.771369 0.145364 -0.290109 218 171 131
0.492653 -0.606483 -0.250916 22 21 19
0.199572 0.731192 0.657641 241 195 171
0.236056 0.436871 0.049033 222 179 138
-0.122142 0.715079 0.576949 197 153 132
-0.418490 -0.522093 -0.081737 11 8 7
0.417508 0.999782 0.367134 68 49 35
0.361639 -0.742339 -0.229734 21 17 17
-0.035075 0.426960 0.375769 222 177 148
-0.330345 -0.335949 -0.045196 13 9 8
-0.357853 -0.038088 -0.066017 9 7 5
-0.168060 -0.829795 -0.224830 14 8 8
0.358426 0.680193 0.193414 241 190 160
0.138902 -0.307313 -0.063820 15 12 11
0.520096 -0.693255 -0.495632 42 34 27
-0.214079 -0.145426 -0.045919 10 8 6
-0.012342 0.455747 0.438268 196 149 124
0.606416 0.063240 -0.199146 238 195 153
0.375785 -0.724000 -0.216478 27 23 23
0.379207 1.026503 0.524966 140 109 85
0.021665 0.344572 0.345236 233 182 158
-0.207522 0.983076 0.488285 96 74 56
-0.222840 0.224282 -0.103048 226 181 139
0.244599 0.397822 -0.004101 212 169 126
0.063848 -0.504843 -0.057199 13 10 8
0.152187 0.412238 0.153442 160 126 102
-0.578343 -0.053942 -0.113728 238 197 153
-0.022690 0.685812 0.603873 126 79 57
-0.319451 -0.172730 -0.047679 11 10 8
-0.015402 0.327978 0.054490 205 167 131
0.389902 0.810114 0.238313 207 157 133
-0.230091 1.003735 0.374840 66 52 39
0.063542 1.004220 0.729854 113 87 64
0.498391 -0.624825 -0.289194 28 23 21
-0.818622 -0.429723 -0.383188 199 153 116
0.291531 0.695021 0.518281 205 160 131
-0.658058 -0.271165 -0.213557 221 178 140
0.303550 0.817242 0.607839 230 191 160
0.529281 0.173055 -0.216255 55 43 38
0.571791 -0.626570 -0.440755 171 133 104
0.172377 0.576768 0.508698 241 194 167
0.320339 0.641175 0.415772 213 162 125
-0.648969 0.043389 -0.098420 239 198 157
-0.350581 -0.374638 -0.048099 12 9 8
-0.118549 -0.664992 -0.085540 19 16 15
0.314547 -0.630764 -0.094829 19 14 13
-0.183160 0.736820 0.421507 209 163 137
-0.878018 -0.238404 -0.401575 148 110 77
0.576255 -0.179733 -0.210876 221 177 133
0.455522 -0.605753 -0.192536 14 11 10
0.131567 -0.208117 -0.067033 11 9 7
0.515853 -0.621350 -0.433373 39 31 29
-0.199194 -0.504833 -0.027636 13 11 9
0.175598 0.691001 0.644682 161 120 98
0.437015 0.859211 0.233479 199 135 105
0.025519 0.354589 0.097734 168 134 104
0.610983 -0.487903 -0.400885 197 151 116
0.065028 0.733513 0.682153 244 200 175
-0.204338 0.998765 0.498283 99 80 62
0.693879 -0.691271 -0.538111 225 173 138
-0.041736 1.002638 0.705933 145 106 82
0.202457 -0.821572 -0.265519 13 12 10
0.269415 1.098646 0.639795 103 91 75
-0.252332 -0.238979 -0.042543 12 9 8
0.057571 0.136124 -0.077781 236 188 145
-0.856215 -0.139652 -0.296541 173 129 96
0.198463 0.434954 0.099970 226 184 146
0.259496 -0.651846 -0.091041 24 19 20
0.525370 -0.784572 -0.541721 62 45 32
0.309478 0.800421 0.587117 227 185 156
-0.455234 -0.602434 -0.151266 8 7 5
0.264152 0.465723 0.274671 206 157 126
0.300759 0.557279 0.329328 212 166 138
-0.119089 1.069550 0.614305 149 119 94
-0.120827 -0.788913 -0.193028 11 10 9
0.522435 -0.551709 -0.322259 16 8 6
-0.054941 0.677680 0.564735 60 42 34
0.665243 -0.169183 -0.267812 235 192 147
0.171403 0.419926 0.123429 202 162 130
-0.846845 -0.445599 -0.416116 189 144 108
-0.208823 0.247239 -0.100748 227 181 138
-0.122013 0.664922 0.509502 222 174 140
0.613660 -0.155456 -0.237134 234 189 141
0.013885 0.011828 -0.041497 16 12 9
0.467894 -0.709288 -0.354345 30 24 23
-0.778910 0.034179 -0.162664 204 163 131
0.255742 -0.329299 -0.068763 12 10 8
-0.043052 0.829205 0.688436 231 188 163
0.153174 -0.373693 -0.057697 13 10 9
-0.818007 0.048814 -0.237085 171 125 92
0.112412 -0.320816 -0.061669 14 11 10
0.528608 -0.561405 -0.395444 26 23 19
-0.618885 -0.544584 -0.399572 147 116 94
-0.206878 0.931670 0.480825 108 78 60
0.391769 1.034498 0.491945 104 81 59
0.296005 -0.165417 -0.083455 10 9 6
0.610704 0.154227 -0.222973 234 188 147
0.137559 -0.845549 -0.268437 11 10 10
0.377640 0.897205 0.474909 160 122 99
-0.733088 0.034382 -0.124713 228 185 144
0.077403 0.375899 0.395551 194 146 125
-0.252602 -0.280991 -0.040574 12 9 8
-0.080017 0.811401 0.659917 226 183 159
0.225652 -0.152160 -0.074580 11 10 7
-0.366832 0.343138 -0.212592 9 7 6
0.276400 0.774477 0.620206 233 188 159
0.038890 -0.289441 -0.057525 12 11 9
-0.237219 0.399778 -0.173410 216 164 120
-0.300200 -0.307180 -0.042763 10 8 7
-0.211346 1.081664 0.448101 70 54 39
0.294919 0.545986 0.338291 217 172 143
0.354718 0.168123 -0.150873 11 9 5
0.282370 1.111871 0.623286 46 32 14
-0.603808 0.076610 -0.098898 239 197 155
-0.509988 -0.631163 -0.311983 10 7 8
-0.172800 -0.443941 -0.032159 13 11 10
-0.008347 -0.540186 -0.062233 14 11 10
0.380708 0.314611 -0.240322 40 36 34
-0.062786 0.237176 -0.025236 219 174 134
0.660974 -0.141069 -0.256548 237 195 150
0.609428 -0.453818 -0.384186 204 156 120
-0.183438 0.701548 0.223802 206 155 130
0.646283 -0.294229 -0.310315 224 180 138
0.054695 -0.426501 -0.053174 13 9 9
-0.225988 0.852004 0.341783 107 74 54
0.336664 0.799274 0.506455 215 173 143
0.546419 -0.781453 -0.528136 140 106 87
-0.768566 0.111516 -0.165799 201 152 120
0.349035 0.755377 0.395402 208 159 126
0.452592 -0.747209 -0.393303 27 19 17
0.250066 0.563576 0.469960 234 177 147
-0.501068 -0.136997 -0.085865 17 12 8
0.402594 0.847436 0.262702 148 80 51
0.259125 0.564952 0.462762 236 185 154
-0.552638 -0.525293 -0.299125 8 6 5
0.137329 0.552369 0.531305 230 186 159
-0.571554 -0.205110 -0.141546 212 168 125
-0.675354 -0.367333 -0.276827 218 175 140
-0.503829 -0.303205 -0.138876 11 7 6
0.660571 -0.770143 -0.554340 220 171 137
-0.104998 0.845140 0.648602 224 182 157
0.342692 0.708641 0.299810 195 148 120
-0.030782 0.373329 0.085368 178 135 103
0.759796 -0.308597 -0.394005 222 179 136
-0.440738 -0.577338 -0.115396 14 12 11
0.391436 0.877598 0.379554 131 102 78
-0.789317 -0.084932 -0.198842 214 169 129
0.118839 0.920901 0.732357 244 197 168
0.662309 -0.108966 -0.246005 236 194 149
0.186040 0.094764 -0.075387 237 188 149
0.210340 0.967144 0.712446 193 147 122
0.280173 0.490805 0.276738 201 154 122
-0.121525 0.476952 0.238311 167 126 98
-0.181429 1.091314 0.520203 78 58 43
-0.771642 -0.344419 -0.306688 213 172 137
0.161537 0.738558 0.674621 243 197 174
-0.149657 0.567775 0.341131 192 147 127
0.533113 -0.524594 -0.360775 24 24 24
0.243212 1.061937 0.670856 99 84 60
-0.339115 -0.018527 -0.067423 9 8 6
-0.469421 -0.659664 -0.249141 5 5 5
0.158093 -0.420128 -0.054888 13 10 8
0.318446 -0.399210 -0.081288 13 10 8
0.333889 0.673815 0.342553 191 147 116
0.272038 -0.077298 -0.086530 12 11 7
0.592316 -0.662710 -0.454184 199 153 124
0.329976 0.653546 0.192936 210 163 132
-0.469227 -0.230239 -0.086724 14 11 8
0.753947 -0.384668 -0.435684 220 171 132
0.452404 -0.741303 -0.381686 27 19 17
-0.112028 0.668554 0.519630 209 159 127
0.017582 0.144500 -0.075134 233 184 142
0.282811 0.558876 0.422896 226 176 148
0.794442 -0.116543 -0.315852 224 178 135
0.697789 0.032337 -0.204353 243 204 164
0.109549 0.472173 0.565393 218 164 150
0.328676 1.063805 0.603306 121 99 75
-0.083929 0.418709 0.253491 171 129 103
-0.138695 0.788317 0.592445 201 160 136
-0.697812 -0.232466 -0.206758 223 180 141
-0.094459 0.317100 0.006333 205 162 127
0.395714 -0.129182 -0.112144 17 16 12
-0.244592 -0.054655 -0.051884 11 10 8
-0.111646 0.634705 0.503370 235 185 152
0.134562 0.313894 0.025861 232 192 152
-0.321885 -0.089243 -0.055727 12 11 8
0.453723 0.001628 -0.143832 11 8 6
-0.230861 -0.385509 -0.034033 13 10 8
-0.171515 0.636622 0.341759 186 141 118
-0.317957 -0.663059 -0.085302 16 12 13
0.035893 0.312844 0.058133 217 176 140
0.727589 -0.198669 -0.309863 234 192 149
0.477402 -0.716488 -0.421422 36 28 26
-0.272218 -0.771878 -0.200251 15 11 10
-0.048789 0.505846 0.455102 229 177 150
0.142572 0.708683 0.664547 238 194 169
0.759587 -0.272475 -0.370315 227 183 140
0.672199 -0.009333 -0.209212 242 203 162
-0.318710 0.320644 -0.171556 193 145 121
-0.098969 0.803089 0.643285 226 183 158
-0.051172 -0.603769 -0.073239 18 15 15
0.326548 -0.608759 -0.091812 15 11 11
-0.707130 -0.064504 -0.146145 227 185 145
-0.290948 0.093926 -0.071115 8 7 4
-0.023178 -0.017679 -0.044938 16 12 9
0.265042 -0.703960 -0.123059 22 17 16
0.801947 0.082014 -0.284333 219 175 136
-0.343726 0.246726 -0.135472 7 5 4
0.412504 0.294291 -0.256717 32 30 28
0.297022 0.065447 -0.105417 12 9 5
0.346124 1.010795 0.605095 164 127 100
-0.179869 0.876460 0.540603 157 121 102
0.501605 -0.665754 -0.425488 36 31 27
0.032105 0.869806 0.724211 247 203 176
-0.109795 0.463561 0.223835 153 109 83
-0.358340 -0.401456 -0.049583 12 10 8
0.298157 0.722290 0.566926 202 158 133
0.819223 -0.064285 -0.325960 217 170 127
0.565121 0.241437 -0.265128 220 174 141
0.251590 0.678252 0.548688 101 66 55
0.331697 0.767760 0.486897 216 173 143
0.277342 0.488343 0.250706 188 144 115
0.230761 -0.830531 -0.285972 10 9 9
0.404159 -0.845442 -0.405178 13 11 10
-0.808449 -0.280625 -0.293337 202 160 127
0.338723 -0.677507 -0.131083 22 17 16
0.330408 0.662404 0.345175 192 149 120
0.356032 -0.350178 -0.093669 12 11 8
-0.481422 -0.532458 -0.158217 8 8 8
0.680852 -0.263297 -0.315626 230 187 144
0.232735 0.531475 0.457162 234 180 155
-0.164209 0.615717 0.367567 181 135 111
0.090110 -0.322724 -0.060118 14 11 10
-0.373496 -0.494570 -0.053360 14 10 9
-0.313233 -0.644162 -0.070841 16 12 13
-0.008641 0.126967 -0.068660 228 178 135
0.274075 -0.594209 -0.072656 14 11 10
-0.386811 0.040651 -0.079516 8 7 4
-0.678663 0.074742 -0.098690 242 202 162
-0.264587 0.908692 0.266472 223 151 122
-0.092519 0.516101 0.409363 201 156 135
0.677338 0.075144 -0.202679 238 194 153
0.033059 0.881752 0.726821 246 202 174
0.173589 0.374831 0.057180 235 196 155
0.326733 0.858918 0.592370 222 186 158
-0.753368 -0.139597 -0.195380 224 180 139
0.781871 -0.253368 -0.375442 221 177 135
0.202799 0.397565 0.311612 227 181 153
-0.023823 -0.126653 -0.053171 12 9 7
0.258848 0.581711 0.476653 236 179 149
-0.229939 0.985075 0.387391 47 28 14
0.736188 0.165480 -0.269958 224 179 139
0.099154 0.463712 0.549278 71 11 5
-0.020368 0.785285 0.684608 241 195 172
0.389039 -0.751461 -0.278570 26 21 19
0.383394 -0.775790 -0.305780 27 20 21
-0.541885 -0.675065 -0.424843 37 31 20
-0.538658 -0.371463 -0.207362 5 4 3
-0.159121 0.817638 0.557327 196 158 135
-0.032268 0.490390 0.451524 230 180 152
0.289224 0.394912 -0.128666 218 169 125
-0.569091 -0.590254 -0.426213 12 6 6
-0.219662 0.854406 0.311306 206 153 133
0.348121 1.059862 0.577367 127 100 75
0.410929 -0.483454 -0.123873 14 12 10
0.150130 0.388396 0.362242 230 185 156
0.369866 -0.584563 -0.105046 16 12 11
0.300782 0.298140 -0.155187 225 181 140
-0.744352 -0.177512 -0.204705 225 181 141
0.659390 -0.418095 -0.385329 224 176 137
-0.452707 -0.222294 -0.076274 12 10 8
0.413161 0.311835 -0.270379 35 31 31
-0.487492 0.028911 -0.085968 80 59 45
-0.079413 0.678354 0.559276 83 60 44
0.243567 0.437308 0.287588 217 169 140
-0.432260 -0.564303 -0.102139 16 13 13
0.198279 -0.475016 -0.055350 16 12 11
0.337672 1.015921 0.614280 148 111 83
-0.143189 0.251775 -0.061452 216 173 133
0.472817 -0.656701 -0.267557 22 20 19
0.656666 0.076025 -0.202473 237 193 151
0.306284 0.625525 0.446062 226 174 139
-0.689581 0.120558 -0.111135 236 191 149
-0.045393 -0.091811 -0.050897 14 11 9
-0.635568 -0.351750 -0.261244 220 178 140
0.510778 -0.233603 -0.167222 14 11 8
0.637758 0.058435 -0.199512 240 198 156
-0.440860 -0.681486 -0.217001 15 15 13
-0.452443 -0.522583 -0.114546 11 10 8
-0.004481 -0.805055 -0.214496 10 9 7
-0.802227 0.017889 -0.194937 191 148 115
-0.108360 0.496630 0.116062 190 145 108
0.415803 -0.778727 -0.354459 28 23 21
0.133334 -0.139241 -0.066042 13 10 9
-0.189258 -0.752988 -0.155478 12 9 9
-0.623777 0.087771 -0.097834 243 201 161
-0.489386 -0.515547 -0.168693 8 8 7
0.360817 -0.656260 -0.130867 18 13 13
-0.608665 -0.664765 -0.436068 143 110 93
0.563205 -0.552861 -0.426243 144 109 83
0.324696 0.639863 0.239873 189 144 114
-0.092400 -0.841220 -0.228901 19 15 14
0.396538 1.030345 0.479616 80 60 41
-0.252526 0.851032 0.230447 219 164 140
-0.423057 -0.427260 -0.079315 15 11 10
0.123853 0.379510 0.110195 214 178 145
-0.338007 -0.803682 -0.273596 20 18 18
0.029506 -0.355959 -0.052947 15 12 10
0.757961 -0.093136 -0.280731 229 188 144
0.349473 -0.853882 -0.362010 10 9 8
-0.527671 -0.831054 -0.239794 151 111 85
-0.498202 -0.463134 -0.179428 7 4 6
-0.479170 -0.426750 -0.140154 10 9 7
-0.066504 -0.262498 -0.051770 12 10 8
-0.042494 -0.110939 -0.052168 14 11 8
0.349991 0.258162 -0.175608 25 22 15
0.172621 -0.773524 -0.198220 12 11 11
-0.572179 -0.598216 -0.434157 48 34 27
0.391484 -0.475798 -0.110797 14 11 8
0.299965 -0.794444 -0.266863 14 10 9
0.038860 0.005481 -0.046267 16 11 8
0.324694 0.719981 0.467063 222 178 146
-0.043813 0.225917 -0.023711 229 184 141
-0.031299 0.369640 0.315547 193 152 130
-0.149687 0.388173 -0.022837 176 130 94
0.656693 -0.657773 -0.479918 222 171 135
-0.007252 0.041063 -0.049166 238 190 153
0.200253 -0.609504 -0.070467 22 18 17
0.341597 0.884287 0.572351 203 166 139
0.340258 0.838539 0.545266 213 174 146
0.388914 -0.799236 -0.343785 15 11 10
-0.168952 0.824277 0.528362 196 159 133
0.293464 -0.720694 -0.147190 17 15 14
-0.070335 0.742380 0.646949 224 184 162
0.290703 -0.190232 -0.081034 11 9 7
0.228243 -0.548946 -0.059768 17 13 12
-0.022103 0.212747 -0.030393 233 189 145
-0.186164 0.122234 -0.048955 235 185 148
-0.160438 0.565176 0.053290 183 135 98
-0.163647 0.584895 0.059691 181 133 96
0.463790 -0.812423 -0.509672 31 29 30
0.309470 0.085614 -0.110503 11 9 6
0.270221 -0.770064 -0.208907 20 16 17
-0.194729 0.864985 0.468318 172 135 114
-0.353695 0.269153 -0.151582 7 6 4
0.155698 0.204867 -0.067033 227 187 145
-0.100662 -0.746738 -0.162319 10 9 10
0.248677 0.385257 -0.024241 207 164 122
-0.110544 0.477684 0.302845 196 151 131
0.210546 -0.724410 -0.135151 18 15 14
0.314070 1.105489 0.597589 93 75 59
-0.078526 -0.693436 -0.113929 29 26 25
0.035280 0.432041 0.463041 191 101 93
-0.297718 -0.646379 -0.066434 15 12 12
0.264855 1.071253 0.655550 71 57 39
-0.550540 -0.223578 -0.141871 20 14 11
0.320682 -0.526036 -0.077042 15 11 10
-0.123766 0.122987 -0.053047 235 180 140
-0.145646 0.758404 0.563996 164 124 102
-0.144936 -0.327947 -0.043035 11 9 7
0.225083 0.464008 0.097610 220 179 142
0.633974 -0.614928 -0.452752 220 169 132
0.174075 0.424999 0.139476 181 146 116
-0.256993 0.226461 -0.109867 228 181 141
-0.551484 -0.433943 -0.252957 5 3 2
0.212179 -0.903124 -0.335372 8 7 5
0.169796 -0.761632 -0.177551 14 13 13
-0.100103 0.384384 0.044467 191 153 117
-0.395587 -0.665765 -0.133961 22 21 20
-0.570385 -0.387897 -0.260609 123 93 64
0.127963 -0.611589 -0.074329 16 14 13
0.808145 0.075115 -0.293145 217 172 132
0.464184 -0.744923 -0.432630 34 30 31
0.517318 -0.352367 -0.217347 23 19 17
-0.519807 -0.344020 -0.174239 7 6 5
-0.341228 0.096638 -0.085302 8 7 5
0.088148 -0.568925 -0.064920 14 12 12
-0.398336 -0.424972 -0.064588 17 13 12
0.021116 0.314274 0.307658 150 104 83
-0.201930 -0.802223 -0.209734 8 8 7
0.127216 -0.513084 -0.057710 14 12 10
0.363752 0.877944 0.513226 182 144 118
-0.786175 0.110456 -0.192857 187 138 108
-0.701308 0.045778 -0.106488 237 196 155
0.001122 -0.435091 -0.052499 15 11 10
0.092100 0.052417 -0.058186 238 186 149
0.696933 -0.373502 -0.387083 227 183 142
-0.782733 -0.320821 -0.298891 212 169 134
0.733456 -0.019544 -0.229717 235 196 154
-0.312788 -0.047575 -0.059947 8 7 6
0.194373 -0.871051 -0.307090 10 9 7
0.226368 -0.169763 -0.073237 12 10 8
0.481638 -0.391821 -0.176662 13 11 9
-0.340838 -0.626428 -0.072360 15 12 12
-0.019024 0.901676 0.715018 234 184 157
-0.045841 0.927611 0.706502 226 178 149
-0.883015 -0.327246 -0.452851 144 106 75
0.057249 -0.662619 -0.106555 22 17 19
-0.224610 -0.329899 -0.038546 12 10 9
0.295469 -0.113486 -0.087627 9 8 6
0.188936 0.586339 0.505788 240 188 161
0.494462 -0.680603 -0.407657 35 27 25
-0.851576 -0.402361 -0.403701 177 138 105
0.067931 0.772589 0.697933 244 200 175
-0.836624 -0.029140 -0.264371 172 126 92
0.435031 -0.731976 -0.317535 34 28 27
-0.229097 -0.410664 -0.031239 10 8 8
0.330744 0.707984 0.439840 222 170 135
-0.283171 -0.825987 -0.259940 10 7 6
0.540213 -0.319145 -0.254042 23 20 17
-0.856151 -0.441942 -0.426725 176 133 102
-0.203171 -0.781930 -0.191434 12 9 9
-0.390724 -0.292628 -0.058840 14 11 9
0.548434 -0.384763 -0.320716 23 12 9
-0.138849 0.401010 0.006558 181 138 100
-0.623899 -0.306218 -0.231178 219 181 139
0.456603 -0.825278 -0.491077 42 40 41
-0.483764 0.272624 -0.182483 24 19 17
-0.427799 -0.735722 -0.262506 35 29 27
0.791658 -0.044995 -0.280863 221 177 136
0.153705 -0.265601 -0.066765 14 12 11
-0.515298 -0.197430 -0.105385 13 9 6
-0.642102 0.123557 -0.104444 239 195 155
0.451630 -0.527421 -0.164229 14 11 9
0.018006 0.675839 0.607125 137 91 67
-0.360871 -0.309811 -0.051551 13 11 9
-0.054963 0.382113 0.267040 170 129 104
-0.797312 -0.508344 -0.400175 212 163 126
0.467199 -0.749906 -0.457602 33 27 27
-0.389428 -0.029363 -0.069373 10 9 6
-0.178533 0.247571 -0.087061 217 171 130
-0.488269 -0.178115 -0.087459 13 11 7
0.105364 0.467796 0.556658 188 131 117
-0.136553 -0.114716 -0.048731 9 8 6
0.176234 -0.676496 -0.104057 23 21 22
0.321690 1.083476 0.600613 100 80 59
0.060489 1.039224 0.718545 87 68 51
-0.177385 1.034665 0.555912 91 65 43
-0.200542 1.019965 0.503081 99 78 58
0.640168 0.160904 -0.228925 233 186 144
-0.530941 -0.542646 -0.261641 6 5 4
0.586298 -0.232437 -0.242458 206 157 110
0.138305 0.170721 -0.073130 225 177 136
0.278896 -0.624527 -0.083406 25 23 21
-0.246436 0.754726 0.187819 211 140 123
0.351712 -0.673927 -0.137772 19 16 15
-0.055180 0.265631 -0.002172 224 180 142
0.753938 0.036868 -0.227458 235 194 153
0.319565 0.883818 0.612917 224 187 159
0.313455 -0.727403 -0.165566 16 14 12
-0.429237 -0.757646 -0.311807 22 18 17
0.303077 0.567611 0.333271 209 165 135
0.242112 0.410970 0.011391 218 174 132
-0.554655 -0.493396 -0.282023 10 7 6
-0.073138 1.025696 0.677339 129 97 75
0.286194 -0.131990 -0.084559 10 9 7
0.038370 0.492865 0.515275 45 6 2
-0.127738 0.416904 0.034355 190 147 109
-0.163138 0.637524 0.104586 189 139 108
-0.703954 0.146469 -0.128978 226 179 144
0.113147 -0.730194 -0.146999 25 21 22
0.244759 1.031781 0.685265 96 78 57
0.342723 0.276325 -0.185367 185 151 135
-0.218088 0.918595 0.409908 89 64 48
0.532279 -0.766854 -0.527569 95 75 60
0.473249 -0.624669 -0.231567 19 16 14
0.156745 0.357989 0.333207 232 184 157
0.323025 0.829197 0.580377 225 185 155
-0.777308 0.069920 -0.162948 203 152 124
-0.033297 0.354200 0.266309 167 125 102
-0.889361 -0.461182 -0.482052 163 125 92
-0.708820 -0.382270 -0.298132 216 174 140
0.363277 0.188769 -0.161853 11 10 6
-0.248988 -0.018475 -0.054538 10 9 7
0.795761 0.099712 -0.285614 216 171 132
0.422358 -0.444477 -0.132105 14 11 8
-0.214234 -0.744634 -0.136056 14 11 12
0.529357 -0.566315 -0.410227 25 21 22
-0.391481 -0.720969 -0.205032 18 14 13
-0.726249 -0.270230 -0.238043 220 179 143
-0.136705 -0.703152 -0.107438 24 22 23
0.357510 0.116109 -0.134766 11 10 6
0.330852 -0.059553 -0.099569 12 11 8
-0.312972 -0.327609 -0.043121 12 8 7
0.247599 -0.780460 -0.214569 21 17 18
0.605046 -0.507821 -0.409473 195 147 114
-0.723923 -0.117422 -0.173784 224 181 141
0.313231 0.117537 -0.116047 11 8 5
-0.672459 -0.074793 -0.140301 231 190 147
-0.606935 -0.368586 -0.267900 207 164 126
-0.037425 -0.548768 -0.061226 14 12 11
0.362833 -0.022213 -0.113552 11 10 6
0.572919 -0.344832 -0.322424 162 120 84
-0.133188 1.100005 0.586204 107 83 63
-0.330682 -0.499806 -0.039447 13 10 9
0.318245 0.027829 -0.109174 11 9 7
-0.377130 -0.617217 -0.086203 16 12 11
0.400589 0.243681 -0.212496 32 24 23
-0.026534 0.346169 0.276188 167 123 101
-0.481684 0.249053 -0.156809 19 15 13
0.258011 0.499421 0.072155 222 177 137
0.086516 -0.740416 -0.162013 13 11 12
0.038410 0.710227 0.669053 240 196 172
0.217142 0.687325 0.598578 183 139 114
0.126883 -0.243001 -0.066192 13 11 9
0.176911 0.312470 0.002104 233 195 152
0.363752 -0.815317 -0.340539 11 9 7
0.307624 1.065966 0.627668 98 72 47
-0.260795 0.364126 -0.160940 202 154 115
-0.046961 0.313997 0.030336 217 178 140
0.378974 -0.835403 -0.369238 11 10 8
0.544235 0.166915 -0.217332 231 185 151
-0.650368 -0.073489 -0.134205 230 189 146
0.209783 0.824767 0.687784 238 191 164
-0.178296 -0.778523 -0.184916 11 7 9
0.459809 -0.636076 -0.221503 18 14 13
0.289433 -0.103885 -0.087494 13 10 8
-0.012663 0.802265 0.692755 241 199 173
-0.413532 -0.623263 -0.116570 16 15 14
0.347096 1.043111 0.589342 145 114 89
-0.054756 0.430723 0.352313 191 148 125
-0.063093 0.442931 0.124193 176 138 105
0.447445 -0.657495 -0.226520 20 16 15
-0.230457 -0.014947 -0.051846 9 8 6
0.652541 0.186762 -0.244970 229 183 141
-0.790142 -0.298782 -0.290119 212 171 136
0.257621 -0.086327 -0.083469 11 11 8
-0.203415 0.113983 -0.041514 61 44 37
0.108542 0.699013 0.661574 237 193 168
0.709278 -0.525667 -0.481579 223 173 134
0.365643 -0.473381 -0.096521 12 10 8
0.057931 0.094656 -0.078184 244 195 152
0.411687 1.016490 0.406232 72 57 41
0.525409 -0.429218 -0.272955 22 18 13
0.572996 -0.318331 -0.300404 149 112 76
0.123175 0.710036 0.668140 241 197 172
0.327403 0.650832 0.364697 192 151 121
0.379642 -0.188454 -0.102470 12 11 9
0.048444 -0.748887 -0.176474 12 11 11
-0.177122 0.825980 0.496785 196 154 130
0.200844 -0.720911 -0.133733 20 16 16
-0.069644 0.066884 -0.041484 246 194 155
-0.024257 0.568306 0.503513 244 192 162
-0.098731 0.873500 0.661268 225 183 157
0.465803 -0.436544 -0.168082 15 11 10
-0.145458 -0.439679 -0.035231 14 11 10
-0.448250 -0.736865 -0.295131 22 14 14
0.495476 0.169861 -0.192797 14 12 9
0.499600 -0.668760 -0.410444 35 30 26
0.136250 -0.238645 -0.066892 13 11 9
-0.505232 -0.566093 -0.222373 11 9 8
-0.597900 0.055089 -0.099705 238 196 154
0.366726 0.329633 -0.243526 35 30 27
0.491461 -0.714334 -0.492058 18 14 11
0.533544 -0.077010 -0.180781 234 189 148
-0.070800 0.538519 0.463937 224 173 147
0.586087 -0.505469 -0.408527 182 139 109
-0.162381 -0.499375 -0.033102 10 9 7
-0.046802 -0.620630 -0.081838 14 12 13
0.017623 0.525086 0.517586 208 150 129
0.334037 -0.588622 -0.088524 16 12 11
-0.678022 -0.047813 -0.131562 230 191 149
-0.522005 -0.130609 -0.094835 139 110 90
0.400519 -0.386673 -0.114683 12 9 8
0.286569 0.094396 -0.102258 12 10 7
0.483122 0.068028 -0.170272 14 12 9
-0.535170 -0.620795 -0.367257 12 9 8
-0.111197 0.542450 0.415404 200 155 134
-0.470058 -0.464922 -0.130526 17 16 14
-0.016752 -0.027543 -0.047331 12 9 7
0.326393 0.285081 -0.175967 226 182 142
-0.533071 -0.307904 -0.177343 10 7 7
0.636513 0.099454 -0.205285 233 188 146
0.771792 -0.295173 -0.393268 223 179 137
0.497159 -0.045612 -0.155056 19 15 11
0.405686 0.277805 -0.238280 34 30 28
-0.546862 -0.384881 -0.226737 6 5 3
0.049376 -0.122898 -0.058655 12 10 8
-0.531052 -0.640913 -0.370713 16 12 9
-0.397751 -0.513171 -0.066569 13 11 9
-0.419384 0.181176 -0.117942 8 6 4
0.344369 -0.512278 -0.085421 14 11 10
0.351228 1.021274 0.588162 157 125 98
-0.609138 -0.561451 -0.421155 123 96 75
0.054889 -0.480517 -0.055770 14 11 9
-0.775401 -0.556062 -0.405605 215 164 129
-0.226033 -0.159655 -0.045421 9 8 6
0.326588 -0.068881 -0.097886 12 11 8
-0.032229 0.277068 0.010340 231 190 148
-0.196530 0.770049 0.282625 216 171 142
0.055392 -0.397731 -0.052702 15 12 11
-0.634723 -0.130909 -0.146445 232 189 147
-0.490594 -0.400176 -0.155076 10 8 6
-0.057950 -0.845969 -0.235281 21 15 15
-0.182936 -0.792542 -0.196578 9 7 7
0.178688 0.347993 0.028586 234 194 152
0.073852 0.336325 0.083548 214 178 142
0.029401 -0.260947 -0.057247 11 9 7
-0.202239 0.982300 0.507273 88 64 46
0.135349 -0.919225 -0.319127 8 7 5
-0.733297 -0.503824 -0.373857 215 169 135
0.274938 0.214830 -0.133161 225 181 140
-0.108418 0.444707 0.073964 193 150 114
-0.728178 -0.068018 -0.157452 225 182 141
-0.129535 0.865786 0.629236 213 171 144
0.158978 0.341102 0.314094 228 178 153
-0.010082 0.533657 0.484722 217 163 137
0.305660 -0.598010 -0.081333 16 13 11
-0.019924 0.526465 0.475455 225 169 144
-0.870594 -0.313789 -0.405702 153 115 82
-0.235830 0.136461 -0.049085 18 13 10
0.671916 -0.070746 -0.233933 239 198 154
-0.565930 -0.577823 -0.409449 11 5 5
0.695406 -0.228688 -0.306155 233 190 148
0.427249 -0.456630 -0.135720 14 11 9
-0.520784 -0.354649 -0.179740 4 3 1
-0.624616 0.013286 -0.103843 236 196 152
0.193568 -0.485505 -0.055503 13 9 7
0.248378 0.524203 0.435474 235 185 159
0.449975 0.237544 -0.229337 38 35 36
-0.216861 -0.100325 -0.047831 12 11 8
0.268787 0.584906 0.471859 236 179 148
0.274851 0.278583 -0.132194 223 181 140
-0.271947 0.292502 -0.135018 222 173 132
0.440103 -0.762503 -0.382608 26 22 23
0.113059 -0.281806 -0.064172 14 12 10
0.760990 -0.375329 -0.435237 217 169 130
-0.810646 -0.171224 -0.243315 207 162 122
-0.211829 0.362445 -0.114862 196 148 108
-0.176366 0.731574 0.442688 208 163 135
0.801097 -0.071269 -0.303444 220 175 131
0.259296 0.471128 0.034611 219 173 133
0.348076 0.814414 0.479867 212 169 139
-0.075906 0.458777 0.129214 176 134 101
-0.343486 -0.685959 -0.118505 13 11 9
-0.492867 -0.346280 -0.144225 9 8 6
0.277570 -0.165582 -0.080592 12 11 8
-0.060557 -0.699306 -0.122108 28 26 27
0.698926 -0.024168 -0.220351 240 202 160
0.306180 0.578559 0.349541 205 159 130
-0.529754 -0.069718 -0.101030 236 196 152
-0.705185 -0.365737 -0.285879 216 174 138
-0.320187 -0.615923 -0.058965 16 14 13
-0.093945 0.538450 0.440063 208 158 135
-0.021899 1.036134 0.699524 97 74 51
0.452151 -0.780996 -0.441437 38 36 35
0.227683 0.287321 -0.068326 221 181 142
0.194065 -0.904257 -0.329693 10 9 7
0.101260 0.887142 0.731920 244 195 168
0.569267 -0.573790 -0.428993 158 121 95
0.318217 0.368047 -0.198536 219 172 130
0.188417 0.811131 0.693408 243 197 172
-0.084187 0.062762 -0.037788 237 185 149
-0.148954 -0.171943 -0.048020 11 10 8
-0.476456 -0.406110 -0.133578 12 11 9
-0.346042 -0.558427 -0.052218 14 11 10
0.408023 1.014760 0.435517 85 66 49
0.329088 1.095693 0.585139 114 93 76
-0.726356 -0.096334 -0.167177 226 183 142
-0.294749 -0.317906 -0.041985 13 10 9
0.478047 -0.644668 -0.263890 27 23 22
0.052093 0.618269 0.573968 184 134 105
-0.131858 -0.022237 -0.043423 14 11 8
0.157224 -0.834710 -0.265218 10 9 9
0.571363 -0.592023 -0.432705 163 126 99
-0.153030 0.402411 -0.025504 174 129 92
-0.162678 0.629580 0.426301 197 148 123
0.150864 0.380168 0.355805 230 184 157
-0.694334 -0.310992 -0.247737 219 177 141
0.002175 0.437011 0.428029 118 50 41
-0.035352 0.424411 0.141100 160 124 97
0.775565 -0.315651 -0.408639 219 173 131
0.048754 -0.004331 -0.050611 17 12 10
-0.768126 -0.149082 -0.206428 220 175 134
-0.363180 0.247731 -0.146684 7 6 4
-0.216826 -0.670196 -0.069725 16 13 13
-0.606919 -0.321115 -0.239678 214 170 129
-0.715514 -0.229393 -0.212938 222 179 141
-0.006896 -0.152347 -0.054966 11 9 8
0.203001 -0.126362 -0.073333 11 9 6
-0.341257 -0.718523 -0.159500 16 12 11
0.063443 -0.327851 -0.057743 11 10 8
-0.066809 -0.665477 -0.100526 25 20 20
0.213504 0.897940 0.705225 241 192 166
0.010613 0.639834 0.547632 208 161 135
-0.348266 -0.693211 -0.129349 16 14 13
0.619891 -0.221399 -0.262074 230 184 140
-0.215493 1.054111 0.445075 75 56 42
0.109926 1.072793 0.706980 75 57 39
0.041583 0.666404 0.599302 140 96 71
0.490948 0.241581 -0.235558 29 28 27
0.448031 -0.797854 -0.445101 47 45 46
-0.127801 0.711093 0.557816 184 143 124
0.290037 1.092022 0.628088 85 68 48
-0.583510 -0.291499 -0.214729 200 155 113
0.325169 -0.738591 -0.191380 16 16 14
-0.796969 -0.417542 -0.362170 208 163 128
-0.233221 -0.677610 -0.075513 15 13 12
-0.218438 0.951825 0.439055 79 57 39
0.215138 0.331642 -0.015184 228 187 145
0.168822 0.455880 0.420799 212 167 141
-0.135955 0.126346 -0.053835 233 180 140
0.111239 0.392350 0.405808 198 130 116
-0.150660 0.956050 0.615259 175 131 106
0.414543 -0.497230 -0.127214 15 11 10
-0.577616 -0.606684 -0.443856 34 21 17
-0.502943 -0.589435 -0.239418 11 10 10
0.385829 0.924959 0.468014 148 116 95
0.141716 0.523201 0.501355 211 151 128
-0.224776 -0.265290 -0.041941 12 9 7
-0.724672 0.179672 -0.166651 211 157 123
-0.149291 0.750765 0.544706 190 152 133
0.382371 -0.731584 -0.234463 23 22 18
0.418051 0.968071 0.353526 92 73 57
0.115990 0.551948 0.563230 225 178 152
-0.510646 -0.391461 -0.180777 5 4 3
0.725472 -0.416088 -0.434046 221 174 134
-0.374452 -0.712781 -0.171416 17 13 12
0.429612 -0.606796 -0.160895 16 12 11
0.076407 -0.205451 -0.062285 12 11 9
-0.668644 -0.494308 -0.355650 215 171 136
-0.723445 -0.490358 -0.363533 215 170 135
0.333324 0.687777 0.404273 208 155 119
-0.248082 -0.219322 -0.043365 10 9 7
0.102398 -0.012998 -0.059934 12 9 7
-0.173906 0.648174 0.382110 176 128 101
0.293678 -0.625282 -0.087139 22 18 18
-0.027016 0.586333 0.510628 244 193 163
-0.000758 0.673592 0.581577 120 84 61
0.017794 -0.587024 -0.072425 17 16 15
0.415336 -0.743117 -0.301425 29 22 25
0.267121 0.003911 -0.091531 10 9 7
-0.539856 -0.228988 -0.136589 15 11 9
0.214709 0.052993 -0.077128 11 7 4
-0.762886 0.036014 -0.146343 214 172 136
-0.747925 -0.591467 -0.402932 215 167 132
0.336855 -0.355839 -0.087551 12 10 9
0.442283 -0.027687 -0.135860 11 10 6
0.026057 0.175910 -0.059861 232 187 145
0.240359 0.119518 -0.086630 76 54 43
-0.089943 -0.575356 -0.057159 14 11 10
0.051819 0.473977 0.579306 216 171 150
0.059771 0.183454 -0.057072 233 187 144
-0.045536 0.908320 0.705167 230 181 153
-0.822968 0.019306 -0.239892 175 126 94
-0.026604 0.882763 0.709101 233 185 157
0.360621 0.779194 0.369299 183 145 121
0.372522 0.269211 -0.200302 37 30 28
0.315991 -0.383006 -0.081187 12 10 9
0.271125 0.206329 -0.128633 226 182 140
-0.645468 -0.333642 -0.250197 223 184 146
0.829392 0.019148 -0.338312 211 168 127
-0.775932 0.006497 -0.164023 212 167 130
-0.481448 -0.573141 -0.173770 12 12 11
0.656744 -0.632734 -0.473919 222 170 133
0.372165 -0.073230 -0.109532 12 11 7
-0.271766 0.900204 0.236230 223 158 132
0.247705 0.713688 0.619948 132 94 71
0.148704 0.571423 0.522234 236 189 162
0.281247 0.340715 -0.122960 224 179 138
-0.252200 0.832779 0.220515 211 155 133
-0.549219 0.076282 -0.101861 243 201 159
0.180349 -0.381092 -0.058033 13 10 9
0.173351 -0.032353 -0.070900 12 10 7
-0.784187 -0.356911 -0.321662 211 169 134
0.571921 -0.756670 -0.507679 182 140 115
0.166518 0.566479 0.506374 240 192 166
0.343761 0.858366 0.550416 207 169 141
0.399187 0.998810 0.470222 96 74 54
0.128458 -0.628488 -0.081956 16 14 15
-0.180328 0.972456 0.555391 112 80 59
-0.033967 -0.184970 -0.053985 11 10 8
0.015582 -0.166858 -0.057038 13 12 10
-0.671373 -0.535907 -0.381938 214 169 135
0.823335 0.027414 -0.319486 216 171 130
0.138515 -0.810776 -0.237417 11 11 9
-0.401838 0.200123 -0.127337 7 6 3
0.432132 -0.536035 -0.144917 14 12 10
-0.561807 -0.232947 -0.156819 51 29 21
-0.805244 0.077128 -0.214186 168 121 93
-0.217421 -0.649773 -0.057714 13 11 11
0.417301 -0.557740 -0.134117 14 12 10
0.100892 0.237842 -0.022613 233 193 153
-0.124697 0.146635 -0.061416 234 185 143
-0.425205 0.295081 -0.206322 10 8 6
-0.479479 -0.296167 -0.113167 13 9 7
-0.637304 -0.693875 -0.380574 198 153 125
-0.852501 -0.120919 -0.287289 170 126 92
0.551835 -0.391825 -0.340195 37 27 19
0.160903 -0.449102 -0.054439 14 11 10
-0.777232 -0.261544 -0.261505 215 173 137
0.077636 0.447457 0.478616 229 173 150
0.296640 0.607123 0.073128 207 162 124
0.251748 0.413422 -0.003965 213 168 125
-0.056206 0.163819 -0.055639 229 180 139
-0.702871 -0.098604 -0.159120 227 185 143
-0.419649 -0.601917 -0.109294 14 11 11
0.179909 0.250713 -0.053424 230 188 149
0.778534 -0.285714 -0.392275 222 178 136
0.017919 -0.803215 -0.214820 11 9 8
-0.672362 -0.705559 -0.383041 209 160 133
-0.158102 0.679258 0.467661 205 157 129
0.104515 0.347597 0.357285 240 189 163
-0.186617 1.038702 0.528321 92 73 56
-0.377884 -0.760462 -0.257817 17 13 12
0.159122 -0.815935 -0.247154 13 11 10
0.644030 -0.597024 -0.454523 221 169 132
-0.190456 0.787811 0.408413 205 162 137
-0.370684 0.267619 -0.163815 8 5 4
0.205772 0.273555 -0.056298 227 186 145
-0.874058 -0.329852 -0.419550 152 113 82
-0.209816 -0.806094 -0.215233 11 9 9
-0.511696 -0.615741 -0.297001 9 8 8
0.607329 0.001098 -0.200759 241 202 161
0.320072 1.130648 0.574067 91 77 65
-0.307860 -0.652317 -0.074263 13 11 10
-0.119923 0.482626 0.285175 195 150 130
0.107467 -0.754200 -0.175084 15 12 13
0.371445 0.289052 -0.208977 35 27 25
0.318856 0.304246 -0.174787 228 184 141
0.509568 -0.406364 -0.220506 15 11 10
0.182693 0.431264 0.145020 177 142 112
-0.117872 -0.693878 -0.104207 25 21 22
-0.179921 -0.805222 -0.207128 11 9 8
-0.118091 1.038646 0.632888 154 120 96
-0.027821 0.298874 0.025808 222 181 144
0.158846 0.319668 0.018650 232 195 153
-0.025914 -0.788001 -0.200758 10 9 8
-0.853314 -0.086657 -0.290767 167 122 89
0.620276 0.166411 -0.228849 235 188 146
-0.690806 0.110939 -0.107736 237 192 152
0.527728 -0.514788 -0.328822 20 12 10
-0.716407 -0.161714 -0.186764 227 185 144
0.514799 -0.580219 -0.306061 25 24 22
-0.821780 -0.519423 -0.423158 204 154 117
-0.728811 -0.008366 -0.133262 225 183 142
0.086107 -0.753581 -0.178534 18 16 14
-0.770146 -0.107952 -0.194226 221 176 135
-0.232206 0.708536 0.185239 184 117 99
0.279091 -0.727140 -0.149418 19 15 14
-0.139938 0.575073 0.402672 195 151 129
-0.448634 0.233292 -0.147998 9 8 6
-0.138237 -0.071053 -0.046923 13 11 9
0.518165 -0.499242 -0.266598 18 16 16
0.065081 1.048164 0.715206 81 63 44
-0.587396 -0.560884 -0.421120 73 55 41
0.230472 0.310902 -0.053357 220 179 139
-0.524429 -0.624479 -0.342576 4 3 1
-0.081425 0.715533 0.625041 199 154 135
-0.557560 -0.571657 -0.379532 7 5 3
-0.120804 -0.270859 -0.047967 12 10 8
-0.167713 0.604015 0.302763 196 148 125
-0.391731 -0.271576 -0.058017 12 9 7
0.303784 0.338764 -0.156098 222 175 133
-0.571848 -0.502015 -0.323807 8 4 3
0.403479 0.998720 0.458054 93 68 45
-0.603857 -0.045528 -0.117963 237 196 152
0.311417 0.575011 0.294445 205 163 131
-0.125358 -0.725006 -0.125324 15 13 14
0.315535 0.141975 -0.123138 13 10 7
-0.005737 0.459157 0.446047 208 161 136
-0.504619 -0.550289 -0.210103 9 8 6
-0.096332 0.264790 -0.025787 221 177 141
-0.610876 -0.522210 -0.375990 144 112 91
-0.310831 0.015005 -0.067925 9 8 6
-0.203641 0.800930 0.349909 151 113 94
0.263334 -0.870643 -0.333916 9 9 7
0.312359 0.582332 0.230577 189 148 117
0.153613 -0.440369 -0.054091 13 9 9
-0.430034 0.309258 -0.225421 14 11 10
0.513889 -0.213894 -0.164011 15 13 10
0.224050 0.292930 -0.060354 219 180 142
0.413752 -0.450755 -0.125783 13 11 8
0.398582 -0.596961 -0.127024 18 14 14
0.044908 0.702602 0.663120 234 190 165
-0.342055 -0.577399 -0.054885 14 11 11
0.033496 -0.077713 -0.056327 15 12 9
0.151849 -0.753488 -0.167726 16 14 14
0.402514 -0.450403 -0.118321 14 11 8
-0.141402 -0.219667 -0.047483 12 10 8
-0.812923 -0.241368 -0.276782 200 157 122
-0.192549 0.342908 -0.093671 202 154 111
-0.106178 -0.210598 -0.049741 12 10 9
-0.304254 0.125733 -0.078225 7 6 4
0.011863 -0.524671 -0.060301 15 11 10
-0.382125 0.360187 -0.246517 22 16 16
0.162742 0.446931 0.409430 190 133 113
-0.890215 -0.441191 -0.480751 157 120 89
-0.283835 0.358021 -0.176331 205 156 119
0.481951 -0.524399 -0.199902 13 11 9
0.377607 -0.257412 -0.100324 13 10 8
0.275398 0.506867 0.015714 205 158 119
0.521367 0.033631 -0.185449 149 129 114
-0.374834 -0.255539 -0.053252 13 9 7
-0.102937 0.472835 0.104278 193 148 112
0.260801 0.621606 0.499881 238 185 151
0.155907 1.047440 0.712469 67 49 29
-0.130180 0.356148 -0.007232 192 148 113
0.131076 0.385533 0.376789 231 189 162
0.084377 0.387956 0.414844 188 108 95
0.405036 -0.707714 -0.227204 26 23 21
0.240221 -0.736842 -0.152617 20 16 17
0.380990 -0.661409 -0.151610 19 15 16
-0.039611 0.159579 -0.053036 228 178 137
-0.347344 0.170498 -0.104215 6 5 3
-0.067793 0.308636 0.019598 219 178 140
-0.745073 -0.307527 -0.268564 218 177 142
0.334347 0.677305 0.327777 194 148 119
0.310174 -0.150715 -0.087101 12 10 8
0.727904 -0.076879 -0.255786 234 193 149
0.302722 -0.052281 -0.093885 11 9 6
0.159961 0.356780 0.052395 234 195 154
0.299579 0.633463 0.463367 231 180 145
0.485960 -0.636939 -0.270314 25 21 22
0.632387 0.154964 -0.225031 234 187 146
0.272491 0.646703 0.503500 232 181 146
-0.017629 1.011694 0.711694 119 85 60
0.263206 -0.621081 -0.079011 24 22 20
0.353399 -0.831705 -0.347278 11 10 8
-0.170323 0.226300 -0.083132 217 170 129
0.125810 0.666079 0.592182 183 136 107
0.320949 1.115992 0.582738 77 62 48
0.036033 -0.048698 -0.055211 15 11 8
-0.391492 0.206570 -0.130984 7 6 4
0.340320 0.708897 0.388506 207 158 121
0.253146 0.474102 0.057134 224 179 140
-0.092948 -0.119797 -0.050851 12 10 8
0.360672 -0.753316 -0.247353 22 18 17
0.151816 0.434790 0.401228 143 54 52
0.509710 -0.597810 -0.301146 33 30 25
0.188528 0.429600 0.107597 220 178 143
-0.138097 0.680453 0.498919 216 169 137
-0.558181 -0.362800 -0.240442 86 62 34
0.293452 1.106666 0.617427 64 50 35
0.285852 1.085769 0.635504 70 57 37
-0.403866 -0.760871 -0.289986 12 6 6
-0.131483 -0.673770 -0.087949 26 22 22
-0.700374 -0.459663 -0.340599 217 173 138
-0.170895 -0.845219 -0.236764 18 12 12
-0.197229 0.797323 0.285705 216 168 138
0.447213 -0.764079 -0.405443 29 27 28
0.351909 -0.224368 -0.092840 11 9 7
-0.823149 -0.261854 -0.297484 194 154 122
-0.418795 -0.163814 -0.066081 12 10 8
0.217691 -0.820091 -0.268906 13 12 10
0.259487 -0.364372 -0.068243 13 10 9
0.601164 -0.105488 -0.219649 238 195 151
-0.290630 -0.005844 -0.061805 10 9 7
-0.122564 -0.419250 -0.040103 11 10 8
0.076450 -0.253305 -0.062029 12 10 9
0.218519 -0.830737 -0.281232 11 9 8
0.273243 0.469167 -0.059536 209 163 121
-0.649996 -0.062077 -0.130464 232 191 148
-0.506151 -0.091269 -0.088510 48 26 19
-0.226228 -0.802729 -0.217342 9 9 8
0.676195 -0.204018 -0.284507 236 192 148
0.129343 0.555161 0.544012 228 181 155
0.133028 0.795618 0.702202 247 204 178
0.397041 -0.520390 -0.114614 12 11 9
0.378917 -0.303524 -0.101768 13 11 9
0.824460 0.036663 -0.326190 207 164 122
0.259221 -0.695863 -0.116514 23 19 20
-0.100792 0.597843 0.489164 233 179 149
-0.055013 0.415645 0.332477 192 154 135
-0.015206 -0.429677 -0.051725 13 9 8
0.331403 0.717766 0.443999 220 171 136
-0.262884 -0.496520 -0.025977 12 10 9
0.409005 -0.796904 -0.367453 20 14 16
-0.876972 -0.252024 -0.402355 146 109 76
0.685460 -0.750631 -0.559363 219 167 131
0.518298 -0.417253 -0.244412 25 20 21
-0.015937 -0.007709 -0.044399 14 10 7
-0.215994 0.908068 0.410761 93 70 52
0.049183 0.031909 -0.050799 183 150 134
-0.332829 -0.144269 -0.050422 9 8 6
-0.153499 0.562681 0.085964 188 137 102
-0.273584 0.851377 0.195501 217 146 124
0.606104 -0.169901 -0.234612 230 185 136
-0.087680 0.691880 0.573737 158 111 91
0.621406 -0.523604 -0.419934 211 161 125
0.053429 0.710523 0.669475 239 195 170
-0.136742 0.887273 0.625631 207 166 140
0.757158 0.162629 -0.289479 218 170 130
-0.139709 0.513657 0.078513 190 142 103
0.045887 -0.663817 -0.107160 21 14 14
0.172738 -0.256278 -0.067886 12 11 9
0.244096 0.461486 0.060374 224 180 140
0.578577 -0.635230 -0.442088 181 139 112
-0.318417 -0.345438 -0.042889 13 10 8
0.280963 -0.459857 -0.067947 15 11 10
0.528903 -0.392139 -0.264430 25 21 20
0.286948 0.506786 0.284306 208 162 131
-0.422243 0.267017 -0.181416 8 7 5
0.271958 0.478461 0.252792 184 140 112
-0.325929 0.035568 -0.073667 8 7 5
0.613165 -0.207427 -0.251945 230 186 140
0.415508 0.941382 0.291343 74 55 42
-0.045830 0.355594 0.060251 193 154 120
0.178575 0.933461 0.719141 239 192 163
0.683739 -0.690003 -0.523261 223 170 136
0.281298 0.431261 -0.109514 213 162 118
-0.704228 -0.311948 -0.251793 218 176 139
0.242613 1.139411 0.626050 69 51 32
-0.656745 -0.133463 -0.155181 230 188 146
0.545603 -0.695147 -0.480033 131 100 82
0.505463 -0.272886 -0.174986 12 10 8
0.289545 0.716804 0.578168 209 166 141
-0.236336 0.147106 -0.056935 28 22 18
-0.707109 -0.480170 -0.354068 216 171 137
-0.163211 0.848946 0.569032 185 146 121
-0.799906 -0.026397 -0.195008 206 157 121
0.147549 -0.741614 -0.157226 15 13 12
0.005722 -0.822631 -0.228051 8 7 6
-0.543755 -0.680061 -0.436248 35 32 18
0.178423 0.810769 0.696655 240 194 167
-0.163522 0.890459 0.585491 184 141 120
0.693920 -0.141391 -0.269870 236 195 150
-0.111011 0.146752 -0.059294 236 187 146
0.293995 -0.177292 -0.082283 13 11 9
0.326864 0.785764 0.527297 216 176 148
0.393451 -0.760217 -0.296739 27 23 22
0.591315 -0.078794 -0.208789 241 199 156
-0.188172 0.986823 0.535404 120 92 71
0.003299 -0.160717 -0.055824 13 10 8
-0.055769 0.054570 -0.040460 239 187 151
0.397287 -0.825004 -0.379614 12 10 8
0.028519 0.808815 0.706048 244 195 172
-0.646836 -0.652102 -0.399096 199 155 126
-0.568251 -0.557422 -0.389769 9 5 3
-0.022520 0.341433 0.268054 158 113 92
-0.433272 0.047854 -0.080856 10 9 6
0.280195 1.059322 0.654688 110 94 73
-0.627883 -0.480693 -0.341642 194 150 121
-0.158081 -0.102358 -0.047452 11 10 8
-0.267926 0.094588 -0.062202 9 8 6
0.070610 -0.650277 -0.098779 18 13 15
0.312073 0.619034 0.425460 219 169 134
0.124138 -0.764262 -0.186634 16 15 14
-0.687162 -0.690640 -0.391159 209 162 130
0.817867 0.069920 -0.318580 210 165 124
-0.631540 0.106879 -0.099835 245 202 162
0.514781 -0.594376 -0.337155 32 31 29
-0.421118 -0.349161 -0.073543 12 9 8
-0.056251 0.442682 0.145693 161 124 93
0.369304 0.809641 0.223327 123 49 28
-0.003518 -0.764504 -0.185731 11 10 9
-0.277620 -0.331382 -0.039986 10 8 7
0.743901 -0.540097 -0.512849 222 168 129
0.408117 0.925302 0.362211 89 67 48
0.341773 0.703117 0.277030 195 150 120
-0.049241 -0.711149 -0.131926 18 15 17
-0.020950 0.375916 0.335827 204 160 134
-0.547808 -0.368318 -0.224490 5 3 1
0.194073 0.392109 0.054793 235 195 154
0.330108 0.349258 -0.208001 224 176 133
0.095664 0.999805 0.732875 123 94 71
0.151291 0.753168 0.682593 245 202 177
-0.107783 0.458877 0.273448 186 141 118
0.266298 0.549243 0.442109 233 179 151
-0.772124 0.100719 -0.163668 198 152 121
-0.082761 0.408249 0.073514 187 149 114
0.241539 1.153361 0.617266 67 49 27
-0.270723 0.011161 -0.059992 9 8 6
0.339955 0.696820 0.324336 194 149 119
-0.170122 0.436412 -0.063222 189 141 102
0.813075 0.046025 -0.294467 217 172 130
-0.835552 -0.505856 -0.429318 195 146 109
-0.319919 0.004163 -0.068000 8 7 5
-0.503887 -0.661504 -0.326800 4 3 1
-0.144579 1.043381 0.608663 154 119 94
-0.012537 0.944395 0.721242 232 186 153
-0.170235 1.090008 0.547001 95 73 54
0.403999 0.850254 0.289673 136 91 69
0.038036 -0.517947 -0.059058 15 13 12
0.271180 0.465027 -0.048763 205 159 118
0.427443 0.809710 0.179283 214 132 106
-0.539454 -0.121676 -0.103823 236 195 152
0.615557 -0.131237 -0.232986 235 192 145
-0.150201 -0.300774 -0.044607 11 9 8
-0.093613 0.472398 0.114902 190 148 110
0.693257 -0.677528 -0.529649 224 171 136
-0.611835 -0.224519 -0.172730 216 174 133
-0.032371 0.359135 0.244107 145 101 76
-0.210693 0.931948 0.463807 88 63 43
-0.521074 -0.327364 -0.168405 11 10 8
0.026103 0.424192 0.440766 114 34 27
0.206488 -0.317069 -0.065047 11 10 8
0.340740 0.810146 0.505265 214 174 144
-0.183572 1.110105 0.504529 81 64 46
-0.738735 -0.057024 -0.158378 222 178 137
0.207911 0.570178 0.493683 243 191 163
0.526906 -0.204591 -0.172589 21 13 9
-0.140641 0.065064 -0.030914 19 9 5
0.279618 0.498377 0.300026 218 171 139
0.248206 -0.426986 -0.064011 14 10 8
-0.137866 0.154320 -0.064965 232 185 145
-0.411626 -0.349636 -0.068872 14 10 8
-0.500040 -0.629564 -0.285777 8 7 7
-0.157128 0.513506 0.025988 181 133 97
0.235149 -0.866940 -0.319958 10 9 7
0.468629 0.270080 -0.261969 29 26 26
0.551000 -0.369444 -0.321960 17 9 7
-0.296727 -0.802468 -0.247457 8 7 5
-0.552360 -0.356514 -0.230338 8 4 2
-0.028622 0.521479 0.471155 228 174 147
0.317114 -0.161120 -0.087490 11 10 7
-0.202190 0.903753 0.482127 133 99 78
0.124296 1.017862 0.726907 91 71 49
-0.649590 -0.245791 -0.195786 224 181 143
-0.056115 0.858129 0.688762 227 183 158
-0.434272 -0.068346 -0.070641 11 10 7
0.403885 -0.260822 -0.111609 12 11 8
-0.188226 0.736505 0.280394 194 147 122
0.709636 0.084097 -0.211912 234 190 148
0.802839 0.039397 -0.275797 217 173 131
0.464830 -0.084070 -0.139302 12 10 8
0.196615 0.451210 0.396901 225 181 149
0.639252 0.200299 -0.251044 229 182 139
-0.863282 -0.384080 -0.412381 163 124 93
0.524541 -0.314411 -0.214251 23 18 19
-0.899998 -0.425361 -0.509351 151 113 82
-0.332793 -0.040924 -0.063052 9 8 6
-0.286063 -0.809846 -0.247897 9 8 6
0.294910 1.081435 0.631307 64 51 32
0.229992 -0.329393 -0.065402 13 10 9
0.442737 0.016144 -0.142370 10 9 6
-0.773409 -0.299923 -0.280374 214 172 137
0.041555 0.088095 -0.077130 241 192 149
0.077951 0.922134 0.734556 246 201 172
0.739332 -0.269276 -0.355479 225 183 140
-0.685323 -0.665297 -0.391029 212 166 134
-0.480697 -0.647544 -0.260696 9 8 8
0.131788 -0.645862 -0.091190 17 15 16
0.434628 0.178530 -0.187277 10 9 5
-0.431562 0.181161 -0.118232 10 9 5
0.773005 0.100020 -0.254106 225 181 141
-0.258449 0.329107 -0.139905 213 164 124
0.404973 -0.770442 -0.326362 34 29 27
-0.540991 0.049695 -0.101411 241 201 157
0.090165 1.104926 0.686268 60 43 27
0.059222 0.751426 0.689033 245 201 176
0.610515 -0.080526 -0.218765 239 198 154
0.794009 -0.513001 -0.539645 217 161 123
0.009258 0.854937 0.716130 243 202 174
0.667554 -0.623331 -0.482332 222 170 131
-0.000106 -0.489869 -0.055996 15 12 11
-0.648974 -0.596015 -0.416745 188 144 120
0.327973 0.922168 0.612480 224 184 156
-0.132154 0.212115 -0.063457 229 185 143
-0.094183 0.174202 -0.059842 238 190 150
-0.256370 -0.462851 -0.026313 13 10 8
-0.138775 0.481324 0.058375 186 140 103
0.331568 -0.570734 -0.083960 14 10 10
-0.660257 -0.323663 -0.246304 222 182 146
0.739409 -0.393846 -0.430496 222 175 135
0.244985 0.505749 0.417689 231 185 159
-0.142883 -0.457363 -0.035048 14 10 9
-0.156870 -0.658883 -0.072635 19 14 14
0.458383 -0.257919 -0.139703 11 10 8
0.489944 -0.689677 -0.404948 33 28 26
-0.451475 -0.378188 -0.100326 17 13 10
-0.244397 0.118702 -0.050914 12 10 7
0.437681 -0.723017 -0.306392 23 19 18
0.508648 -0.192253 -0.155917 13 10 7
-0.172295 0.624047 0.308107 192 146 122
0.395506 -0.801686 -0.353521 20 15 15
0.427097 -0.405779 -0.132983 13 11 8
-0.125096 0.611366 0.479825 223 168 140
0.036490 0.152895 -0.072170 236 187 145
-0.467358 -0.741223 -0.330464 12 11 7
-0.136361 0.731114 0.568761 194 150 132
-0.062444 1.108617 0.638165 59 40 23
0.127664 0.498633 0.535881 227 174 152
0.592627 0.219979 -0.252172 228 180 141
0.182866 -0.308750 -0.064762 14 11 10
-0.181064 0.792070 0.448451 201 160 134
-0.826653 -0.102371 -0.240151 195 148 113
-0.230130 -0.207588 -0.044154 12 11 9
-0.113624 -0.796747 -0.198784 10 9 9
0.104031 -0.355504 -0.057975 13 10 9
0.284174 0.512098 0.314068 219 174 144
0.114347 0.538083 0.562354 225 175 151
-0.815252 -0.487613 -0.405046 205 157 119
-0.182278 0.709440 0.291972 186 136 111
0.097125 1.069418 0.708543 76 58 36
0.383412 -0.248249 -0.102477 11 10 8
0.166159 -0.737848 -0.154481 18 15 14
0.072013 0.509344 0.590797 247 200 178
0.506647 -0.656249 -0.456360 39 34 30
-0.187279 0.807513 0.435478 195 153 129
0.058384 -0.054930 -0.058133 15 12 9
0.181107 0.636636 0.532706 179 129 100
0.339795 0.749230 0.439392 222 176 141
-0.339270 -0.164111 -0.049349 11 9 7
-0.132821 0.501027 0.262633 187 144 121
0.744259 -0.285854 -0.368939 225 182 139
0.509870 -0.601575 -0.311033 27 26 24
-0.718112 0.070391 -0.113305 232 190 151
-0.024287 0.694229 0.626972 146 106 83
0.276481 0.496398 0.309819 219 176 145
-0.766772 -0.179625 -0.216190 221 178 138
0.368710 -0.120252 -0.103438 12 10 8
0.111973 0.726059 0.677145 243 199 174
0.550157 -0.249029 -0.206594 43 29 23
-0.221791 -0.480952 -0.025713 13 10 9
-0.155826 0.489860 0.014336 181 134 98
0.002911 -0.306641 -0.053528 12 10 9
-0.197033 0.792732 0.386961 183 144 121
0.415038 -0.590657 -0.140441 17 14 12
0.140988 0.406769 0.154983 155 122 98
0.471856 -0.717341 -0.393288 29 21 19
-0.456121 -0.277488 -0.089499 13 9 7
0.365709 0.924831 0.535690 175 138 114
-0.258872 -0.760245 -0.174359 12 8 9
-0.454782 0.117206 -0.092607 10 8 4
-0.491641 -0.436297 -0.163095 9 9 7
0.367288 0.909624 0.522148 162 123 98
0.552156 -0.336118 -0.294433 22 17 14
0.288189 -0.684281 -0.114510 20 18 19
0.264609 0.464929 0.007782 211 166 125
0.032962 0.492079 0.528201 149 108 99
-0.054070 -0.235826 -0.053074 12 9 8
0.523512 0.259722 -0.271115 42 38 36
-0.016401 0.036137 -0.044828 230 190 163
-0.148785 -0.123894 -0.048250 10 9 7
-0.573836 -0.159901 -0.126866 223 178 136
0.260547 0.050502 -0.093300 12 10 7
-0.163595 -0.739644 -0.141262 13 10 10
0.271136 0.474334 -0.021339 203 156 115
-0.019948 0.180478 -0.048639 236 187 144
0.024271 -0.795505 -0.209530 11 10 8
-0.022405 0.489362 0.455051 225 177 149
-0.182957 0.873470 0.528939 155 118 95
0.300905 -0.412903 -0.076264 11 9 8
-0.275411 -0.533049 -0.029889 13 10 9
-0.813341 0.039850 -0.219024 178 129 98
-0.776048 -0.154414 -0.212354 219 173 133
-0.696142 0.210420 -0.174016 215 161 127
0.557723 -0.318663 -0.288410 24 20 15
0.825647 -0.050834 -0.332516 214 171 128
0.068698 -0.913346 -0.299030 8 7 5
0.627670 -0.577883 -0.438905 215 164 126
0.274390 1.051864 0.661910 88 72 56
0.604223 -0.548418 -0.425146 197 149 116
0.185912 1.068579 0.695340 50 39 20
-0.097315 -0.555162 -0.051963 13 11 10
0.276671 0.988519 0.683625 138 105 80
0.140809 0.866603 0.722171 246 201 175
0.336581 0.679427 0.224134 193 145 116
-0.035990 0.139587 -0.056953 231 178 137
-0.133836 0.555254 0.125080 184 134 98
0.682443 -0.602623 -0.491487 222 166 130
0.094216 1.031018 0.725736 85 67 47
0.322991 0.248762 -0.161626 222 180 146
0.448020 -0.783574 -0.430509 27 21 23
-0.517155 -0.228348 -0.116529 21 16 14
-0.176336 0.662388 0.397038 176 127 101
-0.161531 0.670085 0.458064 202 156 128
-0.413092 0.100481 -0.093689 10 9 6
0.516365 -0.767022 -0.537249 40 34 26
-0.893796 -0.442548 -0.491257 156 117 87
-0.457372 -0.445490 -0.112510 15 11 9
0.201995 -0.908613 -0.335091 11 10 8
0.831843 0.004453 -0.348990 203 160 118
0.386396 0.913996 0.450764 126 97 74
0.403581 -0.438293 -0.118785 13 10 8
-0.377533 -0.789696 -0.296976 23 15 13
0.032942 0.299847 0.044720 220 176 139
-0.672607 -0.386579 -0.288652 218 175 141
0.431888 -0.698864 -0.254910 25 22 20
0.252572 0.459826 0.042611 222 179 137
0.023145 0.930547 0.729008 242 198 169
0.335406 0.738680 0.446436 220 174 140
0.554574 -0.013098 -0.191189 241 203 161
-0.015748 -0.580969 -0.070184 16 12 13
0.292316 0.880117 0.646556 230 187 157
-0.691548 -0.469642 -0.343954 216 175 139
-0.354058 0.044862 -0.078372 7 6 4
0.271569 -0.814583 -0.286799 11 9 8
0.740201 0.177206 -0.287461 219 173 134
-0.241154 -0.573118 -0.032569 15 13 12
0.199404 0.550983 0.487235 242 190 166
0.345062 1.054453 0.585892 143 116 93
-0.300175 0.324211 -0.163277 214 166 126
-0.683260 -0.019273 -0.120727 232 193 151
0.510101 0.236425 -0.237808 48 47 47
-0.515564 0.002631 -0.099887 239 201 158
-0.738849 -0.596799 -0.402386 214 165 129
0.016270 0.693432 0.650631 149 105 81
0.370559 1.045110 0.546311 124 98 77
-0.235506 0.306349 -0.120823 221 173 130
0.503581 0.283118 -0.284494 33 29 29
-0.295821 -0.023788 -0.060507 10 9 6
-0.171498 -0.464120 -0.031479 14 11 9
0.683019 -0.353165 -0.366692 228 185 143
-0.148762 0.489484 0.037939 178 132 96
0.676837 0.216193 -0.282176 219 170 135
0.074954 -0.480406 -0.055647 15 12 10
0.468738 -0.483718 -0.178245 13 10 8
-0.542253 -0.163427 -0.109991 184 148 120
-0.520667 -0.662935 -0.362346 9 8 5
-0.001163 0.313143 0.047721 212 170 130
0.147073 0.256601 -0.026508 229 190 148
-0.155847 0.627801 0.440450 195 145 119
0.313953 0.709609 0.488551 219 179 149
-0.352525 0.081250 -0.084681 9 7 5
0.235313 0.664091 0.539052 108 88 79
0.099811 -0.675477 -0.113453 25 23 22
-0.556964 0.261352 -0.189655 227 177 140
0.002037 -0.361641 -0.051191 15 12 11
-0.173088 0.768084 0.465577 201 161 136
-0.162726 0.023981 -0.038029 11 9 7
-0.675242 -0.104273 -0.151603 231 190 148
-0.730873 -0.463822 -0.351912 216 172 138
-0.127238 0.340662 -0.011862 198 155 120
-0.109223 0.471072 0.293573 196 153 132
-0.146665 0.477725 0.036310 180 134 98
0.287047 0.507482 0.249130 190 148 119
-0.764244 -0.401378 -0.334082 213 170 134
0.056577 0.770286 0.695783 244 200 174
-0.018847 -0.047350 -0.049944 14 11 8
0.522085 -0.587133 -0.410507 35 30 24
0.748069 -0.025130 -0.238250 231 190 148
0.539659 -0.663397 -0.471209 105 84 69
0.284195 0.551310 0.039398 203 158 121
0.554358 -0.168317 -0.191871 233 187 140
-0.120348 0.378253 0.020348 193 152 116
0.827694 -0.005531 -0.330538 210 167 125
-0.671717 -0.502428 -0.360974 217 171 137
0.064926 0.610613 0.585541 224 171 146
0.228575 -0.455164 -0.059031 13 9 8
0.652534 -0.446724 -0.396946 221 173 133
0.666554 -0.018488 -0.211519 240 201 159
-0.820272 -0.005780 -0.227599 184 135 101
0.332416 -0.706095 -0.151384 20 17 16
0.199946 0.527727 0.472992 237 182 158
0.341928 0.767131 0.446152 216 171 141
0.343519 -0.097318 -0.099190 13 11 8
-0.475380 -0.420063 -0.133500 15 14 12
-0.442936 -0.074191 -0.071137 11 8 6
0.047269 0.491485 0.577990 215 167 146
0.228909 -0.289063 -0.068337 13 10 9
0.227772 0.576969 0.490088 243 188 158
0.303442 0.269253 -0.157852 229 185 145
-0.018163 -0.365582 -0.050181 13 10 8
-0.524611 -0.611918 -0.330444 6 2 3
-0.689522 -0.049024 -0.134894 230 190 148
-0.091106 0.427399 0.078545 191 151 116
0.321256 -0.098414 -0.094054 11 9 6
0.275824 -0.642889 -0.089480 23 19 20
0.176693 0.566373 0.502949 242 194 169
0.027282 0.320200 0.327180 202 149 128
-0.569534 -0.225238 -0.154908 193 150 115
-0.080765 0.305015 0.010427 211 169 132
0.491311 -0.538716 -0.214997 14 9 7
0.505041 -0.475386 -0.226408 15 12 9
0.070049 0.461332 0.579929 213 163 143
-0.150920 0.479296 0.023955 180 134 98
0.160322 -0.910758 -0.321913 8 7 5
-0.575842 -0.788411 -0.303912 204 147 117
-0.140225 0.518605 0.282561 194 150 126
-0.569999 -0.560435 -0.400388 10 4 4
0.412273 -0.546166 -0.127747 15 12 10
0.282047 0.539312 0.017234 196 151 115
0.053342 0.511109 0.583771 221 174 151
0.222469 -0.089183 -0.077976 13 11 8
0.214734 -0.170240 -0.072031 11 10 7
0.151634 -0.783882 -0.212493 17 16 14
-0.570397 -0.613477 -0.440963 52 39 31
-0.336634 -0.812411 -0.278735 16 12 11
0.550540 -0.647543 -0.458277 133 102 82
-0.424709 -0.648549 -0.149105 27 25 24
0.106340 0.073509 -0.067635 242 191 150
-0.673930 -0.691819 -0.387854 210 162 131
0.514256 -0.242328 -0.171483 15 12 9
0.280150 1.138456 0.611745 31 25 9
0.006462 0.004698 -0.043308 15 10 7
-0.434214 0.231284 -0.150117 7 6 4
-0.320478 0.188927 -0.100486 6 4 2
-0.757790 -0.345929 -0.299070 215 174 139
-0.069776 0.399414 0.261719 172 129 105
0.511701 -0.204250 -0.160388 15 13 9
-0.029783 0.828573 0.693531 237 195 168
0.456369 -0.443703 -0.159880 14 10 9
0.328602 0.028247 -0.111990 9 8 5
-0.575132 -0.490929 -0.320849 8 4 3
-0.080256 0.921945 0.684846 222 174 146
-0.241528 0.198384 -0.098049 225 181 142
-0.374983 -0.242744 -0.053402 11 8 6
-0.365323 -0.049542 -0.065170 10 8 7
-0.257689 -0.409314 -0.031503 12 9 8
-0.378342 -0.094333 -0.061403 9 8 6
0.400874 1.085328 0.464082 76 56 41
-0.103223 0.190472 -0.059300 234 188 147
0.342847 0.707577 0.320363 195 150 120
-0.148502 0.699793 0.493549 207 164 135
-0.498926 -0.679342 -0.331594 9 10 8
0.403069 -0.714916 -0.234304 23 18 17
0.029134 0.061036 -0.063307 240 190 145
0.081670 0.881680 0.731506 250 205 176
0.290238 0.920896 0.666636 198 147 120
0.521391 -0.598389 -0.429773 37 33 28
-0.357395 -0.731079 -0.191216 18 12 12
-0.848261 -0.046339 -0.289238 166 121 86
0.106331 1.089702 0.698018 81 64 45
0.551254 -0.226478 -0.194068 221 173 132
0.338744 0.855697 0.561594 210 170 144
-0.169363 -0.232735 -0.045790 12 10 9
-0.816375 -0.277918 -0.299071 200 157 125
-0.339816 0.107106 -0.086562 8 6 4
-0.071288 0.693585 0.587437 107 55 34
-0.058296 0.108735 -0.052619 240 186 144
0.669310 -0.346153 -0.353429 227 183 141
-0.487047 -0.467473 -0.159761 6 6 4
-0.352931 -0.452427 -0.045644 13 10 8
-0.372323 -0.654352 -0.106374 14 13 11
0.313980 0.604239 0.340318 200 155 124
0.185951 0.422570 0.099446 226 186 147
-0.464680 0.282349 -0.195282 14 10 10
-0.226536 -0.093532 -0.048409 11 10 8
0.170452 -0.408001 -0.055755 13 10 8
-0.220706 0.995683 0.439396 82 63 46
0.371534 0.713136 0.205957 241 181 151
0.140147 0.537677 0.514428 224 178 154
-0.562705 -0.349314 -0.237298 121 89 59
0.253396 0.229796 -0.121261 217 173 133
0.442883 -0.792243 -0.424771 31 25 27
0.272137 0.657947 0.507924 226 171 135
-0.548393 -0.540900 -0.305066 7 3 3
-0.030151 0.763461 0.674001 240 193 171
0.666403 0.221236 -0.282379 220 172 137
0.513064 -0.757743 -0.532981 45 36 27
0.477798 -0.752788 -0.499324 57 52 48
-0.738313 -0.515207 -0.380380 215 168 132
0.060379 0.473262 0.529883 82 23 21
0.137901 0.216170 -0.051128 228 187 143
-0.107925 -0.374605 -0.044156 10 8 7
0.078739 0.901912 0.733686 246 199 171
-0.051386 -0.743817 -0.167377 12 11 11
0.387305 0.180091 -0.170008 12 10 7
-0.011865 0.316434 0.046215 210 171 132
0.053228 0.877356 0.729912 247 202 175
-0.294043 -0.419586 -0.033870 14 11 9
-0.466845 -0.728161 -0.311895 22 19 17
-0.151143 0.591260 0.403518 195 150 128
-0.091027 -0.315951 -0.048707 13 10 9
-0.561588 -0.114654 -0.113420 235 193 149
-0.699953 -0.184808 -0.188589 227 184 144
0.466043 0.244046 -0.238149 28 26 25
0.019393 0.406302 0.407113 183 103 92
-0.591461 -0.161347 -0.136369 223 178 136
-0.782787 -0.108521 -0.202280 217 171 130
0.344955 0.734246 0.391611 215 162 126
0.512401 -0.534803 -0.257957 33 27 27
0.549949 -0.432857 -0.372593 7 3 4
-0.245466 -0.195120 -0.044058 10 9 7
0.129148 1.059109 0.711740 78 61 40
0.564655 0.233923 -0.257314 223 177 144
0.201448 0.399681 0.054341 233 195 152
0.236900 0.322771 -0.056921 213 174 133
0.214219 -0.525638 -0.057551 15 11 9
-0.403985 -0.137180 -0.062683 10 9 7
0.613061 -0.470109 -0.392934 206 158 121
-0.000364 -0.814431 -0.221477 9 8 7
0.317500 0.739823 0.508337 213 171 144
0.306609 0.765393 0.571182 224 184 158
0.169250 0.813066 0.700418 242 197 172
0.425025 -0.860446 -0.446181 39 34 31
0.134125 0.879701 0.726343 245 197 171
0.323788 0.640712 0.336993 197 156 126
-0.541837 -0.459079 -0.243870 5 4 2
0.301779 -0.715079 -0.143746 22 18 18
-0.805331 0.062002 -0.209805 180 131 102
0.370971 -0.748215 -0.248364 22 16 17
0.743012 0.150880 -0.262759 225 181 140
-0.082920 1.084022 0.634971 75 54 39
0.130450 -0.841239 -0.262637 11 11 9
-0.069918 -0.409368 -0.047542 15 12 11
0.761895 0.106233 -0.245952 228 183 142
0.062208 0.286164 0.030514 222 179 144
-0.479041 -0.587294 -0.181452 10 8 9
-0.061781 0.395359 0.079671 187 148 113
0.664474 -0.186884 -0.273327 236 193 148
0.045485 -0.837776 -0.243962 11 10 8
0.700572 -0.739253 -0.564966 223 169 134
-0.779467 -0.388115 -0.335752 213 170 135
-0.156216 0.638357 0.448713 197 148 122
0.153354 0.855126 0.717307 245 202 176
0.262379 0.419010 -0.041736 209 164 123
-0.216025 0.925166 0.429238 91 68 50
0.337004 -0.215251 -0.089732 13 10 8
-0.611966 -0.179216 -0.151412 227 184 142
-0.577233 -0.343521 -0.244077 172 131 93
-0.115124 0.514076 0.131742 179 133 99
0.240646 0.061454 -0.086808 13 10 7
-0.528824 -0.369677 -0.194715 5 3 1
-0.826519 -0.246271 -0.292222 198 155 123
-0.158774 0.654101 0.454148 198 149 120
-0.014853 -0.775171 -0.192475 10 9 8
0.226252 0.510959 0.443040 234 188 165
0.608049 -0.058302 -0.213250 241 201 158
0.306199 1.092670 0.614800 78 62 47
0.257420 -0.493153 -0.060686 15 13 11
-0.274928 0.234569 -0.116218 228 180 141
0.644941 -0.702381 -0.494338 220 169 135
-0.007925 -0.754381 -0.178195 11 9 10
0.011958 0.386150 0.127488 144 108 81
0.245514 0.496881 0.399974 227 182 155
-0.861510 -0.294047 -0.368544 164 125 94
-0.871262 -0.270103 -0.384616 151 111 78
0.474359 0.293794 -0.293107 26 24 26
-0.425843 -0.240544 -0.068018 13 10 7
0.229679 0.331183 -0.034030 220 180 140
0.371240 -0.386246 -0.100215 13 10 8
-0.219210 0.848824 0.239349 163 128 106
-0.082789 -0.676111 -0.102294 22 19 20
-0.075813 -0.274110 -0.050986 11 10 8
0.015051 0.519909 0.508777 197 140 120
0.378485 -0.545334 -0.104134 13 11 10
-0.647503 -0.498366 -0.356943 207 163 129
0.068608 0.704074 0.665158 241 198 172
0.415408 -0.153415 -0.118073 11 10 7
0.343537 0.754950 0.424966 216 167 132
-0.595223 -0.738597 -0.360015 179 138 112
-0.065135 0.818949 0.671830 227 184 159
0.340406 -0.883392 -0.377808 10 9 7
-0.092993 -0.781044 -0.188906 13 11 9
0.392454 -0.844954 -0.390470 11 9 7
0.392563 0.967182 0.488169 118 88 67
0.283730 0.745644 0.596987 231 189 166
-0.057330 0.203044 -0.039023 216 166 126
-0.400498 -0.694310 -0.169795 22 17 17
0.657922 -0.344982 -0.344413 225 181 139
0.080484 0.233018 -0.021158 233 192 153
0.387195 0.910005 0.440505 142 111 90
0.127651 -0.667738 -0.105105 18 14 15
-0.608043 -0.703620 -0.389971 181 139 114
-0.084180 0.575988 0.482394 236 183 153
-0.564552 -0.416311 -0.268468 8 5 3
0.815214 0.005735 -0.298371 209 164 123
0.093694 -0.527376 -0.059005 15 12 12
-0.493961 -0.612124 -0.247566 8 7 6
-0.375648 0.000674 -0.072411 9 8 6
0.316745 1.096062 0.600117 92 75 60
-0.461905 -0.343191 -0.106440 14 11 9
0.138194 -0.257356 -0.066602 13 12 10
-0.065524 0.651601 0.544819 167 121 96
0.222053 0.213564 -0.102569 221 176 137
0.225714 0.470210 0.392489 232 187 161
0.355146 0.753361 0.338426 199 155 126
0.294605 0.699979 0.527128 209 165 137
0.169260 0.334455 0.024655 233 195 154
0.258585 0.521600 0.416008 227 180 154
0.452023 -0.131750 -0.132828 11 9 6
0.259016 0.031334 -0.091491 11 9 5
0.422113 0.165761 -0.179038 9 9 5
0.264049 0.888069 0.674802 234 189 159
0.338144 -0.657589 -0.117706 21 18 19
0.401044 -0.346684 -0.112358 13 11 9
0.010150 0.945653 0.726430 239 194 167
-0.281755 0.115892 -0.069331 7 6 4
0.512729 -0.144502 -0.158167 18 13 9
0.323367 -0.304378 -0.083859 13 11 9
0.254801 -0.616514 -0.075742 22 18 15
0.786765 -0.448672 -0.499240 217 166 123
0.395398 0.165299 -0.168102 12 10 7
-0.150197 1.127949 0.547685 81 61 43
-0.284679 -0.117351 -0.049965 9 8 6
-0.153103 0.521317 0.049608 182 134 98
0.091698 0.854662 0.726802 247 201 175
0.151346 -0.903419 -0.315345 10 9 7
-0.659256 -0.348626 -0.261879 220 177 142
0.537328 -0.497789 -0.353749 19 10 8
0.321798 0.758675 0.511825 216 175 147
-0.172571 0.645043 0.351173 184 139 116
-0.382427 -0.725411 -0.204297 20 14 14
-0.284969 -0.570970 -0.036648 14 11 10
0.363236 -0.206359 -0.096460 12 10 7
0.160301 0.348005 0.042964 233 195 154
0.507702 -0.089014 -0.161698 24 18 11
0.283992 1.145242 0.602925 32 24 11
0.534884 -0.372265 -0.270320 27 22 22
-0.071471 0.455537 0.141849 165 125 96
-0.084874 0.087805 -0.043273 242 189 150
0.230370 -0.299680 -0.067599 13 10 9
0.124797 0.902197 0.730067 245 198 170
-0.101971 1.129731 0.587471 74 58 42
-0.463175 -0.653870 -0.226715 12 12 12
-0.817657 -0.408023 -0.372360 200 155 119
-0.211858 -0.284321 -0.041592 11 10 8
-0.172450 -0.419645 -0.033773 10 8 6
0.062632 0.681293 0.645956 227 183 155
0.194826 0.371964 0.270850 200 156 130
0.377473 -0.488696 -0.102029 13 10 8
-0.562287 -0.140641 -0.117090 228 186 144
-0.280933 -0.174125 -0.045790 11 10 7
0.318377 0.615294 0.313280 206 162 129
-0.760402 -0.427419 -0.346120 214 169 135
0.618183 -0.494427 -0.407455 206 158 123
-0.051829 0.479849 0.427256 210 160 135
0.733975 -0.085568 -0.262621 232 192 149
-0.636981 -0.629205 -0.421232 173 135 109
-0.176085 0.806724 0.479726 199 158 131
0.411136 1.041100 0.398261 59 47 33
-0.348090 -0.308303 -0.049035 12 10 8
-0.737622 -0.318279 -0.271031 216 174 137
0.374137 0.227084 -0.184780 14 11 9
-0.789799 -0.540989 -0.407513 215 165 127
0.199279 1.043299 0.701359 73 58 39
-0.599444 0.094170 -0.100074 240 198 156
0.360829 -0.178198 -0.097041 12 10 8
0.299301 0.332346 -0.148391 224 179 138
0.194822 0.342617 0.012252 233 192 149
-0.437516 -0.377073 -0.085344 14 10 9
0.443013 -0.495871 -0.151630 12 9 9
0.059723 -0.033212 -0.056937 14 11 9
-0.490099 0.039574 -0.089521 141 109 85
-0.640604 -0.241206 -0.190429 224 181 142
-0.270768 -0.802432 -0.234483 9 7 5
-0.204430 0.413248 -0.129047 207 153 107
0.271592 0.406683 -0.080568 222 175 133
-0.514870 -0.259272 -0.126553 17 11 10
0.029780 0.597584 0.550302 219 169 142
0.721704 -0.480637 -0.466806 221 171 132
0.330329 1.140039 0.554665 95 82 68
0.247491 0.503855 0.148618 172 138 108
0.383378 0.847879 0.371406 142 109 88
-0.792342 0.048973 -0.182909 191 144 114
0.584542 -0.803440 -0.541738 191 147 120
-0.817128 -0.501463 -0.411942 203 154 116
0.305137 0.203497 -0.137713 147 122 108
-0.873562 -0.374796 -0.430344 157 117 87
0.421672 0.814316 0.189000 211 133 107
0.197464 0.457795 0.404506 230 186 158
-0.185635 0.717651 0.257558 181 133 106
0.732933 0.052979 -0.215839 238 196 154
0.388393 0.991867 0.500412 94 65 44
-0.503971 -0.365566 -0.163958 8 6 5
-0.336643 0.265713 -0.140958 11 8 4
0.536308 -0.099009 -0.180483 234 188 145
-0.179067 0.994828 0.556626 103 76 53
0.549162 0.254760 -0.280286 212 165 132
-0.847248 -0.128632 -0.277115 177 133 98
-0.352746 0.322992 -0.185465 11 7 6
-0.240167 -0.068717 -0.050448 10 9 7
-0.498807 -0.616250 -0.266427 11 9 9
-0.779364 -0.174918 -0.221924 217 173 133
0.052210 -0.278931 -0.059108 13 11 9
0.084097 0.710663 0.671087 240 196 171
0.118483 0.465252 0.473945 231 183 156
0.526402 -0.464561 -0.290068 22 16 17
-0.704545 0.072425 -0.106089 237 193 153
-0.167364 0.768855 0.485812 201 163 136
-0.399587 -0.678361 -0.150284 18 14 13
0.309177 0.775244 0.571974 224 180 154
-0.176293 0.869246 0.546685 168 132 108
0.264335 0.497443 0.053965 221 174 134
0.182018 0.687827 0.629284 141 105 85
0.537783 -0.282664 -0.216198 24 20 17
-0.720077 0.046520 -0.115208 234 192 151
0.280087 -0.285700 -0.074114 11 9 7
-0.823569 -0.081399 -0.234125 190 142 106
0.138117 0.722312 0.672430 243 197 174
0.284248 -0.075368 -0.088664 13 10 7
0.153213 0.327704 0.296945 212 159 134
0.798824 -0.301538 -0.418313 210 165 123
-0.228077 0.965637 0.395485 61 42 27
-0.228004 -0.622882 -0.045289 17 14 14
0.347086 1.077190 0.568826 112 90 67
0.302196 0.718847 0.555275 222 181 156
0.365019 -0.509655 -0.094805 14 12 10
-0.222095 0.863958 0.262819 166 106 90
-0.231373 -0.345007 -0.037304 12 9 8
0.262211 0.935476 0.690160 214 164 138
0.405728 0.311696 -0.262473 33 29 30
0.260737 0.469894 0.310095 221 177 147
0.328636 0.776998 0.507908 217 174 145
0.699696 0.045525 -0.204069 241 199 160
-0.032228 0.353978 0.279067 175 133 111
0.435246 0.838885 0.187934 237 182 153
0.129046 -0.314956 -0.063023 14 11 9
-0.436836 -0.351044 -0.084638 13 9 8
0.313159 0.333285 -0.169502 226 182 137
-0.181862 0.449440 -0.101666 206 151 109
-0.245309 0.784585 0.203850 207 145 127
0.288486 1.037400 0.659383 127 102 82
-0.205455 0.063686 -0.040262 13 9 7
0.174907 -0.921619 -0.332100 9 9 7
-0.550774 -0.662325 -0.435816 41 32 25
0.015992 -0.230900 -0.056813 11 9 8
0.377561 0.152170 -0.155376 11 10 6
-0.793193 -0.142571 -0.219311 214 170 129
0.132540 0.538279 0.531603 223 176 153
0.299405 0.547271 0.218885 183 144 116
-0.258802 0.382428 -0.179456 218 168 126
-0.204105 0.368611 -0.107217 200 151 109
-0.106317 0.514460 0.375481 195 150 129
-0.483971 -0.421918 -0.147586 11 11 10
0.041071 0.052100 -0.058815 238 188 145
0.286135 0.310000 -0.137698 225 181 142
0.378291 0.808237 0.297113 168 128 104
-0.517611 -0.470920 -0.211790 5 4 3
-0.018727 0.687471 0.612992 136 89 66
0.254267 0.442419 0.017029 219 174 132
-0.446799 -0.563537 -0.116894 15 13 12
0.477143 -0.020665 -0.150074 15 13 10
-0.522899 0.034389 -0.100533 237 198 155
-0.080507 -0.568362 -0.057864 14 11 12
0.297429 0.709381 0.552202 225 183 158
0.411857 -0.114727 -0.119319 14 13 9
0.205595 0.361736 0.017356 230 191 147
0.396912 0.805380 0.219652 214 152 127
0.146987 0.407472 0.136156 186 150 122
-0.062046 -0.611417 -0.074650 14 11 12
0.383208 0.824058 0.249899 149 80 62
0.520484 -0.575846 -0.358625 21 19 20
-0.123041 0.299283 -0.028627 209 163 129
-0.464640 0.153412 -0.101658 18 14 10
0.040421 -0.890721 -0.280716 7 3 2
-0.105154 -0.221610 -0.049707 11 10 8
-0.039788 0.473370 0.433821 217 169 143
-0.308422 -0.483733 -0.033520 14 10 9
-0.091243 0.609090 0.500018 241 188 154
0.366230 -0.840414 -0.363885 10 8 6
0.034173 -0.013312 -0.052180 16 11 8
-0.493387 -0.696586 -0.334253 12 10 12
-0.645197 -0.022932 -0.116056 232 193 149
-0.024644 -0.285180 -0.052552 14 12 10
0.731909 -0.231817 -0.329811 231 188 145
-0.888935 -0.396642 -0.471002 150 111 80
-0.038860 0.658043 0.553961 103 80 66
0.019451 -0.552084 -0.065110 13 10 9
-0.003103 0.567835 0.510857 241 193 163
0.442228 -0.102839 -0.131132 14 12 8
0.447729 -0.840200 -0.471070 41 39 40
0.002587 -0.031937 -0.050491 15 10 8
-0.006002 -0.636433 -0.092701 19 16 16
-0.159714 -0.368280 -0.038736 12 10 8
0.075019 -0.778354 -0.198756 13 13 11
-0.033712 -0.316658 -0.050999 13 10 9
0.350634 0.738640 0.346578 201 153 122
0.297665 0.077934 -0.106219 10 8 5
-0.370058 -0.142662 -0.056095 11 9 8
-0.215833 0.999705 0.457368 77 54 36
0.343483 0.839269 0.535654 211 171 142
-0.222320 0.852455 0.258199 196 142 121
-0.060764 0.472733 0.407043 195 150 125
0.526953 -0.178073 -0.170473 92 70 55
-0.029655 0.752167 0.671396 240 193 170
-0.124859 -0.557613 -0.046676 13 11 10
-0.597606 -0.018389 -0.110580 237 196 152
0.333682 0.766516 0.477104 217 174 145
0.509813 -0.110772 -0.160235 26 18 14
0.419299 0.967021 0.339985 71 52 37
-0.432951 -0.215645 -0.068823 12 9 8
-0.681920 -0.416283 -0.309134 218 175 140
-0.879886 -0.316179 -0.438023 147 108 77
-0.160816 0.971892 0.598125 149 113 88
0.128898 0.032471 -0.055386 18 15 11
-0.045055 0.147803 -0.057216 230 178 137
0.622441 -0.333355 -0.321649 212 163 121
0.345774 0.188058 -0.153464 13 11 7
-0.577031 0.254030 -0.180042 230 178 141
0.046777 0.436040 0.472996 234 168 150
-0.563904 -0.200963 -0.135547 208 163 124
-0.235812 0.877061 0.259097 188 137 121
0.606048 -0.229449 -0.258616 222 174 127
-0.433410 -0.194382 -0.069003 13 10 8
0.790224 -0.405576 -0.477386 217 169 128
0.623463 0.102639 -0.206384 234 190 148
0.128291 0.655568 0.561406 218 182 156
-0.371300 0.331468 -0.204892 8 5 4
0.009385 -0.455353 -0.053767 13 10 8
-0.649713 -0.681314 -0.385024 208 163 134
0.266395 -0.806510 -0.270099 10 9 7
0.114419 0.289004 0.012867 229 187 149
-0.252766 0.128148 -0.055107 10 8 6
-0.824522 -0.024892 -0.234051 182 134 96
0.466166 0.100137 -0.168976 8 7 3
-0.585929 -0.642014 -0.468225 53 38 28
0.567955 -0.295748 -0.276950 97 72 54
0.096826 -0.831290 -0.245470 11 10 9
-0.549942 -0.156422 -0.112728 228 185 144
-0.469666 -0.286728 -0.101026 13 9 8
-0.026759 0.470586 0.440387 210 162 135
0.265227 1.132761 0.621195 73 65 47
-0.497067 0.065768 -0.097734 225 186 157
-0.186686 -0.485698 -0.029266 13 10 8
-0.138303 -0.174705 -0.048536 11 9 7
-0.684460 -0.334832 -0.258712 221 178 143
-0.161949 0.127831 -0.053815 234 181 143
0.339547 0.790323 0.481796 216 173 142
-0.834879 -0.261010 -0.308530 194 153 121
-0.833849 -0.133194 -0.257396 189 143 109
0.320928 0.770627 0.529697 218 177 148
-0.614371 -0.042940 -0.118434 235 194 151
0.425673 -0.491326 -0.135689 14 11 8
0.338436 1.048219 0.599170 123 91 68
0.710243 0.124685 -0.225862 229 186 143
0.697722 0.108166 -0.214656 231 187 145
0.390031 -0.450453 -0.110214 13 11 8
-0.115683 0.622039 0.494514 233 182 150
-0.460458 -0.213619 -0.079280 15 11 9
-0.133923 -0.499999 -0.037862 13 10 9
0.273212 0.536688 0.068694 220 173 134
-0.206921 0.948109 0.488339 106 80 61
0.010712 -0.711748 -0.135923 25 23 24
0.276333 -0.036020 -0.089274 11 10 7
-0.262111 0.868753 0.226520 195 125 105
0.372692 0.846981 0.417804 188 146 118
0.329048 1.045736 0.612975 141 111 82
0.386863 0.960531 0.499939 148 117 96
-0.265237 -0.207889 -0.043799 11 9 6
-0.534884 -0.532579 -0.262379 5 4 2
-0.198970 -0.680440 -0.078953 21 19 20
-0.863148 -0.347452 -0.396592 161 122 91
-0.077187 -0.555133 -0.055865 13 10 10
-0.648437 -0.419840 -0.305007 215 173 138
-0.561879 -0.578745 -0.400292 14 9 6
0.362895 1.104102 0.531004 90 70 52
0.097198 0.602404 0.578284 233 183 156
-0.442828 -0.540344 -0.106087 11 8 7
-0.037676 0.359706 0.255462 160 117 92
0.498502 -0.675793 -0.434102 35 33 34
-0.194274 -0.460579 -0.029373 15 12 10
-0.078235 -0.840110 -0.229046 9 8 7
0.428992 0.009713 -0.136932 11 10 6
-0.357752 0.218077 -0.129967 7 5 4
0.359132 0.784709 0.384800 193 156 130
-0.222750 -0.305828 -0.040134 11 9 8
-0.410023 -0.697854 -0.187191 23 19 18
0.702185 -0.475324 -0.450373 221 173 133
0.284423 1.066570 0.648363 89 71 47
0.356608 1.043925 0.572601 140 109 84
0.298217 0.342411 -0.147415 222 175 134
-0.633870 0.241900 -0.179433 222 167 133
-0.776529 -0.025603 -0.174046 214 169 128
-0.010220 -0.795775 -0.207472 11 10 9
0.022946 0.728519 0.675569 243 198 175
-0.294359 0.028575 -0.066776 9 8 6
0.257032 1.065473 0.662460 65 52 33
-0.123987 -0.226421 -0.048415 11 10 8
-0.878520 -0.324078 -0.431193 148 111 80
0.412709 0.926401 0.317873 92 73 58
0.257912 0.175486 -0.115032 230 185 145
0.193617 -0.319301 -0.064229 13 9 8
0.197239 0.442518 0.121426 204 163 130
0.693764 -0.650028 -0.518382 222 170 133
0.482887 -0.225968 -0.150594 12 10 8
-0.576814 -0.380088 -0.261503 149 115 86
0.272061 0.529005 0.394911 224 178 151
-0.195924 0.945649 0.521418 120 89 68
0.120993 1.074858 0.705035 95 77 57
0.140588 -0.892592 -0.304826 9 8 6
-0.447470 -0.553708 -0.114909 13 12 11
0.138654 0.145971 -0.081751 235 186 146
0.256885 1.148246 0.614886 70 62 44
-0.227355 -0.187029 -0.044646 11 9 7
-0.190329 0.361872 -0.092645 195 149 106
-0.039175 0.412459 0.351161 196 152 127
-0.299342 0.261263 -0.131244 202 157 130
-0.166345 -0.321620 -0.041728 13 10 9
-0.045866 -0.570506 -0.064496 14 12 11
0.046480 0.530119 0.575960 208 159 136
-0.100791 0.493791 0.128232 178 133 99
-0.383392 0.326886 -0.210117 10 9 8
0.240723 -0.345502 -0.066049 13 10 8
-0.790153 -0.531303 -0.404519 214 164 127
-0.119442 -0.484690 -0.039605 12 9 8
0.101882 0.295613 0.027139 227 184 147
0.354588 0.822298 0.463340 206 164 133
0.327910 1.112156 0.576592 103 89 76
-0.206400 -0.128018 -0.046590 9 8 6
-0.608906 -0.632780 -0.454524 119 92 76
-0.423654 -0.030803 -0.072274 9 8 5
0.276142 0.011946 -0.095233 11 9 6
-0.233229 0.943697 0.329669 71 52 36
-0.582596 -0.315545 -0.230029 192 147 105
0.334560 0.296828 -0.188623 228 183 141
-0.136368 0.375011 -0.005962 186 143 106
0.026974 1.079087 0.693001 67 52 35
-0.419564 -0.229997 -0.064896 12 9 7
0.308203 0.296776 -0.162595 227 184 142
0.604103 -0.802636 -0.546590 209 161 131
-0.562719 -0.372883 -0.249596 106 77 53
-0.514901 -0.706708 -0.385024 55 84 48
-0.106888 -0.123103 -0.050287 10 9 7
-0.199637 -0.180145 -0.045776 9 8 6
-0.395678 -0.236535 -0.058031 13 10 8
0.195819 0.376340 0.290837 219 171 143
0.756754 0.121231 -0.249637 227 183 142
0.048372 -0.040133 -0.056079 15 11 9
-0.537335 0.107541 -0.105004 240 197 155
-0.811366 -0.116728 -0.227944 203 158 123
0.005680 0.714535 0.667402 241 198 176
-0.087040 1.102042 0.617402 67 48 33
0.448837 -0.141228 -0.131547 12 11 7
0.295558 0.390783 -0.157924 218 167 123
0.379809 1.085461 0.509516 98 77 56
-0.159485 0.588069 0.334629 192 146 123
0.509101 -0.575816 -0.268452 29 27 27
0.488576 -0.498958 -0.204572 14 10 7
0.323618 -0.695345 -0.136327 20 17 16
-0.345966 -0.005227 -0.069918 9 7 4
-0.205234 0.823787 0.291700 184 137 111
-0.548947 -0.405858 -0.237181 6 4 3
0.197560 0.440005 0.111045 214 174 138
-0.205050 -0.767817 -0.173798 12 10 9
0.612082 -0.567827 -0.431086 208 159 124
0.128704 0.167981 -0.069468 226 179 137
0.027713 -0.718167 -0.143035 15 13 14
0.565988 -0.388661 -0.355105 155 123 90
0.003641 0.329343 0.252731 134 93 67
0.272482 0.732479 0.609067 188 144 120
-0.179494 -0.140922 -0.046797 11 10 8
-0.125293 1.099445 0.592376 105 81 57
-0.130862 -0.364600 -0.041871 14 10 9
0.350519 0.902141 0.561583 197 157 129
-0.119075 0.137329 -0.057941 237 183 143
-0.480281 -0.480146 -0.149992 8 8 8
-0.012957 0.829437 0.700573 239 197 171
-0.478117 -0.637367 -0.241389 8 8 8
-0.183881 -0.540807 -0.033312 13 10 9
0.412739 -0.807240 -0.385391 17 14 12
0.385876 0.726366 0.187900 209 146 119
-0.081488 0.182927 -0.055702 232 185 145
0.612086 -0.593527 -0.435604 210 161 126
-0.328492 -0.655354 -0.084792 14 14 13
-0.165966 0.460037 -0.049483 184 137 99
0.564670 0.169797 -0.221331 235 191 150
0.055477 -0.671745 -0.111989 24 22 21
0.476440 -0.456530 -0.182810 13 9 8
0.215824 0.422743 0.327847 222 177 148
0.327371 -0.488200 -0.079551 13 11 8
0.540201 -0.479074 -0.349486 19 13 15
-0.652129 -0.254908 -0.202199 223 180 142
0.411624 0.923397 0.337732 91 70 52
-0.101828 -0.181312 -0.050299 12 10 8
0.173383 0.550434 0.496021 243 191 167
-0.719880 -0.089938 -0.161797 227 184 143
0.287170 -0.833801 -0.314051 9 7 5
-0.478434 -0.611360 -0.207399 10 10 9
0.219593 -0.463481 -0.057354 15 11 9
-0.494438 0.281500 -0.200335 29 24 24
-0.093024 -0.026220 -0.043268 12 10 7
-0.107862 0.485443 0.107734 197 151 114
-0.072538 0.953693 0.692227 215 168 141
-0.318986 0.127999 -0.084286 9 9 6
0.182720 0.397544 0.073009 233 194 153
0.485778 -0.662681 -0.316853 30 25 21
0.699191 -0.242002 -0.315270 231 188 145
-0.759962 -0.587409 -0.403233 218 166 131
0.409366 0.966240 0.398189 93 72 55
-0.189779 0.860116 0.484470 183 146 123
0.113584 1.034208 0.723307 87 67 43
0.344382 0.715628 0.364678 207 159 125
0.549166 -0.194227 -0.190264 234 189 143
-0.714996 -0.181849 -0.193522 226 184 143
0.568208 -0.786569 -0.526322 175 135 110
-0.052287 -0.591158 -0.069183 15 13 14
0.177214 0.431888 0.373771 232 182 156
0.282541 0.772459 0.612534 233 189 163
0.688277 -0.307732 -0.344750 229 187 144
0.508133 -0.627116 -0.360485 33 27 25
0.479717 -0.706497 -0.400468 31 24 21
-0.216650 0.139135 -0.056293 218 172 143
0.471997 -0.226074 -0.145250 11 9 6
0.773162 -0.373862 -0.443436 218 170 130
-0.559035 -0.431070 -0.264956 6 5 3
0.750649 -0.359311 -0.417762 219 173 132
-0.127422 0.166330 -0.067325 239 193 154
0.315105 0.780454 0.560547 224 184 157
0.313547 0.718514 0.496256 216 175 148
-0.213868 0.953069 0.459081 104 78 59
-0.369459 -0.203380 -0.052619 13 12 8
0.086710 -0.353151 -0.057359 14 11 10
0.556209 -0.713611 -0.484489 153 120 98
0.511742 -0.785308 -0.547618 42 36 27
0.279335 1.040773 0.665876 108 89 69
0.142265 0.157170 -0.079761 233 185 144
0.460307 0.145951 -0.180192 8 7 3
0.301503 0.578703 0.394179 211 165 134
0.387518 0.922972 0.458336 126 96 74
-0.093091 0.928214 0.675364 222 176 148
-0.445137 -0.239457 -0.075064 11 9 7
-0.520728 -0.399189 -0.194850 6 4 3
-0.210848 0.859993 0.396549 109 83 61
-0.328533 -0.552855 -0.045030 15 12 11
0.200803 0.206252 -0.091713 228 184 143
0.666210 0.172077 -0.239522 230 183 141
0.403107 1.100361 0.448896 72 55 41
0.360877 0.691009 0.196986 236 184 155
0.723939 -0.105823 -0.267808 234 193 148
-0.191822 0.701266 0.218317 213 156 135
0.320192 0.613848 0.242751 197 153 122
0.569823 -0.377839 -0.346619 165 130 90
0.501082 -0.613953 -0.283094 22 22 22
0.108612 0.861144 0.726740 246 201 175
0.637849 0.223984 -0.270202 223 176 143
0.352384 0.749830 0.283853 202 157 128
0.692279 -0.545643 -0.478662 220 170 131
0.747425 -0.073125 -0.262814 230 190 146
-0.363967 -0.566938 -0.060373 14 12 11
-0.005171 0.956185 0.722892 228 180 153
-0.018708 0.116714 -0.066221 241 191 150
0.211542 0.452312 0.106307 220 178 142
0.101528 0.389249 0.409397 198 118 108
-0.563110 -0.553789 -0.368336 11 7 6
0.029157 0.392268 0.400685 183 138 119
0.513847 -0.394271 -0.223939 18 15 16
-0.191853 -0.058430 -0.047702 13 11 10
0.398538 0.951655 0.444211 86 62 38
0.228582 -0.502831 -0.057236 15 12 10
0.228402 0.368213 0.001243 225 182 142
0.076855 -0.768901 -0.191533 13 11 10
0.203690 0.689680 0.613172 177 134 108
0.497388 -0.663600 -0.378605 38 30 28
0.311905 -0.363131 -0.080451 12 9 8
-0.462124 -0.525559 -0.126265 8 8 7
0.279036 0.426861 -0.097017 218 169 124
-0.533187 -0.630576 -0.369472 12 8 9
0.013745 -0.926804 -0.298571 7 6 4
-0.039736 0.760654 0.669503 233 186 166
0.365611 0.742172 0.252479 238 195 160
-0.173711 -0.702746 -0.102163 21 19 20
0.202912 0.411498 0.333574 227 182 155
0.242568 0.429841 0.269668 209 161 133
0.285732 0.063585 -0.102068 12 10 6
0.104559 -0.032033 -0.062810 13 11 8
0.122626 0.198153 -0.052652 229 185 143
0.277521 -0.265098 -0.074315 12 11 9
0.077241 -0.659338 -0.104038 15 12 10
-0.498506 0.115878 -0.106448 229 186 157
0.777684 -0.489355 -0.512849 217 161 122
-0.207401 -0.478242 -0.027237 13 10 9
0.168550 -0.855973 -0.286380 14 11 11
0.733283 0.130926 -0.240604 228 183 141
0.580665 0.253574 -0.289750 219 173 139
0.022138 -0.176603 -0.057864 11 10 8
-0.220680 0.917474 0.400304 88 66 49
0.401154 0.960632 0.431275 89 67 48
0.773659 0.006850 -0.246520 229 187 145
0.747272 0.042464 -0.222461 236 195 153
-0.035309 1.113031 0.649204 81 62 45
0.317491 -0.088354 -0.094318 12 10 7
0.505710 0.002210 -0.174538 27 22 20
0.358181 1.115405 0.533833 90 69 53
0.693891 -0.219646 -0.301428 234 191 148
-0.884787 -0.458722 -0.471805 164 125 92
0.301811 0.542838 0.288089 211 166 135
-0.183380 0.965592 0.548776 140 108 87
-0.376801 -0.445110 -0.054851 14 11 10
0.346911 1.000860 0.606037 176 141 113
-0.513055 -0.409129 -0.188211 7 3 3
0.352300 -0.765797 -0.260927 20 16 15
0.758855 -0.036844 -0.251581 230 190 147
-0.122734 0.454831 0.063963 192 149 111
0.054977 -0.737041 -0.161449 14 13 12
-0.153836 -0.789151 -0.192710 9 8 6
-0.158758 -0.713254 -0.111615 25 21 23
-0.192204 -0.349432 -0.038181 10 8 6
0.282566 -0.028332 -0.091808 11 10 6
0.497973 -0.607239 -0.263119 26 25 23
0.382865 -0.346378 -0.104851 12 11 8
-0.322035 -0.771788 -0.227547 13 7 8
-0.193431 -0.516198 -0.028792 12 9 8
0.084129 -0.680350 -0.116849 20 19 19
-0.307409 -0.225906 -0.044656 13 11 10
0.279383 0.182519 -0.122881 226 182 149
0.192408 -0.235652 -0.069188 12 10 8
0.182055 0.024215 -0.069709 13 11 7
0.045142 0.194319 -0.050054 232 187 145
0.065588 -0.162551 -0.060679 11 9 8
-0.500431 0.023454 -0.095607 227 187 153
0.152930 0.326865 0.272381 165 123 97
0.028402 0.350847 0.355139 236 186 159
0.332129 -0.528715 -0.081020 14 11 9
0.212284 -0.155503 -0.072883 12 10 8
-0.468460 -0.437841 -0.125960 20 20 20
-0.323868 -0.645521 -0.076067 15 12 10
-0.560695 -0.540451 -0.347921 8 4 3
0.651141 0.197307 -0.251653 229 182 139
-0.131166 0.106007 -0.047517 237 184 145
-0.453998 -0.735747 -0.303229 19 10 10
0.519253 -0.574121 -0.333734 15 12 10
0.359500 -0.869397 -0.379787 9 8 5
0.260777 -0.760059 -0.190758 18 15 14
-0.063272 1.059805 0.668249 97 73 52
0.354637 -0.429014 -0.092875 14 12 10
0.280563 0.354622 -0.117926 222 176 135
0.243617 -0.105981 -0.080028 11 9 7
-0.148074 0.551483 0.090407 192 143 106
0.601549 -0.690326 -0.468681 209 162 132
-0.191936 0.931974 0.529502 130 98 73
0.502032 -0.632042 -0.326912 30 26 23
0.208899 0.598557 0.505542 239 185 153
-0.494930 -0.206207 -0.095350 15 11 9
0.376261 0.096526 -0.138275 10 8 5
-0.080653 0.447095 0.327145 187 142 123
0.494390 -0.007312 -0.162346 20 16 13
-0.262717 0.899112 0.258793 162 87 68
-0.201066 -0.213420 -0.044999 11 8 7
0.201913 0.292898 -0.035938 226 185 145
-0.153660 0.581360 0.355640 186 141 119
-0.200825 0.691463 0.186294 157 106 89
-0.147587 0.278126 -0.057562 204 159 122
-0.592901 -0.314062 -0.232840 202 161 118
-0.038093 -0.838148 -0.233371 10 9 7
0.312729 0.811786 0.589552 227 187 158
0.182454 -0.811027 -0.247853 13 11 9
0.250770 0.694357 0.591877 206 153 122
0.395568 0.850853 0.315074 108 81 61
-0.462644 -0.076475 -0.072677 9 7 4
0.430788 0.263345 -0.243078 35 31 29
-0.588294 -0.718887 -0.397187 160 123 102
0.118413 0.673005 0.628269 209 172 145
0.417012 -0.313255 -0.119208 12 11 8
0.083105 0.772661 0.698403 244 200 175
-0.209701 -0.453708 -0.028069 13 10 8
-0.194501 1.106791 0.481267 63 45 28
-0.157301 0.532168 0.035373 180 131 96
-0.453727 -0.347298 -0.098324 13 9 7
-0.008277 0.378686 0.350951 220 174 150
0.057839 0.470121 0.539643 63 5 4
-0.508914 -0.607038 -0.279937 9 7 8
0.457477 -0.541812 -0.173566 13 11 8
-0.064669 -0.226320 -0.052564 12 10 8
0.465049 -0.785891 -0.488854 40 32 30
-0.269249 -0.666327 -0.071533 16 14 15
0.553527 0.113865 -0.204201 235 191 150
0.463916 0.199776 -0.201791 6 7 3
0.428280 0.853081 0.266124 232 175 145
0.195578 0.796469 0.683895 243 197 172
-0.394911 -0.078815 -0.065381 10 9 6
-0.059835 0.258445 -0.008103 222 178 137
-0.302813 -0.285509 -0.043198 12 11 9
-0.056855 0.423466 0.107208 184 145 111
0.087414 -0.033258 -0.060685 15 12 9
0.352611 0.788851 0.422297 210 167 137
0.618894 -0.749832 -0.516758 216 167 135
0.377400 0.257963 -0.202504 32 26 24
-0.010008 0.139206 -0.065923 227 176 133
0.331880 -0.468466 -0.081912 15 12 10
0.219378 0.456584 0.379428 229 185 158
0.454412 0.133012 -0.175172 10 7 5
-0.508388 -0.289536 -0.136362 13 9 8
0.066316 0.673578 0.630015 217 173 147
0.534835 -0.570863 -0.438968 15 7 3
-0.555190 -0.802824 -0.280438 159 118 94
-0.838173 -0.014204 -0.274643 170 125 90
0.173022 -0.011211 -0.070378 14 11 8
0.348761 0.729063 0.315289 198 151 121
0.531134 -0.274619 -0.199556 23 18 17
0.082523 0.467225 0.507079 157 102 87
0.336862 -0.254289 -0.087532 14 12 9
-0.395161 -0.775555 -0.301812 25 20 16
-0.641864 -0.734084 -0.366227 205 154 126
-0.437563 -0.528185 -0.098263 12 11 9
0.330694 -0.015581 -0.106376 10 9 6
-0.520014 -0.283730 -0.146317 15 9 7
0.174049 0.354621 0.308324 227 179 152
-0.027272 0.940391 0.715085 230 182 153
0.524701 -0.531442 -0.326127 15 10 9
0.251257 -0.017240 -0.085092 11 9 6
0.110730 0.968083 0.734526 203 153 131
-0.545074 -0.559884 -0.320591 5 2 0
0.521213 -0.343717 -0.221173 23 19 19
0.383577 0.292768 -0.225085 33 26 24
0.212488 0.247545 -0.079591 226 187 145
0.300403 0.848815 0.625032 232 194 165
0.378081 0.808366 0.286885 192 146 120
-0.664697 0.226020 -0.172062 221 167 132
-0.313440 -0.013087 -0.064711 8 7 5
-0.523126 -0.178041 -0.103439 15 10 8
-0.054644 0.872622 0.693348 229 184 159
0.382514 -0.444092 -0.105876 12 10 9
-0.214805 -0.787368 -0.200055 10 8 9
-0.058876 0.368584 0.062581 188 147 110
-0.633404 -0.308443 -0.233238 223 180 143
-0.038832 0.602642 0.515352 238 187 154
0.276589 -0.354532 -0.072000 12 10 8
-0.334306 0.028489 -0.073515 10 9 7
-0.840970 -0.043663 -0.269687 169 123 90
-0.712283 0.003787 -0.121229 228 187 146
-0.855217 -0.475005 -0.437301 191 143 103
0.826537 0.006321 -0.325552 209 166 124
0.217901 1.007976 0.704817 102 78 55
-0.433018 -0.396509 -0.083884 15 12 10
0.438550 -0.587066 -0.163774 12 11 11
0.155891 0.719348 0.667065 242 197 173
-0.279160 -0.707453 -0.113541 15 12 12
0.044573 0.356305 0.103325 162 128 100
0.093356 0.182575 -0.057497 232 185 143
0.159797 -0.393344 -0.055885 15 12 10
-0.864856 -0.529416 -0.468443 197 144 106
0.510000 -0.635048 -0.423583 31 27 25
0.329735 0.122811 -0.124837 12 10 7
0.499206 0.247576 -0.243575 33 30 31
-0.537168 -0.382987 -0.209320 6 4 2
0.658702 -0.428387 -0.391409 223 175 136
-0.065871 0.619187 0.516987 240 191 158
0.181993 -0.487652 -0.055674 13 11 9
-0.563317 -0.568864 -0.393246 8 4 1
0.778181 -0.543667 -0.540928 219 164 123
-0.489765 -0.475087 -0.165973 8 8 8
-0.551550 0.186835 -0.127493 243 196 157
-0.513884 -0.685593 -0.365704 12 10 9
-0.227615 -0.762582 -0.171013 15 11 12
0.203057 1.058405 0.694366 54 41 23
0.350656 0.767532 0.402393 207 160 127
-0.360695 -0.613549 -0.076372 16 12 13
0.344674 0.658271 0.190249 241 194 162
0.337046 1.038735 0.606250 136 109 83
-0.169852 -0.090325 -0.047735 10 9 7
-0.264706 -0.008479 -0.057429 9 8 6
0.152550 -0.594645 -0.067846 13 11 10
0.094891 0.871494 0.729523 245 199 172
-0.676871 -0.283067 -0.225458 221 178 142
0.548755 -0.432781 -0.358305 6 5 4
0.075724 -0.358597 -0.056140 14 11 9
0.190302 0.403891 0.071550 234 195 155
-0.575701 -0.399669 -0.268759 135 103 77
0.595371 -0.399761 -0.353529 197 150 110
0.251800 0.068641 -0.090394 12 8 6
-0.270745 0.184978 -0.077832 19 11 7
0.083605 1.048484 0.718099 81 61 39
0.044980 -0.525587 -0.059765 13 11 9
0.454907 -0.727171 -0.356577 24 20 17
-0.102252 0.498981 0.140723 166 122 92
-0.519870 -0.068528 -0.097630 221 183 149
-0.551126 -0.379422 -0.233900 5 4 2
-0.768520 -0.578173 -0.405873 219 167 132
0.198527 -0.290767 -0.066686 12 9 8
0.714012 -0.274506 -0.342889 227 184 141
0.150771 0.332764 0.313672 229 177 152
0.076344 -0.216419 -0.062348 13 11 9
0.304535 -0.109418 -0.089704 11 10 7
0.236070 0.444014 0.056550 225 181 142
-0.645090 -0.198290 -0.172140 226 184 142
0.439363 0.124789 -0.169760 10 8 5
-0.307070 -0.169234 -0.047268 10 8 7
0.030838 -0.230141 -0.057965 13 11 9
0.357962 0.766098 0.271921 220 175 141
-0.312337 -0.076217 -0.056384 10 9 7
-0.454358 -0.638918 -0.187897 8 7 7
0.151621 -0.828483 -0.258157 12 10 10
-0.788596 -0.039642 -0.187669 214 166 127
0.074857 0.474234 0.591152 239 191 169
-0.810619 -0.024081 -0.210811 192 143 108
-0.414079 -0.597984 -0.102035 16 13 13
0.302802 0.705377 0.515937 211 168 142
-0.593369 -0.131809 -0.129380 232 189 146
-0.608213 -0.717200 -0.375287 186 142 117
0.251512 -0.601141 -0.071207 19 15 16
0.087938 0.439483 0.471991 242 183 162
-0.119691 0.526944 0.362971 195 153 131
-0.424235 -0.606613 -0.116781 16 15 13
0.489733 -0.696124 -0.425815 35 27 25
-0.204633 0.831275 0.392378 136 103 82
0.318373 0.802470 0.570285 225 185 155
-0.547107 -0.656021 -0.421258 52 39 32
-0.618200 0.187270 -0.130825 237 188 148
-0.877714 -0.438642 -0.455367 162 121 92
0.234035 1.161383 0.614055 84 66 46
-0.728340 -0.161954 -0.191892 226 182 141
-0.184421 0.391285 -0.086058 195 146 107
-0.681261 -0.563249 -0.401689 213 169 135
-0.229859 0.918991 0.354275 63 44 30
-0.632204 0.062261 -0.096546 241 199 159
-0.093430 0.477985 0.346650 192 147 127
0.270481 -0.366668 -0.070554 13 10 9
0.165333 -0.828686 -0.261571 14 12 11
-0.374634 -0.315272 -0.054701 13 10 8
0.343111 1.088588 0.569076 112 88 71
0.022702 -0.515985 -0.059285 15 12 11
0.362645 -0.050224 -0.108737 10 9 6
-0.063266 0.074658 -0.044536 246 196 156
-0.167889 0.616554 0.336061 191 146 123
0.128611 -0.791677 -0.215789 11 10 9
0.028002 -0.783180 -0.200854 12 10 11
0.301796 -0.382174 -0.077567 13 10 8
-0.068716 0.124673 -0.055342 241 187 146
0.588838 -0.318803 -0.304466 195 152 107
0.169166 0.901250 0.720295 241 194 166
-0.169589 -0.709992 -0.107922 18 15 17
-0.522108 0.066214 -0.101208 240 199 156
-0.040974 0.574466 0.500300 244 193 164
-0.242605 0.845564 0.238803 214 159 136
0.081465 0.161973 -0.065796 237 188 145
-0.355748 -0.555813 -0.055014 15 13 12
-0.071654 0.501127 0.425116 201 151 128
-0.178050 0.819200 0.485311 192 153 129
0.050075 0.314333 0.259447 152 108 80
0.033902 0.455498 0.475604 226 180 154
-0.732485 -0.561907 -0.398978 215 169 133
0.054374 0.802646 0.708635 245 197 172
-0.784168 -0.094686 -0.198800 217 172 131
0.185016 0.430556 0.123175 201 161 129
0.241671 1.089669 0.658591 71 58 41
0.303431 0.550862 0.296292 208 167 134
0.305047 1.154226 0.574319 79 66 57
0.093664 -0.663948 -0.106442 19 16 17
0.362821 0.771688 0.333873 179 136 110
-0.160361 0.997633 0.597130 136 102 76
0.125786 0.449968 0.460467 229 180 154
0.453852 0.098375 -0.165318 11 10 7
-0.401413 -0.056307 -0.067617 9 8 5
0.209869 1.074151 0.682568 90 75 58
0.356508 1.012319 0.576904 168 130 104
0.410572 -0.606246 -0.140982 16 13 11
-0.901555 -0.435621 -0.514482 150 113 82
0.465503 -0.187671 -0.139029 11 9 6
0.607341 0.185081 -0.234447 233 187 145
-0.588257 -0.411795 -0.282357 162 125 98
0.141070 -0.788619 -0.215461 14 12 11
0.372000 0.899677 0.500120 169 132 108
-0.313898 -0.719740 -0.147363 18 16 17
0.389429 -0.705667 -0.204834 17 16 14
-0.565434 0.004462 -0.103872 240 200 157
-0.804423 -0.470853 -0.390281 208 160 122
0.397772 1.048371 0.478277 87 70 51
0.055524 0.378250 0.129693 114 80 58
-0.118854 -0.807209 -0.205513 8 7 5
-0.795917 0.093677 -0.203618 182 131 103
-0.693615 -0.452538 -0.334677 216 172 137
-0.103574 0.292587 -0.015674 211 168 132
0.064463 -0.582388 -0.068109 13 10 11
0.163846 0.229071 -0.057359 227 186 146
-0.107832 -0.384623 -0.043780 12 9 8
0.103912 -0.715469 -0.137970 23 21 20
-0.091047 -0.659942 -0.090808 24 21 21
0.101648 -0.837589 -0.251597 10 9 7
0.085695 0.832888 0.720921 245 201 174
0.648558 0.060775 -0.200202 239 197 156
0.273307 1.115276 0.628501 60 51 33
0.004855 0.929518 0.725305 242 193 165
0.371574 0.923246 0.517740 163 127 103
0.623977 -0.781081 -0.542620 216 166 133
-0.166087 0.061699 -0.029593 18 13 10
-0.330969 -0.106415 -0.054582 10 9 7
0.486411 -0.796985 -0.541646 30 25 17
0.297542 0.960699 0.671953 197 156 131
0.419400 0.842955 0.212576 223 156 127
0.087607 -0.065797 -0.061686 13 11 8
-0.696186 -0.373417 -0.287436 217 175 139
-0.489249 -0.190692 -0.089316 14 11 8
-0.792755 -0.368045 -0.333817 210 167 132
0.362958 -0.158695 -0.098333 12 10 8
0.634296 -0.793699 -0.555092 217 167 134
0.365014 0.147672 -0.147499 13 11 8
0.640388 -0.780090 -0.549755 218 169 136
-0.648106 0.206695 -0.148224 232 179 145
-0.613623 -0.743741 -0.354760 186 144 118
-0.545929 0.169323 -0.120661 244 197 158
0.072305 0.415831 0.448542 151 53 53
-0.135774 0.089085 -0.041959 239 188 149
0.374380 0.169630 -0.160260 11 9 5
-0.069528 0.524518 0.449947 222 172 145
0.062202 0.196206 -0.047628 230 186 145
-0.697565 -0.054030 -0.138824 229 188 147
-0.788084 -0.488327 -0.388065 213 165 129
-0.154477 -0.689643 -0.094671 22 19 20
0.405869 1.051477 0.449034 81 60 45
-0.063628 0.560075 0.483495 243 190 160
-0.010494 -0.519795 -0.059089 13 10 9
-0.188311 0.732065 0.271307 185 138 113
-0.051759 0.390479 0.083828 187 147 112
0.530826 -0.506160 -0.333760 35 27 25
0.211373 -0.792538 -0.231319 17 14 13
-0.596982 0.243266 -0.169596 232 179 141
0.340666 -0.726618 -0.184212 18 15 14
-0.354451 0.330670 -0.193214 9 7 6
0.391591 -0.216496 -0.105826 12 10 8
-0.124635 0.465559 0.067174 193 149 111
-0.057832 0.014418 -0.036575 16 11 8
-0.031730 -0.815004 -0.218396 10 9 7
-0.209793 1.053839 0.464399 71 54 40
-0.080353 0.450749 0.110776 188 148 113
-0.417963 -0.286235 -0.067665 13 9 7
-0.660648 -0.558223 -0.398172 204 161 130
-0.224392 0.891228 0.359770 75 56 41
0.272066 -0.494957 -0.063326 15 11 9
0.444838 -0.616213 -0.186399 14 10 10
-0.801433 0.096937 -0.221323 178 127 100
0.346759 0.055147 -0.120394 11 10 6
0.366156 0.800562 0.376628 178 142 116
-0.765386 -0.193458 -0.221269 221 177 139
0.218959 0.432359 0.336117 226 178 151
0.337418 -0.721897 -0.174964 21 18 17
-0.084056 1.126745 0.602731 76 58 41
-0.572797 0.244545 -0.168422 231 179 141
0.013596 -0.194805 -0.057170 13 11 9
-0.590501 -0.600859 -0.450671 63 45 36
-0.384170 -0.262416 -0.055280 14 11 8
-0.503149 -0.602826 -0.258650 9 6 5
0.291269 0.581032 0.058719 206 160 123
0.117443 -0.123390 -0.064569 13 10 8
0.197889 0.662602 0.549760 37 22 10
0.234930 0.547540 0.467833 236 180 154
-0.266407 -0.383389 -0.034801 11 8 7
0.395314 0.194689 -0.180660 11 10 6
0.320004 0.626450 0.330137 202 160 129
0.103294 0.357498 0.094612 215 177 141
-0.871042 -0.190862 -0.346876 157 116 85
0.388479 -0.741322 -0.258732 25 23 21
0.116409 0.985532 0.734752 161 125 101
0.539149 -0.549217 -0.423510 24 12 8
-0.320498 0.016827 -0.069942 8 7 5
0.742196 -0.464293 -0.472264 220 171 133
-0.108632 0.493007 0.333071 198 153 132
0.481005 -0.298301 -0.157031 14 12 10
-0.504788 -0.630211 -0.297628 7 3 2
-0.202207 0.263531 -0.100558 225 178 135
-0.478584 0.040771 -0.083007 24 18 14
0.685888 0.213544 -0.285258 218 171 134
0.007289 -0.272970 -0.054823 13 10 9
0.260112 -0.892340 -0.346068 8 7 5
0.183324 0.870769 0.712624 245 199 173
0.502860 -0.618981 -0.302192 30 27 25
0.542153 -0.284883 -0.228583 23 19 18
-0.258618 -0.681820 -0.081188 15 13 12
0.134176 0.515128 0.522355 222 166 142
0.493152 -0.443239 -0.201847 19 13 11
0.559397 -0.596074 -0.437018 146 111 86
0.534208 -0.304706 -0.229681 22 18 18
-0.845320 -0.224956 -0.305905 183 141 107
0.261979 0.186354 -0.122322 229 184 142
0.186250 0.416514 0.360164 235 194 163
0.309329 -0.254949 -0.080743 13 10 8
-0.156010 0.552806 0.273765 187 141 118
0.717290 0.096352 -0.217139 233 189 146
0.645085 -0.744568 -0.528584 223 173 140
-0.666275 -0.479571 -0.346369 217 173 138
0.291854 0.386390 -0.139829 219 168 124
0.658299 -0.234234 -0.287065 233 191 148
0.327111 0.192998 -0.144755 13 10 6
-0.038934 0.434072 0.381503 219 173 145
-0.600961 -0.717373 -0.382863 178 137 113
-0.539610 0.078693 -0.102357 243 202 160
-0.504806 -0.716728 -0.373251 28 21 20
0.037007 0.316769 0.332574 206 148 128
0.034862 0.520834 0.560658 199 150 131
0.708696 -0.403661 -0.414299 221 173 134
0.459347 0.171578 -0.188518 9 9 5
0.028238 0.444414 0.465965 233 182 160
-0.659048 0.196114 -0.142983 229 179 144
0.158354 1.098186 0.687920 63 48 28
0.286034 -0.496334 -0.066440 15 12 10
-0.414140 -0.614052 -0.111414 15 14 13
-0.029359 1.094282 0.664665 76 56 36
0.322755 0.656835 0.423605 216 165 128
-0.149893 0.640834 0.463745 203 151 124
0.100207 1.013358 0.730099 89 65 39
0.032356 -0.067869 -0.055723 14 11 9
0.178262 0.847225 0.709621 244 199 172
-0.202258 0.395679 -0.113123 195 144 104
0.348870 0.020674 -0.116962 10 9 5
-0.460850 -0.613149 -0.169087 9 9 9
-0.210305 0.336740 -0.109122 205 158 115
-0.117293 -0.838245 -0.227109 19 15 14
-0.107263 -0.716316 -0.120242 27 25 24
-0.173499 0.723112 0.447729 205 161 134
0.564894 -0.725814 -0.486056 172 134 109
0.347606 -0.842941 -0.352759 10 8 7
-0.423918 -0.673636 -0.175259 25 22 22
0.292253 0.514922 0.267006 200 156 125
-0.393066 -0.573851 -0.075730 15 14 12
0.674531 -0.553158 -0.466488 222 171 132
0.528453 -0.407644 -0.272082 22 17 16
-0.778200 -0.081814 -0.190700 216 171 130
-0.763146 -0.445857 -0.356136 214 169 133
0.781008 -0.093457 -0.294589 225 183 138
0.308779 0.584849 0.342338 203 158 128
-0.178345 -0.453832 -0.031252 12 9 7
-0.030372 0.356346 0.296966 184 141 120
-0.205069 -0.204067 -0.045029 11 9 7
-0.254335 0.268562 -0.121359 227 181 139
0.187965 0.987339 0.718519 154 121 96
-0.101209 0.464139 0.097984 194 150 115
0.693096 -0.491269 -0.452364 220 172 132
0.199942 0.136385 -0.093377 237 188 148
-0.376352 -0.702770 -0.158803 18 14 13
-0.174189 0.255910 -0.083086 210 165 124
0.362384 -0.419602 -0.096613 14 12 9
-0.141200 0.514517 0.244212 174 129 106
-0.422861 0.026061 -0.077340 10 9 6
0.535567 -0.386740 -0.281529 22 17 18
-0.121055 0.834526 0.631619 223 180 155
-0.889572 -0.413786 -0.474168 152 114 81
0.545012 0.243572 -0.263687 217 170 137
-0.198132 -0.324991 -0.039603 12 9 8
-0.552448 -0.637963 -0.420523 55 40 36
0.545557 -0.240357 -0.196426 41 33 26
0.272836 0.479071 0.262637 199 151 123
-0.274542 0.359066 -0.169115 201 155 118
0.492409 -0.666207 -0.355183 31 23 22
-0.171195 0.949864 0.579642 160 122 96
-0.782860 0.128361 -0.203271 185 135 105
-0.190402 -0.013198 -0.046808 10 9 7
-0.771057 -0.484251 -0.377255 214 167 131
0.462544 -0.176113 -0.137149 11 10 6
-0.174650 0.635701 0.303381 189 143 119
-0.278828 0.255189 -0.123146 226 177 138
0.374122 0.882752 0.469991 158 123 97
-0.313479 -0.296160 -0.044158 12 9 8
-0.615083 -0.269346 -0.204368 215 172 130
-0.056729 0.980574 0.702985 176 132 107
-0.204463 0.938632 0.496604 106 75 52
-0.305774 -0.434818 -0.035229 13 10 8
-0.159396 0.944317 0.601321 165 126 103
-0.103597 0.945067 0.668743 208 157 130
-0.311259 -0.025817 -0.062758 9 8 6
0.317251 0.594557 0.272569 198 154 126
0.435278 0.858391 0.222711 196 131 106
-0.676610 -0.672264 -0.389946 212 165 135
0.120013 0.475262 0.481974 232 183 157
0.317891 0.761802 0.533000 216 176 149
-0.415261 0.302843 -0.210432 11 9 8
0.112061 0.387703 0.396244 215 167 144
0.552525 -0.326425 -0.284374 17 13 9
0.125899 -0.689281 -0.120037 22 19 20
0.790587 0.107573 -0.281602 218 172 133
0.420602 -0.799583 -0.389053 24 18 18
0.414803 -0.750999 -0.311075 25 20 18
0.382192 0.887800 0.434651 183 145 122
0.383629 1.056347 0.512365 144 114 93
-0.879465 -0.511596 -0.479806 196 144 107
-0.160192 0.767531 0.515273 195 154 132
0.270859 0.488448 0.014542 208 163 123
-0.168453 0.605584 0.253330 181 135 110
0.411682 0.268093 -0.234690 32 27 27
-0.133876 0.630272 0.481497 221 168 138
-0.819588 -0.454858 -0.395084 201 155 117
0.364023 0.164284 -0.153547 11 10 6
0.434388 0.276031 -0.255593 35 32 31
0.035543 0.849022 0.720677 245 201 174
0.314159 -0.418284 -0.079294 15 11 9
-0.130122 0.823391 0.618063 211 170 146
0.437776 0.029524 -0.142813 11 9 6
0.371600 0.913388 0.510973 165 129 105
0.333038 0.847187 0.570695 215 174 147
0.219389 0.449708 0.367806 229 185 158
-0.102239 0.461531 0.294954 194 151 129
-0.850593 -0.171864 -0.292246 175 132 98
-0.116049 0.492359 0.313623 197 154 133
0.532856 -0.241861 -0.183672 18 13 10
-0.028127 -0.823218 -0.224582 8 7 6
-0.012699 0.688586 0.620756 140 95 72
0.362941 -0.139964 -0.099317 11 10 8
-0.341364 -0.340977 -0.047089 13 9 8
0.393033 0.978454 0.487782 118 90 69
0.160980 -0.528352 -0.058492 14 11 10
0.624033 0.009964 -0.200991 241 202 161
0.143598 -0.539477 -0.059855 13 10 9
0.633009 0.173130 -0.233254 234 187 145
-0.850031 -0.078672 -0.283513 165 121 87
-0.731175 0.070550 -0.120171 227 183 146
0.320055 0.615391 0.290485 204 161 129
0.348903 0.732593 0.354782 202 153 121
0.484285 -0.676080 -0.338361 34 27 25
0.576953 -0.395805 -0.354777 181 142 105
-0.168850 -0.359094 -0.038877 11 10 8
0.134881 -0.588961 -0.067782 23 19 18
0.500827 -0.645763 -0.356959 36 31 28
-0.176405 0.457301 -0.092099 204 147 106
-0.256373 -0.746844 -0.151838 15 15 13
-0.442459 -0.266729 -0.077015 13 9 7
0.098075 0.776651 0.699132 246 202 177
0.023942 -0.269166 -0.056567 12 10 8
-0.072176 1.048548 0.666227 105 78 56
-0.154704 -0.491469 -0.033823 12 10 9
0.303557 -0.571985 -0.075191 16 12 11
-0.386864 -0.761699 -0.272940 11 7 6
0.525479 0.184597 -0.218616 27 21 20
-0.279078 -0.290152 -0.041721 11 8 7
0.166459 0.532438 0.488276 232 178 154
-0.151595 -0.069160 -0.046945 11 10 8
-0.127967 -0.508443 -0.039623 13 11 9
-0.507147 0.087430 -0.102032 237 195 158
-0.192575 0.710500 0.222700 206 153 129
0.364784 0.872680 0.501657 187 148 122
0.260985 0.827955 0.655305 236 191 161
0.526631 -0.141022 -0.168464 220 177 140
0.151655 0.925122 0.725646 240 194 164
0.408723 -0.597448 -0.136463 14 13 11
0.419723 0.189018 -0.188325 11 10 6
-0.418453 -0.461570 -0.076776 14 11 11
-0.512478 -0.658251 -0.342755 7 5 4
0.201089 -0.461037 -0.055681 16 12 10
-0.475043 -0.622850 -0.214016 9 9 7
0.369575 0.246045 -0.189016 29 21 19
-0.079116 0.136874 -0.058621 242 191 150
0.185734 0.753986 0.672804 243 195 173
-0.093837 0.506456 0.391704 197 154 132
0.385404 0.985813 0.509021 131 101 80
0.521334 -0.426537 -0.258968 17 16 14
0.532617 0.131435 -0.205149 204 174 157
-0.350684 -0.288122 -0.048648 13 10 8
-0.520051 -0.682058 -0.374958 13 10 9
0.374337 0.800586 0.279504 206 162 135
-0.559583 0.226933 -0.152193 237 187 149
-0.746172 -0.120254 -0.185340 226 182 141
0.417471 0.959045 0.348845 83 64 49
0.086934 0.412072 0.436755 128 33 29
-0.057433 -0.472314 -0.050448 11 10 8
0.347093 -0.559862 -0.088798 16 14 11
-0.824426 -0.236566 -0.285167 198 155 123
-0.673058 0.169556 -0.130080 232 182 145
-0.172558 0.799322 0.487571 198 160 134
-0.771555 0.036921 -0.154928 211 169 135
-0.127457 0.545738 0.135530 171 121 88
0.603082 0.083556 -0.202393 236 193 152
0.278872 0.045137 -0.098949 12 10 7
-0.127415 0.875525 0.634074 216 173 145
-0.391286 0.282859 -0.184256 9 7 5
0.259132 0.099759 -0.091923 18 12 10
-0.494855 -0.032176 -0.084023 85 63 50
0.461864 -0.156845 -0.135762 13 11 8
0.171099 1.025414 0.716405 86 66 42
-0.044929 -0.256080 -0.053167 11 10 8
0.615545 -0.788177 -0.543071 213 164 132
0.260970 0.610141 0.493310 239 184 151
-0.211041 0.963974 0.473912 99 73 54
0.532923 -0.536318 -0.372640 25 25 25
-0.075742 0.478499 0.389446 198 153 132
0.206515 -0.505628 -0.056111 14 11 9
0.257122 0.387136 -0.054001 210 164 122
-0.129535 0.548038 0.148117 158 112 79
0.176580 -0.825945 -0.261544 12 11 10
0.474760 -0.697352 -0.352840 27 22 18
0.026877 0.946811 0.729886 243 198 171
0.320392 0.742352 0.498166 216 176 148
-0.212229 -0.216317 -0.044408 11 9 7
-0.772960 -0.443419 -0.359906 214 168 132
-0.150447 0.314539 -0.050177 187 144 108
-0.675278 -0.378378 -0.283843 219 176 141
-0.155205 -0.720707 -0.117600 27 23 24
0.361178 0.860795 0.498171 190 150 122
0.215982 0.089474 -0.076246 22 17 12
0.108155 -0.741858 -0.160141 12 10 10
-0.130942 0.197443 -0.064286 230 185 145
-0.275587 -0.508981 -0.027522 12 10 8
0.614539 -0.714112 -0.487857 216 168 135
-0.139143 0.617098 0.466763 213 160 135
0.337290 0.688246 0.371912 204 156 123
-0.174619 -0.608911 -0.046762 16 14 13
-0.057147 1.084221 0.659765 84 65 46
0.329254 -0.871436 -0.363101 10 8 6
0.458456 0.303359 -0.300085 30 28 29
-0.219080 1.015411 0.441915 42 24 11
-0.629916 -0.274333 -0.209320 221 178 138
0.779779 -0.082486 -0.288419 227 183 139
0.010810 0.594485 0.532875 224 177 152
-0.384165 0.155892 -0.106362 9 8 5
0.735918 -0.564475 -0.518135 223 168 130
-0.679565 -0.127582 -0.160991 230 188 147
0.546682 -0.424158 -0.338498 15 11 12
0.694889 0.175624 -0.251024 229 183 141
0.099853 -0.277303 -0.063791 13 11 9
-0.086230 0.802499 0.652741 226 182 159
0.616197 -0.287743 -0.293094 218 171 129
0.036186 0.269114 0.012333 227 184 146
0.376332 0.857321 0.417122 176 136 111
-0.305186 -0.381871 -0.039118 12 11 10
-0.177828 0.265476 -0.085143 213 168 128
-0.150500 1.007292 0.611301 147 113 89
0.328531 0.667457 0.407416 210 158 121
0.192041 0.389565 0.321192 231 188 159
0.563021 -0.265035 -0.235080 190 151 113
-0.129356 0.445262 0.050041 189 144 108
-0.535203 -0.543541 -0.272358 5 3 4
-0.531446 0.166410 -0.119697 242 196 156
-0.725345 0.104509 -0.122612 223 178 142
0.206040 0.476350 0.425498 229 187 162
0.487624 -0.517338 -0.206429 14 11 9
0.369924 0.837715 0.415850 186 147 122
0.314969 -0.170687 -0.086421 10 9 6
0.488092 -0.137695 -0.145829 11 9 6
-0.497800 -0.158513 -0.088157 9 5 3
-0.211572 -0.509070 -0.026295 14 11 10
0.741612 -0.278656 -0.362717 225 183 140
0.530838 -0.232553 -0.178237 15 10 6
0.619138 -0.392015 -0.353214 215 168 128
0.725222 -0.026163 -0.229474 235 196 155
-0.161272 0.349611 -0.058554 178 133 96
0.117540 -0.402359 -0.054865 14 11 10
0.302233 0.758039 0.576084 225 184 159
-0.165221 0.444496 -0.048114 186 138 100
-0.739572 -0.470378 -0.358721 214 168 133
0.725332 -0.147231 -0.286313 234 192 149
-0.580904 -0.072562 -0.117073 237 196 152
-0.029848 0.353918 0.252085 151 108 84
-0.368235 0.093592 -0.089609 8 7 5
0.298199 0.564430 0.367494 215 169 138
0.526557 -0.350844 -0.237787 20 16 14
-0.449608 -0.330291 -0.092978 11 9 7
0.017374 0.993220 0.724247 162 127 102
-0.399169 -0.710076 -0.191549 17 12 12
-0.153858 0.855545 0.592277 194 150 122
0.398226 -0.377321 -0.112471 11 8 6
0.325896 0.668165 0.422817 214 160 125
0.226157 0.951707 0.707785 217 167 142
-0.305068 -0.401983 -0.037585 12 10 9
-0.605192 -0.353151 -0.258570 208 165 126
0.811619 0.065949 -0.296394 215 171 131
-0.685962 -0.484063 -0.351375 218 174 139
-0.805362 -0.001510 -0.201070 191 146 113
0.475679 0.127910 -0.177482 14 13 9
0.646101 -0.610494 -0.459841 221 169 133
-0.214188 0.401284 -0.135068 207 153 110
0.367304 0.789336 0.288217 186 142 115
-0.078208 0.735221 0.639038 170 129 106
0.359011 0.313616 -0.219973 40 34 33
0.805763 0.084397 -0.297159 217 171 130
-0.312708 -0.463164 -0.035233 12 9 9
0.220452 0.203501 -0.105260 220 177 136
-0.196590 0.236259 -0.095650 223 177 135
-0.109011 0.240912 -0.044364 227 182 141
0.144251 1.010222 0.726359 125 101 77
0.519753 -0.380728 -0.233466 19 14 14
-0.254782 -0.655517 -0.062696 14 13 12
0.239348 0.924230 0.699815 228 179 153
-0.281340 -0.661883 -0.071301 13 11 10
0.576907 0.214612 -0.244919 221 172 134
0.056227 0.609753 0.576832 201 148 121
0.373704 0.313255 -0.232714 36 30 29
0.086711 0.392159 0.157185 150 119 94
-0.092739 -0.305234 -0.049025 12 9 7
0.276440 0.487380 0.285479 208 163 131
0.283077 0.161377 -0.116121 21 13 6
-0.462902 -0.108912 -0.075005 11 9 7
-0.024380 -0.773514 -0.190581 13 10 11
0.086962 0.691097 0.654820 235 191 165
-0.633573 -0.261042 -0.201146 222 179 138
0.162610 0.488838 0.459625 237 192 163
0.224704 1.069538 0.676742 60 47 30
0.296396 1.132653 0.600305 88 74 65
0.413589 -0.527443 -0.126702 16 13 12
0.667243 -0.642479 -0.486899 222 170 132
-0.083133 0.399629 0.067701 188 150 114
0.281128 -0.315881 -0.073755 11 10 7
-0.313856 -0.729509 -0.162053 16 12 11
-0.676348 -0.174459 -0.175897 228 185 143
-0.091231 0.450315 0.305119 185 143 124
-0.111976 0.526451 0.382408 196 152 130
0.279557 0.525809 0.023454 203 157 118
-0.228738 0.251935 -0.107957 225 178 137
0.345405 0.728037 0.379157 213 161 126
-0.545839 0.263146 -0.192537 226 176 140
0.420541 0.121441 -0.162258 12 9 7
0.264593 1.054189 0.665359 90 76 58
-0.418370 0.076553 -0.087221 10 9 6
0.767534 -0.245615 -0.360340 224 181 136
0.587728 -0.034567 -0.200971 239 200 158
-0.304864 0.229464 -0.108829 14 10 7
0.612917 -0.144214 -0.234307 231 188 141
-0.519788 -0.092486 -0.097530 211 171 135
-0.104738 0.468803 0.302417 191 146 127
0.140709 0.567298 0.532101 234 187 161
-0.492803 -0.638856 -0.279464 8 7 4
0.528644 -0.476009 -0.307991 24 19 19
-0.601889 -0.005980 -0.108695 237 196 152
0.069955 0.076009 -0.071157 239 188 145
0.065547 0.937081 0.734314 245 202 173
-0.112944 0.695751 0.540311 151 113 93
0.772367 -0.433000 -0.478683 217 168 128
-0.160859 -0.079543 -0.047654 10 9 6
0.737821 -0.114893 -0.278287 230 189 146
0.731376 -0.547370 -0.507342 221 169 130
-0.378956 -0.483642 -0.054581 14 10 9
0.701896 0.204672 -0.285304 219 172 135
-0.280585 0.270957 -0.130790 226 178 138
0.231554 0.320775 -0.047473 218 179 140
0.224926 1.150299 0.627135 69 57 39
-0.680296 -0.245394 -0.206397 224 182 144
-0.501619 -0.226362 -0.104527 14 10 8
-0.640092 -0.504784 -0.362177 196 154 124
0.330936 -0.499616 -0.080491 14 12 10
-0.563657 0.081466 -0.101615 243 201 159
0.044203 0.483037 0.533299 65 12 7
0.280823 -0.749241 -0.181219 19 15 14
0.134310 0.904759 0.728526 243 196 168
0.493043 -0.726150 -0.512050 36 31 22
0.278587 0.940066 0.682083 211 162 137
-0.172328 0.827960 0.519401 195 155 130
-0.659515 -0.576827 -0.407724 199 158 127
-0.498076 -0.516457 -0.185616 7 7 5
0.051328 -0.784728 -0.202613 12 11 10
0.046158 0.375676 0.124439 124 92 67
0.029052 0.617997 0.552677 206 158 130
-0.140096 -0.236344 -0.047227 12 10 8
0.032181 0.085721 -0.075183 243 194 151
-0.534797 0.237613 -0.160762 235 183 146
-0.083754 1.052012 0.653612 102 74 53
0.223395 0.473659 0.130421 195 158 126
0.426088 -0.070733 -0.127702 10 8 6
0.545036 -0.295306 -0.244642 21 20 19
-0.149167 -0.389905 -0.038214 12 10 9
-0.490559 -0.598903 -0.221291 8 7 5
-0.684826 -0.509153 -0.366969 216 171 137
0.787915 -0.525378 -0.540510 217 161 121
-0.236331 0.316319 -0.122803 217 170 127
-0.858086 -0.161797 -0.305524 167 122 90
-0.316209 0.274583 -0.138854 20 14 7
0.383141 -0.672413 -0.162281 19 17 17
-0.594360 -0.761131 -0.335540 173 134 108
0.088849 0.064989 -0.064499 236 189 146
0.188800 0.368799 0.295901 222 174 146
0.242984 0.047124 -0.086972 13 9 7
0.155222 0.802798 0.700804 244 199 174
0.039101 0.630449 0.563826 187 142 113
0.026734 0.244631 -0.007922 230 190 148
0.357454 0.795271 0.408805 200 159 131
-0.420020 -0.183581 -0.065718 13 10 8
0.497924 -0.694787 -0.483265 31 23 21
-0.188008 0.437944 -0.110729 206 152 110
0.300564 -0.446440 -0.074059 15 12 10
0.176964 0.820711 0.701289 242 196 170
0.515931 -0.510026 -0.261466 18 13 14
0.022744 -0.922935 -0.297883 14 10 11
-0.240947 -0.435552 -0.028174 11 9 9
0.782177 0.003529 -0.253948 229 186 144
0.302525 1.105595 0.610651 76 58 45
0.224829 0.983883 0.706785 152 116 91
0.580693 -0.436921 -0.379391 180 135 102
0.409224 1.027870 0.437545 76 59 41
-0.323439 -0.688928 -0.113156 14 12 10
-0.094831 0.461685 0.316121 191 147 126
-0.171322 -0.583069 -0.041987 11 10 8
0.373908 0.331118 -0.251722 34 29 28
0.458440 -0.741377 -0.401760 31 27 25
0.389503 -0.507810 -0.108688 13 10 8
0.112874 0.182143 -0.058785 232 185 143
-0.105278 0.890407 0.659568 215 174 145
-0.092494 -0.676488 -0.099614 20 19 18
0.537013 -0.469469 -0.332017 17 12 9
0.305619 -0.661168 -0.106481 23 22 20
-0.658340 -0.464904 -0.335220 214 171 137
-0.111725 0.314313 -0.009337 203 160 125
0.653331 -0.620835 -0.467834 221 169 132
0.401430 0.967498 0.438304 84 63 44
-0.123636 -0.214641 -0.048577 12 10 9
-0.408537 -0.656116 -0.136095 20 18 17
-0.549935 -0.576876 -0.363808 9 5 4
0.017009 0.391206 0.386082 199 154 133
0.275273 0.115355 -0.100237 16 12 9
0.382775 -0.819146 -0.358038 13 10 9
0.507775 0.169634 -0.208550 18 17 14
0.432549 -0.397645 -0.136136 14 10 8
0.254569 1.048467 0.672728 78 62 42
-0.312662 -0.539379 -0.038318 14 11 9
0.277797 0.683093 0.522423 190 143 117
-0.206315 1.074640 0.466459 85 68 55
0.219895 0.076676 -0.078364 16 13 9
0.171566 0.521548 0.478237 232 181 155
-0.484053 0.279072 -0.189958 28 28 24
-0.148376 -0.152008 -0.048198 10 9 7
-0.877471 -0.416898 -0.450107 158 119 88
-0.214045 0.198490 -0.094844 228 183 144
0.059592 0.591435 0.582691 213 161 135
0.326880 0.652412 0.243097 193 147 117
0.246258 -0.812557 -0.272189 14 13 12
0.752905 -0.078597 -0.269345 230 190 146
0.742607 -0.378248 -0.423361 221 174 134
0.488195 -0.460421 -0.198466 13 10 8
0.261537 -0.187356 -0.076595 11 9 7
-0.479982 -0.029233 -0.077788 18 13 8
-0.217523 0.250598 -0.103996 227 180 136
-0.250009 0.774770 0.190343 192 124 104
0.505251 -0.656924 -0.446670 32 26 24
0.134201 -0.657896 -0.098263 21 15 15
0.799287 0.103154 -0.296616 216 170 131
0.326069 0.160672 -0.134646 13 11 7
0.230667 -0.773417 -0.197057 18 14 14
-0.049902 0.061842 -0.043499 239 185 147
-0.246039 -0.128593 -0.047008 11 9 7
0.017617 0.698776 0.659174 196 152 128
0.082072 -0.263418 -0.062412 13 11 9
0.285449 0.556630 0.026605 194 148 112
0.332301 -0.384739 -0.086003 15 11 9
0.151656 -0.151369 -0.067560 12 10 8
0.280543 0.846964 0.645519 234 190 161
-0.116106 0.803645 0.628770 223 179 155
0.345290 0.713856 0.350750 206 157 126
0.647561 -0.463389 -0.403424 221 172 133
-0.169775 1.048973 0.568541 117 90 67
0.670903 0.163353 -0.235469 231 184 142
0.231325 0.478130 0.111133 213 172 136
0.237703 0.480044 0.095227 223 180 141
0.060708 0.889653 0.731783 247 201 174
-0.034474 -0.585209 -0.069956 16 13 13
0.184047 0.953431 0.718663 227 175 151
-0.662259 -0.218164 -0.187505 224 182 141
0.615022 -0.255219 -0.274401 219 171 126
0.174127 0.918352 0.719691 238 191 163
-0.869321 -0.143695 -0.330635 160 118 85
-0.657403 0.160392 -0.121397 237 186 147
-0.526688 -0.139332 -0.097925 135 107 85
-0.394218 -0.312566 -0.060630 14 10 9
0.521024 -0.300306 -0.199097 25 20 19
0.486366 -0.658226 -0.306848 30 25 21
-0.648366 -0.130199 -0.151239 231 189 147
0.017335 -0.826888 -0.232135 8 7 6
-0.635399 -0.554494 -0.401763 175 137 112
-0.493056 -0.374439 -0.151773 7 5 4
-0.306593 -0.683413 -0.100007 15 15 14
0.756941 -0.054472 -0.258800 230 189 146
-0.196676 -0.022491 -0.048212 11 10 8
0.039808 0.305961 0.304797 161 111 90
0.757000 -0.020133 -0.241993 231 190 148
-0.679253 -0.089528 -0.147302 229 189 147
0.174325 0.361815 0.044746 234 195 155
0.014996 0.602628 0.537720 220 171 143
-0.177801 -0.495001 -0.030736 14 12 11
-0.323571 0.298728 -0.156955 27 22 17
0.793509 -0.544298 -0.555843 220 164 126
-0.220607 -0.692105 -0.087212 19 13 15
-0.107511 0.454681 0.082416 194 151 113
0.311687 0.368224 -0.182496 225 177 132
0.738098 0.031091 -0.218021 236 197 157
-0.257241 0.782645 0.181321 216 145 126
-0.024416 0.614097 0.526382 231 181 151
0.431817 -0.157040 -0.124875 13 12 9
-0.497838 0.084954 -0.099885 226 183 152
0.351823 0.745531 0.293777 191 143 115
-0.378245 -0.339681 -0.056157 12 9 8
0.239121 -0.244855 -0.071608 13 12 10
0.684414 -0.453842 -0.425065 223 175 136
-0.542445 -0.627315 -0.389520 14 11 9
-0.269528 -0.657660 -0.065783 14 11 11
0.352770 0.039603 -0.120459 10 8 5
-0.005505 0.110969 -0.071693 231 179 136
0.537418 -0.589791 -0.444013 79 59 43
0.431837 -0.713462 -0.278517 27 25 23
-0.028634 -0.664315 -0.106842 23 19 21
-0.724869 -0.400503 -0.315006 215 173 138
0.211996 -0.102149 -0.075617 12 11 8
0.486041 0.262482 -0.257052 31 26 29
0.048165 0.150646 -0.073223 238 189 146
-0.051062 0.286560 0.010080 228 184 146
0.659028 0.158576 -0.231039 231 185 141
-0.096611 -0.495064 -0.044848 11 9 8
-0.163329 0.270787 -0.074059 198 154 114
0.500407 -0.521502 -0.224510 16 12 9
0.211791 -0.593636 -0.067082 15 12 11
-0.120260 0.508588 0.329656 198 155 133
0.271001 1.078578 0.649419 97 86 67
0.460757 -0.028312 -0.142496 9 8 5
-0.066514 -0.785201 -0.194574 7 7 6
-0.763204 -0.076492 -0.179642 221 177 136
0.169026 0.150475 -0.087212 240 193 153
-0.267791 -0.576748 -0.035008 15 12 12
0.496946 -0.651043 -0.343739 37 33 30
0.212029 -0.768151 -0.187636 16 13 12
0.172610 -0.219077 -0.068761 11 9 7
0.011641 0.194467 -0.045548 230 185 143
0.697510 -0.335004 -0.367229 226 184 142
0.159100 0.385440 0.083817 234 193 156
0.257419 0.125170 -0.094572 21 17 12
0.176183 0.380822 0.331944 230 188 160
0.185731 0.200658 -0.085229 228 185 144
0.258877 0.457335 0.276756 213 165 134
-0.127525 -0.432545 -0.038596 12 10 8
-0.169468 0.730363 0.460624 204 167 141
0.357776 0.759551 0.306460 182 129 103
-0.279588 -0.755039 -0.169913 27 22 22
-0.195668 0.818297 0.411554 169 134 111
0.490200 -0.560563 -0.220199 16 10 8
-0.613953 -0.549860 -0.406953 137 107 85
-0.710149 0.125538 -0.121880 226 179 142
0.021504 0.846347 0.716964 246 204 176
-0.394500 -0.735310 -0.230613 26 20 20
0.164183 -0.809153 -0.241247 11 10 10
0.290346 0.278795 -0.144958 226 184 143
0.750476 0.052591 -0.224403 236 194 152
-0.175799 -0.372900 -0.037376 12 10 8
0.437809 -0.790141 -0.413217 33 27 29
0.041388 0.406878 0.426459 197 94 87
0.316904 -0.664149 -0.111855 21 18 16
-0.029634 -0.648603 -0.098338 18 14 15
-0.418351 -0.545498 -0.085917 12 11 9
-0.630276 -0.472841 -0.336179 199 156 124
0.269985 -0.271688 -0.072713 11 10 8
-0.366632 -0.584467 -0.066828 17 15 16
-0.223684 0.028501 -0.050408 10 9 6
-0.270066 -0.488220 -0.026958 12 10 9
0.533292 -0.562030 -0.419223 22 18 17
0.258454 0.922238 0.688601 219 168 142
0.511855 -0.582858 -0.288592 22 19 14
0.191324 0.690846 0.629215 124 86 65
-0.187959 -0.186702 -0.046194 10 9 7
-0.842571 -0.332037 -0.359078 181 144 109
0.188445 0.502511 0.459781 232 182 156
0.072146 1.068892 0.705357 60 42 21
-0.233576 0.190490 -0.093659 226 181 142
0.712289 -0.356672 -0.389070 225 181 139
0.271130 -0.733695 -0.154293 21 18 17
-0.050921 -0.341130 -0.049685 11 9 7
0.445514 -0.047709 -0.134727 11 9 7
0.453241 -0.658817 -0.237025 20 19 15
-0.762953 0.153263 -0.190542 194 147 112
-0.525957 -0.387048 -0.197223 6 5 3
0.728507 -0.287397 -0.360045 226 183 140
-0.552209 -0.506222 -0.284997 8 7 5
-0.111644 0.119349 -0.052069 236 181 141
-0.259448 0.058795 -0.060311 10 8 6
0.234793 0.642466 0.526940 184 136 108
-0.148370 -0.745100 -0.150660 15 11 12
0.332985 0.004414 -0.110125 12 10 7
0.346378 0.934520 0.587160 209 170 142
0.495958 -0.683647 -0.439698 40 35 31
-0.441997 0.084639 -0.086490 9 8 5
-0.135029 0.340816 -0.021806 194 150 114
-0.835074 -0.398912 -0.384804 186 143 112
-0.038498 0.553793 0.491434 244 191 162
0.325742 0.660755 0.415141 209 160 124
0.007253 0.297173 0.036068 216 173 136
0.360781 0.665762 0.183157 235 179 149
-0.061259 -0.828028 -0.223095 8 7 5
0.253773 0.683870 0.557920 179 124 91
0.699614 -0.551768 -0.486880 222 172 133
0.222660 0.442805 0.345567 225 178 151
0.673592 -0.752662 -0.552579 223 171 138
-0.660387 0.035419 -0.099133 237 197 155
0.071093 -0.800867 -0.216846 10 9 8
-0.694538 -0.070122 -0.144359 229 188 146
0.558136 0.043757 -0.194340 238 199 158
0.262830 0.674799 0.528415 88 53 36
0.033967 0.488846 0.549569 195 148 132
0.424834 -0.695014 -0.237982 28 27 24
-0.300254 -0.607625 -0.049797 11 10 9
-0.622275 0.213707 -0.149006 236 184 147
-0.273555 -0.004565 -0.058961 10 8 6
-0.156764 0.561331 0.290317 194 148 125
0.014260 0.874087 0.721210 245 201 172
0.575342 -0.034478 -0.197667 241 201 160
0.111515 0.206105 -0.043258 235 193 150
-0.137467 0.518571 0.296361 194 150 128
-0.487645 -0.355788 -0.140262 9 8 6
0.245011 -0.784980 -0.223475 18 14 14
-0.134467 -0.463388 -0.036318 14 11 9
-0.001551 0.325061 0.281549 150 106 87
0.433796 0.151612 -0.177532 8 7 3
0.272988 0.080387 -0.097424 13 11 7
0.000966 -0.215160 -0.056063 11 9 7
0.268579 0.497843 0.339360 224 182 154
-0.012046 0.237349 -0.013308 231 188 145
-0.196498 0.130843 -0.053322 231 180 142
-0.001380 0.410349 0.390118 205 157 133
-0.779402 -0.011663 -0.172598 212 167 128
0.569864 -0.462583 -0.394155 156 119 91
-0.505483 -0.445909 -0.188730 7 7 5
0.584986 -0.787498 -0.530232 194 148 122
0.782100 -0.400775 -0.467681 218 169 128
0.059309 -0.452240 -0.054169 14 11 9
0.176969 0.000053 -0.070574 13 11 7
-0.195756 -0.260876 -0.043672 11 9 7
0.143362 -0.900005 -0.310817 10 9 7
0.024969 0.898400 0.726937 244 200 173
-0.724787 -0.307633 -0.258329 218 176 140
-0.023758 -0.234939 -0.054432 13 11 9
-0.399693 -0.218466 -0.059229 14 11 9
0.487807 -0.113259 -0.146131 13 10 7
-0.512683 -0.669001 -0.351124 11 9 8
0.094158 -0.051035 -0.062110 14 12 9
0.116745 0.344985 0.351604 237 186 160
0.327732 -0.116176 -0.093515 12 11 8
0.003664 0.366717 0.352311 228 178 152
-0.218727 0.129364 -0.048760 49 36 28
0.301600 0.986952 0.665401 161 123 97
0.031044 0.384937 0.393719 190 150 129
-0.664000 -0.340560 -0.257897 221 180 143
-0.457426 0.286357 -0.201023 17 14 13
0.234183 0.156778 -0.105125 231 185 144
-0.100387 0.646609 0.516999 234 185 152
0.671907 -0.577183 -0.473626 220 168 129
0.396509 1.103680 0.465927 91 73 57
-0.762346 -0.304749 -0.276603 215 173 138
0.170217 0.364480 0.323509 230 184 156
0.648862 -0.184933 -0.264892 237 193 147
0.404172 0.113686 -0.154171 10 9 5
0.151086 0.423179 0.388867 226 164 144
-0.192637 -0.831828 -0.231955 7 6 4
0.663692 -0.096346 -0.242427 237 196 152
-0.467289 0.266816 -0.177992 15 11 10
0.682781 -0.644652 -0.505391 222 169 132
0.147517 0.684400 0.641593 182 141 119
-0.260856 -0.147874 -0.046458 10 8 7
0.575325 -0.793927 -0.530585 184 141 116
-0.566438 0.154623 -0.115232 241 196 156
0.270683 0.246855 -0.131780 217 173 134
-0.879517 -0.392834 -0.447798 155 115 85
-0.342064 -0.498732 -0.042656 13 10 9
0.659779 -0.335229 -0.340195 227 183 141
-0.308587 -0.444185 -0.035123 15 11 10
-0.008693 0.025496 -0.042977 21 14 12
-0.195437 0.775522 0.371067 194 148 125
0.218806 0.537740 0.470146 240 188 163
-0.310395 -0.337328 -0.042239 12 9 7
-0.840984 -0.116294 -0.265123 181 135 100
-0.670123 0.058880 -0.097123 242 201 160
0.122379 -0.814575 -0.236206 11 10 8
0.145256 0.963207 0.729446 223 174 148
0.790437 -0.009001 -0.266981 225 181 139
-0.604441 -0.420704 -0.296314 177 138 108
-0.140887 0.575090 0.127263 181 130 95
-0.727179 0.136542 -0.137764 218 168 133
-0.124898 0.594050 0.464824 214 162 136
-0.852421 -0.209618 -0.308950 178 137 104
0.336435 1.139520 0.547046 106 91 76
0.730959 -0.254414 -0.341737 227 184 141
-0.008240 0.724615 0.667089 244 202 180
0.533630 -0.194141 -0.178020 200 160 132
0.410025 1.007253 0.409749 68 54 41
-0.006672 -0.296631 -0.053153 11 9 8
0.494747 -0.645526 -0.319966 33 27 25
0.476594 -0.358779 -0.163696 13 11 8
-0.147776 -0.252957 -0.046515 10 8 6
-0.133098 0.939564 0.637923 206 162 136
-0.258592 0.173935 -0.071405 23 17 10
-0.473802 -0.277874 -0.101262 11 8 6
0.084834 1.080485 0.700635 69 51 33
0.468615 -0.695541 -0.325952 25 19 19
-0.736663 0.164262 -0.165947 206 154 121
0.015560 1.062266 0.699594 69 52 37
0.224870 -0.681058 -0.103250 23 21 22
0.325914 0.346798 -0.197639 226 178 135
-0.554655 -0.309240 -0.206311 35 28 22
0.487522 0.105622 -0.179332 13 12 8
0.179948 -0.731493 -0.146892 18 16 17
0.123984 0.023271 -0.056629 17 12 10
0.006843 0.569523 0.517014 227 180 153
0.663092 -0.477787 -0.422277 220 171 132
0.087799 -0.701461 -0.129407 21 19 21
0.359549 1.022942 0.570680 160 127 102
-0.112454 -0.342538 -0.045868 12 9 7
0.383167 0.702547 0.177608 237 177 145
0.106716 -0.073665 -0.063793 13 11 8
-0.489651 0.082576 -0.094915 142 113 95
0.089294 0.897169 0.734013 244 195 168
-0.172840 -0.637347 -0.057313 16 15 13
-0.385884 -0.609265 -0.086859 13 12 11
-0.175333 0.995137 0.566328 121 91 67
0.109021 1.105044 0.687756 94 76 54
0.457998 0.249088 -0.240514 33 30 30
0.528538 -0.457341 -0.297322 17 11 11
0.268770 0.471019 -0.000386 210 165 125
-0.599975 0.202518 -0.138372 240 190 153
-0.002070 -0.205127 -0.055929 11 9 8
0.759416 0.089036 -0.236451 230 186 145
0.019198 0.714188 0.669209 240 196 173
0.546238 -0.066079 -0.187265 239 196 153
-0.685659 -0.295411 -0.234621 220 177 141
0.403214 0.965503 0.417990 96 72 56
0.592134 -0.447167 -0.380686 191 145 111
0.668145 -0.655499 -0.492382 223 171 135
0.372521 -0.705411 -0.186733 18 13 13
0.537746 -0.392452 -0.290322 22 16 15
0.237973 1.024688 0.690849 92 68 40
0.349283 -0.737215 -0.210021 21 17 16
-0.042480 -0.635040 -0.089448 14 12 13
-0.222048 0.882783 0.366624 57 36 22
-0.148120 0.848998 0.599132 200 157 131
0.152515 1.134512 0.664333 75 57 35
0.288376 0.658867 0.489867 231 184 149
-0.059773 0.442229 0.363328 193 149 127
0.287852 0.902749 0.660846 213 162 133
-0.350083 0.360838 -0.229131 18 14 13
0.188649 0.363610 0.286833 215 168 140
0.132659 0.363868 0.082555 233 196 157
0.667161 -0.031543 -0.216797 240 201 158
0.068411 0.573560 0.587179 235 183 160
-0.886231 -0.434130 -0.468357 158 120 87
-0.832661 -0.458330 -0.407899 193 145 107
0.202790 1.104193 0.669125 77 64 46
-0.127407 0.523735 0.108093 193 148 111
0.186812 0.470228 0.430586 228 186 159
0.238580 -0.575181 -0.063891 15 12 11
0.562244 -0.173774 -0.198079 234 187 140
0.295668 -0.070459 -0.091083 11 10 6
0.370467 -0.713829 -0.196072 17 14 12
0.630968 -0.539702 -0.429751 215 163 126
0.301268 0.184745 -0.130326 17 10 6
-0.436913 -0.157775 -0.070827 11 8 6
0.597442 -0.132265 -0.222384 234 191 144
0.298338 0.544024 0.314671 214 170 139
0.502628 -0.014650 -0.168351 22 19 15
-0.195783 0.932842 0.520027 119 89 66
-0.182365 0.987406 0.548098 107 78 57
-0.020020 -0.801470 -0.210764 11 10 8
0.041106 0.396809 0.419440 193 95 87
-0.299541 0.292772 -0.148173 218 168 132
0.541578 0.137805 -0.208466 230 186 152
-0.263295 0.313041 -0.137156 221 173 132
0.768224 -0.495452 -0.507737 219 165 126
0.141468 -0.858299 -0.279932 11 10 8
0.102794 -0.332095 -0.060030 14 11 10
-0.329968 -0.237678 -0.046439 11 9 7
0.310894 -0.057462 -0.095212 11 10 6
-0.296719 0.203299 -0.096183 9 4 2
-0.181411 -0.708639 -0.107138 20 18 19
0.189817 0.019000 -0.072535 14 12 8
0.115946 0.091648 -0.072740 239 189 148
-0.204205 0.781191 0.277373 229 182 153
0.000369 -0.051135 -0.051631 15 12 10
0.337948 -0.646132 -0.111013 18 17 16
0.123136 -0.273739 -0.065036 12 10 8
0.253660 1.110463 0.640114 46 37 18
0.716590 0.196383 -0.287081 221 174 134
0.488921 -0.262827 -0.158685 11 10 8
0.085670 0.589765 0.587821 246 196 172
-0.065624 0.341503 0.040512 207 166 129
0.815340 0.071284 -0.308105 212 165 124
0.167724 0.130795 -0.086378 240 193 153
0.340255 -0.699550 -0.151364 19 15 15
0.347419 0.915224 0.576337 203 162 136
0.088684 -0.723800 -0.143804 24 20 19
0.621674 0.051038 -0.198309 240 198 156
-0.202858 0.962522 0.505719 118 90 70
-0.145845 0.811594 0.587691 195 153 128
0.019052 -0.304562 -0.055171 12 10 8
0.638237 -0.218664 -0.269895 233 189 144
-0.001253 -0.789208 -0.203490 10 9 8
-0.823446 -0.191705 -0.262715 199 156 121
0.367614 -0.530468 -0.096753 15 12 10
-0.092612 0.639738 0.517004 234 187 153
-0.176281 -0.304398 -0.042122 11 9 7
-0.203140 1.082501 0.472721 81 60 43
-0.603906 -0.762892 -0.336500 177 135 108
0.545959 -0.450343 -0.357397 13 9 9
-0.489151 -0.553082 -0.179143 8 7 6
-0.498102 -0.117426 -0.082171 16 12 9
-0.239619 0.179943 -0.084722 225 177 137
-0.594845 -0.550105 -0.409778 95 72 57
0.627982 -0.348561 -0.332877 221 173 135
0.808999 0.026094 -0.285663 216 170 129
0.203121 -0.233523 -0.069496 12 10 8
0.577343 -0.123024 -0.207549 236 193 146
0.257863 0.478674 0.048994 223 179 138
0.422540 -0.330924 -0.123080 15 12 11
0.290353 0.705671 0.560281 227 184 160
-0.566686 -0.106361 -0.115320 234 193 149
0.261992 1.154539 0.608737 73 68 49
0.604561 -0.204777 -0.244136 225 178 130
-0.562512 0.052634 -0.100938 239 199 155
-0.375370 -0.077075 -0.062594 9 8 5
0.718526 -0.128072 -0.274609 235 194 149
0.306813 1.125039 0.594238 72 60 48
0.199288 -0.896294 -0.326537 10 9 8
0.076474 -0.369119 -0.055350 15 12 11
-0.692629 -0.387031 -0.294614 218 175 140
-0.007190 -0.509331 -0.058003 13 10 9
0.465813 0.257452 -0.250226 35 31 30
-0.776675 -0.520748 -0.395173 216 168 131
0.078834 0.977652 0.735315 162 123 97
0.156451 0.372335 0.072162 235 194 155
0.007282 0.510194 0.483281 188 141 120
-0.264200 -0.722638 -0.128066 10 10 9
0.426555 0.058124 -0.145832 11 9 7
-0.597135 -0.485820 -0.337227 140 110 88
-0.525204 -0.517208 -0.236525 6 5 4
-0.384180 0.174386 -0.113100 8 7 4
0.225841 0.810177 0.672318 237 191 163
-0.032193 0.564526 0.499300 242 190 160
-0.268882 -0.634783 -0.053433 16 14 13
0.166982 -0.612981 -0.072125 18 14 14
0.371241 -0.634930 -0.125286 19 14 13
0.325778 -0.330665 -0.084612 11 9 7
-0.522187 0.010017 -0.100225 239 201 157
-0.648255 -0.092104 -0.140193 231 190 147
0.406484 0.995988 0.427238 79 61 46
0.141198 0.392349 0.111743 215 178 144
0.705859 -0.017535 -0.218655 241 202 162
-0.129016 0.292842 -0.036441 208 164 130
-0.768170 0.095316 -0.156588 205 155 126
0.466358 -0.685601 -0.300609 23 19 18
-0.478045 -0.554566 -0.159608 6 6 4
0.709660 -0.369637 -0.394403 226 181 140
0.182008 0.683837 0.610659 170 128 101
0.396983 -0.745868 -0.279248 27 22 21
0.235225 0.003667 -0.082263 11 10 6
0.560129 -0.571234 -0.431193 142 107 81
-0.403042 0.170729 -0.113258 10 9 6
-0.180484 -0.241579 -0.045030 11 9 8
0.003306 0.268431 0.010728 230 188 146
-0.226610 0.864410 0.339277 93 64 45
0.258505 0.411520 -0.034194 206 161 120
-0.397448 -0.479333 -0.064375 14 11 10
0.532577 -0.758382 -0.522758 98 76 62
-0.376994 -0.473679 -0.053622 14 11 9
0.299622 1.162684 0.572630 75 61 51
-0.097348 0.459525 0.305545 193 150 129
0.062563 0.046533 -0.055778 233 186 149
0.379525 0.909788 0.479353 161 127 102
0.357824 0.927405 0.557716 181 142 117
0.526252 -0.114460 -0.172668 226 183 140
0.274767 0.543213 0.415215 225 174 146
-0.470916 -0.323845 -0.112144 16 11 9
0.190979 0.894647 0.712627 241 194 166
0.365883 -0.557388 -0.097971 16 13 12
0.376190 0.907061 0.492443 161 125 101
0.707670 -0.535879 -0.485177 223 171 133
-0.638382 -0.321793 -0.242033 222 181 144
0.345032 0.717171 0.294512 195 149 119
-0.084647 -0.724779 -0.141740 14 12 12
-0.857710 -0.088517 -0.302852 162 118 84
0.651809 0.213317 -0.263428 228 183 148
-0.514473 -0.107806 -0.091974 147 113 91
0.406550 1.004634 0.437418 73 52 36
-0.149953 0.369276 -0.032315 179 134 96
0.254917 0.710448 0.612979 150 110 85
-0.237996 -0.118273 -0.047420 10 9 6
0.275601 0.460761 -0.085859 210 161 120
-0.812356 -0.150659 -0.238033 204 161 121
-0.531297 -0.346854 -0.192083 6 4 3
-0.072939 0.378186 0.059755 186 146 112
0.679915 -0.414152 -0.397964 223 176 137
-0.605375 -0.188005 -0.151285 222 178 136
0.625194 0.123232 -0.212261 233 187 145
0.373334 0.933084 0.518816 138 100 77
0.242453 0.728710 0.631029 234 190 168
-0.088861 0.279741 -0.011224 211 168 132
-0.695519 -0.435452 -0.325157 216 172 138
0.710591 0.074159 -0.209747 235 192 151
0.008783 -0.744032 -0.171296 12 11 10
0.285671 0.757717 0.601888 232 193 167
-0.292371 -0.346466 -0.040095 12 8 7
0.360693 -0.011692 -0.114854 12 10 7
0.420960 0.792672 0.178487 214 132 106
-0.518628 -0.697168 -0.384623 53 81 46
-0.829467 -0.492821 -0.418928 198 150 113
0.282354 -0.054521 -0.089407 13 11 8
-0.421055 0.234319 -0.152572 8 7 5
-0.185237 0.924192 0.545789 156 122 98
0.400192 0.728608 0.163263 240 181 152
-0.356604 0.171046 -0.107147 7 6 4
-0.485497 -0.431164 -0.151687 9 8 6
-0.178937 0.691725 0.285924 185 137 114
0.173242 -0.756009 -0.170390 20 18 17
0.168042 0.412766 0.110919 216 175 140
0.395986 -0.499386 -0.112769 14 11 9
0.002882 0.495431 0.472444 215 168 143
-0.771400 -0.286155 -0.271450 216 173 138
-0.152381 0.498316 0.034343 180 133 97
0.817435 -0.003090 -0.303782 209 166 123
-0.296274 -0.719225 -0.138718 17 12 10
0.055136 -0.642470 -0.094640 18 17 17
-0.422662 -0.263427 -0.067788 13 9 7
-0.704994 -0.512788 -0.371961 216 171 136
0.764252 0.030468 -0.235498 233 190 149
0.454100 -0.682863 -0.269699 26 23 21
0.342372 -0.619638 -0.102287 16 13 12
0.161318 0.921771 0.723135 241 194 165
0.140277 -0.824038 -0.250830 10 9 9
0.159432 0.005743 -0.067094 12 11 6
-0.107521 1.054804 0.631518 139 108 87
-0.807763 -0.068058 -0.213131 202 156 120
-0.351112 -0.031096 -0.066560 10 9 6
-0.823886 0.009295 -0.239634 177 129 96
0.236475 0.219249 -0.111018 217 172 133
0.653074 -0.647806 -0.474635 220 169 133
0.550610 0.143270 -0.211428 235 191 151
0.609953 -0.048890 -0.211636 242 203 161
0.410898 1.036045 0.407587 69 56 44
0.161461 0.328672 0.025211 234 196 155
0.498651 -0.656271 -0.369929 30 26 23
0.301844 -0.589800 -0.077772 18 15 14
0.744487 -0.353356 -0.409863 221 175 134
0.008292 -0.545376 -0.063576 13 11 10
-0.061862 0.778947 0.662840 228 184 162
-0.098746 0.675009 0.533173 162 113 87
-0.384408 0.085971 -0.088940 10 9 6
-0.197812 -0.403209 -0.033202 11 8 6
0.538235 -0.435304 -0.314698 13 9 10
-0.107853 0.557042 0.443327 210 161 138
0.604969 -0.192208 -0.240605 228 181 133
-0.562008 -0.587284 -0.408374 9 3 3
-0.274151 -0.695407 -0.097918 11 10 8
0.186924 -0.740376 -0.155394 17 14 14
-0.184795 0.190494 -0.085782 223 175 134
-0.238712 0.869956 0.297116 174 106 84
-0.033712 -0.355362 -0.050042 13 11 9
0.493533 -0.629298 -0.278757 27 26 24
0.583323 -0.157155 -0.213209 232 187 138
0.123209 0.579806 0.555758 228 182 154
-0.067860 1.020547 0.684479 126 95 70
0.757229 0.078061 -0.231736 232 189 147
-0.225484 0.994140 0.418153 52 31 17
-0.334519 0.083488 -0.082089 8 7 5
-0.627614 -0.407371 -0.292535 209 169 133
0.226410 0.498865 0.428774 237 193 167
0.391228 -0.717617 -0.223326 23 20 18
0.269153 -0.795603 -0.252706 16 13 13
0.338153 0.699578 0.390224 210 160 123
0.676414 -0.652120 -0.500715 220 167 130
0.354994 -0.749675 -0.235900 22 20 18
0.267807 -0.282792 -0.071905 13 11 9
-0.270276 -0.140467 -0.047464 10 9 7
0.565315 0.188267 -0.228231 231 183 143
0.292576 0.158733 -0.119063 20 15 10
0.780332 -0.211343 -0.350531 227 184 139
0.109472 -0.234163 -0.065149 14 12 10
-0.234906 -0.515835 -0.025214 11 10 8
-0.363934 -0.232597 -0.050857 12 9 7
0.171762 0.094595 -0.074494 240 190 150
0.764998 -0.236823 -0.353764 225 181 138
0.465812 0.230444 -0.226153 29 27 28
0.336130 0.891109 0.588483 207 170 142
-0.048068 0.587467 0.503543 243 192 161
0.000669 -0.097922 -0.053703 14 12 10
0.724511 -0.273624 -0.348906 226 183 140
-0.504459 -0.164713 -0.091563 13 10 7
-0.087282 0.042364 -0.030754 27 14 11
0.242168 0.485000 0.385177 225 181 154
-0.186644 0.728656 0.402236 207 156 130
0.530865 -0.488706 -0.322876 18 16 14
0.438773 -0.556651 -0.154903 15 12 11
-0.229109 0.263902 -0.109829 228 182 138
0.017370 0.101586 -0.076151 237 187 143
-0.125018 0.810250 0.619516 216 175 150
-0.355668 -0.178378 -0.050929 10 8 6
0.437039 -0.621191 -0.180235 13 10 9
0.299217 0.359480 -0.147245 222 175 131
0.516254 -0.491626 -0.259267 15 11 12
0.665157 -0.376957 -0.366919 226 182 140
-0.158572 0.793226 0.539515 196 158 135
0.533562 -0.410586 -0.288253 21 14 13
-0.198080 0.896864 0.496733 137 106 85
-0.472582 -0.385199 -0.126207 19 18 16
0.358402 0.863900 0.516235 194 157 129
-0.073070 0.269468 -0.008591 216 172 134
-0.171994 0.235782 -0.084380 216 169 129
0.797355 -0.019699 -0.278733 220 175 135
-0.207462 0.861485 0.409935 127 98 79
0.831090 -0.042637 -0.343781 207 164 121
-0.174456 0.329191 -0.078197 195 149 110
0.281659 0.317393 -0.130115 225 181 141
-0.264982 -0.469970 -0.026595 14 10 9
-0.400308 -0.119954 -0.063142 10 8 6
-0.060795 0.394591 0.285296 182 142 118
0.291450 0.398105 -0.139624 215 162 118
0.346512 0.777354 0.434407 215 171 139
-0.200581 1.044537 0.491348 87 68 51
-0.351930 -0.115045 -0.055642 10 8 6
0.200433 0.700392 0.642808 137 102 78
-0.186958 0.894432 0.531996 146 109 88
-0.001087 -0.558027 -0.065663 14 12 11
0.585574 -0.327744 -0.308927 186 148 101
0.254336 -0.641825 -0.085845 26 23 22
0.050792 -0.720604 -0.143804 14 13 12
0.417847 -0.701509 -0.236972 27 25 24
0.418197 0.052380 -0.141910 10 8 5
0.066094 -0.488057 -0.056101 13 10 9
-0.002575 -0.568752 -0.067593 13 10 10
-0.361529 0.269262 -0.157681 9 7 5
0.406870 -0.805420 -0.373951 17 16 12
-0.038774 0.285673 0.014566 229 187 148
0.785273 -0.136717 -0.317575 227 184 139
-0.030999 0.710557 0.652060 144 104 82
0.088402 0.307452 0.316933 170 116 96
0.272794 -0.479470 -0.064422 15 11 10
-0.750164 -0.352676 -0.299090 215 173 138
-0.077799 0.161379 -0.060530 242 193 153
0.609660 -0.725857 -0.495732 213 165 133
0.045928 0.670772 0.617807 162 118 92
0.238405 0.943521 0.702286 202 152 127
0.269056 -0.061251 -0.086828 10 9 6
0.036133 0.673895 0.621300 149 105 79
-0.515443 -0.217236 -0.111287 17 11 9
-0.294401 -0.467639 -0.030912 14 10 9
0.533727 -0.353575 -0.258088 23 18 18
-0.005646 0.334249 0.256090 137 94 72
-0.479521 -0.251196 -0.096599 14 9 7
-0.752057 0.099440 -0.141043 212 162 131
-0.109694 0.923050 0.661865 216 170 143
0.014737 1.072331 0.693746 57 41 24
-0.867666 -0.127652 -0.325265 161 118 86
0.040323 -0.731522 -0.156086 13 12 11
-0.854575 -0.431168 -0.420246 179 135 105
0.663383 0.043298 -0.199183 242 202 161
-0.083944 0.939571 0.683486 220 174 147
-0.408843 -0.233608 -0.061302 13 10 8
-0.091100 0.272055 -0.017679 215 173 137
-0.293044 0.161332 -0.079410 6 3 1
-0.820682 -0.030140 -0.226851 188 140 104
0.518480 -0.435419 -0.252263 22 17 15
0.756040 -0.294622 -0.382383 223 181 137
-0.050829 0.696827 0.610304 159 111 87
0.014312 -0.008685 -0.048721 13 9 6
-0.878860 -0.214850 -0.391538 145 109 76
-0.866079 -0.190044 -0.333124 162 119 85
0.265764 -0.588900 -0.070145 16 12 10
-0.591229 -0.381406 -0.271243 183 142 108
-0.777671 -0.239141 -0.249736 216 173 138
0.282431 0.566986 0.076259 218 172 134
-0.004004 0.051368 -0.053261 240 190 150
0.006746 0.695136 0.650056 141 100 80
0.373145 -0.428017 -0.100715 14 11 9
0.356371 0.717063 0.232963 183 110 82
0.411596 0.814061 0.211349 239 193 166
0.259539 0.349539 -0.086309 217 172 129
-0.056395 -0.184120 -0.052787 12 10 9
0.202870 0.875038 0.706069 241 194 166
0.001792 0.546089 0.500447 214 165 138
-0.570935 -0.569169 -0.411355 6 0 0
0.501653 -0.792455 -0.549249 38 31 23
0.276941 0.425934 -0.087594 220 173 128
0.024521 0.078798 -0.071462 239 187 143
0.001923 0.458840 0.452799 213 166 142
0.024566 1.052328 0.707316 77 60 43
-0.222655 -0.149949 -0.045766 10 8 7
0.408375 -0.724620 -0.257213 28 23 22
0.361685 0.945513 0.557811 193 152 124
0.541331 -0.439262 -0.325174 19 15 12
0.351768 0.758505 0.385629 207 160 127
-0.117449 0.306689 -0.019097 208 164 130
0.439302 -0.367850 -0.137255 13 10 8
0.059008 0.721739 0.676439 243 199 175
0.342710 -0.318359 -0.089423 13 11 9
0.506842 -0.483581 -0.231279 17 13 12
0.338101 -0.079749 -0.099513 10 9 5
0.480952 -0.177763 -0.144207 11 9 7
0.199324 0.387070 0.300585 225 179 151
-0.860139 -0.282494 -0.361181 164 123 92
0.387560 -0.700527 -0.196309 17 15 14
0.383559 1.095918 0.496404 116 90 74
-0.654597 -0.047088 -0.126446 232 191 149
0.286942 -0.421708 -0.072243 14 12 10
0.318867 0.714756 0.479212 221 179 150
0.070734 0.908271 0.733561 247 200 172
0.264990 0.318303 -0.109635 225 181 140
-0.447318 -0.363225 -0.093882 12 9 7
0.249928 0.348350 -0.065492 206 162 121
-0.576874 -0.513986 -0.350232 14 10 7
-0.470837 -0.692656 -0.289249 10 8 9
0.513698 -0.548067 -0.267798 20 18 19
0.094836 -0.852198 -0.262932 10 10 8
0.720760 -0.139636 -0.280855 235 193 149
-0.241290 0.230456 -0.107249 226 180 140
-0.099868 0.024843 -0.031804 18 14 11
-0.250266 0.766506 0.185213 213 142 126
-0.462553 0.246024 -0.156953 9 6 4
0.255210 0.435884 0.007660 216 172 130
0.327865 -0.348476 -0.085027 13 12 10
-0.824682 0.031286 -0.251242 170 124 91
-0.355699 -0.147039 -0.053327 11 9 7
-0.692157 -0.099931 -0.155912 230 188 146
-0.704392 -0.202937 -0.197662 223 180 140
-0.536207 -0.340048 -0.196929 4 3 1
-0.180926 0.703255 0.283861 182 133 109
-0.201717 1.032650 0.493754 91 69 52
-0.152113 0.304484 -0.054574 191 148 109
0.329814 0.662812 0.380496 201 154 121
-0.135686 0.538052 0.336446 197 153 131
-0.869801 -0.401771 -0.429341 163 121 89
-0.504728 0.147389 -0.115217 237 194 161
-0.189117 0.746038 0.393997 206 157 129
0.499426 0.087531 -0.182940 16 15 12
-0.592277 -0.511179 -0.362053 113 88 70
-0.037880 0.386758 0.323076 192 154 131
-0.351339 -0.461930 -0.044650 13 11 10
-0.174691 -0.348609 -0.039159 12 9 8
0.188560 0.708381 0.651756 235 189 171
0.239073 1.167678 0.608364 73 55 33
-0.219995 0.894246 0.388201 88 64 46
-0.190658 -0.369315 -0.036739 14 11 9
-0.391732 -0.322687 -0.060781 13 10 8
-0.033773 -0.054041 -0.049240 11 10 8
-0.143265 -0.789888 -0.192835 12 10 9
0.164779 1.006072 0.722324 109 84 61
-0.016278 -0.302155 -0.052329 12 10 8
-0.804836 -0.485806 -0.396045 208 160 121
0.351306 0.721588 0.259989 224 179 149
0.127602 -0.292218 -0.064287 14 12 10
0.278428 0.762272 0.613182 234 189 162
0.551026 0.221778 -0.245470 223 173 138
0.679487 -0.237834 -0.301555 233 190 147
-0.666781 -0.235526 -0.197051 225 182 143
0.401307 0.954885 0.421572 105 81 65
-0.075760 -0.725718 -0.145966 16 13 14
-0.385766 -0.117790 -0.060930 10 8 6
0.371440 0.946878 0.532292 161 122 98
0.104380 0.306786 0.275893 150 106 80
0.628293 -0.567375 -0.436532 214 163 125
0.460154 -0.305723 -0.142669 12 10 8
0.574639 -0.155581 -0.206514 231 186 140
-0.427858 0.190386 -0.121863 8 7 5
0.743356 -0.415595 -0.446556 220 173 134
-0.078720 -0.413296 -0.046483 14 11 9
0.294290 0.593664 0.064601 205 160 122
-0.259223 0.338141 -0.143281 208 161 119
0.215576 0.710490 0.640821 198 156 136
0.647425 0.104478 -0.206891 234 188 146
0.115448 0.764987 0.693275 246 201 177
0.183435 0.365130 0.303145 227 180 151
0.326182 0.938740 0.622745 212 174 147
0.208518 -0.783796 -0.215981 12 8 8
0.506426 -0.165160 -0.154810 20 16 14
0.659901 -0.303278 -0.323248 227 183 141
0.199303 -0.185169 -0.070313 11 9 7
0.771515 -0.153482 -0.315480 228 186 141
0.500700 -0.664160 -0.400673 33 28 24
-0.754520 0.116391 -0.150004 207 157 124
0.311294 0.686879 0.471338 227 184 149
0.240382 -0.553336 -0.061619 15 11 10
0.036638 -0.433769 -0.052993 12 9 8
0.353589 1.056061 0.570344 127 101 77
0.407697 -0.564321 -0.126795 13 11 10
-0.100587 0.813368 0.645047 226 183 159
-0.093330 0.436133 0.240922 164 120 95
-0.450153 -0.728442 -0.289431 36 29 27
0.469195 0.192080 -0.198604 6 7 2
-0.267712 -0.548749 -0.030647 12 10 9
-0.715154 -0.120751 -0.171399 226 184 142
-0.393609 -0.551993 -0.070401 14 13 12
0.003732 -0.423558 -0.051806 15 11 10
-0.118856 0.900247 0.647425 214 170 143
0.265301 0.703903 0.591828 225 180 148
0.321431 1.099509 0.592386 86 69 55
-0.063695 0.431527 0.339270 187 148 128
0.677377 -0.471419 -0.429385 221 173 133
-0.237783 -0.234921 -0.042883 11 8 7
0.546148 0.008273 -0.190225 242 202 161
-0.373709 0.218953 -0.136233 7 6 4
-0.165955 0.719603 0.466682 206 163 135
0.741804 -0.532223 -0.507631 221 168 130
0.092352 0.199296 -0.046624 236 192 150
0.044207 -0.705118 -0.133101 23 19 22
-0.107930 1.137610 0.577458 73 55 35
0.277042 0.443941 -0.095295 213 163 121
0.276920 0.155302 -0.111788 20 10 5
0.507768 -0.548088 -0.251778 29 27 25
0.030725 0.766710 0.691451 245 201 177
0.336546 0.908194 0.596180 215 175 150
-0.020678 0.890422 0.712645 236 187 159
0.770795 0.050893 -0.239209 232 190 148
-0.427953 -0.165676 -0.068573 11 9 6
0.794635 0.000079 -0.269371 222 178 138
0.410199 -0.370031 -0.119181 14 12 9
0.434175 0.225965 -0.216763 33 25 23
-0.215584 0.942296 0.449485 98 75 57
0.480764 -0.721429 -0.455297 37 29 27
-0.643173 -0.644455 -0.405796 190 146 120
-0.661992 -0.171648 -0.169543 229 186 146
0.392633 -0.728963 -0.243526 20 18 16
0.283633 0.712328 0.584575 213 172 148
0.750779 -0.203212 -0.326694 229 187 143
-0.447364 -0.573863 -0.121821 13 12 10
-0.089901 0.627985 0.511433 239 190 157
-0.518162 -0.298351 -0.151619 13 10 8
0.051423 -0.914191 -0.296958 7 7 5
0.178422 -0.706537 -0.125513 20 15 15
-0.141319 -0.543462 -0.041251 12 10 10
0.484724 -0.187260 -0.146316 11 9 7
-0.182394 -0.060436 -0.047538 10 9 7
-0.036638 0.738887 0.664121 240 199 176
0.421101 0.986974 0.337802 74 58 45
-0.789010 -0.579588 -0.406782 211 159 122
-0.608166 0.022076 -0.103630 237 196 153
0.374682 0.922291 0.507752 162 127 105
0.692895 -0.069404 -0.239423 237 197 153
0.198142 0.764801 0.670783 239 191 168
0.432508 -0.317596 -0.127580 12 11 9
-0.144006 0.639942 0.474530 214 160 129
-0.552423 -0.553229 -0.337678 10 6 5
-0.131569 -0.736413 -0.140815 14 13 12
-0.874036 -0.140374 -0.346925 156 114 80
0.604175 0.101543 -0.206006 236 192 152
-0.196570 1.051337 0.498555 93 72 51
-0.726553 0.152340 -0.145493 213 163 130
0.290049 0.084711 -0.103622 12 11 7
0.063519 -0.821760 -0.233025 9 8 6
-0.850898 -0.556899 -0.461906 191 141 102
0.282069 -0.449338 -0.068987 13 10 8
0.387388 0.304160 -0.238228 32 26 25
-0.044218 0.391901 0.091376 186 147 113
-0.177679 0.666131 0.348455 181 134 110
0.385523 0.822272 0.298407 150 109 87
-0.119707 0.937785 0.653080 207 160 132
0.105738 0.194799 -0.050258 234 190 147
0.087656 0.388052 0.139520 119 81 60
-0.089269 0.566143 0.472509 227 176 147
-0.057954 -0.458384 -0.049879 13 11 9
0.304643 0.858249 0.623984 233 197 166
-0.183685 0.903507 0.548221 140 107 83
-0.246289 -0.759969 -0.170427 16 14 15
-0.041676 0.417706 0.117491 175 139 106
-0.213225 0.299174 -0.106649 223 176 132
0.636421 -0.248978 -0.281198 231 186 142
-0.512892 -0.494589 -0.208829 6 5 3
-0.768116 -0.596570 -0.401414 215 164 129
0.122835 0.148849 -0.074662 230 180 138
0.000781 0.384492 0.363903 209 162 139
-0.005367 -0.355440 -0.050917 15 11 10
0.523052 -0.556775 -0.332018 16 8 9
0.509717 -0.633853 -0.412947 22 22 22
0.138747 0.064401 -0.064930 239 190 154
0.161995 0.404489 0.104367 222 182 147
0.198547 -0.371192 -0.059911 12 9 8
0.358200 1.075518 0.550624 119 96 75
-0.174358 -0.739625 -0.138589 16 11 15
-0.906115 -0.484225 -0.534407 150 112 84
0.107161 0.308306 0.312491 196 140 118
-0.166528 0.754676 0.479821 206 168 142
-0.263775 -0.260832 -0.042013 13 9 8
0.115963 0.381681 0.116592 204 167 136
-0.275384 0.131819 -0.066479 10 9 7
0.609017 0.210658 -0.248387 228 181 139
-0.634366 0.236010 -0.171671 228 175 140
-0.142021 -0.733080 -0.131709 19 17 18
-0.281172 -0.093715 -0.051760 9 8 6
0.457156 0.270793 -0.261128 33 29 28
0.666359 0.107498 -0.209593 231 186 144
0.633277 -0.557863 -0.437508 214 163 125
0.607169 -0.026397 -0.204880 240 202 160
0.666103 -0.561738 -0.462611 220 170 131
-0.361878 -0.787210 -0.279236 24 18 18
0.290660 0.353018 -0.133737 225 178 136
-0.173103 0.444488 -0.069414 188 140 100
-0.691042 0.032626 -0.104837 237 196 155
0.670597 0.024823 -0.200882 243 204 163
-0.808450 -0.297501 -0.303453 206 164 129
-0.844083 -0.400043 -0.393920 177 140 106
0.000315 0.380418 0.113054 165 130 102
0.678239 -0.042046 -0.223383 238 198 156
-0.077235 0.637579 0.527167 224 174 143
-0.120958 0.554702 0.416371 199 156 134
0.098032 -0.612896 -0.077483 15 11 12
-0.611534 -0.215189 -0.167645 219 176 135
0.294113 -0.399977 -0.074974 13 10 9
-0.193253 0.778833 0.389998 192 147 123
-0.318067 -0.316231 -0.044175 12 9 8
0.415777 0.248833 -0.224512 36 32 31
0.144572 0.990587 0.729170 158 122 96
-0.404435 -0.182872 -0.061597 12 10 8
-0.358713 -0.270582 -0.050052 13 10 8
0.303950 0.557800 0.309108 209 164 136
0.476664 -0.407698 -0.174114 14 11 9
0.286522 0.244193 -0.144905 223 178 136
0.283629 0.786879 0.618000 232 187 160
0.399069 0.797516 0.211776 220 159 133
0.744997 -0.181274 -0.311586 233 191 148
-0.862022 -0.086280 -0.319307 164 116 86
-0.037839 0.367182 0.076043 182 144 110
-0.239936 -0.767049 -0.181215 15 11 12
-0.583588 0.146508 -0.112907 238 193 152
-0.714887 -0.137004 -0.177231 226 184 143
-0.186358 0.788580 0.425006 202 159 133
0.232226 0.340782 -0.029527 219 176 137
0.111307 1.057178 0.714089 74 55 32
0.017985 -0.470268 -0.054784 14 12 10
-0.198756 0.861683 0.445356 157 120 100
-0.566817 -0.170822 -0.126389 223 178 136
0.014727 -0.730901 -0.159806 15 13 14
-0.433695 -0.102115 -0.070239 10 9 6
-0.288808 0.319172 -0.154327 208 154 115
0.240091 0.228519 -0.110259 220 176 136
-0.289689 0.217288 -0.098895 17 11 6
-0.135990 0.958615 0.634646 191 147 121
0.168815 -0.496121 -0.056272 15 12 11
0.634570 -0.530179 -0.427602 215 164 126
0.172084 0.043644 -0.063540 14 10 6
0.043593 0.873582 0.727244 246 202 175
0.402299 0.305519 -0.254147 35 30 30
0.711673 0.134423 -0.232750 228 183 141
-0.329435 -0.021713 -0.065796 10 9 7
-0.214755 -0.433645 -0.029540 11 9 8
-0.579995 -0.543320 -0.394112 72 52 45
-0.116459 -0.614269 -0.062690 13 12 11
0.557701 0.158995 -0.216787 235 190 150
-0.208511 0.879191 0.418787 130 103 82
-0.893801 -0.411260 -0.488081 149 111 82
-0.418092 -0.671263 -0.163376 20 18 18
0.310611 0.593779 0.372933 204 159 128
-0.507010 -0.475800 -0.196002 7 6 4
-0.189115 0.816986 0.435272 181 144 120
0.240829 -0.798643 -0.249182 17 13 14
0.144891 0.591991 0.531794 231 185 157
-0.037368 0.028963 -0.035088 24 17 14
0.215177 0.407170 0.301309 220 173 144
-0.415642 0.054592 -0.083373 9 8 6
0.127487 0.601077 0.550807 229 182 154
0.139090 1.102940 0.687227 89 71 49
-0.708000 0.020944 -0.113430 232 192 150
-0.163350 0.434213 -0.045045 181 133 97
-0.525652 -0.002890 -0.100819 241 202 159
-0.057204 -0.664967 -0.102051 23 20 20
-0.579043 -0.464011 -0.307096 119 93 74
0.123153 0.492921 0.547995 222 167 146
0.636486 -0.164452 -0.251699 234 189 143
0.306067 0.174955 -0.129394 16 14 9
0.418284 0.174466 -0.180834 11 10 6
-0.174674 0.890145 0.562796 171 133 112
-0.587981 -0.052040 -0.115705 238 197 153
0.474346 -0.396789 -0.169971 15 11 10
-0.220350 0.317972 -0.112734 216 169 126
0.120149 -0.777321 -0.201732 14 12 11
0.082661 0.458236 0.532457 158 99 92
0.342414 0.702124 0.343626 195 149 121
0.063500 0.742197 0.686064 242 198 173
0.688605 -0.605632 -0.498427 220 166 129
-0.090691 -0.170645 -0.050872 12 10 8
0.231842 0.282019 -0.076692 221 181 142
-0.700184 0.093911 -0.107357 238 193 153
0.247524 -0.492579 -0.059396 15 12 11
-0.673593 -0.358616 -0.270925 219 177 141
-0.237457 -0.493438 -0.024830 13 9 9
0.118850 -0.159780 -0.065441 13 11 10
-0.406639 -0.329878 -0.066614 12 9 7
-0.329056 -0.170284 -0.048366 10 9 7
0.751430 0.092207 -0.231746 232 187 146
0.119785 1.007671 0.730551 101 75 55
0.381939 1.038131 0.517843 129 97 74
-0.519432 -0.501649 -0.220996 5 4 4
0.726606 0.069387 -0.213553 236 193 151
-0.189233 0.398425 -0.094641 197 148 108
0.018396 0.458636 0.467575 220 177 152
0.286349 -0.598840 -0.076220 17 14 13
-0.127958 -0.762485 -0.171430 11 9 9
-0.021549 -0.503205 -0.056050 14 12 11
-0.627996 -0.439385 -0.314302 202 159 124
0.492856 -0.175508 -0.148656 11 10 7
-0.681442 -0.352814 -0.268862 218 176 140
-0.444391 -0.603237 -0.135682 26 23 23
0.572309 -0.669812 -0.455921 179 136 111
0.495991 -0.759566 -0.531398 34 27 20
0.054986 0.231589 -0.020191 229 187 147
0.356542 0.764671 0.361942 190 147 120
0.047754 -0.455415 -0.054399 15 12 10
-0.034088 0.999408 0.710833 159 116 89
-0.741097 -0.495250 -0.371604 214 169 134
-0.040452 0.644215 0.543581 178 127 103
-0.202590 0.944832 0.504572 104 76 55
0.417426 0.764379 0.165001 225 154 130
-0.015442 -0.356213 -0.050288 15 12 10
0.688778 -0.443862 -0.422759 223 176 136
-0.501801 -0.029531 -0.090773 172 127 99
-0.862370 -0.455964 -0.441420 182 136 102
0.329004 0.659390 0.296625 197 155 124
-0.802648 -0.168836 -0.234954 211 166 126
-0.182720 0.845684 0.496715 189 147 123
0.163316 -0.307628 -0.064353 13 12 10
-0.499491 0.039334 -0.095950 231 193 161
0.324274 0.047531 -0.112169 9 8 5
-0.780077 -0.188889 -0.227649 216 172 133
-0.881174 -0.427518 -0.459177 157 118 87
0.289793 -0.797201 -0.266523 22 18 17
-0.421174 0.156821 -0.108592 8 7 5
0.470014 -0.292160 -0.147866 14 11 10
-0.106535 0.956412 0.666000 201 154 129
-0.208699 -0.576439 -0.034977 13 11 9
0.141117 -0.433287 -0.054131 14 11 9
0.342451 0.696145 0.236670 207 162 133
0.198391 0.929751 0.713244 238 189 162
-0.214387 0.230914 -0.101085 225 178 136
-0.649231 -0.450508 -0.324636 212 169 134
0.683371 0.204495 -0.270928 224 180 141
0.077319 0.307364 0.317827 164 112 92
-0.269946 -0.160343 -0.046139 10 9 7
0.120562 0.424096 0.430606 171 83 82
0.148357 0.562510 0.515667 237 191 164
-0.179057 -0.100958 -0.047575 9 8 6
-0.015841 0.448857 0.423258 151 101 82
-0.337602 0.013459 -0.071827 9 8 6
-0.267211 0.832228 0.197733 204 131 108
-0.672460 0.180247 -0.137320 230 179 145
-0.359339 -0.017589 -0.068945 10 9 7
0.296544 1.010819 0.662192 124 95 71
0.247561 0.362956 -0.046575 206 163 121
-0.813039 -0.255202 -0.283931 201 158 123
0.199114 0.682117 0.590631 165 119 91
0.351728 0.749341 0.365801 204 158 127
0.009878 0.379680 0.367017 215 166 141
-0.649105 -0.703384 -0.378808 205 159 129
0.161519 -0.128660 -0.068869 12 11 9
0.372762 0.797642 0.298336 174 134 109
0.079465 0.452906 0.568211 164 113 99
-0.176411 0.129786 -0.054446 233 183 144
0.693706 -0.749750 -0.564525 221 167 133
0.123594 0.492972 0.527304 213 162 143
0.559441 -0.609924 -0.440287 141 109 87
0.715781 -0.030554 -0.228014 237 198 157
-0.049000 0.373504 0.253294 163 119 94
0.395367 0.713338 0.153252 194 130 100
0.063912 0.085098 -0.074773 240 192 147
0.247905 0.689441 0.583731 187 136 108
-0.320021 -0.808780 -0.265292 8 8 6
0.252875 0.395567 -0.028380 204 159 118
-0.092956 0.486650 0.361959 191 146 127
0.352758 0.743514 0.310673 193 141 115
0.726120 -0.331637 -0.384966 225 181 140
-0.031307 0.540047 0.483413 234 180 153
0.350109 0.736999 0.297889 184 139 112
0.301566 1.136633 0.593227 54 43 33
-0.180029 0.949779 0.558926 148 112 88
-0.007322 -0.003298 -0.044561 15 11 8
-0.273461 0.309572 -0.141233 221 173 132
-0.127620 0.972721 0.644172 185 140 111
-0.151581 -0.462933 -0.033840 14 13 11
0.680176 -0.112522 -0.253295 238 196 151
-0.767571 -0.203858 -0.226970 220 176 139
-0.113085 -0.563984 -0.050071 13 11 11
-0.011373 0.209508 -0.033187 235 190 148
-0.316690 -0.694858 -0.116609 12 11 9
-0.137485 -0.320256 -0.044495 13 10 9
0.484152 -0.248696 -0.154029 11 10 6
0.479747 -0.679291 -0.327439 28 24 21
0.051299 0.334207 0.349738 234 178 154
-0.467815 -0.404546 -0.120127 16 12 11
0.630779 0.206432 -0.252681 229 183 142
0.362785 0.779940 0.356232 172 134 109
0.571206 -0.444419 -0.386601 164 128 96
0.134107 0.329329 0.251957 149 106 78
0.566389 -0.048060 -0.195719 241 200 158
-0.147283 0.295627 -0.052427 201 156 120
0.546329 -0.656600 -0.464678 120 96 76
-0.087725 0.150483 -0.061265 239 191 150
0.218631 0.397945 0.258542 199 155 128
0.324350 -0.538121 -0.078677 16 12 10
0.470778 -0.605470 -0.212592 16 12 11
0.518917 -0.044222 -0.177797 224 192 161
-0.186105 0.038405 -0.040078 13 9 7
0.618798 0.083393 -0.202785 235 192 151
0.141704 0.378551 0.362630 231 186 157
0.329497 0.258787 -0.168327 224 180 146
0.294411 -0.374899 -0.075885 14 11 9
0.346988 -0.026120 -0.108663 11 10 7
0.503907 0.222042 -0.220147 37 33 34
-0.648619 -0.304592 -0.232474 221 182 143
-0.276034 -0.618040 -0.046931 14 13 12
-0.205120 -0.444169 -0.029240 11 9 7
-0.181164 0.705609 0.273528 185 136 110
0.417651 -0.516665 -0.129830 13 10 10
-0.066641 0.911064 0.693831 225 180 152
0.140250 -0.625158 -0.079500 12 10 9
-0.604567 -0.197169 -0.154096 220 176 135
-0.012043 -0.708961 -0.132618 20 18 17
0.511327 0.248096 -0.245352 41 35 35
0.707386 -0.197451 -0.298995 234 192 148
0.263706 0.575461 0.468001 235 180 149
-0.619642 -0.148176 -0.144917 231 188 145
-0.115630 0.570281 0.449508 212 165 142
0.216627 0.887996 0.702871 240 193 165
0.645095 0.082482 -0.202919 236 192 150
0.537392 -0.654034 -0.468416 89 69 54
0.736892 0.080869 -0.220672 235 193 151
-0.294033 -0.731175 -0.154179 20 16 16
-0.647319 -0.155894 -0.158592 228 185 144
0.078098 -0.236137 -0.062414 11 10 8
0.214907 1.039504 0.695978 82 68 49
-0.299619 0.362921 -0.197444 220 168 130
-0.033103 0.970374 0.713358 205 152 128
-0.184768 0.824338 0.463091 193 151 127
-0.067249 -0.000330 -0.039469 14 11 8
-0.217309 0.981870 0.453830 75 53 38
0.253444 -0.899053 -0.347824 8 7 5
0.342674 0.694390 0.222941 212 167 135
0.517259 -0.192817 -0.162817 20 16 13
-0.830773 -0.278067 -0.313354 194 151 122
-0.551042 -0.446935 -0.255544 6 5 3
0.322911 0.724657 0.475273 222 179 149
0.018501 0.794208 0.698823 244 198 174
0.113091 0.374604 0.109915 209 174 141
-0.201484 -0.161511 -0.045888 10 9 7
0.225364 -0.310045 -0.066522 12 9 8
-0.079370 -0.587317 -0.062825 14 11 12
0.489875 -0.698572 -0.437471 34 31 27
0.007170 0.338403 0.330209 216 166 141
0.785504 -0.345850 -0.435982 215 166 125
0.070697 0.369652 0.117193 140 107 82
-0.872179 -0.198855 -0.353038 157 114 82
-0.054725 -0.209581 -0.053071 10 9 7
0.414161 0.947020 0.358245 84 65 50
0.340125 0.099835 -0.124052 13 10 8
0.026219 -0.000019 -0.046779 15 11 9
0.612243 -0.186128 -0.243999 231 185 139
-0.000178 0.333275 0.066260 205 166 129
-0.073445 -0.117254 -0.051639 10 9 7
-0.829707 -0.040381 -0.242677 180 134 99
0.325444 -0.169028 -0.088757 13 11 9
0.405032 -0.666190 -0.178563 21 17 17
0.659985 -0.206396 -0.277526 234 192 148
0.285540 -0.640962 -0.090906 23 20 20
0.348357 -0.301265 -0.091334 12 11 9
0.198808 -0.557862 -0.060353 16 12 12
-0.160048 1.098072 0.559324 96 74 51
0.373040 -0.342446 -0.100673 13 10 9
-0.172225 -0.255617 -0.044981 12 10 8
0.420155 0.850013 0.221531 217 152 125
0.226575 0.393957 0.022760 225 184 142
0.122745 0.387525 0.385535 225 181 156
-0.415855 0.129258 -0.100839 8 7 4
0.524139 -0.554825 -0.341738 13 9 8
0.048735 0.423620 0.459770 159 68 62
-0.255859 0.279218 -0.123920 224 179 136
-0.186437 0.719207 0.400080 204 152 125
0.438749 0.320641 -0.305654 34 31 32
0.161041 0.371114 0.338875 231 184 157
-0.152909 1.056306 0.593617 139 107 84
-0.327682 -0.281272 -0.045253 11 9 8
-0.401343 0.293019 -0.196509 9 6 5
0.404719 1.019887 0.454547 83 61 43
0.126650 0.742696 0.683395 243 197 174
0.484212 -0.788604 -0.537474 32 25 21
0.422092 -0.629982 -0.167826 14 11 11
-0.092934 0.111284 -0.049686 241 187 146
0.480737 -0.498579 -0.193827 15 12 9
-0.378061 -0.716411 -0.180001 17 12 12
-0.121841 0.550620 0.404761 200 155 135
0.509326 -0.593297 -0.292165 18 16 17
-0.109074 0.507397 0.136632 174 129 96
-0.839597 -0.324943 -0.351934 183 145 112
-0.282995 0.172454 -0.078677 8 7 5
-0.162171 0.471506 -0.028948 181 133 96
-0.167445 1.005185 0.583033 131 101 76
-0.081870 0.473907 0.369097 193 148 129
-0.548495 -0.426980 -0.245465 5 3 1
0.088749 -0.177184 -0.063087 11 10 8
-0.013646 -0.726629 -0.153668 15 12 12
-0.217748 0.006662 -0.050114 12 10 8
0.223576 0.686010 0.591275 176 128 101
-0.341816 -0.725815 -0.171792 16 13 12
0.724839 -0.244084 -0.332208 231 188 145
0.304790 0.550112 0.241196 187 147 118
0.095229 -0.302072 -0.062132 13 12 10
0.336475 0.682194 0.363814 201 156 123
-0.158883 0.867335 0.587352 183 144 118
-0.109469 0.009352 -0.037269 14 11 8
-0.872700 -0.112456 -0.346899 161 118 85
-0.003505 -0.734288 -0.162185 14 13 12
0.187487 -0.212271 -0.069097 10 9 6
-0.230418 0.939314 0.369214 63 45 32
-0.074878 0.521418 0.441356 213 162 138
0.194580 -0.333991 -0.063099 15 11 10
-0.089488 0.853334 0.664214 225 181 155
0.201949 0.449034 0.388055 232 188 160
0.295515 0.941235 0.670957 208 163 136
0.024210 -0.336452 -0.053833 14 11 9
0.389430 0.972388 0.498049 131 103 82
-0.180243 1.012211 0.552019 99 75 53
0.182423 0.364948 0.040663 234 195 152
0.240034 0.521230 0.440854 235 187 161
0.436110 0.106028 -0.162445 9 8 4
0.579548 0.195596 -0.234129 230 181 141
-0.069769 -0.329968 -0.049421 12 11 9
-0.188779 0.715136 0.363306 186 136 112
0.756027 -0.165202 -0.310537 231 188 144
-0.528331 -0.166430 -0.102296 19 12 8
0.131878 0.356989 0.351951 233 182 155
0.066677 0.459073 0.552947 147 95 85
0.310039 -0.716015 -0.149516 20 15 16
-0.480459 -0.687692 -0.303636 7 5 6
0.098112 0.084297 -0.071750 240 190 147
-0.668162 -0.117654 -0.153734 230 189 147
0.236241 0.420094 0.030409 219 176 134
0.120014 0.396505 0.138217 170 139 111
-0.290289 0.074134 -0.070298 8 7 5
0.240907 0.672465 0.548752 106 82 75
0.506358 -0.337441 -0.189366 19 14 14
0.264954 0.434268 -0.033078 209 164 121
0.231948 0.381141 0.004641 220 178 137
-0.081948 -0.006996 -0.040564 11 8 5
-0.032109 0.387723 0.097321 183 144 112
-0.781934 -0.072978 -0.190139 216 170 128
0.722400 -0.541236 -0.498145 221 169 130
-0.334402 -0.637928 -0.075700 15 11 11
-0.504812 -0.354758 -0.161173 7 7 5
-0.546101 -0.636724 -0.404229 18 15 12
-0.020985 0.696736 0.636375 131 95 75
0.001623 0.129339 -0.072106 229 179 133
-0.664099 -0.600328 -0.410412 202 157 127
0.036044 0.990214 0.727941 152 117 91
0.059899 0.649590 0.588386 176 135 107
0.063676 0.206725 -0.040125 232 190 150
-0.094927 0.446258 0.218535 143 102 74
-0.049891 -0.702990 -0.126354 28 25 27
-0.239332 0.726014 0.186335 198 128 110
0.675046 -0.506406 -0.446537 222 174 134
0.356438 0.871796 0.529734 199 161 134
0.173539 0.746317 0.675123 243 197 174
0.456239 0.259672 -0.250577 36 33 33
0.076231 -0.711571 -0.135595 26 22 21
-0.449373 0.176936 -0.113585 10 9 7
0.341023 0.322333 -0.204407 229 183 142
-0.486333 -0.592061 -0.202292 8 8 8
-0.578923 -0.004292 -0.106162 238 197 154
-0.444422 -0.453208 -0.097546 13 9 8
0.069254 0.281624 0.024610 221 177 142
-0.146517 0.504578 0.057662 185 139 101
0.412806 -0.071067 -0.123311 11 9 6
0.341830 0.698877 0.257100 206 160 130
-0.108729 -0.285674 -0.048547 11 9 8
-0.057693 1.103159 0.646120 76 59 44
-0.677624 -0.307076 -0.239388 217 175 140
0.677534 -0.722503 -0.539975 222 171 137
0.326746 0.819006 0.563766 222 184 153
-0.090516 -0.391888 -0.045863 13 10 8
0.514733 0.005344 -0.181815 44 39 36
-0.365131 -0.184610 -0.052738 11 9 7
0.699468 -0.581424 -0.500044 221 168 130
-0.077740 0.623366 0.514260 240 191 158
0.019904 0.687053 0.642282 142 98 73
-0.509533 -0.682912 -0.355135 12 9 8
-0.109233 -0.590513 -0.056566 16 14 14
-0.310418 0.246299 -0.121393 12 7 5
0.632743 -0.280001 -0.295484 227 181 139
0.670828 0.194038 -0.255682 227 179 138
-0.628832 -0.681561 -0.393250 190 146 120
-0.141840 0.543163 0.324657 197 153 132
-0.802019 -0.269863 -0.281941 206 166 131
0.054853 -0.806498 -0.220174 10 10 8
0.164337 0.838720 0.710809 246 203 177
-0.140783 0.857822 0.614179 205 161 135
-0.633314 -0.159420 -0.154022 231 188 147
0.385984 -0.048581 -0.116200 12 11 7
0.067024 -0.922771 -0.304126 9 8 7
0.334463 0.679101 0.311494 192 150 121
0.331244 0.825343 0.557575 223 182 153
-0.415580 -0.555210 -0.086494 12 11 9
0.278356 0.873094 0.658468 234 190 161
-0.392376 -0.456608 -0.061231 14 10 9
-0.124321 0.530274 0.125613 185 138 101
0.572676 -0.247581 -0.231108 206 160 118
0.792983 -0.060126 -0.289707 222 178 134
-0.219450 0.844152 0.358164 110 77 58
0.413262 -0.185517 -0.115632 14 13 10
-0.055452 0.138759 -0.061684 240 188 148
-0.204658 0.821161 0.271711 174 119 92
-0.468439 -0.575652 -0.152196 10 10 8
0.170038 0.981241 0.724012 166 127 101
0.098331 0.059052 -0.061185 238 188 147
0.595238 -0.330139 -0.312812 199 161 114
0.075849 0.488207 0.592824 246 199 177
-0.365577 -0.772500 -0.267809 23 17 17
0.434826 -0.637708 -0.189090 23 19 19
-0.395171 -0.415472 -0.063096 13 10 9
0.055106 -0.562183 -0.064979 14 12 11
0.420595 -0.190955 -0.119006 12 10 8
0.142914 -0.516592 -0.057862 13 10 9
0.092318 0.076735 -0.069909 238 189 147
-0.654356 -0.733851 -0.369682 201 156 127
0.016023 0.444812 0.456890 223 176 159
0.520770 -0.361352 -0.229196 21 17 16
0.586662 -0.095824 -0.209677 239 197 154
-0.034076 0.006571 -0.039597 17 13 9
-0.098464 -0.074422 -0.048563 11 9 7
-0.617777 -0.170596 -0.151233 227 184 142
0.166285 -0.691188 -0.115911 24 22 22
-0.223812 0.948621 0.407031 82 63 48
-0.533454 -0.647136 -0.380299 16 11 11
-0.145108 0.801351 0.584286 197 156 133
0.086081 -0.613093 -0.077831 15 12 13
-0.245331 -0.650019 -0.058073 14 14 13
0.372474 0.892239 0.493520 164 127 102
0.141756 0.105623 -0.076519 239 189 147
0.267070 0.402304 -0.070196 213 166 125
0.404533 0.199492 -0.187133 11 10 6
0.612791 -0.611071 -0.440602 210 161 127
0.404641 0.082916 -0.145479 10 9 6
-0.323414 -0.574066 -0.047625 15 13 11
-0.754240 -0.526548 -0.389735 215 169 133
0.192988 0.880122 0.710318 243 197 169
0.438240 0.249539 -0.235017 34 30 30
0.604024 0.049674 -0.197493 239 197 156
0.293426 0.524278 0.237054 180 143 111
-0.673014 -0.300192 -0.234128 219 178 142
0.278027 0.668300 0.507421 214 161 129
0.710175 -0.226318 -0.313517 233 190 148
0.739666 -0.247860 -0.343406 227 184 141
0.647184 -0.582301 -0.453562 220 167 128
-0.729694 -0.217946 -0.214476 220 175 138
-0.500421 -0.670761 -0.327611 9 8 5
-0.282253 -0.500068 -0.028449 15 11 10
-0.780825 0.075300 -0.170136 194 145 117
0.329961 0.807550 0.542386 220 177 149
-0.685254 0.212998 -0.168992 222 167 132
0.220570 -0.721646 -0.133423 21 17 17
0.176944 1.143718 0.651101 65 47 26
-0.451015 0.126496 -0.094665 10 6 5
-0.449914 -0.066880 -0.071938 11 9 7
-0.194351 0.751792 0.270606 211 166 140
-0.204712 0.794646 0.273795 228 176 144
-0.633465 -0.510405 -0.366714 187 146 117
0.523525 -0.503377 -0.298145 18 15 15
0.345648 0.722721 0.286230 191 144 116
-0.117083 0.502680 0.107624 193 148 112
-0.418384 0.014447 -0.076306 11 9 7
0.448307 -0.395971 -0.147250 13 11 8
-0.362335 -0.488018 -0.048825 14 12 11
0.000017 0.174174 -0.055947 230 182 138
-0.179109 0.428963 -0.081503 191 142 101
0.589176 -0.184431 -0.225184 224 177 130
-0.428004 -0.527034 -0.089148 12 10 9
-0.020523 0.415389 0.143427 151 116 89
0.631649 -0.371205 -0.345342 218 172 132
0.078148 0.217424 -0.032892 232 192 152
-0.023886 0.396789 0.112653 172 138 108
0.111182 0.394381 0.143238 157 125 101
-0.115890 -0.127849 -0.049992 10 9 7
0.246343 -0.482990 -0.059526 18 13 12
0.230066 0.273382 -0.080871 224 183 144
-0.054750 -0.542972 -0.057897 14 10 9
-0.094330 0.494446 0.369981 191 146 127
0.253525 1.000205 0.692747 130 99 76
0.242813 0.019826 -0.086148 11 10 7
-0.028541 0.507005 0.464557 232 179 151
0.295543 -0.462221 -0.071632 14 11 10
0.231134 -0.366658 -0.063763 12 11 9
-0.072911 0.431274 0.318906 185 142 125
-0.561635 0.266131 -0.197792 223 173 137
0.464074 -0.071802 -0.139577 13 11 8
-0.182808 0.709054 0.311937 182 136 113
-0.259055 -0.027178 -0.055317 10 8 7
-0.105211 -0.623611 -0.068895 13 12 11
0.806923 0.098204 -0.311691 211 165 125
0.283940 1.129797 0.613205 38 30 13
0.164151 0.208027 -0.070181 227 186 145
-0.523802 -0.639617 -0.354893 4 3 1
-0.122777 -0.608062 -0.059076 15 12 13
0.052153 0.256715 0.002297 231 189 151
-0.198491 1.095860 0.480414 77 57 42
0.271581 0.515216 0.051338 216 170 130
-0.401923 0.221970 -0.141522 5 4 2
-0.206722 -0.392030 -0.033773 11 9 7
-0.181326 1.062735 0.536273 84 64 47
-0.753482 0.014301 -0.142220 219 176 136
-0.222049 1.022097 0.429087 65 47 33
0.479115 0.186205 -0.196598 12 11 7
-0.062818 0.386814 0.073053 183 145 110
0.321600 -0.366120 -0.083000 14 12 10
0.439599 0.822710 0.174856 231 171 140
-0.073326 0.488905 0.407750 194 153 132
0.411448 0.911867 0.276774 95 73 59
-0.020008 0.759628 0.677073 242 198 175
0.087851 0.495175 0.589977 247 197 177
-0.650552 -0.145093 -0.156587 228 185 143
-0.118868 0.423842 0.049501 192 150 115
-0.456903 -0.427149 -0.109571 12 9 8
0.012122 0.722766 0.671970 243 199 177
-0.036635 0.694964 0.616496 153 112 90
-0.627651 -0.539540 -0.392924 171 133 107
0.498476 -0.387987 -0.194480 21 19 17
0.379004 -0.654106 -0.144154 18 15 15
-0.219597 -0.292582 -0.040931 13 11 9
0.730739 0.181316 -0.282237 222 176 137
0.469983 0.179887 -0.193122 7 6 2
-0.525873 -0.601169 -0.318222 7 6 4
-0.398146 0.106325 -0.094723 9 8 6
0.517562 -0.323159 -0.203846 19 13 11
-0.303988 -0.102817 -0.052361 10 9 7
-0.072015 0.021931 -0.031854 17 12 10
-0.741983 -0.238946 -0.229891 220 177 142
0.000664 0.340660 0.073698 199 160 122
-0.567057 -0.778159 -0.312398 164 126 100
-0.004645 0.016487 -0.039814 17 13 9
-0.206497 0.316685 -0.104116 216 167 124
-0.135507 1.032870 0.622172 165 129 103
0.623475 -0.531974 -0.424017 212 161 125
-0.564968 -0.449350 -0.281174 5 1 0
0.352649 0.743861 0.327611 204 155 127
0.793464 -0.236012 -0.373711 221 177 133
0.284720 0.500130 0.276229 203 156 123
0.172358 0.499136 0.464132 238 191 163
-0.242845 -0.533368 -0.026703 15 11 10
-0.780360 -0.585447 -0.405620 214 162 126
-0.008879 0.342052 0.069673 197 158 122
0.200946 -0.678841 -0.102376 27 23 24
-0.167749 -0.190237 -0.047009 10 8 7
0.316875 0.861781 0.608323 235 198 170
-0.665315 -0.315454 -0.241718 222 181 146
-0.267687 0.368125 -0.170482 199 151 113
0.058946 0.830181 0.718206 242 196 170
-0.170306 0.273659 -0.079924 201 157 120
0.636070 -0.748259 -0.525693 220 170 136
0.443266 -0.447285 -0.147992 15 12 9
0.073428 -0.000388 -0.053057 13 9 7
0.513937 0.218632 -0.228170 26 22 22
0.412342 -0.026203 -0.126216 11 9 6
-0.015888 -0.531413 -0.060225 14 12 11
-0.192893 -0.749271 -0.147459 11 9 9
0.339683 0.757888 0.447052 217 174 144
-0.132039 -0.540795 -0.042711 12 10 9
-0.682545 -0.453251 -0.332029 218 174 139
-0.200114 0.796234 0.369163 162 124 104
0.590850 -0.051800 -0.204353 240 200 158
0.134205 0.402232 0.388593 221 165 147
-0.404036 -0.769126 -0.302723 18 14 13
-0.368592 0.318071 -0.191319 8 6 4
-0.164059 -0.017508 -0.044290 12 11 9
0.091299 0.582758 0.583612 239 188 164
-0.091594 -0.153076 -0.051000 12 10 8
-0.204871 0.752783 0.254300 196 138 110
-0.788791 -0.221050 -0.247454 213 170 132
-0.081285 0.850985 0.670835 224 182 155
-0.673355 -0.473913 -0.343107 218 175 139
-0.264507 -0.049700 -0.054087 10 9 7
-0.824226 -0.276106 -0.305912 196 153 119
-0.036917 -0.207788 -0.053908 11 9 8
-0.154575 0.508501 0.034866 182 134 98
-0.136925 0.557609 0.371205 194 151 128
0.130101 -0.104078 -0.065736 12 9 7
0.108290 0.903456 0.732663 246 197 169
-0.509578 -0.189724 -0.099644 13 9 6
0.214351 0.749565 0.657549 240 193 170
0.450319 0.159762 -0.182709 10 9 5
-0.270024 -0.130356 -0.048202 11 10 8
0.333792 0.307167 -0.191304 229 185 141
0.411454 0.760000 0.172842 219 146 122
-0.154737 -0.629357 -0.058339 14 11 10
0.255112 0.167812 -0.110076 230 185 145
0.128650 0.414512 0.408985 202 100 98
-0.124250 1.086178 0.600832 112 84 62
0.604979 -0.787645 -0.538598 209 161 132
-0.482446 -0.657565 -0.276372 11 10 8
0.338995 0.723915 0.415459 212 158 121
-0.168755 -0.778361 -0.184557 13 9 11
0.251836 1.163517 0.606943 96 78 56
0.064369 -0.462763 -0.054764 13 11 10
-0.226757 -0.822030 -0.233802 18 14 13
-0.534083 -0.509625 -0.250058 5 5 4
0.237375 0.079123 -0.084806 14 12 10
-0.204416 0.756536 0.224739 187 122 99
0.618725 0.206398 -0.248744 228 181 140
0.116652 0.503096 0.564281 222 169 146
-0.371579 0.043841 -0.079362 9 8 6
-0.508430 -0.044928 -0.094436 196 152 123
-0.214217 0.923119 0.438523 101 78 61
-0.162590 0.414991 -0.043070 177 131 94
-0.795678 -0.019763 -0.188919 209 164 126
0.006353 0.623265 0.537765 222 176 147
0.381501 0.690679 0.164110 193 132 101
0.478281 0.102325 -0.174338 14 12 9
-0.040339 0.330742 0.044488 207 168 130
0.032104 0.260201 0.005155 228 185 147
-0.673058 -0.217948 -0.191346 227 185 144
-0.200056 0.716367 0.219699 202 149 128
-0.110018 0.485812 0.317935 189 145 123
0.060716 -0.314391 -0.058589 14 12 10
0.065416 0.463201 0.498619 173 128 111
-0.095913 0.695306 0.570305 121 72 48
0.307816 0.369625 -0.173898 221 173 127
0.723799 -0.529253 -0.493285 221 169 131
0.543683 -0.489045 -0.379451 8 7 5
-0.544429 0.254025 -0.177098 225 175 138
0.225530 0.228205 -0.099381 220 176 139
-0.116319 -0.207775 -0.049140 11 9 8
0.020175 0.387473 0.132727 130 96 71
0.336768 1.091807 0.577720 89 70 51
0.393764 0.920088 0.421366 141 110 90
0.093568 -0.747791 -0.169726 14 11 12
0.119759 -0.430244 -0.054246 13 10 9
-0.343901 -0.795110 -0.270810 26 20 20
-0.115091 0.561941 0.439144 201 158 135
0.752383 -0.013681 -0.236644 233 191 150
0.588054 -0.306742 -0.296332 193 149 106
0.308760 -0.669394 -0.112286 25 22 21
0.332838 -0.265937 -0.086338 12 10 8
0.510210 -0.305504 -0.187310 26 24 23
-0.588749 -0.196624 -0.146738 219 174 133
0.802213 -0.007463 -0.281154 218 172 131
0.211504 -0.911538 -0.340184 14 13 11
-0.008103 0.486411 0.459170 221 175 146
0.283729 -0.587219 -0.072732 16 11 10
-0.164641 -0.475025 -0.032119 13 10 9
-0.104190 0.332667 0.007997 201 160 125
-0.492984 -0.259864 -0.110317 14 10 7
-0.484564 -0.552882 -0.170782 11 10 8
-0.757813 -0.509340 -0.383279 215 169 133
0.724812 0.049323 -0.212200 238 198 157
0.434373 0.811805 0.171228 236 179 152
-0.804580 -0.131660 -0.225127 210 164 124
0.525819 -0.301451 -0.209140 22 15 13
-0.355915 0.054512 -0.080133 9 8 6
-0.170115 -0.037250 -0.046290 10 9 6
-0.237528 -0.737174 -0.136897 19 18 16
0.743828 -0.045226 -0.246779 233 193 151
0.332642 0.957148 0.620049 198 160 135
0.320760 1.031341 0.630456 139 102 75
-0.220454 -0.009695 -0.050470 11 9 8
-0.176437 -0.731708 -0.127358 23 21 22
-0.205953 0.905057 0.463662 131 103 82
-0.209399 -0.813515 -0.221206 21 17 16
0.323086 0.636996 0.227489 185 141 110
-0.151056 -0.773613 -0.180118 14 11 10
0.337382 0.960558 0.612163 195 157 130
-0.854114 -0.046355 -0.310658 167 122 89
-0.221477 0.215105 -0.100811 227 182 141
-0.208837 1.101410 0.445206 109 88 69
-0.804896 -0.226839 -0.261831 207 164 128
0.276029 1.084876 0.643767 84 72 54
0.123740 0.328561 0.335321 231 174 147
0.072892 0.711304 0.671040 240 196 171
-0.693575 -0.111576 -0.160340 230 188 147
-0.746166 0.169411 -0.181771 201 150 115
0.378244 0.819140 0.351262 154 121 98
-0.260431 0.009324 -0.057708 10 9 7
-0.667288 -0.610290 -0.408831 206 161 128
-0.208328 -0.116797 -0.046920 12 11 9
-0.361978 0.290112 -0.166635 8 5 4
-0.484659 0.066636 -0.090572 28 16 12
0.383998 -0.618653 -0.126440 16 12 11
-0.419267 0.246232 -0.162395 8 7 5
0.595427 -0.535750 -0.416737 187 142 110
-0.230958 0.852700 0.254011 221 170 145
-0.738327 0.097613 -0.129532 219 171 138
-0.591145 -0.583831 -0.438333 78 60 46
-0.659593 -0.689677 -0.385100 212 167 136
0.033266 -0.901231 -0.286247 8 7 5
-0.722531 0.165871 -0.151416 216 162 127
-0.618465 0.229594 -0.159776 232 178 142
0.553091 -0.308140 -0.269028 24 19 19
-0.428121 -0.543387 -0.092402 13 9 9
-0.168384 0.191442 -0.081579 219 172 132
0.038314 0.942673 0.731743 242 200 172
-0.171875 0.921605 0.577183 155 117 96
0.102263 -0.418583 -0.054052 13 10 9
-0.728886 0.203580 -0.201962 204 148 114
0.241300 -0.233442 -0.072282 14 11 10
0.645034 -0.680573 -0.481288 220 170 135
0.334859 0.696944 0.406763 212 158 122
-0.221192 -0.138823 -0.046152 9 7 5
-0.765373 -0.331602 -0.294813 213 172 136
0.341612 0.082358 -0.122171 10 8 5
-0.478796 -0.326039 -0.120836 12 8 8
-0.210970 0.846845 0.233227 99 41 24
0.533560 -0.460702 -0.316131 21 17 13
-0.410223 -0.752564 -0.281083 14 8 8
-0.114514 -0.117414 -0.049789 11 10 8
-0.223311 0.891549 0.370133 74 52 37
0.187064 1.030639 0.710091 78 63 40
-0.502561 -0.694462 -0.350606 12 11 9
0.638851 -0.489269 -0.411629 219 170 131
-0.050924 0.457860 0.403366 203 156 130
-0.507813 -0.035227 -0.095487 227 184 154
-0.405678 -0.603384 -0.097742 17 15 14
-0.471453 -0.719938 -0.313252 15 11 10
0.382511 0.278067 -0.213457 34 27 25
0.513455 -0.272515 -0.181451 13 9 6
-0.146393 0.592974 0.425340 197 151 128
-0.302939 -0.691729 -0.107044 11 10 9
0.412253 1.018579 0.396469 64 48 34
-0.147134 0.580319 0.391410 193 148 126
0.342418 0.867191 0.560173 203 163 136
0.150993 0.454380 0.443640 230 187 160
0.300142 0.320838 -0.150894 223 178 137
-0.867628 -0.332295 -0.403847 158 119 90
-0.164868 0.177031 -0.077076 223 175 136
-0.701593 -0.320119 -0.255915 219 178 141
0.228990 0.774013 0.655952 237 190 165
-0.214600 -0.487807 -0.026052 12 9 8
0.611703 -0.741955 -0.507087 214 165 133
0.265257 1.110151 0.636368 77 66 48
0.566943 0.139856 -0.213063 237 193 154
-0.469437 -0.503887 -0.134014 11 11 11
-0.479184 -0.015329 -0.078503 19 15 11
0.501246 -0.676051 -0.457887 34 26 24
-0.104534 0.900468 0.662332 216 175 146
0.417067 0.816773 0.203456 233 175 145
0.389493 0.896635 0.414087 156 120 95
0.540366 -0.215094 -0.184859 187 143 110
0.343368 0.736366 0.404182 212 158 124
0.352918 0.843176 0.507036 203 166 138
0.306131 0.739660 0.560670 212 169 145
0.314356 0.585721 0.285944 204 159 129
0.510504 0.189639 -0.213433 17 15 13
-0.054409 0.797979 0.672454 229 185 161
0.099395 0.378034 0.391389 199 151 128
0.233533 -0.090645 -0.079521 12 10 7
-0.154213 0.574967 0.335711 191 146 123
-0.074947 1.124748 0.611425 56 41 26
0.647924 -0.721934 -0.511944 221 171 137
0.106836 0.395744 0.164598 152 118 94
0.255332 -0.809204 -0.271526 11 9 8
-0.480598 -0.735069 -0.346814 20 18 15
0.547194 0.129426 -0.207048 232 189 150
0.572814 -0.717873 -0.481934 182 138 113
0.311776 0.593341 0.332134 203 159 126
0.392710 0.016516 -0.127905 10 8 5
0.396341 0.213806 -0.190371 12 10 7
-0.189903 0.724210 0.247559 186 138 114
-0.681726 0.040486 -0.099839 238 197 156
0.574697 0.185203 -0.228839 232 185 144
0.545814 -0.078093 -0.186692 237 194 150
-0.158831 0.617585 0.111127 191 145 111
0.160935 -0.489895 -0.056198 13 10 9
0.012057 0.534790 0.510269 198 143 125
-0.094260 0.435008 0.263311 180 138 114
-0.678471 -0.517557 -0.371481 216 172 137
-0.829316 -0.543785 -0.438462 201 149 112
-0.281661 0.325433 -0.152880 212 164 123
0.144616 -0.124915 -0.066992 12 9 7
0.413163 0.070293 -0.145034 10 8 5
-0.597327 -0.592397 -0.446692 81 59 44
-0.229301 1.006130 0.384112 71 53 40
-0.766066 -0.122215 -0.195843 223 179 138
-0.189403 -0.118858 -0.046975 11 10 8
0.170682 0.066564 -0.066704 58 38 29
0.285351 0.507415 0.296881 217 172 140
-0.021228 0.645479 0.547821 166 119 101
0.231134 0.298359 -0.064503 219 180 140
-0.613781 -0.206730 -0.163007 221 179 138
0.109567 0.546057 0.570149 226 179 154
0.138333 -0.044657 -0.066601 14 11 8
-0.140904 1.007110 0.624620 161 127 101
0.329946 0.785384 0.513779 215 174 145
0.493427 -0.585634 -0.237310 19 15 13
0.119116 0.397054 0.403300 209 142 126
0.724511 -0.471935 -0.464116 221 173 134
0.264273 0.407559 -0.060630 211 165 122
-0.130381 -0.277211 -0.047010 12 10 8
-0.516393 -0.691786 -0.375545 15 11 13
0.309047 0.921752 0.645803 213 165 135
0.632997 -0.599957 -0.447996 219 167 130
-0.290653 -0.091234 -0.052503 9 8 6
0.807801 -0.074999 -0.314164 220 175 131
-0.317760 -0.484268 -0.035555 14 12 10
0.150991 0.192214 -0.070505 226 180 139
-0.087343 1.075437 0.636646 79 59 36
0.457803 -0.286675 -0.140437 13 12 9
0.515544 -0.587550 -0.327751 26 25 23
-0.215995 -0.662372 -0.064397 17 13 13
-0.897270 -0.443230 -0.501475 157 117 85
0.475134 -0.717497 -0.412297 36 28 26
-0.826464 -0.173561 -0.259180 196 151 114
0.413729 0.234548 -0.212841 14 11 8
-0.199763 -0.697450 -0.094262 21 19 20
0.339563 0.712134 0.397413 211 159 122
-0.103658 0.932970 0.668135 215 167 138
-0.613689 0.002791 -0.107123 235 196 152
-0.115632 0.538392 0.395770 197 155 132
-0.075809 0.998300 0.685275 154 116 92
0.117972 -0.648260 -0.094113 19 15 14
-0.141752 -0.420240 -0.037258 12 9 7
-0.484243 0.257379 -0.165701 16 13 9
-0.151211 0.511085 0.052454 185 137 99
-0.021563 -0.567792 -0.066313 14 13 12
0.291819 1.072220 0.639578 95 82 63
0.440926 0.861762 0.241981 230 168 134
-0.143930 -0.497744 -0.035771 13 10 9
0.101100 0.302678 0.035845 224 182 145
0.225857 0.245978 -0.091398 224 186 146
-0.372919 -0.564776 -0.063680 14 11 10
0.536930 0.198170 -0.226628 203 165 139
0.085994 0.326054 0.345360 229 170 148
-0.677866 -0.139024 -0.164216 230 188 147
0.275658 0.517475 0.029935 205 159 119
-0.442523 0.027319 -0.078378 12 10 7
0.213331 -0.483460 -0.056625 14 10 8
0.326671 0.647697 0.296894 200 155 125
-0.343499 0.034027 -0.075440 10 9 7
-0.146336 0.331869 -0.038852 187 144 108
-0.829641 -0.164501 -0.259710 192 148 113
-0.356635 -0.471840 -0.045957 13 11 8
-0.157088 0.329060 -0.055260 178 133 96
-0.626214 0.050171 -0.098407 239 197 156
-0.008854 0.597545 0.523975 239 193 163
0.165587 0.163187 -0.086778 237 191 150
-0.343177 -0.072302 -0.059932 9 8 5
-0.143474 0.537350 0.308985 197 152 130
0.237475 -0.655099 -0.089864 23 19 20
0.387021 0.869407 0.386963 141 106 82
0.061168 -0.649240 -0.098525 20 18 19
0.342155 0.978859 0.610021 186 146 120
0.504091 -0.664877 -0.453119 31 23 21
0.817255 0.037179 -0.301520 215 170 132
0.629903 -0.087016 -0.227740 239 198 155
0.078037 0.453460 0.549658 141 84 75
-0.109395 0.550613 0.433320 205 162 139
0.177870 -0.539217 -0.058894 16 12 11
-0.881234 -0.364498 -0.447566 148 111 82
0.781013 0.032371 -0.247811 228 184 145
0.154820 -0.866591 -0.290451 12 12 10
-0.471615 -0.744010 -0.342025 19 16 13
0.130863 0.391769 0.122223 202 167 135
0.175712 0.331227 0.018473 233 195 152
0.343849 0.768289 0.436923 216 171 140
-0.114066 0.464350 0.236189 165 121 96
0.117340 -0.914426 -0.311599 10 8 8
0.238680 0.347694 -0.034894 214 174 134
0.498822 0.007392 -0.168686 18 15 13
-0.867052 -0.101966 -0.330672 163 117 84
0.600405 0.033131 -0.197637 241 202 161
0.387515 0.148918 -0.159185 12 10 7
0.411352 0.165509 -0.174664 11 9 7
0.496872 -0.153769 -0.150130 12 9 6
-0.107052 0.468194 0.205931 139 95 70
-0.513336 -0.147167 -0.092108 19 13 9
-0.069595 0.149203 -0.062369 240 191 151
0.439453 0.268594 -0.252390 34 31 31
0.186797 0.048701 -0.067217 14 11 6
-0.544497 0.005521 -0.102326 238 198 155
-0.497232 -0.423395 -0.170833 6 5 4
-0.096519 -0.600899 -0.063110 17 13 14
-0.156188 0.416381 -0.027945 177 131 94
-0.826156 -0.199316 -0.268854 198 155 120
-0.875182 -0.224036 -0.379259 152 113 79
-0.235660 -0.476410 -0.025116 14 11 9
0.315243 -0.454729 -0.077335 14 11 9
-0.564493 -0.616392 -0.433141 55 41 32
-0.486255 -0.527037 -0.165082 7 6 6
0.138213 1.082140 0.699251 81 60 39
0.514519 0.109307 -0.196193 17 17 13
-0.026481 -0.217408 -0.054346 10 8 7
0.814273 -0.030981 -0.305394 214 170 128
-0.408233 -0.449994 -0.069487 12 9 8
-0.055780 0.962722 0.703589 202 154 131
0.102921 1.129970 0.669004 79 61 44
0.019369 -0.442120 -0.053193 16 12 11
0.297291 0.525692 0.270681 200 155 120
0.305744 -0.246170 -0.080401 12 10 8
0.143346 0.318760 0.284600 181 135 111
0.387626 0.878585 0.397192 149 112 89
0.037388 0.345726 0.356106 236 184 157
0.116223 -0.824516 -0.243774 10 9 8
-0.822908 -0.058124 -0.232158 188 142 106
-0.269695 0.257314 -0.121656 226 178 137
-0.137213 0.511898 0.276557 191 146 125
0.066052 -0.717655 -0.140408 24 20 20
-0.185788 -0.737267 -0.131936 14 13 13
0.350889 0.294509 -0.199931 165 134 122
0.316724 -0.110551 -0.091833 12 11 9
-0.870167 -0.288768 -0.392371 155 115 83
0.699486 -0.602237 -0.507506 220 169 130
0.235160 -0.527378 -0.058981 15 11 11
0.418260 0.778568 0.180307 228 156 131
-0.028745 1.044822 0.692435 97 71 51
0.123313 0.057409 -0.061517 238 191 153
-0.364721 -0.549232 -0.057208 13 10 9
0.258700 0.530563 0.113288 201 157 120
0.190270 0.111985 -0.082540 233 184 145
0.232440 -0.676002 -0.100541 25 21 21
-0.538024 -0.582955 -0.332172 9 7 5
-0.136866 0.279832 -0.047890 211 168 132
-0.010717 0.875504 0.714649 239 192 164
-0.149093 0.545050 0.301291 191 146 123
0.305423 0.568776 0.321381 209 163 131
-0.167038 0.608813 0.324191 193 147 124
-0.288304 0.372252 -0.198986 219 168 126
-0.308344 0.264111 -0.132729 46 36 27
-0.305076 -0.794243 -0.244736 20 16 15
-0.621629 -0.258678 -0.196763 217 174 132
-0.830402 -0.146869 -0.254817 187 138 100
0.371282 0.815340 0.375654 170 133 107
0.039232 0.562727 0.562178 204 156 133
-0.315384 -0.193773 -0.046185 12 10 8
0.375853 0.868320 0.437204 181 143 122
-0.681572 -0.225705 -0.197896 225 182 142
0.364858 0.818758 0.410320 195 156 130
-0.543459 -0.492843 -0.259992 4 3 1
0.326802 -0.716891 -0.160121 16 12 10
0.514923 0.118620 -0.198547 17 15 12
0.221815 0.413218 0.297307 223 175 146
0.492743 -0.657877 -0.338440 32 28 25
0.293484 -0.055624 -0.091638 12 10 8
0.261898 0.456100 0.005607 211 165 126
0.528748 -0.525248 -0.343043 14 11 9
0.404845 0.806627 0.214250 240 189 165
0.160497 0.519503 0.478904 234 185 158
-0.376946 -0.573580 -0.068100 19 17 15
-0.631872 -0.734813 -0.363993 201 154 126
0.289030 -0.852913 -0.331559 8 7 5
0.142911 -0.349741 -0.060035 13 9 9
0.482749 -0.077701 -0.146162 19 17 13
0.664469 -0.579799 -0.467177 220 168 128
0.071671 0.229891 -0.022944 231 190 151
