# 3D point list with one line of data per point:
#   POINT3D_ID, X, Y, Z, R, G, B, ERROR, TRACK[] as (IMAGE_ID, POINT2D_IDX)
# Number of points: 5476, mean track length: 5.1709276844411978
1 -0.77080258419739678 0.65160821848652684 1.9636213737354642 10 9 3 2.3396435580937158 30 1070 38 16 89 492 61 904
2 0.77097541615197451 0.7374482936891823 1.5473386215013716 77 77 80 0.13359642157250931 30 327 38 24 95 26 11 344
3 0.50703324113467818 0.79260985708036014 1.7459362835003731 201 202 223 0.18188701499357759 30 40 38 34 95 33 89 47
4 1.1936787915128955 0.96234410212714849 1.7263712069682617 164 94 15 0.57950629788287233 30 130 38 67 95 60 92 404 24 11 66 8 51 333 61 430 73 401
5 -0.30537550177776474 0.9521396348235629 1.9030418874102435 126 78 11 0.21864595853499355 30 313 38 72 89 91 24 169 14 210 66 209
6 0.35301369827929907 0.99242589991940744 2.2009914675275195 254 192 47 0.080820956159354987 30 70 38 79 95 70
7 1.1575448983978058 1.0395092499620451 1.7272451280848693 175 115 37 0.19526212982453947 30 148 38 89 95 78 89 85 11 182
8 1.1124153761156734 1.0405778310228884 1.7125282155781434 172 104 19 0.23739217315170047 30 146 38 94 95 82 11 176
9 -0.19853864879206354 1.1342387461079881 2.1344405644661153 255 205 53 0.42658210029358001 30 349 38 114 95 120 89 162 11 335
11 0.14290175401008809 1.4287329914075007 2.0237777352881645 136 106 25 0.22190954067544388 30 660 38 226 89 244 92 588
12 1.4910792331523659 1.5851666391746717 2.9037475696824253 76 54 41 0.45792396448090089 38 229 92 286
13 -0.79905889561706489 1.5936626176150954 2.4444173481614739 78 57 49 0.30430755580975949 30 380 38 256 95 240 89 320 92 140 11 349 24 625 66 627 51 718 94 763 36 834 8 862 84 791 52 991 69 825 90 702 72 597 20 857 88 555 40 517
14 -0.67963053892121328 1.6479430970556459 2.4498180241299465 27 19 16 0.75847077583414113 30 403 38 270 95 253 89 339 14 542 11 100 24 621 67 1032 41 953 94 754 36 828 8 851 90 697 72 602 40 277 37 311
15 0.62908661289413459 1.9085068474580775 2.399080603169752 228 211 169 0.18973403310650755 30 271 38 319
16 -0.14026534953089967 1.9067251143067019 2.3007390885670937 39 29 27 0.34179239872857353 30 237 38 322 66 364 51 280 94 243 8 246
17 -0.0029488706237309854 1.9664172473949713 2.3146650489656051 186 170 135 0.43429005511449392 30 552 38 330 95 306 89 410 14 782 92 259 11 462 24 607 66 613 51 507 64 516 67 352 94 484 8 548 20 169
18 0.30029049209258801 2.1145307559320603 2.17597266371736 43 28 25 0.28643106206582741 30 283 38 362 14 527 24 347 51 257 94 196 36 502 8 186 84 451 90 472 72 399 20 113
19 0.75150127947962553 2.325516904718802 2.0968605526282142 224 207 167 0.42813815981375375 30 294 38 375 95 366 11 297 24 306
20 0.59914348482193702 2.3087265698819754 2.0325940697518159 152 101 71 0.22932108241985952 30 570 38 376 95 367 89 473 92 511 11 517 61 590
22 0.969883896307001 0.9299874066379229 1.8029685001613125 142 76 11 0.31175586027029889 30 89 38 410 95 401 89 515 92 101 11 129 88 196 40 139 16 75
23 0.96244202646110655 0.99038098082493631 1.7565091215068713 255 223 56 0.12426998128136538 30 383 38 419 95 410 89 78 92 394
24 0.96194639177971186 0.99020234457677636 1.7514283254056615 255 223 56 0.10574032602665226 30 384 38 420 95 411 89 79 11 388
25 1.1367894669066405 0.99426282094882434 1.7368169487641794 144 80 11 0.34869771807034133 30 406 38 421 95 408 89 523 14 16 92 407 11 417 24 18 66 12 51 6 85 16 90 48 72 175 40 193 88 239 61 124 48 98
26 1.1715589837095326 1.0109242831934104 1.7266369957467074 133 78 14 0.16800042961863668 30 417 38 425 95 414 89 526 92 414 61 311
27 1.171467601699713 1.0102132707332687 1.725167121037706 133 78 14 0.30063297974483905 30 418 38 426 95 415 89 527 14 583 92 415 11 428 24 390 66 402 51 334 45 45 72 427 90 305 31 111 88 243 40 450 61 312 73 89
28 1.0246569661981519 1.0161592019155712 1.730145574231541 253 222 57 0.070471524285583897 30 402 38 430 95 417 89 533 11 405
29 1.3450211783359529 1.0443441091571803 1.7333242378968519 252 246 113 0.14533924071477988 30 458 38 435 95 76 11 644
30 1.3449664618574191 1.0469249823164133 1.739232566464002 252 246 113 0.43460316491927453 30 459 38 436 95 77 92 591 11 645 61 635
31 1.0862719923312432 1.0423144445423325 1.7040717357682624 254 224 59 0.10607854278143998 30 423 38 441 95 428 89 540 11 425
32 -0.13499429326266352 1.0324340001594017 2.1441224004412911 127 93 21 0.40228776844587422 30 334 38 442 95 746 89 846 14 866 24 692 66 697 51 673 19 789 85 95
33 -0.16688418547592387 1.0536015284169753 2.1185453846147815 251 206 55 0.31309503756227847 30 46 38 455 89 130 95 447 11 327
34 -0.24824838743330233 1.0593104373260558 2.0322023206164057 254 226 60 0.057950801787116181 30 333 38 460 92 334
35 1.1000240818857916 1.0932878852061745 1.677719867713332 255 234 88 0.52228967186109276 30 443 38 470 95 453
36 -0.50622011864630789 1.1345776844836459 2.0958238581183837 254 215 60 0.29597391620919072 30 44 38 485 95 480 89 603 14 925 92 54 11 41 24 745 66 779 64 1081 67 993 34 589 94 745 51 853 36 804 8 813 84 759 69 559 20 799 37 127
37 -0.34121199831947036 1.2006664880996634 2.0710208735859443 162 173 202 0.21565962552196885 30 350 38 506 95 497 89 617 14 736 92 77 11 332 24 589 66 582 64 798 41 813 34 556
38 0.93933918509354497 1.3919606619120386 1.4618662718265465 254 229 77 0.34821112118357506 30 713 38 578 95 572
39 -1.0483846349583361 1.5120723045577551 2.560091071440961 149 149 135 0.30144620372434849 30 76 38 579 95 594 89 691 14 792 92 390 24 794 66 797 51 722 64 1127 50 979 67 1058 41 1249 98 1176 97 1102 54 1096 99 801 87 534 83 795 85 777 19 911 34 958 94 784 36 862 8 896 84 817 52 837 4 844 45 749 69 862 90 714 72 303 20 903 40 509 88 547 46 599 70 815 61 110 16 152 53 214
40 -0.89040264772950606 1.5192909973202193 2.5639810826159386 89 99 98 0.54870376570194401 30 365 38 582 95 595 89 692 14 948 92 122 11 340 66 796 64 1122 98 1170 97 1095 54 1182 33 485 28 472 87 511 83 488 87 506 85 768 19 899 19 1418 72 309 61 114 16 158
41 -1.0225120682166384 1.5329369419444732 2.5472224583957193 53 43 44 0.24887897661911104 30 79 38 590 95 604 89 697 92 112 16 154 29 232
42 1.4290882172520945 1.5641341868026233 2.4728827947908325 227 214 179 0.82032514230929277 38 594 95 590 89 678 92 501
43 0.69898628324070733 1.3858746469550687 1.1678442374507176 118 94 22 0.21820198639739852 30 521 38 595 95 596
44 0.90001488624596804 1.4427031075567913 1.4036689479197508 254 230 68 0.14863855411990795 30 720 38 609 95 608 89 677
45 1.4450165756951832 1.6384653794909814 2.6413350899395507 231 217 181 0.11420852121989693 30 748 38 617 92 696
48 1.1909065569482717 2.1106702222412719 2.2646651934736726 227 214 178 0.32076395513123723 30 567 38 663 95 666 89 754 92 739 11 519 61 598 29 879 16 670 48 490 96 627 81 580
49 0.4820418263939939 2.2809509106425971 2.0602658087775367 103 70 52 0.19643717111385164 30 774 38 670 95 671 89 757 14 787 92 735 24 610 66 605 61 581
50 0.54506408566696474 2.3194281730075796 2.0404230554258755 105 70 53 0.15667000567724337 30 568 38 671 95 673 89 758 14 788 24 608 66 601 67 257
51 -0.60638604713964883 0.37099359166408263 2.0894956234555613 250 228 72 0.29031618687554595 30 571 38 674 95 676 89 485 14 610 48 292
52 -0.44417803767203479 0.3805595522842074 2.10264510387392 253 228 72 0.2128950304708345 30 572 38 675 89 486 92 515 61 384
53 0.78687112475710175 0.71949263676447595 1.5546179636141308 136 145 169 0.17368834562062543 30 808 38 691 95 698 89 787 92 756 11 731
54 1.093623978517847 0.77463598448612758 1.6395405379648209 251 248 73 0.45522849017433759 30 821 38 697 89 490 92 767 61 848 16 685 29 881
55 0.94514221381572683 0.95838029597598084 1.8008117837451334 254 209 50 0.34394440483464933 30 829 38 710 95 726 89 823 92 786 88 662 40 594
56 1.0098543848621591 0.97499183968573222 1.7590856562438064 252 201 50 0.22031844295373337 30 639 38 714 95 728 89 825
58 1.230956617452047 1.0376421348483327 1.7540121726175015 254 242 105 0.37152698251531874 30 843 38 726 95 740 89 834 92 805 11 625 24 639
59 -0.3616142535907485 1.1332467657666998 2.1020951516176867 245 205 56 0.24371424248523119 30 340 38 736 95 758 89 863 14 908 92 66 11 326 24 724 66 748 64 1066 50 1131 19 800 16 95
60 -0.26874427492004449 1.2592918627105094 2.081907451429315 131 142 171 0.49218054963066649 30 615 38 747 95 773 89 876 92 377 11 560 16 455 53 580 3 396 29 448
61 -1.2467427317884339 1.4135446524071071 2.6211946380816502 167 163 144 0.84499877763954911 30 342 38 756 95 784 89 897 14 1150 92 86 11 541 24 1067 66 1066 51 983 64 1384 50 1471 67 1294 41 1449 98 1364 97 1290 54 1188 33 1081 87 1082 83 1067 87 1002 85 1051 19 1252 34 1197 97 1314 94 1068 36 1166 8 1194 84 1157 52 1179 45 998 90 954 72 901 31 1019 88 537 40 495
63 -0.89238525497182286 1.6073007492204263 2.43490545016535 108 77 62 0.21853835593626267 30 630 38 777 95 814 89 921 14 1152 24 990 66 987 64 1319 67 1167
64 -0.49062387895637449 1.7789642928408711 2.4011937024593477 84 95 96 0.24047873353068711 30 672 38 797 95 829 89 943 14 1148 92 457 11 588 24 986 66 979 51 863 64 1310 34 922 94 888 36 809 8 831 8 1005 84 767 69 795 72 625 20 833 88 585 40 540 37 278 61 324 16 201 29 268
65 0.026650687873552775 1.931127814597567 2.3358395727037875 191 179 147 0.77187410590596262 30 545 38 813 95 844 14 944 24 606 66 604 64 1101 50 1254 67 713 41 426 98 515 22 530 8 229 51 504
67 -0.6466538544604975 0.37753760399560898 2.0629194684676979 1 1 0 0.50966315107099958 30 778 38 828 89 985 14 1166 92 741 90 955 72 886
68 -0.32354658517541507 0.5053023574089659 1.9938887727482479 255 243 69 0.18420726566666776 30 783 38 833 95 859 92 520 11 691 61 390
72 -0.36425471179855212 0.68527242230558938 1.8691965934602242 255 242 67 0.33740290012404389 30 793 38 848 95 871 89 998 11 956
74 -0.27416907914575367 0.88911008244733192 1.8662506117578843 254 234 60 0.099330379698872776 30 804 38 859 95 882 11 964
75 -0.26840682246387088 1.2220398006136561 2.0893922712014961 75 65 15 0.45640875600377917 30 612 38 876 95 901 89 1041 14 1024 92 565 11 342 24 731 66 749 51 508 64 1218 94 500 16 1033 53 1087 29 667
76 1.4801597497962675 1.559977872762653 2.7086574406355202 105 69 49 0.86457181939679484 30 901 38 891 95 915 89 1052 11 837 90 734 72 843 31 922 88 946 40 838 42 959 82 852 100 1013 80 998 44 907 23 781 63 953 61 752 91 769 48 673
78 -0.83015107152453871 1.5410486635699396 2.5491862500817679 88 97 95 0.46426315683530195 30 1106 38 895 95 922 89 1058 14 1230 92 1065 11 975 24 1124 66 1126 51 1035 64 1381 50 1461 67 1289 41 1413 98 1283 97 1211 54 1180 33 959 28 979 87 995 99 1089 83 1059 85 1030 19 1419 34 1124 94 1066 8 1162 37 921 49 691 78 834 61 869 29 923 16 762
79 -0.76390660542622546 1.5679781491184277 2.5343887452719951 75 85 86 0.21658301656996459 30 831 38 898 95 925 89 1062 14 1143 92 580 11 732 24 1064 66 1064 51 979 64 1313 67 1244 94 1006 8 1102 16 764
80 -1.0779818423681078 1.5781469464807352 2.5069505857783048 105 72 57 0.95527494902356769 30 366 38 900 95 929 89 1068 14 1237 92 574 24 799 66 632 51 879 67 1248 94 916 36 1009 8 1032 84 984 52 1009 4 1022 45 880 69 1024 90 715 72 582 31 896 20 1027 88 543 40 508 46 803 70 810
84 -0.32209390887452277 1.778488292876738 2.4120754215479434 81 90 90 0.36297399506481953 30 851 38 926 95 954 89 936 38 796 95 828 14 1140 92 617 11 749 24 976 66 973 51 851 64 1115 50 1259 67 1149 41 1216 98 1144 97 1072 85 771 19 1258 34 910 22 1206 94 881 8 998 37 694 49 440 76 214 56 436 78 461 61 330
85 -0.25991745797917509 1.8075836468592901 2.3932980006146938 79 89 89 0.29733629341062578 30 853 38 933 95 958 89 1103 92 821 11 755 24 975 66 970 51 847 64 1303 50 1258 67 1146 41 1211 64 1111 98 1141 97 1070 19 1260 34 905 94 879 8 994 20 811 37 513 78 458 49 439 1 181
86 0.93515657986203959 1.9023888696208322 2.3742921241391963 237 219 179 0.181720314901262 30 971 38 956 95 982 89 1110 11 852
88 0.99546494659442419 1.9394319052476516 2.3575558403034451 237 219 177 0.31266392093190676 30 1135 38 966 95 992 89 1119 14 1019 92 1091 11 875 64 1185 50 1349 19 1386 61 893 16 1084 29 1077 48 735
89 0.22641637734608761 1.9770235848714175 2.3151279246705307 223 204 164 0.11738119438008401 30 904 38 980 95 1012 89 1142 11 772
90 -0.14391238576407739 1.9651585033478534 2.2269218293012778 88 64 54 0.75982714954531383 30 721 38 982 95 1020 89 1149 14 1149 92 487 24 791 64 1307 50 1460 19 1272 84 922 61 345
91 1.2896995346960913 2.018279280130848 2.3608185997598157 235 218 181 0.29118238093401227 30 1145 38 987 95 1011 92 1104 11 1041
92 0.28889730520721812 2.0068612996035768 2.2961488115869488 223 205 166 0.097219037005502856 30 924 38 990 95 1021 89 1150
94 0.83027263330308387 2.0647679140009241 2.2784391040745438 235 218 177 0.14199942389960135 30 1009 38 1005 95 1039 89 1165
96 0.37566248379760181 2.1162907943858706 2.212264191029639 224 207 168 0.55559202082485171 30 982 38 1026 95 1064 89 1192 14 1134 64 1286 50 1248 41 1174
97 1.1156591542703604 2.1323813415853876 2.2428959643046591 237 219 178 0.24192643736362535 30 1043 38 1029 95 1062 89 1188 11 939
98 0.49964699716275401 2.1747632386182496 2.1714808141511219 228 210 171 0.40785703777665372 30 1011 38 1048 95 1084 89 1216 14 1131 64 1280 50 1245
99 0.78915230161885896 2.2424053838946048 2.1466536490788877 235 218 178 0.17687010674682829 30 1045 38 1062 95 1095 89 1224
100 0.74077093248508952 2.2994040288478113 2.0967426496459862 229 213 176 0.80176664894639338 30 1053 38 1068 95 1105 89 1232 14 1130 92 1105 11 931 66 759 14 943 51 646 64 1088 50 1420 41 1137 98 1088 97 792 54 1034 87 750 99 1060 85 1069 19 1489 22 1143 94 418 36 445 8 461 84 399 69 70 40 938 23 539 82 555 75 605 35 689 68 454 7 716 16 1121 91 692
101 0.8154047502864632 2.3231532749347883 2.0959597654534958 234 216 177 0.32686688131035913 30 1059 38 1071 95 1107 89 1233 14 1129 92 1012 11 940 24 960 66 938 64 1257 50 1418 41 1125 98 1087 97 786 54 1028 87 922 19 1490 48 484
102 0.87863416174683018 2.3495404509917952 2.0715089589607989 233 216 179 0.082653046359701027 30 1063 38 1074 95 1110 89 1236 11 947
103 0.94233294283224067 2.3743778109805138 2.0403983816587354 235 218 180 0.25952378270781429 30 1065 38 1076 95 1112 89 1238
104 -0.48114018243540324 0.61055933410261876 1.9090766223649052 254 218 68 0.66818984084164668 30 1071 38 1084 95 1118 89 1243 14 1175 92 1027 11 955 24 1097 66 1097 51 1026 64 1346 50 1298 67 1210 41 1278 98 1022 97 657 54 937 28 59 33 78 85 818 19 991 94 1054 36 1150 8 1150 84 1050 52 1083 4 1089 69 1072 72 960 31 1018 18 1016 20 1054 61 836
105 -0.71410839341482291 0.62351548696257464 1.9172201724094633 255 228 72 0.25698572676005738 30 1068 38 1085 95 1120 89 1244 92 744 11 953 40 886 61 601 48 493
106 0.99408529903560661 0.71585038022858039 1.5026147488831005 185 113 13 2.0359461983463945 30 1234 38 1086 95 1119 11 1080 72 1036
108 -0.33191287757042781 0.80038391879859128 1.8104512928791843 255 234 65 0.30575187668048953 30 1076 38 1096 95 1130 89 1250 14 1190 11 960 24 1037 66 1044 61 603 16 682
109 -0.27406361857794953 0.80550678596082703 1.827002630223463 146 104 20 0.14288598076736367 30 799 38 1097 95 1132 89 1251 92 751 11 533
110 0.75631678766390842 0.85992447573697739 1.4837599048143351 2 1 1 0.074061524841949139 30 1184 38 1100 95 1134 89 1248
111 -0.1456824633599402 1.073890856000314 2.1244318065317671 244 193 49 0.67411356877681106 30 1178 38 1112 95 1152 89 1268 14 1200 11 1067 24 1041 66 1045 51 943 64 1351 50 1330 41 1291 98 1218 97 993 33 620 54 970 28 617 87 619 99 641 85 868 19 1326 90 908 72 979 88 969 40 962
112 -0.38591967171945935 1.1789938720356079 2.1081464176917719 59 54 58 0.87829657151019891 30 816 38 1120 95 1161 89 1278 92 560 11 723 24 1054 40 694 16 449
114 -0.90698694242000066 1.3065636316059248 2.3802802048816694 8 11 17 0.76663938529904685 30 605 38 1124 95 1166
115 -1.0002991326704576 1.5173137882915844 2.5590414939084467 69 51 48 1.1596546667212135 30 1099 38 1129 95 1244 89 1287 14 1292 92 1061 11 972 24 1128 66 1065 51 982 64 1434 50 1532 67 1246 41 1417 98 1327 97 1258 54 1231 33 1043 28 1055 87 1079 99 1184 83 1165 85 1177 19 1538 34 1128 94 1017 36 1094 8 1112 84 1070 52 1095 4 1107 69 1100 20 1091 77 633 37 926 46 1018 70 1010 76 466 56 480 49 620 37 753 78 702 1 703 16 1182 12 854 53 1108 3 193 43 350 58 192 29 920 55 358 60 331
116 -0.6812286032836059 1.6681064656362596 2.4502451581115463 32 25 25 0.72627594984785848 30 1197 38 1134 95 1178 89 1294 14 1231 92 1133 11 1081 24 1126 66 1127 51 1034 64 1380 50 1465 67 1242 19 1257 94 1060 72 980 90 1003 40 959 61 920 16 1185 29 1069
117 -0.51602303292960872 1.6934602395431007 2.4586626021147473 80 90 90 0.36005580429543016 30 1120 38 1135 95 1179 89 1295 14 1226 92 1071 11 994 24 1062 66 1063 51 973 64 1374 50 1449 67 1235 41 1336 98 1272 97 1202 54 1084 33 950 28 968 87 984 99 1087 85 1047 19 1432 34 1050 94 989 8 1093 72 616 36 815 20 1071 77 196 37 845 16 1058 12 627 53 961
118 -0.19924614825265119 1.8439434619107529 2.3720529195676203 85 94 94 0.46592171029674945 30 1127 38 1140 95 970 89 1112 14 1225 24 1059 66 1060 51 971 64 1300 50 1447 67 1141 41 1327 98 1140 97 1068 54 1076 33 770 28 781 87 774 99 1078 83 776 85 1054 19 1266 34 898 94 875 36 783 8 990 72 352 20 808 37 689 49 438 78 455 1 443 16 1068 53 976 12 681 29 1072
120 -0.13617843670165647 1.8738156760445801 2.3567875075774145 91 97 95 0.37010301562559655 30 1129 38 1142 95 1186 89 1300 14 1222 92 1080 11 1017 24 1058 66 1059 51 970 64 1298 50 1444 67 1231 41 1325 98 1259 97 1065 54 1075 33 766 28 780 87 973 99 1180 83 1161 85 1178 19 1459 34 1042 94 965 8 1076 20 1115 37 687 49 433 76 429 78 654 1 442
124 1.1814713493178555 2.0272941015288723 2.3041817473884572 237 220 182 0.26455687374526343 30 1143 38 1148 95 1190 89 1304 92 1101 11 1039 61 899 16 1201 29 1083 48 740
125 1.2558508878072654 2.0620202033903015 2.3044300127419826 234 219 181 1.0968781317571923 30 1147 38 1149 95 1031 89 1148 14 1012 92 1146 11 1042 64 1001 50 1180 54 208 87 161 99 711 83 902 85 947 19 1390 88 1014 40 877 61 967 16 1250 12 1041 53 1176 29 1146 53 1208 96 972
126 0.62538236596832641 2.2380106229244254 2.1295654035657012 232 214 175 0.12514750235175279 30 1146 38 1150 95 1193 89 1306 11 1035
128 0.76941626270249841 2.3640836711410911 2.0482748874841765 227 209 173 0.70464233913550545 30 1152 38 1152 95 1194 89 1308 92 1106 50 1429 98 852 97 370 16 1135
133 0.9857028918679982 0.65556228135783967 1.5392839632889899 253 243 77 0.76292397133775069 30 1230 38 1160 95 1202 89 1313 92 1115 11 1107 19 1504 61 912 16 1142 92 1157 29 1022 96 628 73 604 81 467
134 0.93077848995849344 0.70941041655724113 1.4894372799200724 255 253 82 0.20683434099550319 30 1084 38 1162 92 1039 11 981
138 -0.74756900853293806 1.1615552932378967 2.3120188066268375 9 9 7 0.45504896667583017 30 810 38 1185 95 1235 89 1351 11 716
139 -0.9446721580281694 1.4805759249242081 2.5620155471354313 104 113 111 1.3998008620658737 30 1190 38 1191 95 1242 89 1359 11 1066 24 1125 14 1288 66 1128 51 1037 64 1433 67 1292 41 1478 14 1327 98 1386 97 1313 54 1259 54 1293 33 1111 28 1133 87 1172 94 1013 36 1091 8 1163 84 976 69 1143 37 956 49 739 76 702 78 861 1 890 86 610 60 563 55 592
140 0.20890875581561719 1.7058413697485189 2.240362155620867 37 34 28 0.9512456766762043 30 1211 38 1196 95 1247 89 1297 14 1213
141 0.28240996080522168 2.1235685699280467 2.1743666648392295 101 69 54 0.89462597970653956 30 1219 38 1199 95 1248 89 1363 92 1142 11 1092 24 1118 66 1119 90 983 61 932 48 761 73 918
142 0.42051203233971068 2.2849473274215955 2.0737342180033385 100 68 52 1.1017348103537488 30 1144 38 1201 95 1250 89 1365 92 1143 11 1029 24 1061 66 960 64 1430 48 551 91 493
143 0.48482349183015438 2.3184533947410819 2.0620256340414116 102 69 52 0.68954466686705829 30 1221 38 1202 95 1251 89 1367 14 1291 92 1145 11 1033 24 1060 66 959 51 828 64 1429 72 862 40 752
146 -0.19579338003583938 0.89312044469663909 2.1561675885584779 254 211 61 1.7330280238042712 30 1255 38 1210 89 1329 11 1124
147 -0.24537693963962856 0.99933874967733538 2.0158417952345538 255 228 60 1.1395826485069016 30 1228 38 1212 95 1221 89 1335
148 1.2178320516703371 1.0019524109618578 1.7298317242278882 251 210 67 0.91480133187684898 30 1244 38 1213 92 1168 11 1132 61 973 29 1092
150 -0.74077421980178704 1.5011316778545616 2.5354742703900195 7 10 14 0.46020053919103443 30 1194 38 1226 92 1167 61 871 16 1271 29 1141
152 -0.70887401119452476 1.7321824867411217 2.3803736322694826 71 52 46 1.0221444900943424 30 1198 38 1230 95 1272 89 1389 14 1330 92 1135 11 989 24 1129 66 1130 51 980 64 1457 67 1313 94 1000 36 992 8 1011 84 959 52 976 45 960 4 993 69 988 90 915 72 924 88 766 40 698 61 874
153 0.23848545188281761 2.1858665235548904 2.1145423896264703 102 71 58 0.84171845873029028 30 1220 38 1232 95 1275 89 1392 14 1329 11 1024
154 -0.37540698232973785 1.0644436886359698 2.1073764067029894 76 60 12 1.3906441358827042 30 1257 38 1241 92 1161 11 1125 61 952
155 -0.1557020289739911 0.77688498083575896 1.9155724278892914 150 154 176 1.9265958032012975 30 1253 38 1251 95 1294
156 -0.25509102286702157 0.92592422459840107 2.0519496060944489 255 214 62 0.74626199150076356 30 1268 38 1256 95 1299 89 1419 11 1144
157 -0.25864773492726301 0.92456333868693286 2.0576562577911877 255 214 62 0.62144468299496991 30 1269 38 1257 95 1300 11 1145
158 0.052884511253516731 1.5882205931111497 2.1346565309361005 6 6 8 1.4946077720244524 30 1260 38 1259 95 1303 16 1308 53 1253 29 1163
159 -0.78473917295856899 1.2550779613472347 2.4636242106245358 9 11 16 1.9731192188475186 38 1268 95 1316 89 1433 14 1374 51 1113 94 1136 30 1270 36 1229
160 -1.132856449916777 1.4427360435520711 2.6246297350713941 123 126 118 1.6885898522587155 30 1278 38 1269 95 1323 89 1437 92 1204 11 1147 24 1208 66 1199 51 1114 94 1137 90 1078 72 1067 61 1002 16 1315 29 1168
161 -0.36481280596081478 1.8078539105137159 2.3734998052800655 88 97 96 0.60295941111005391 30 1272 38 1272 95 1319 89 1428 92 1198 64 1491 61 992 16 1301 29 1153
162 -0.34690273662444776 1.8019437121247222 2.3339114407932864 88 97 96 1.611545484145509 30 1273 38 1273 95 1320 89 1429 14 1375 92 1199 11 1150 24 1202 66 1197 51 1104 94 1125 36 1212 8 1225 84 1162 52 1164 69 1164 90 1063 72 1052 45 1064 61 993
164 -0.68561114939838774 0.56531954453175437 1.9312353545098655 255 232 73 0.46662297692764892 30 0 95 12 89 14 64 723 50 767 41 689 98 667 54 651 19 60 34 84 22 697
165 -0.42414677356397862 0.59872875246412904 1.9119386712682001 255 219 62 0.245910197861198 30 2 95 18 89 19 92 6 11 299 24 121 67 197 36 241 8 245
166 1.112161002209924 1.0405840905745833 1.7073933940796611 179 108 19 0.23283063950954291 30 145 38 93 95 81 89 86 92 134
167 1.5122688505939517 1.6340051957578612 2.6596294960251701 111 107 96 0.18926463798659773 30 272 38 252 95 217 89 265 11 289
168 -0.22045125572706498 1.9186905297211874 2.3011879261268717 73 54 49 0.079293394464905756 30 234 95 296 14 545
169 -0.11649463737956296 1.9231222155089371 2.2640475795268151 86 61 50 0.17789691211622916 30 246 95 297 89 403 11 441
170 -0.14464277948504525 0.53421513036792334 2.0174229933482697 251 240 68 0.11347722879370345 30 576 95 375 89 776 92 525 61 399
171 0.98506545443176874 0.6334344833615928 1.5359371127638564 253 251 81 0.24146388562216603 30 36 95 376 92 21
172 0.98506545443176874 0.6334344833615928 1.5359371127638564 253 251 81 0.24146388562216603 30 37 95 377 92 22
173 -0.14573977404424118 1.0914860830678192 2.1093321780030094 255 214 60 0.20303280394910714 30 56 95 461 89 147 14 709 92 72 11 58 24 158 14 217 51 497
174 0.63832745191597895 1.8825493306806118 2.405222854961989 108 102 91 0.37655924393058327 30 267 38 650 95 653 89 739 14 927 24 572 66 560 64 1056 50 1196 67 603 41 809 98 796 97 760 54 773 28 687 87 684 99 953 83 928 85 954 19 1215 77 607 12 680 3 316
175 -0.30594719349994898 0.58167920036204823 1.9474071157954813 255 232 73 0.98278549783663172 30 786 95 686 89 783 92 523 11 694 88 742 40 673 61 393
177 -0.6405016448084917 1.6702568834087668 2.4376945128640894 32 26 25 0.2913860564198551 30 650 95 819 92 436 61 317 16 491 29 242
178 1.2417509630642807 1.9371576708800398 2.4177213000603883 233 218 181 0.20424576995887436 30 765 38 811 95 841
179 1.2116532328230893 2.1363508683953496 2.2813093772231081 231 214 177 0.87037448145047358 30 1050 38 822 95 849 89 969 14 921 92 1009 11 943 64 748 50 873 67 512 41 170 98 279 97 272 54 227 4 32 52 338 69 35 88 938 40 876 61 902 16 1206 12 1042 3 882 29 1124 48 741 91 813 96 943 73 927
180 -0.68608474894333515 1.2086751773522819 2.3157963803785311 16 14 5 0.19549878494104242 30 335 38 741 95 900 89 872
182 0.22620757727222632 1.9770382148584082 2.3156050223133393 221 203 163 0.12769170040105754 30 903 95 1013 89 1143 11 771
183 0.18832364272211946 2.0339973092103842 2.2647282391389809 222 204 166 0.2957657799340111 30 922 95 1034 89 1168 92 877 16 1081
185 1.2082078755528982 1.0745419875261442 1.7080248636647724 1 1 0 1.0091224338868594 30 1203 38 1110 95 1150 89 1026 14 1155 92 1132 24 1070 66 1069 51 987 11 1119 61 922
186 0.56497455280984188 2.2115991546183928 2.1628102985590139 231 213 174 0.41747725832693927 30 1141 95 1192 92 1097 11 1031 16 1203 61 936 29 1078
187 1.0092681663579814 2.4159729549633413 2.0469894697691879 235 218 180 0.76918716568703249 30 1158 95 1196 89 1310 14 1127 38 1077 92 1112 11 1049 66 918 51 775 50 1239 54 814 87 738 99 1049 83 1043 85 1070 19 1496 82 750 44 803 61 946 16 1254 53 1182 43 201 29 1128 48 764
188 1.2448607925525501 1.1549694929040835 1.6715070119965847 204 139 36 0.15044575783738373 30 1246 38 1219 95 1264 14 1243 61 958
189 -0.21884228989193347 1.1815168547721422 2.0906355420117819 250 208 58 1.8743067848983046 30 1237 95 1266 14 1318 92 1164 11 1105 64 1420 50 1554 67 1305 41 1386 98 1311 97 1155 54 1141 33 868 28 882 87 1039 99 1140 83 1120
191 -1.1135576069138542 1.4422041574542344 2.5785276900410956 124 126 120 1.0769891732883659 30 1279 38 1270 95 1324 89 1438 92 1205 11 1148 61 1003
192 -0.46567298850807803 0.56826571426383299 1.1978145667874669 251 230 73 0.9015180136819243 38 3 95 2 89 2
193 -0.26931766415815134 0.49705689814695364 1.9940897860236018 167 135 46 0.081387951341777579 95 3 89 6 38 4
194 -0.26931766415815134 0.49705689814695364 1.9940897860236018 167 135 46 0.081387951341777579 95 4 89 7 38 5
195 -0.19224817489312812 0.49812298759006379 2.0499344419162089 5 4 1 0.074045528008836195 95 5 89 8
196 -0.19224817489312812 0.49812298759006379 2.0499344419162089 5 4 1 0.074045528008836195 95 6 89 9
197 -0.33809757162263926 0.59449408171549434 1.9177539652954105 174 127 42 0.09385116948992632 38 10 95 13 89 15
198 -0.73491665874519041 0.62207729476854345 1.9133134028589935 250 230 74 0.1482788778158271 38 385 89 31 92 2
199 -0.61466393944329734 0.63979178292407923 1.8504575178782798 254 233 75 0.10181242659782179 38 14 95 22 89 32
200 -0.61466393944329734 0.63979178292407923 1.8504575178782798 254 233 75 0.10181242659782179 38 15 95 23 89 33
201 -0.46942626481300537 0.66193337321059376 1.8554878694923675 168 134 48 0.13797419621768658 95 24 89 37
202 -0.40739029509091307 0.69202043212523667 1.8412514102998612 159 128 44 0.05054544720461867 38 23 95 28 89 42
203 -0.73111356166121577 0.697928696908375 1.9416372757332967 104 91 26 0.31271657889597737 38 26 95 31 89 48
204 -0.31147596582820869 0.7421368970340535 1.8214271996887821 254 228 71 0.56801685072180808 38 27 89 50 64 691 50 90 41 54 98 89 97 96 54 639 33 71 28 55 87 578 99 29 99 833 83 31 19 77 34 49 22 114
206 0.35880436918223291 0.78280224595813419 2.1350961047715229 217 222 245 0.20073598080007127 38 37 95 37 89 54 24 441 66 460
207 -0.093181034420165357 0.76185123991523285 2.174412291850599 254 236 63 0.071747233750326378 38 33 95 36 89 56
208 -0.67807444343718826 0.74205463401954119 2.0817114232223828 99 55 6 0.015050664095234317 38 31 95 34 89 61
209 -0.67542231583027634 0.78493088101940656 2.1134338433105184 104 58 7 0.019289566165299053 38 40 95 49 89 65
210 0.66508105236476156 0.93151472618056763 1.3965813315246183 18 12 8 0.099614146915614279 38 413 95 402 89 66
211 0.33636782144171995 0.87163241869342367 2.0481891783522488 130 86 13 0.072473545814520937 38 59 95 55 89 67
212 1.2204406228802429 0.96279385502583581 1.7508546151453361 253 252 76 0.65469159289407364 38 68 95 406 89 68 92 578 11 607 24 9 66 7 51 331 16 723 12 22 53 526 3 26 29 654
213 -0.26347167805179117 0.83563550323996039 2.198929209150271 146 105 25 0.45961522526984555 38 55 95 397 89 69
214 -0.26931654306417996 0.85790017667259622 1.9217896503958152 161 105 16 0.13020447928140158 38 403 95 56 89 70
215 1.0489103963096231 1.0153767238809053 1.7264826309814212 182 105 15 0.058948990845229331 38 80 89 81 95 72
216 -0.77592185995675678 0.89881130146766053 2.1443649954071278 43 54 77 0.056672764286607384 38 65 95 61 89 87
217 0.52801373986042044 1.0228386701262036 1.2937885319861924 64 77 108 0.2256750393584871 38 91 95 433 89 88
218 1.0152207482773041 1.0640409051497457 1.6915076516748244 181 102 15 0.07523590967041055 95 89 89 97 38 97
219 -0.68756815765681267 0.96513424066396347 2.3362337390216954 234 181 45 0.063568674799592592 38 77 95 74 89 116
220 -0.68847707440610761 1.006650426362139 2.2845119728217216 195 155 39 0.15804709186023072 38 84 95 436 89 125
221 -0.91365325246524165 1.0050446785051312 2.4816492614706718 3 4 4 0.041800245213886478 38 82 95 87 89 135
222 -0.91365325246524165 1.0050446785051312 2.4816492614706718 3 4 4 0.041800245213886478 38 83 95 88 89 136
223 -0.20503017211272376 1.0724186743199815 2.126661023366891 254 220 58 0.36723045891580419 38 100 95 100 89 140 66 566 24 562 51 262
225 -0.92636273265686186 1.0903084702743033 2.5998834881022113 43 50 67 0.051834179020102733 95 104 89 163 38 107
226 2.0118190861281056 1.3110939472720093 4.7943890974483629 254 247 114 0.97419422989440696 38 120 95 106 89 167
227 2.0118190861281056 1.3110939472720093 4.7943890974483629 254 247 114 0.97419422989440696 38 121 95 107 89 168
228 0.24727594221568155 1.1854864753142234 1.5142180749618064 99 108 134 0.10409902214162368 38 153 95 498 89 173
229 -0.29401626398153258 1.1576931781728925 2.0396416475630086 23 25 33 0.17348628765236465 95 126 89 174 14 278 64 787
230 -0.95206848176574743 1.1182303668924327 2.3820923345291019 2 2 2 0.60377138974600775 95 119 89 177 88 12 40 8
231 0.92747454887877312 1.2558922485701869 2.7403862790245133 218 125 17 0.52257611489278266 38 140 95 129 89 180
232 0.52406601394034436 1.2393402022927558 1.517926063422304 36 27 12 0.1845941576681597 38 171 95 156 89 187
233 0.98546837827533673 1.2831100350667681 1.5255091290263625 192 118 34 0.147349165792902 38 181 89 188 95 164
234 1.1422773147721164 1.3247744860237021 2.6390069400691001 188 112 20 0.44905724197218566 38 165 89 191
235 0.48756361410410609 1.2711003403641796 1.5802152607253823 83 95 120 0.13634537080357295 38 535 95 522 89 198
236 -0.32838836737306448 1.2415864966603878 2.0717978557139736 170 179 205 0.15540920926308913 30 75 89 202 14 314 92 87 64 356
237 0.0090853228890169883 1.27907582034431 1.8043455263574022 45 54 75 0.065056555371574329 38 176 95 167 89 209
239 -0.86715909361997912 1.3645458337967218 2.5614811133987749 2 2 3 0.1290886262830768 38 193 95 184 89 231
240 -1.1462205163765939 1.3624952429147985 2.6805880730471054 124 128 121 0.10658492824471699 38 186 89 234 95 182
241 0.060867614563104154 1.405527132281152 1.9876359389592377 64 51 17 0.11736386917180371 38 220 95 197 89 239
242 0.060867614563104154 1.405527132281152 1.9876359389592377 64 51 17 0.11736386917180371 38 221 95 198 89 240
243 -1.0862153408285333 1.3922401518286953 2.6768531285606638 121 125 118 0.14263705571224852 38 197 95 185 89 243
244 -0.8309804859335882 1.4059570333497251 2.5786568767149682 3 3 6 0.082000482047259182 38 202 95 190 89 246
245 0.42466279461558154 1.4901013955109073 2.0946464005969796 57 52 60 0.065910135839952519 38 235 95 211 89 250
246 0.42475459374581548 1.4936761152417486 2.1290876924123188 57 52 60 0.16772741776526928 38 236 95 212 89 251 85 143
247 -0.72428778284043704 1.4640562844052054 2.530041857296804 0 1 2 0.23373768656623944 38 224 95 202 89 260 67 428
248 0.80993489736166879 1.4559820831020815 1.2439038775940503 255 228 68 0.59855737510394491 38 625 95 616 89 261 92 614
249 -0.81131637949678481 1.4748034587977938 2.5804209207593702 2 2 5 0.078718816202406908 38 225 95 203 89 262
250 1.5112994719103803 1.633040908545744 2.6572230604042923 130 122 105 0.19908714721548956 38 253 95 218 89 266
251 -0.34481924507590961 1.492966674139115 2.3101541085496979 5 4 5 0.046682953095890711 38 232 89 268
252 0.64852476951721738 1.4735573252003098 1.2590777463916039 255 228 63 0.18159610093247211 95 246 89 277 38 268
253 -1.0520637898177463 1.4798544264316782 2.5836665142978741 80 85 80 0.46470567056447093 95 208 89 280 14 557 24 384 64 859 50 976 41 992 98 982 97 1100 54 895 33 793 28 797 87 788 99 795 83 792 34 957 94 340 8 647 84 311 69 352 8 396 90 277 76 616 56 488
254 0.10260678595824477 1.5606044083997372 2.1023569957605264 16 11 6 0.085767784712539152 38 258 95 237 89 302
255 0.11966265903080851 1.5763589539205523 2.1180467985769389 20 12 9 0.028739949670629067 38 260 95 241 89 311
257 1.5049810354222097 1.9845484852391881 4.7003862432180474 255 235 73 1.2176210164320542 38 261 89 318 95 232
258 -0.71966703130506271 1.6227686675456265 2.4746817088601651 50 37 33 0.38253429030368463 95 245 89 327 11 89 24 619 51 526 94 759
259 -0.73553538719635703 1.626981851659175 2.4311579599649069 67 51 45 0.22464238827469993 38 265 95 248 89 333 66 624 24 623 51 530
260 0.35012223273437132 1.7119981979595937 2.5249501241745946 198 177 137 0.081559524585494592 38 279 95 255 89 334 24 182
261 -0.70047450043037507 1.6742200282177635 2.4255972900758476 23 15 14 0.24461950550301631 38 276 89 344 14 562 11 107 24 626 66 625 51 527 94 539 36 596 40 48
262 -0.74197015940409194 1.7018657273568119 2.4023478754181316 47 30 23 0.072125397456055479 38 281 95 260 89 350
263 1.6301782976480848 2.0966311968239615 4.1137312691472339 128 122 105 0.12367527287218771 95 262 89 355
265 0.67776382104360311 1.8196615052756189 2.4339692705432148 233 216 176 0.15764077676528898 38 297 95 276 89 357 14 296 24 156 64 269 50 418 19 475
266 -0.69885663139127741 1.7454251216059025 2.3847708343645437 71 53 49 0.073823858681790533 95 270 89 364
267 0.66360804925086769 1.8416401497875354 2.4301678124267059 83 76 61 0.24428112207740546 38 302 95 283 89 365 14 302 92 274 24 163 66 163 64 280 50 433 98 340 97 327 54 260 87 211 99 193 83 189 85 260 19 495 22 341 77 175
268 0.66256566998644129 1.8389475425176127 2.4281014186083074 83 76 61 0.18304968169084657 38 303 89 366 14 301 92 275 24 162 66 162 64 279 67 166 41 262
269 0.017718951264955242 1.8711174542111608 2.3540669258514022 1 2 4 0.17585769877674742 38 312 95 290 89 390 14 482 24 325 66 316 50 623
270 0.12272974261014478 1.8936777946092715 2.1804149285689651 224 203 156 1.2839239059802463 38 325 95 295 89 397 24 320 66 309 50 593
271 -0.1498537176918264 1.9480297744477022 2.2505126047644191 88 63 53 0.30458380183457495 95 302 89 408 14 791 66 376 64 534 67 371 41 447 98 530 50 964 97 512 54 521 33 412 28 403 87 462 99 533 85 790 36 218 8 244 84 173 52 146 69 539 90 192 72 116 20 557 70 214
272 1.2168107354601119 2.0995395799447278 2.2796976059678906 111 101 81 0.13445273804833444 38 346 95 327 89 432
273 1.1629946872277963 2.1179701440993299 2.2524111995172489 127 123 107 0.19451922119513698 95 330 89 433 38 355
274 1.1629946872277963 2.1179701440993299 2.2524111995172489 127 123 107 0.19451922119513698 38 356 95 331 89 434
275 0.23967986421653084 2.1217144316460703 2.1810516239795787 35 24 21 0.26353390435680402 95 343 89 450 14 535 24 355 66 345 64 502 50 648 67 315 41 406 94 204 36 155 8 200
276 0.51933455533620754 2.2184012911665194 2.1700708161446163 110 79 60 0.52655978212809018 38 668 95 669 89 460 14 946 92 732 64 825
277 0.41276124069287146 2.227109017406574 2.0896396147831626 20 12 11 0.52682817404968685 95 357 89 465 64 489 50 649 67 670 41 374 98 470 97 423 54 469 33 358 28 366 87 422 99 786 83 781 85 802 19 952 77 492 16 659 12 747 53 809 3 324 21 207 29 337
281 1.0926112506235655 0.81421461413109397 1.6326784968992809 164 95 13 0.07682090180990464 38 393 95 385 89 495
282 -0.58952640357168462 0.67874085832756625 1.8404298577092988 255 233 72 0.063980416667841725 38 386 95 380 89 496
283 0.71562393346438469 0.81705538940685063 1.4632425251386152 8 8 9 0.19540905716331822 38 701 95 389 89 497
284 0.71562393346438469 0.81705538940685063 1.4632425251386152 8 8 9 0.19540905716331822 38 702 95 390 89 498
285 -0.5289128560111217 0.70785967622725854 1.8229517852189412 253 226 70 0.079388687942317474 38 387 95 382 89 499
286 1.1351574624937382 0.86527941527028784 1.7009654959272755 169 99 13 0.45243883797191636 38 398 89 503 24 387 14 576 66 397 51 332
287 -0.23600135847096126 0.73812136477865642 2.3570855646090103 170 177 198 0.16816541463248513 95 710 89 505 38 700
288 0.46697956681404745 0.83447299991143475 1.7771226186507163 50 53 67 0.16980851936571431 38 48 95 48 89 506
289 0.66760468271855566 0.88739312601127163 1.4176196780989092 1 2 2 0.14098686381603434 38 404 95 395 89 508
290 0.0061003785268138504 0.76944394877895372 2.4238236883045889 217 219 240 0.047825789781583999 38 396 95 393 89 509
291 0.92424196390670488 0.90997924655768936 1.7630102422218925 255 227 60 0.040929730793384668 38 407 95 400 89 511
292 -0.073369526697965592 0.81383803443601377 2.2061872123329005 255 237 64 0.011811188180768978 38 47 95 51 89 513
293 0.5955124537846872 0.88350686498432374 1.9205044437650365 209 144 34 0.038850428203557157 38 405 95 398 89 514
294 -0.12167370544242839 0.84349169065586349 2.2572424513601748 135 89 13 0.080898217069220124 38 57 95 54 89 516
295 -0.31951073090756843 0.85740355553235981 1.8407201410069067 253 228 61 0.18795908107374981 38 401 95 399 89 518 14 185 24 153 66 189
296 -0.67863674944389207 0.82458304555936868 2.1813280075762957 103 55 6 0.060716030503401429 38 399 95 396 89 520
297 0.35819910039610159 0.92272125524556514 2.208259776439832 254 229 59 0.03616675703704416 38 412 95 404 89 524
298 1.0973702826675336 1.0052301402360979 1.7496104844182412 176 108 20 0.15318145233384187 38 424 89 525 24 397 66 409 51 337 90 350 72 395 88 233 40 183
299 0.93787011395392383 0.99836147404687969 1.7423682899772286 195 114 15 0.032070219968056431 38 423 95 412 89 529
300 1.1484515974348715 1.016895427618584 1.7343801791008098 249 192 47 0.20289398562676297 95 418 89 530 24 391 51 9 90 44 72 185
301 -0.70090709815776753 0.87970997020514063 2.1113400680518799 77 92 126 0.078165709895360591 38 408 95 403 89 534
302 0.26388413054552656 0.9650026403330485 1.9986247130207389 126 88 16 0.074585132910182636 38 415 95 409 89 537
303 1.002168355362492 1.0255740605919916 1.7264205252657052 189 111 17 0.035014337684267607 38 431 95 422 89 538
304 1.002168355362492 1.0255740605919916 1.7264205252657052 189 111 17 0.035014337684267607 38 432 95 423 89 539
305 0.97318409080255663 1.033562289721085 1.7139556396199163 254 214 55 0.051144908180526 38 433 95 426 89 541
306 1.0629527608834757 1.0519164046192664 1.6960720694376283 185 112 20 0.059140718386993994 38 448 95 434 89 547
307 -0.28030538331389443 0.95859202555015155 1.9181887858543196 253 231 62 0.011165933346206053 38 416 95 413 89 549
308 -0.22473864308216612 0.95818979220666822 2.2272029777231861 249 203 61 0.077932379600802737 38 716 95 733 89 551
309 -0.022367703357592583 0.98089502761139025 2.1997201765787242 219 176 66 0.17121656307657571 38 719 95 420 89 554
310 0.076443540850996333 0.99247970515517658 1.9680946813817328 133 94 19 0.63962042606148806 95 421 89 555 14 672
311 1.0292095376154462 1.1012074081607046 1.6599087014768621 189 127 52 0.0632774053860682 38 474 95 455 89 563
312 0.52190770207557879 1.09280190654016 1.2534869620639886 194 205 233 0.16773862446767715 95 463 89 566 38 481
313 1.0642778833173789 1.1443674519355198 1.628172249457998 254 241 107 0.050999384994857809 38 489 89 575
314 0.16784301350594655 1.1204957833550266 1.8689574543640313 131 87 12 0.062085407398400634 95 114 89 588 38 113
315 -0.23044698425844126 1.1084603277877982 2.081754878753828 254 224 59 0.13878990170558311 38 477 95 466 89 593 14 238 24 181 16 441 92 344
316 -0.086863905385207218 1.1185631458966889 2.0968411164029854 227 186 52 0.34759300544503646 38 480 95 467 89 594 14 708 24 558 66 563 64 749 50 828 67 629 41 171 98 188 97 176 54 83 33 133 28 113 87 74 22 217
317 -0.95030508236457945 1.089627306928006 2.4357998878982956 59 68 94 0.20276166137809745 38 108 95 105 89 600
319 0.58526239417116499 1.2057499136277634 1.0650893073710666 254 250 80 0.25760772851932728 38 528 95 511 89 606
320 0.96456957394226184 1.2919021641684421 1.5265784216108254 254 236 89 0.03730505122151976 95 530 89 622
322 -0.1562485562266166 1.2848722618958177 2.0761025067288124 87 82 23 0.73997175957145789 38 529 95 519 89 635 14 728 64 1061 50 1152 41 1083 54 993 33 1003 87 1040 99 896 19 1072 77 688 76 364 34 545 16 749 12 815 53 909 29 671
323 0.32710197642964062 1.3357649664593827 1.7079815610261224 41 50 72 0.19413666682932115 38 203 95 548 89 646
324 0.32710197642964062 1.3357649664593827 1.7079815610261224 41 50 72 0.19413666682932115 38 204 95 549 89 647
326 0.5776654294029212 1.3668257487425035 1.1807551104990874 255 230 69 0.2076520111814629 95 585 89 659 38 584
327 0.57844206401014908 1.3695537579164567 1.1990797282051293 255 230 69 0.32950906841698702 38 585 95 586 89 660 14 696
328 -0.85360089241149284 1.3859635366241565 2.5801107523190594 1 2 2 0.047102633841992876 38 196 95 544 89 666
329 -0.017553556333146071 1.4011393549769413 2.0163459177358898 9 14 21 0.67987918089240496 38 564 95 561 89 669 14 924 92 581
330 0.88234190148155689 1.4296029208268302 1.4051657524945098 197 124 34 0.12068717532569496 38 597 95 601 89 671
331 -0.78766947301658174 1.4431568205381848 2.5930534347220964 1 1 4 0.09162223324648093 38 217 95 196 89 679
332 -1.2832979833948115 1.4453882486288991 2.5825148875513788 138 94 72 0.50478410385507244 38 562 95 566 89 682 14 956 92 365 50 980 96 131
333 0.84696942042577339 1.4787702489731041 1.3603480306890177 204 123 31 0.13859847777032788 38 626 95 619 89 683
334 -0.28790300323125256 1.5002333522833544 2.2548858418520745 3 3 4 0.13802905321437262 38 591 95 599 89 686
335 -0.28790300323125267 1.5002333522833544 2.2548858418520754 3 3 4 0.13802905321438111 38 592 89 687 95 600
336 0.43133910673356168 1.5422817700403451 2.1673430276892032 60 69 93 0.21967229561083199 38 247 95 222 89 689
337 0.2637453369693194 1.5561244192972559 2.3121974612288843 110 86 20 0.15102868475632955 38 246 95 221 89 690
338 0.28474746488168484 1.6159607760739489 2.3106260178647493 124 93 23 0.19501724893635478 38 624 95 622 89 703
339 -0.65102991642101182 1.5842998510856741 2.5209519594975891 4 5 7 0.091611302291745481 38 613 95 610 89 704 92 153
342 0.3787484739876828 1.7252781184629542 2.4976238384826859 211 192 153 0.21067032879856937 38 633 95 635 89 718 14 745 92 482 61 351 16 580
343 -0.15987389733430521 1.6779974539497893 2.3345485412075955 2 2 3 0.28540472782109128 38 631 95 820 89 719 14 766 64 831
344 0.50534373460521553 1.7871882612661596 2.4667962114571917 222 204 164 0.095476393774282076 38 638 95 638 89 725
345 0.56800419901605104 1.816777747763251 2.4472333170252125 224 207 168 0.071066257854293616 38 641 95 642 89 728
346 0.63179839834460627 1.8499636100544894 2.426177851473958 224 208 170 0.33732288284532552 38 645 95 648 89 733 14 740 92 499 24 565 66 556 64 785 50 878 67 600 41 271 98 351 54 268 87 217 99 201 85 268 19 862 61 370 16 616 53 326
347 0.098315586660478821 1.7983632639774596 2.1524189946185626 3 3 3 1.2578439484093691 38 648 95 652 89 740 64 820 41 1163 97 1025 33 900 28 911
349 0.78323238800969375 1.9842055644023537 2.3365810017774145 228 213 176 0.090474269604875854 38 655 89 748 95 658
351 0.10578058758569847 2.1326364428343352 2.1261878626623649 38 27 23 0.16925085428460154 38 363 95 350 89 755 14 567 67 341
352 0.45481968196563616 2.1721898567750166 2.1327909456183716 106 70 53 0.12385054118723993 38 667 95 668 89 756
353 0.54509532939764749 2.3177477196185619 2.0348490726419981 105 71 52 0.11410518772577928 38 672 95 674 89 759 14 789
354 0.75653444938863879 2.3473065958508554 2.0696732626456482 222 205 167 0.25246259872374016 38 673 95 675 89 760 14 520 11 682 24 318
355 -0.63384989926476842 0.4223763299012655 2.0366634768541978 253 231 74 0.67722100114068939 38 676 95 677 89 762 14 827 11 684 88 721 40 653
356 -0.67163553233156326 0.46864816892412159 2.0040353903702774 253 230 74 0.24110844831124592 38 677 95 680 89 767 14 970 92 514
357 -0.34232624386002497 0.49640247376502011 1.9920218930588691 255 233 74 0.22000134615471334 38 679 95 682 89 768
358 -0.49887388196837379 0.48742849536868182 2.0248236043338506 255 233 73 0.095811392186672298 38 678 95 681 89 769
359 -0.32243431395571898 0.50747971425871763 1.98296269516712 255 241 70 0.061612280915263357 38 832 95 858 89 770
360 -0.28057950791058561 0.5256658075074746 1.9776074616858828 255 233 74 0.11261532088479102 38 681 95 683 89 775
361 -0.54325443246772354 0.53052458316219775 1.9614686712366145 255 225 72 0.066099331546692258 38 682 95 684 89 781
362 -0.29569893742452974 0.58538231249941175 1.9313375647455686 255 238 71 0.059953889279395545 38 836 95 862 89 785
363 -0.23454585228967809 0.61347555417859378 1.9265484483823372 255 240 72 0.099177203659107913 38 839 95 864 89 790
364 -0.34905747222737488 0.62389645122408022 1.8966450183238408 255 232 74 0.069884191165067708 38 683 95 690 89 794
365 -0.34905747222737488 0.62389645122408022 1.8966450183238408 255 232 74 0.069884191165067708 38 684 95 691 89 795
366 -0.1903832354538473 0.63377744989061646 1.9010005895319824 255 234 76 0.049482169305542723 38 685 95 693 89 797
367 -0.44394774134172876 0.64346458342960866 1.8737973815347557 255 225 72 0.27487988550119241 38 686 95 694 89 798
368 -0.28479348380948744 0.65451972090857669 1.8791550991848796 255 233 75 0.090193520848271591 38 687 95 696 89 799
369 -0.28479348380948744 0.65451972090857669 1.8791550991848796 255 233 75 0.090193520848271591 38 688 95 697 89 800
370 -0.22482135194280559 0.68288130874133335 1.8647321405370496 255 232 75 0.10851657365420782 38 692 95 704 89 802
371 -0.22482135194280559 0.68288130874133335 1.8647321405370496 255 232 75 0.10851657365420782 38 693 95 705 89 803
372 -0.18075462158436426 0.6793160512411538 1.9226316640623486 254 228 69 0.25515305932730398 38 694 95 379 89 804
373 -0.37991896403157788 0.67478720449218255 1.8467396059581334 255 232 74 0.086347463042697178 38 689 95 702 89 805
374 -0.37991896403157788 0.67478720449218255 1.8467396059581334 255 232 74 0.086347463042697178 38 690 95 703 89 806
375 0.49663258327221349 0.76609205628277344 1.7568761124951615 119 105 35 0.066571803877801469 38 698 95 707 89 807 92 547
376 -0.1415776479770422 0.70933030216821769 2.1628780772571461 145 81 12 0.11108172345064408 38 388 95 383 89 812
377 -0.17393736436905127 0.82986974052002205 2.3391754766743644 55 44 40 0.082949789455302791 38 704 95 716 89 820
378 -0.78141720230309863 0.80954723063057243 2.140862313685501 1 1 0 0.064480351296996016 38 703 95 715 89 822
379 1.0103246643786712 0.97278298095048354 1.7740730241728633 254 201 49 0.35753757921823281 38 713 95 727 89 824 40 746 88 819
380 0.30121340063029922 0.9181624219018748 1.9934580031170892 130 88 15 0.071807401834651632 38 411 95 724 89 827
381 0.5955547737864989 0.98837844339191328 1.3323617965118189 8 9 11 0.18611826208351537 38 868 95 890 89 829
382 -0.019031428667544793 0.91294545051894083 2.2166891867841714 253 216 66 0.14849838385141156 38 862 95 886 89 831
383 1.1397507100138502 1.0237351512794033 1.7319884908647738 251 196 49 0.24182384409357727 38 723 95 738 89 832 24 640 66 643 51 538
384 1.1352166403055111 1.0230455678469665 1.7025230302635384 251 196 49 0.029613804578655905 38 724 95 739 89 833
385 -0.30271154596415828 0.96184084448448715 1.899171103674276 119 72 8 0.064891834091126782 95 737 89 839 38 718
386 -0.37276356349597389 0.96012820701209256 1.8855886648045801 50 63 91 0.1105638249566077 38 717 95 736 89 840
387 0.13411780529096512 1.023018878277566 2.176360741183065 125 91 19 0.079079649208458766 38 725 95 742 89 844
388 -0.47425883929668294 1.0080252539938601 2.2183331925126146 181 187 209 0.038062706200831443 95 893 89 845 64 1065
389 0.87630700087971081 1.1403477726850213 0.44427284170568276 254 241 110 0.93749801585106285 38 745 89 847 95 764
390 0.098587796349489318 1.0722043114621118 2.1384981821235662 131 96 21 0.10680032608261128 38 730 95 751 89 849 88 603 40 546
392 -0.98443678156404968 1.0288864145334953 2.4271579467828248 87 105 142 0.071175775054136067 38 729 95 748 89 853
393 -0.033367981672648178 1.1090913872324017 2.0822193837780194 220 182 54 0.042390001160927615 38 735 95 755 89 854
394 -0.31105164577355338 1.1020232697387897 2.1105838162167978 78 63 14 0.08260191731804524 38 733 95 757 89 856
395 -0.98218785179545043 1.0743640384290378 2.4373068696259743 0 1 1 0.10180360612087098 38 732 89 858
396 -1.0622461807030223 1.1634152908235702 2.7982355864058444 125 127 119 0.13006198805900845 38 737 95 761 89 868
397 0.52727328182636535 1.2461652272658201 1.2666621299234657 138 121 35 0.34126790100666876 38 537 95 775 89 869
398 0.24281131109815773 1.2411744669071809 1.5700312406956685 44 57 84 0.44745196117034647 38 526 95 513 89 871
399 -0.26817600351707283 1.2597253593363928 2.0858127133733526 128 140 170 0.24802620203086331 38 746 95 772 89 875 92 376 67 969
400 -1.14289642417518 1.2649818510667568 2.7520703195920504 125 128 121 0.21339587467060353 38 742 95 769 89 877
401 0.20951797269847694 1.3460432699089542 1.9692021631209036 108 89 22 0.12686455532438512 38 547 95 539 89 881
402 0.20951797269847694 1.3460432699089542 1.9692021631209036 108 89 22 0.12686455532438512 38 548 95 540 89 882
403 -0.93859420886072176 1.323374716855952 2.4356514790977086 4 4 7 1.3718666345822619 38 750 89 884 14 942 24 614 66 388 50 1251 19 456 40 14
404 -1.1727103967725516 1.3141967865380568 2.6952780339800029 129 131 124 0.16226458347266048 38 749 95 774 89 885
407 0.0229916723627944 1.4058180482574942 1.955541665298332 89 98 122 0.3037274736186617 38 886 95 914 89 891
408 0.45769027961863867 1.4623768429485788 2.0653810301572406 38 35 26 0.050632913867858932 95 792 89 896 38 764
409 0.0074843115880992919 1.4883483779981703 2.1842231923145512 19 12 7 0.097874312697606367 38 583 95 793 89 901
410 0.74577846995402985 1.3816338422137748 0.20058011186452179 253 228 75 0.9869297740210522 95 825 89 905 38 800
411 0.8230727243407453 1.5289370254999204 1.2912415977781171 254 251 74 0.17762060738895866 95 821 89 911 38 791
412 -1.0175197780466088 1.5679243987645148 2.4843587906610303 124 87 69 0.64848701835157885 38 772 95 801 89 913 64 1323 50 1273 41 1350 99 804 83 526 85 782 19 922 34 1064
413 0.85180791288803315 1.5729562353024251 1.3413067180238585 254 229 68 0.33817231356308863 38 795 95 823 89 915 92 644
414 0.42434240455509803 1.6562522334521079 2.2639937165935184 216 193 150 0.354904844185507 38 629 95 633 89 916 14 731
415 -0.95494178738550295 1.5979971206915913 2.4699481033597577 114 80 64 0.29140015001856412 38 775 95 806 89 917 14 951 64 1128 50 1272 41 1244 98 1174 97 1097 54 1094 33 788 87 790 99 803 83 797 85 785 19 926 12 243 53 631
416 1.5807106453453625 2.0052320865101341 4.6118750043171444 170 124 34 1.2400250517645908 38 781 89 918 95 809
418 0.73862160663738141 1.8105046885335052 2.4294813393779817 234 217 178 0.46519378268365785 95 826 89 933 38 799
419 -0.67593351475453956 1.7582486816117788 2.3864159435526773 41 29 26 0.60004226806516126 30 160 89 942 14 954 66 392
420 -0.30374351881173123 1.8152810228050424 2.3832248358080372 67 73 72 0.43595450788617923 38 802 95 834 89 949 14 947 24 786 66 791 94 729 8 577 20 818
421 0.92356133677015473 1.8984126993674695 2.3774876749148248 233 217 179 0.23329790017587071 38 810 95 840 89 950
424 0.9179717749726497 2.0478220749728142 2.327937080946521 230 214 177 0.37511166540484236 38 816 89 963 11 897
425 -0.38683147966813552 0.48735048577188711 1.9691877050224995 255 231 67 0.05751504550567365 38 1082 95 856 89 986
426 -0.55233644006313931 0.59505629996653564 1.922195932541751 255 233 69 0.30669801213250464 38 838 89 990 24 1029 66 1040 51 969 67 1218 94 991 36 1080 8 1083 84 1055 52 1089 4 1094 45 984 90 945 72 897 31 1021
427 -0.16714856742860953 0.65378049787423487 1.8949418027187188 255 241 70 0.074440063554425839 38 843 95 867 89 992
428 -0.26993606538019022 0.66314341509835129 1.8818036766984323 255 238 72 0.21068264369649706 38 845 95 868 89 995
429 -0.2713264066284512 0.6624997854422422 1.8839214965164908 255 238 72 0.045309934142026775 38 846 89 996
430 -0.072853906342353683 0.6486991919584405 2.1499546869218844 2 2 1 0.09458338411787931 38 847 89 997
431 -0.20259506131072497 0.69532517029002605 1.9057890216547684 255 237 72 0.32752678800749008 38 849 95 1121 89 999
432 0.58137247628052213 0.76389459419772865 1.8067441849521018 196 202 224 0.15252330054482632 38 1092 95 1125 89 1001
433 -0.091863516433064604 0.69838911238130719 2.138960908854485 253 247 64 0.13057939496226931 38 1089 95 872 89 1002
434 -0.050209564000089676 0.72901466787256497 2.3469719582051791 2 2 1 0.30414932510378656 38 1091 95 873 89 1004
435 -0.077167545657568198 0.74622208447002758 2.1796732650895754 253 243 64 0.092640184357846725 38 1094 95 1128 89 1005
436 -0.25857974016404039 0.80850855414445044 2.0473459432308743 255 209 55 0.27209938556398777 38 856 95 876 89 1008
437 -0.35368417998319029 0.86108021723372763 1.8500468389030142 51 64 91 0.19313476543396743 38 1101 95 1136 89 1014
438 -0.24073646505063639 0.88332986359527232 2.2913215684310688 255 215 61 0.033030786478337744 38 858 95 881 89 1016
439 0.018977169945043938 0.89660974616665678 2.2925524035625719 166 97 8 0.22198864758623874 38 860 95 883 89 1017
440 -0.82254364641832711 0.89172070979034612 2.1510137397438251 0 0 0 0.031749800542025586 38 861 89 1021
441 0.16910789884965055 0.96451819560022434 2.2421262418121173 23 25 32 0.22975848991831285 38 866 95 1143 89 1022
442 -0.54814823859193762 0.94162389443023831 2.1077952358181169 230 182 49 0.23117093444522885 38 711 95 730 89 1024
443 -0.12440605515512318 0.98720558569533512 2.1767633556586512 255 207 55 0.066068871653259878 38 722 95 892 89 1028
444 0.33905909104862647 1.0812376284121887 1.4744885452082648 49 50 61 0.27577473033881372 38 874 95 1153 89 1031
445 -0.0099474337260688824 1.0508810421971095 2.1372319782048423 196 164 58 0.057520593946614386 38 871 95 894 89 1034
446 0.031906345759649998 1.2060856681026764 1.798873245530705 89 84 31 0.25947286913397383 38 877 95 902 89 1039
447 0.14885163834264567 1.2356707150868558 1.6560353399185939 3 3 5 0.19030868257755196 38 878 95 903 89 1040
448 -0.40991062480338447 1.2893351375199116 2.1877700095551402 113 100 28 0.2325301669102724 38 879 95 906 89 1044 14 1211 64 1367
450 -0.27084840573622276 1.3358303641576776 2.2037193796933341 103 73 13 0.095973066503354632 38 883 95 908 89 1048
451 0.19159362800914678 1.5513219592234357 2.5742147663988075 100 78 55 0.046954591785582006 38 770 89 1053 95 795
452 -1.2049279868742693 1.5253744415411854 2.5397428009848175 97 67 53 0.7009073740512729 38 894 95 921 89 1061 14 1238 92 386 64 1386 40 501
453 -1.142591418456101 1.5515501955735767 2.5286861531902991 92 63 50 0.97808718663858152 38 897 95 924 89 1064 14 1153 92 392 30 361 24 800 64 1385 67 1250 94 919 36 1015 8 1033 84 989 52 1016 4 1026 69 1027 90 718 90 855 31 695 31 900 88 541 40 506
454 0.035581352926307937 1.6145348738426979 2.2846744253226268 4 4 4 0.44730425111580141 38 779 89 1065 95 815
455 -0.69668100903374475 1.6009333739573821 2.5146236095301706 73 82 83 0.25455594269355819 38 901 95 1173 89 1066 14 1142 11 736 24 1063 51 977 64 1312 67 1241 94 1001 8 1100 20 1003
456 1.6278723331155387 1.9637408889865371 4.0733844459539892 237 219 180 0.32241736998298764 38 907 89 1070 95 934
457 0.55701533441082507 1.732018441343119 2.4742110995258515 237 215 171 0.10761977716403652 95 940 89 1073 38 914
458 1.7144629679048922 2.0059712156200931 4.0680588438671395 238 220 182 0.30330266157432134 38 912 95 938 89 1075
459 1.7144629679048922 2.0059712156200931 4.0680588438671395 238 220 182 0.30330266157432134 38 913 95 939 89 1076
460 0.36661996415895864 1.7816236747514724 2.4754800131805896 220 199 157 0.049118900529394556 38 924 95 949 89 1083
461 1.6830288838792944 2.0811005226620996 4.0737806894706106 238 220 181 0.18102176525388572 95 945 89 1086
462 0.42823298177247704 1.8069197994833006 2.4310302340494832 225 204 162 0.068937142123398798 38 929 95 955 89 1089
463 0.049740679230844825 1.7743131976486151 2.2075774890292785 58 67 91 0.14753564630672175 95 832 89 1096 38 801
464 0.33166456913755404 1.8344769081800134 2.4534142861397235 221 201 158 0.10085092546635595 38 936 95 959 89 1098
465 0.49115000747862014 1.8383275950563818 2.4210642878957334 230 210 167 0.092427749271517645 38 938 95 961 89 1100
466 0.39314908545053701 1.8603889845069113 2.4134202850878368 223 203 162 0.066505558367322873 38 944 95 966 89 1104
467 0.39314908545053701 1.8603889845069113 2.4134202850878368 223 203 162 0.066505558367322873 38 945 95 967 89 1105
468 0.5530577837149625 1.8634743952069872 2.3810008683947386 236 215 172 0.18751474076215721 38 946 95 971 89 1106
471 0.29692926645691575 1.8781998480398858 2.3855728399974607 223 202 159 0.12647549529739158 38 952 89 1115 95 975
472 0.45622428588442449 1.890541821466222 2.3977769956571926 228 209 168 0.067291422656277342 38 954 95 979 89 1117
473 0.45622428588442449 1.890541821466222 2.3977769956571926 228 209 168 0.067291422656277342 38 955 95 980 89 1118
474 0.51822798748950194 1.9196332046929139 2.3734602361323023 234 214 173 0.068207091033306258 38 962 95 990 89 1122
475 0.51822798748950194 1.9196332046929139 2.3734602361323023 234 214 173 0.068207091033306258 38 963 95 991 89 1123
476 1.3189531974614244 1.9735934872977787 2.3981130671579511 236 219 180 0.13453732634772145 38 971 95 999 89 1124
478 0.5818439974990498 1.9481976089079016 2.3587455234244352 234 216 175 0.25818845743156033 95 1001 89 1132 14 1058 24 895 66 884 64 1229 50 1370 41 1121 98 829 19 1402
479 0.32331210606080496 1.9588148504287175 2.3374549215086802 222 204 164 0.090185300616604278 95 1004 89 1134 38 972
480 0.32331210606080496 1.9588148504287175 2.3374549215086802 222 204 164 0.090185300616604278 38 973 89 1135 95 1005
481 0.48378488022240146 1.9719833092602059 2.3509622058464745 230 212 171 0.092673195385119075 38 974 89 1136 95 1007
482 0.48378488022240146 1.9719833092602059 2.3509622058464745 230 212 171 0.092673195385119048 38 975 95 1008 89 1137
483 0.64239444347302999 1.977737869841462 2.3371241576871236 233 216 175 0.17146003283906952 38 978 95 1009 89 1138
484 0.64239444347302999 1.977737869841462 2.3371241576871236 233 216 175 0.17146003283906952 38 979 95 1010 89 1139
485 0.70650470425543244 2.0083215100369536 2.3231910118068599 235 217 176 0.12272877405284395 38 988 95 1018 89 1140
486 0.7072447706825773 2.0075607180935848 2.3204419470391748 235 217 176 0.20528663447966158 38 989 95 1019 89 1141 14 1057 64 1213 50 1365 19 1406
487 0.38627910630359413 1.9848720276799607 2.3023551572036203 226 208 166 0.090525373355081193 38 984 89 1145 95 1015
488 0.545420606094844 1.9956389674762536 2.3065899868096311 234 216 173 0.075607348601323676 38 985 95 1016 89 1146
489 0.545420606094844 1.9956389674762536 2.3065899868096311 234 216 173 0.075607348601323676 38 986 95 1017 89 1147
490 0.28916125205643295 2.0044064940606154 2.2838938117988632 221 204 166 0.07597104401654374 38 991 95 1022 89 1151
491 0.44860591956381118 2.0168429403855419 2.2941744843898624 230 212 172 0.039677865703269401 38 992 95 1024 89 1152
492 0.44860591956381118 2.0168429403855419 2.2941744843898624 230 212 172 0.039677865703269401 38 993 95 1025 89 1153
493 0.76837173292743921 2.037717921176089 2.304421847904818 235 218 177 0.067419078988211575 38 996 95 1028 89 1156
494 0.76837173292743921 2.037717921176089 2.304421847904818 235 218 177 0.067419078988211575 38 997 95 1029 89 1157
495 0.35142883110990458 2.0370817013684452 2.280065766706092 223 206 168 0.067710648218065189 38 998 95 1032 89 1159
496 0.35142883110990458 2.0370817013684452 2.280065766706092 223 206 168 0.067710648218065189 38 999 95 1033 89 1160
497 0.51141486515310464 2.0456242996059069 2.2722640504199698 234 214 174 0.061679399685018871 38 1001 89 1161 95 1035
498 0.51141486515310464 2.0456242996059069 2.2722640504199698 234 214 174 0.061679399685018871 38 1002 89 1162 95 1036
499 0.99021599827768092 2.0733661973574598 2.2759942867255063 235 219 178 0.10184687289159677 38 1007 95 1041 89 1166
500 0.99021599827768092 2.0733661973574598 2.2759942867255063 235 219 178 0.10184687289159677 38 1008 95 1042 89 1167
501 0.89073780627101395 2.0920252836148743 2.2478795976433776 234 217 177 0.17958470855197264 38 1013 95 1049 89 1173
502 0.89220746015234575 2.0949416290837521 2.2636189158217594 234 217 177 0.22112867701773423 38 1014 95 1050 89 1174 11 905 30 1023
503 1.0520639327012036 2.1015658597709215 2.2514982311428029 236 218 178 0.19166453908136902 38 1017 89 1176 95 1052
504 0.41441677707950753 2.0655907553476713 2.2553151276802477 228 210 171 0.079203315741239164 38 1006 95 1044 89 1178
505 1.206399720886675 2.1232065065644097 2.2489963341678081 234 218 179 0.093208855930887943 38 1025 89 1180
506 0.79605882018297591 2.1179334880609484 2.2535331536312175 234 217 177 0.069195951943886211 38 1021 95 1058 89 1184
507 0.79605882018297591 2.1179334880609484 2.2535331536312175 234 217 177 0.069195951943886211 38 1022 95 1059 89 1185
508 0.95552276670019076 2.1256094702302657 2.2466697296613694 235 218 179 0.066775887377331644 38 1023 95 1060 89 1186
509 0.95552276670019076 2.1256094702302657 2.2466697296613694 235 218 179 0.066775887377331644 38 1024 89 1187 95 1061
511 0.31115583353144421 2.0848574360535244 2.189852713535215 221 204 166 0.12475749180616896 38 1018 95 1055 89 1190
512 1.1810951903219695 2.1688414294368554 2.2411848045132845 236 219 180 0.20829685504288631 38 1040 95 1073 89 1191 11 1043 30 1149 19 1405
513 1.0175162743005208 2.1543296122119293 2.2253992320700005 235 218 180 0.1173690159759256 95 1072 89 1199 38 1036
514 1.0811933542052663 2.185954218498412 2.2149171588331513 237 220 181 0.073343461599834806 38 1046 95 1080 89 1204
515 1.0811933542052663 2.185954218498412 2.2149171588331513 237 220 181 0.073343461599834806 38 1047 95 1081 89 1205
516 0.43746826681003109 2.1479670838339464 2.1981562830952059 227 208 169 0.26925626939635938 38 1037 95 1075 89 1206 14 1135 64 1283
517 0.39242192808623882 2.1676719185570734 2.1889604332092194 105 71 53 0.78607306430854484 30 996 89 1208 92 945 66 958 61 705
518 0.66341683593287015 2.1827379871311727 2.1796521844727792 233 217 176 0.06396843536584701 38 1049 95 1082 89 1210
519 1.1437141190888369 2.2171632283812985 2.1949375596499094 235 219 181 0.12046063217211012 38 1056 95 1089 89 1215
520 0.24605882688735406 2.1591057935899314 2.1184447523134335 105 71 57 0.086325811103891509 38 1045 95 1083 89 1217 14 1146
521 0.7269088214185786 2.2181880714643851 2.1832080077710496 233 217 178 0.10815118457159634 38 1055 95 1090 89 1218
522 1.0453261177564439 2.2326377384869946 2.1685520630169806 236 220 180 0.1031991389814379 38 1059 89 1221 95 1093
523 1.0453261177564439 2.2326377384869946 2.1685520630169806 236 220 180 0.1031991389814379 38 1060 95 1094 89 1222
524 0.56165266648949497 2.203479447193061 2.1547865858744601 229 212 173 0.4400980815778146 38 1054 89 1223 14 1132 64 1278 50 1244
525 0.85211828364627118 2.273463064325647 2.1344873302983958 234 218 179 0.070174123584173284 38 1066 95 1100 89 1228
526 0.91242377010645548 2.2965275402602994 2.0947147996571438 236 218 179 0.065401195930338996 38 1069 95 1104 89 1231
527 -0.53287972349570367 0.36319960698996118 2.1369458227580687 255 234 74 0.12775250196531288 38 1080 95 1115 89 1240
528 -0.68011044638813656 0.41855503921572546 2.0302437107281683 0 0 0 0.087099502596979669 38 829 95 1116 89 1241
529 0.92205265386353374 0.65257822710638191 1.5704663903850833 2 2 0 0.22608592349831269 38 1083 95 1201 89 1242
530 0.47333330446750582 0.80439867168944446 1.7481268248101665 146 157 187 0.083879324779968914 38 1095 95 1129 89 1246
531 -0.38734456088708735 0.75632222250974313 1.7440282549306296 255 233 65 0.2136432589952032 38 1093 95 874 89 1247
532 0.26474158899107408 0.81533952583331193 2.1076999308874975 243 206 69 0.036697454151045812 38 1099 95 1131 89 1252
533 0.92193212839665206 0.95452722748090413 1.7652641358071337 249 207 50 0.29869967444568452 38 1104 95 1141 89 1257
534 -0.64951556922180997 0.89196670251857768 2.1133602032820167 6 6 7 0.11733470614420326 38 1102 95 1139 89 1259
535 -0.33708410579079168 0.92918439028729383 1.8298766120362393 198 205 230 0.099036939116877831 38 1103 95 1142 89 1260
536 -0.82661825310911474 0.92840605611207327 2.2385140724086354 143 128 59 0.076146782719805323 38 865 95 889 89 1262
537 -0.1950064143770229 1.0199370569465898 2.1151741952891996 22 22 27 0.064755258055298373 38 1108 95 1147 89 1263
538 1.1339935954605462 1.1710559199557586 1.6428980948321079 0 0 0 0.12691327851015477 38 1118 95 1158 89 1270
539 1.1339935954605462 1.1710559199557586 1.6428980948321079 0 0 0 0.12691327851015477 38 1119 95 1159 89 1271
540 -0.22862111141275887 1.0803008798048745 2.1444624704061379 254 225 58 0.86906771866847987 95 1227 89 1273 92 1048 66 1103
541 -0.2252383333723616 1.0784299647657403 2.1578310824304912 254 225 58 1.1919092572063901 95 1228 89 1274 14 999 66 1104
542 0.12792704126549609 1.1209181399272354 1.845875158222174 210 177 59 0.079563922175343874 38 1113 95 1155 89 1275
543 0.12792704126549609 1.1209181399272354 1.845875158222174 210 177 59 0.079563922175343874 38 1114 95 1156 89 1276
544 0.014248215982621026 1.2459695612511765 1.7856661035015706 89 106 144 0.10298684471616182 38 1123 95 1164 89 1280
545 -0.82855902115957747 1.2172822668037022 2.3808302635895293 8 9 16 0.1294621503347981 38 1121 95 1162 89 1281
546 0.24559170684668255 1.5076001650641149 2.4129463221601317 65 47 8 0.14435509964912829 38 889 95 916 89 1285
547 0.24559170684668255 1.5076001650641149 2.4129463221601317 65 47 8 0.14435509964912829 38 890 95 917 89 1286
548 0.30911345408582247 1.6810519664235783 2.5122193790637111 79 66 53 0.044313587530199892 38 1195 95 1176 89 1290
549 0.49238760346698313 1.6924346702325606 2.444581181854129 235 213 168 0.048879865742810308 38 910 95 937 89 1291
550 -0.63596065686443848 1.6349079554823849 2.4943094153227165 77 86 88 0.35757687267988719 38 1132 95 1174 89 1292 14 1228 11 983 24 1121 66 1125 51 1032 64 1378 50 1457 41 1410 98 1277 97 1206 54 1087 28 787 33 443 83 1058 99 1088 19 1428 85 1037 34 1052 94 997 16 1183
551 -0.57776781928171328 1.6637097675601058 2.476824946838279 80 89 90 0.27820353803555048 38 1194 95 1177 89 1293 14 1287 24 1120 66 1124 51 1031 64 1375 50 1453 41 1407 98 1275 97 1204 54 1085 33 780 28 785 87 987 34 1121 19 1431 85 1042 94 994 8 1096 20 1122 37 846 16 1186
553 1.1186895518480342 1.9951393740688983 2.3081341481604918 238 221 182 0.092946014623647197 38 1146 95 1189 89 1303
555 0.98439479718664136 0.66008510228040074 1.526768914745257 253 244 79 0.12522372634640958 38 1161 95 1203 89 1314
556 -0.099943681277152502 0.58224627087611069 2.1384127390497629 212 214 235 0.048027350329905273 38 1158 95 1204 89 1315
557 0.73998441636568757 0.77480774980406852 1.4935720655291662 193 203 232 0.11260003688471153 38 1166 95 1209 89 1316
558 0.73998441636568757 0.77480774980406852 1.4935720655291662 193 203 232 0.11260003688471153 38 1167 95 1210 89 1317
559 0.80659886579876572 0.78004006558193195 1.5511646736360158 0 0 0 0.085067677676915684 38 1168 95 1211 89 1318
560 -0.59037514323465268 0.65601879268029994 1.8734449016822639 255 228 62 0.057651451621682538 38 1163 95 1206 89 1319
561 0.69913302112921516 0.85821295347854576 1.4487908126949356 153 163 185 0.22038880142186126 38 1171 95 1214 89 1321
562 0.18465359292661637 0.96235058286130026 1.9397831289911636 30 32 39 0.32376591009923866 95 1144 89 1331 38 867
563 0.57085550949834685 1.0326631410336238 1.362280002314846 195 204 229 0.33957227617726815 38 1176 95 1225 89 1332
564 -0.063450635094466509 1.0250537792431305 2.1317723549174037 36 28 9 0.01093396135265152 38 1174 95 1223 89 1336
565 0.28159201012366669 1.0729395965672281 1.5063565422602598 240 207 70 0.21261113160411371 95 1261 89 1340 38 1217
566 -0.081558486885514758 1.0971170422063734 2.1065661964014475 228 179 46 0.25093030077054129 38 1178 95 1229 89 1342 14 1275 64 1413 50 1504 67 1300 54 1132 28 1015 87 1033 99 1135 83 1110 85 1116 19 1328 77 313
567 -0.083954296392548949 1.0959585455063672 2.1078562134931222 228 179 46 0.37219391031455901 38 1179 95 1230 89 1343 14 1276 24 1155 64 1414 67 1301 90 994 72 982
568 0.24695903096050259 1.1220042471861995 1.5306700311898629 84 78 46 0.20473046282193907 38 1115 95 1157 89 1344
570 0.028376061311959317 1.156229486302667 1.8234551540654413 205 176 56 0.091671594761691552 38 1186 95 1237 89 1348
571 -0.43356414464576748 1.1475395959482542 2.0904798825020721 255 217 58 0.29083529012859843 38 1182 95 1236 89 1349 14 1209 92 1122 50 1339 99 890 83 861 85 889 19 1342 77 537 16 1168
572 -0.76643173701779266 1.1614127709797222 2.382662959059096 11 10 5 0.10905913648055192 38 1184 95 1234 89 1350
573 0.090304981187777675 1.4605422904531093 1.9739795107851104 72 86 118 0.057733997943087569 38 1192 95 1243 89 1358
574 0.11719511339848016 1.555071536655952 2.2417087952929817 38 31 25 0.046482866226322826 38 1193 95 1245 89 1360
575 0.78742022521523525 1.5425194392304546 1.3024536841732406 106 93 28 0.3183839455651401 38 1198 95 1246 89 1362
576 0.62789823175560655 2.2924960390282201 2.0808276848078027 104 70 52 0.51965268586899305 38 1200 95 1249 89 1364 14 1223 24 1116 66 1116 51 1012 64 1369 50 1431 97 1030 98 864 54 848 33 718 28 726 87 389 85 1071 19 1495 94 831 8 947 40 994
578 -0.58392142085036913 0.73803507168927773 1.9189464861866796 0 0 0 0.38207962886973973 38 1169 95 1213 89 1375
579 -0.72093461008318427 0.75792414933698227 2.1096081934363986 105 91 27 1.1135116864349928 38 1208 95 1258 89 1377 16 1258 12 1110 53 1229 3 901
580 1.1721137559511274 1.2554514228860496 1.5879412682698111 199 142 50 0.65660705025322563 38 1222 95 1268 89 1382 14 1295 24 1139 66 1139 51 1043 64 1390 50 1481 94 1072 36 1110 45 1053 31 1145 18 1131 90 1017 79 1214 80 1052 75 923 26 1215 35 916
581 0.41896736692805608 1.2153112836672924 1.8998982111992884 139 110 29 0.70809296726555837 38 1243 95 1287 89 1383
582 -0.21377258773345761 1.2819002755515734 2.0845045835866363 17 16 14 1.2859002656713485 30 1191 89 1385 14 1321 92 1126 11 979 24 1163 66 1112 24 1111 51 961 64 1453 50 1580 67 1276 98 1376 83 1242 19 1594 94 873 90 824 40 284 90 676
584 0.052919723855660919 1.9514858617981392 2.2872845639331505 196 183 150 0.51276231822420915 38 1231 95 1274 89 1391 14 1325 11 1090 24 1168 66 1162 51 1072 64 1475 67 1326 94 1085 8 1175 19 1600 85 1296
585 0.28966685699791461 2.2119573946962201 2.100982123531784 84 58 49 0.69104604913808487 38 1233 89 1393 14 1328
586 0.51957561319627277 0.74675557553126004 1.7510718095003996 243 210 68 0.79678208096914693 38 1250 95 1280 89 1395 92 1156
587 0.62365420851626352 0.85688503555652795 1.6328640443702636 0 0 0 0.43162867586758319 38 1236 95 1282 89 1396
588 0.30941768940673781 0.82324888512739391 2.1118365841453017 235 199 67 0.79888985229014253 38 1235 95 1281 89 1399 14 1338 64 1466 50 1569 99 1289 83 1255 85 1286 19 1569
589 0.0029797371111213826 0.83155085305751064 2.2796216595209353 255 229 69 0.094779718295983001 38 1253 95 1295 89 1400 14 1342
590 -0.072750218220928684 0.91117254271755976 2.0513655687833348 29 25 23 0.18472463886690113 38 1239 95 1284 89 1405
591 0.63094968882850977 1.0417540363256328 1.181944268971256 115 90 22 0.26185954371511005 38 1240 95 1285 89 1406
592 -0.95860010177892951 1.2045446485444995 2.4753084814452953 117 118 110 0.14889835186170289 38 1242 95 1286 89 1409
593 0.73888558124988424 1.5022481320653784 1.289314210173883 105 91 26 0.23305447889215003 38 1244 95 1288 89 1410
594 0.73888558124988424 1.5022481320653784 1.289314210173883 105 91 26 0.23305447889215003 38 1245 95 1289 89 1411
595 -0.13150560303413852 0.60198119016579898 2.0672389834464 255 216 58 0.055674679327662346 38 1247 95 1290 89 1413
596 0.64822703535596182 0.71349583918953352 1.7780608833860589 0 0 0 0.48555811854553793 38 1248 95 1291 89 1414
597 0.64822703535596182 0.71349583918953352 1.7780608833860589 0 0 0 0.48555811854553793 38 1249 95 1292 89 1415
598 0.98491239124394081 0.8854601245313396 1.7780625582256862 155 93 17 0.12439477352410201 38 1254 95 1296 89 1416
599 0.87803329186558188 0.90770842604125646 1.8307938699821662 255 243 66 0.53031318560827845 38 1255 95 1298 89 1417
600 0.43855984428136469 0.89939634006838554 2.1223770736214074 0 0 0 0.26864930525418473 95 1297 89 1418 38 1238
601 -1.1924190325963748 1.6439742868110567 2.5659377798791128 0 0 0 1.5525816750395294 38 1258 89 1420 14 1368 24 1198 51 1096 50 1628 67 1352 41 1525 98 1427 97 1368 54 1331 33 1176 28 1201 87 1222 99 1323 83 1291 19 1619 34 1241 36 1218 8 1228 37 1027 49 826 16 1289
602 0.30061568263777216 1.7607103143135712 2.2610425446244311 212 192 151 1.8596704858597595 38 1265 95 1305 89 1421 14 1367
603 0.64457402198305258 1.1881948468804491 1.1258041617441861 255 246 67 0.082692127781678657 38 1261 95 1309 89 1422
604 0.099954877224887009 1.4234027971194165 2.0413350187297508 73 82 110 0.19629682989114486 38 1262 95 1310 89 1423
605 0.64378018955608307 1.4140335610453891 1.2728307495075109 106 92 26 0.58866168388150986 38 1263 95 1311 89 1424
606 0.64378018955608307 1.4140335610453891 1.2728307495075109 106 92 26 0.58866168388150986 38 1264 95 1312 89 1425
607 0.5303832140503012 1.5445597563290012 1.9384405337272115 241 216 166 1.792846427232335 95 1301 89 1426 38 1227
608 0.5303832140503012 1.5445597563290012 1.9384405337272115 241 216 166 1.792846427232335 95 1302 89 1427 38 1228
609 -0.75044904796172529 1.0050785560812383 2.1663218686933585 83 80 53 0.39557975131970391 38 1267 95 1315 89 1432
610 -0.76917418980161234 1.6499849807646527 2.495540597639363 52 40 40 1.5059200461041553 95 1318 89 1434 14 1376 24 1203 66 1198 51 1110 67 1355 94 1132 8 1231
611 1.5124127352659285 1.7359733753056079 3.0329233199227277 231 216 180 0.7835680494839119 95 1317 89 1439 38 1271
612 0.10082124398688851 1.7024416577046675 2.1765533081956248 30 28 30 1.8383193915530105 95 1325 89 1440 24 1197 66 1193 64 1490 8 1223
613 1.5435266250614323 1.5232145029237001 5.0879814572587962 188 111 23 0.48177885498534323 95 151 89 212
615 0.75712825274506312 1.8946197513351932 0.5819050070688685 126 122 106 0.046304763625484857 95 373 89 469
616 0.65861039692850543 1.9270878841657224 2.3781902506450621 228 212 173 0.14335159883004367 38 653 95 655 89 742 14 752 24 578 66 562 64 791 50 470 83 235 99 232 85 303 19 543
617 0.60313721124672404 1.8998293110685724 2.3932159083802467 229 212 174 0.63864912918872896 38 809 95 839 89 952 14 929 24 717 66 706 64 792 50 888 67 608 41 292 50 886 98 362 97 347 54 300 87 238 99 241 83 243 85 293 19 871
618 0.58028681917867653 1.9473332225011601 2.3485362370767979 234 216 175 0.021655130472117992 38 969 95 1000 89 1131
619 1.1783512994472873 1.0770873700967676 1.6937167306163607 2 2 1 0.40128876041561684 95 91 14 23 66 18 94 13
620 1.2398685652133368 2.0888606013795528 2.2781092249164057 236 220 183 0.19200023098124097 95 326 14 285 67 56
621 0.65970662091301535 1.8771614712015861 2.3890761407117198 242 223 182 0.09960258038550128 89 379 14 317 64 286
622 0.65918764207211444 1.8767299456364788 2.388653392675181 242 223 182 0.11830551224971353 89 378 14 318 64 287 83 198
624 -0.63995284730208102 1.2580978071863762 2.3290742904945438 4 4 4 0.053546555248272322 95 155 14 402
625 -0.02174607916036372 1.9063933199291627 2.3510033786354487 71 77 77 0.24945988911439224 89 394 14 515 50 639
626 -0.83827510838159125 1.4044220711284077 2.4482218657591117 2 3 7 1.4990625915761577 38 208 95 192 14 516 24 365 66 386
627 -0.53068830484595086 1.6670630254563894 2.4889128003024488 68 79 81 0.24271186188394778 89 340 14 523 64 541 41 470 22 572 50 653
629 1.1393995255973528 3.0327447482208374 3.6736785652067052 109 76 62 1.3519504639700082 89 482 14 528
630 0.27678102945182581 2.1398117690923146 2.1467200889662896 28 17 13 0.27065283039716614 95 346 14 536 11 280 24 356 66 342 51 261 64 501 67 690 41 399 34 270 94 201 36 148 8 189 84 128 52 99 4 122 45 104 69 156 90 145 72 174 20 114 37 207 78 143 1 142
631 -0.91027213639918947 1.4992635571334587 2.5782607713919448 58 61 58 0.31936081464736127 89 281 14 537 66 391
632 0.58020837041323781 2.3207696295821258 2.0474982266229631 39 26 22 0.44244832142081719 38 377 95 368 14 538 24 352 66 313 51 230 64 475 50 650 41 352 97 401 54 459 87 411 99 521 22 453 94 156 36 114 8 136 84 95 52 61 4 68 45 57 69 84 90 110 67 251 72 251 20 71 70 158
633 -0.28948262615574882 1.887144695500764 2.3247226765587077 99 107 104 0.26428036918305053 30 226 14 553 11 159 67 394 85 538 19 696 94 256 36 549 84 189 52 490 69 564 90 211 20 205 70 240
634 -0.17312648901143024 1.9544556047497856 2.2648128021077558 26 23 27 0.40025022837665702 38 331 95 307 14 560 24 378 66 619 51 519 64 538 67 732 41 453 98 536 34 300 94 493 36 540 8 561 84 497 52 466 4 485 45 426 69 542 90 500 72 114 31 90 20 562 37 233 70 535
635 1.1578017380442776 1.0400499552562386 1.7199886170974514 182 115 33 0.18292181276043093 38 90 95 79 14 585 24 396 66 407 51 336
636 0.44023165396385927 1.7154402966150297 2.2424402502055019 225 206 166 0.29613257244225144 38 636 95 636 14 742
637 0.09765466065524056 1.8107420475566744 2.1909989849802631 2 3 3 0.63942830588040345 38 647 14 765 95 651
638 -0.88469992725569835 1.3320610937528521 2.4956366676906434 2 2 3 1.9290399061981145 38 532 95 527 14 773 64 842 50 1247 19 1206
639 -0.84764643218932734 1.3413151423733733 2.4237981482816973 1 1 2 0.99031924274204997 89 225 14 774 16 129
640 2.0647369557067097 1.5769759690482947 6.7865605769436819 1 1 0 0.98989630165418441 89 630 14 818
641 0.21670472862115478 0.84906507279911247 2.1281089224303567 1 1 0 0.38706209402509772 38 400 14 822 95 717
642 -0.67517401245121333 1.7613564940502771 2.3695965440166833 36 32 37 0.51125063569230933 89 941 14 953 64 1125
643 0.67927663154872919 0.7594414465421454 1.5760277864637651 1 1 1 0.76668414959782449 89 491 14 959 24 404 66 807
644 -0.40959375535353282 0.47517352272647334 1.8440403949644566 255 234 83 0.081015734408143941 38 830 14 964 95 852
645 1.0619413762407381 1.970017312716448 2.345413452586119 236 219 181 0.36658943598052374 89 1126 14 1015 64 1184 50 1350 19 1387
646 0.94790253165581517 2.3871318597927171 2.0723023154050115 234 218 180 0.20267517634876678 89 1237 14 1126 24 955 66 927
647 -0.38728088411388295 1.7516631230115927 2.42783221272785 82 91 91 0.49862160077407208 38 921 14 1141 50 1260 41 1332 98 1147 97 1076 54 1081 87 982 99 1083 83 1056 85 1053 19 1256 34 914 94 982 8 1090 77 199 37 697 76 220 78 467 53 667
648 -0.49104042160789074 1.7772924640423939 2.3995144760454701 84 94 94 0.27420779578490029 89 944 14 1147 24 985 66 978 51 862 64 1309 50 1464 41 1228 85 1063 19 1464 94 887 36 808 8 830 8 1004 84 766 69 794 90 681 72 626 88 584 40 539
649 -0.69694159911729503 1.7089846854756545 2.3830046969659708 72 54 49 0.21651134885715403 38 915 14 1151 67 1158
650 0.48936249276828453 1.6619193187170933 2.2673870719841438 236 215 171 0.22576010876402755 95 936 14 1207 38 909
651 -0.59258215882455112 1.498181954385158 2.4665041255975875 5 7 8 0.09855492895594159 38 888 95 920 14 1219
652 0.76914368424367008 2.3740040202581216 2.04888648268463 228 211 175 1.1273400767869892 30 1151 14 1224 11 1095 24 1056 66 1054 51 914 64 1269 41 1142 67 1118 98 853 97 371 34 569 94 636 36 697 8 454 84 387 52 648 69 433 72 875 20 56 40 939 37 162 82 736 61 940 91 807 48 737 96 940 73 922 81 721
654 0.70452765383065308 0.9319034998882465 1.4239070966757306 83 69 42 1.0323184248797204 89 1324 14 1246 100 1022 80 1005 44 922
655 -0.30418818800314273 1.8596661594894515 2.3397338502844467 90 99 99 0.77920790105409832 89 1301 14 1290 24 1122 51 1029 50 1529 67 1232 34 1119 8 1084
656 -0.42258453474189461 1.0644933704114479 2.1420605469533722 43 34 3 0.89436655388070174 89 1381 14 1317 24 1181 66 1174 64 1470 41 1490 34 1188 37 950
657 -0.16778438125599016 1.2139480043674995 2.0685453485993452 233 195 63 0.39040597006140509 89 1352 95 1267 14 1319 24 1162 66 1157 51 1071 94 1091 36 1175
659 -0.52902143334189566 0.70730528973180773 1.8283631908614626 252 227 70 0.054945897437536584 30 5 92 11 11 6
660 -0.33408490875576674 0.94224988495369311 1.8693374568175856 179 179 195 0.18661829353482076 30 27 92 23 61 16
662 0.29428019440434833 1.2008499268097639 1.5704729627362193 66 70 83 0.13873333269171648 30 381 92 100 11 121
663 1.0742961506409439 0.96883113799862453 1.7575456181467064 141 80 11 0.38292367968665647 30 116 92 114 11 149 24 19 66 14 72 164 88 230 61 116
664 1.0749649778654644 0.96834059013398133 1.7557845864911765 141 80 11 0.39546505680825095 30 117 92 115 11 150 72 165 88 229 61 117
665 0.11541912260574526 1.4233543617238684 2.0050554167879322 63 68 82 0.11458548366299319 30 150 92 165 11 128
666 -0.67265040963984513 1.6705440756472707 2.4368897567393071 38 34 38 0.13569112438476422 30 142 92 173 11 110 61 131
667 -0.37066560374963758 1.8062764464044541 2.380587697324192 90 99 99 0.25159069550499896 95 645 92 220 11 136 24 616 66 380 67 751 72 93
668 -0.37020712972916314 1.8056015827886593 2.3786237068960787 90 99 99 0.26787380490004525 95 646 92 221 24 615 66 379 72 94
669 0.0023785749963088887 1.6960951134510944 2.2187392946150775 18 9 4 1.4669497469323194 30 206 92 225 24 282
670 1.2773034200694655 1.449085383082138 2.7427554479234435 147 99 75 0.21401964536665047 30 239 92 260 11 261 61 227 29 314 16 229 48 180 91 231 96 250 73 215
671 1.2257192217036859 1.5095635286007703 2.6970036218096873 48 34 25 0.15696166590857524 30 250 92 263 11 265 61 230
672 1.2670453704934423 1.508478259913127 2.7057487928071233 59 40 36 0.40781560369760739 30 252 92 266 11 266 94 64 36 84 84 87 52 82 31 230 18 280 88 273 40 223 79 319 16 234 53 246 29 586 91 232 48 183 96 506 73 479 81 457
673 0.8975253536544594 1.990991582465232 2.326966886714791 236 217 176 0.061206200160636715 30 285 92 293
674 0.73938783160579369 2.3340475455641831 2.0785578737255617 111 74 59 0.19524816419577692 89 474 92 306 16 364
675 -0.74031352577247989 0.57934896446054307 1.9368357987774008 1 1 0 0.50998018257168121 30 574 92 310 11 523 61 245 16 386
676 -0.44066361235046242 1.2118653758389462 2.133076343996914 225 183 48 0.14122269326515025 30 348 92 354 61 71
677 0.88788695085784919 0.8962624717992913 1.75178091980727 255 232 61 0.080512994408418914 30 362 92 362 11 374
678 -1.2181584971546606 1.4819028513590069 2.5834575214804447 125 85 66 1.2469540221674713 30 353 92 383 66 802 51 724 94 791 36 1019 84 994 52 1028 4 1038 90 722
679 -0.29939532240482841 1.4285150469945473 2.3868979818723637 4 4 4 0.45576670457162266 38 556 95 559 92 420
680 -0.70379704072442373 1.6978557599099697 2.3727299799762953 74 57 53 0.12284269776024893 30 419 92 435 61 129
681 -0.38508443049295804 1.7413919946629492 2.4321529959416561 73 83 83 0.32121353043018824 30 673 92 458 11 589 16 520 29 271
684 1.2206063522791812 1.6032766529742395 2.6551548164781069 226 213 178 0.24632282736109778 30 556 92 500 11 500 91 616
685 1.2801320049015958 1.6304719003060661 2.6350548672986065 227 214 178 0.092049203557975148 30 557 92 502 11 503
687 -0.31992929584021962 0.50542634916215845 1.9883909497218997 255 246 66 0.15059738385960525 30 782 92 519 11 690 61 389
688 -0.22021380526910767 0.48861868306753736 2.0348464907370727 252 233 70 0.54844910281533243 30 295 92 521 11 5 11 524 95 857 67 1101 61 392 16 7
689 -0.26155366699172755 0.53456231132438892 1.9751110741814191 255 244 66 0.069129357681721071 30 785 92 522 11 692 61 391
690 -0.29663578674240737 0.58353641693838543 1.9391152488577761 255 245 67 0.15448487098654673 30 787 92 524 11 695 61 394
691 -0.33227413398905281 0.63305678457385672 1.8996783735351734 255 245 66 0.18504963705835611 30 789 92 526 11 696 88 739 40 671
692 -0.3321283751493373 0.63310244967347018 1.9015262556902379 255 245 66 0.13499481121793508 30 790 92 527 11 697
693 -0.27002647722954709 0.66230490810639575 1.8845596112751071 255 243 66 0.077386931796818326 30 794 92 530 11 702
694 -0.88791586416718893 1.0084921832291327 2.3718795053344683 1 1 0 0.1657250127036092 30 589 92 546 11 309
695 0.92375866591357292 0.90943987344999389 1.7641089409242483 254 218 57 0.24890323482907778 30 621 92 567 11 586 61 426 16 414 29 648 96 543 73 509
698 0.10568461390510925 1.8788973223049368 2.2177234227037297 13 11 10 0.88173395815142164 95 989 92 653 11 638 30 546
699 1.1662860736087037 1.5734409807278404 2.6788245836515387 230 216 179 0.40659144380343565 30 724 92 671 16 593 29 777 48 592
700 0.33430987766661813 2.1355440575067988 2.2089151119266774 104 70 56 0.035383925344251249 30 757 92 703
701 -0.71518572393974411 0.6250147724571099 1.9198869161557421 254 229 73 0.15991625965378195 30 1069 92 745 11 954 88 958 40 885 48 492
702 1.1284610389893082 0.82590131369747888 1.6739450495747696 253 253 83 0.31927829651237444 30 826 95 388 92 775 16 691 29 884
703 -0.3125847083052975 1.3244485222209508 2.1463697402536135 104 95 27 0.29580783283892709 30 622 92 787 11 347
704 -0.1548228809001978 1.9890632333009899 2.2118923691428192 44 33 29 0.87310670226578002 30 876 92 845 11 631 24 1065 66 976 51 848 8 787 36 763 84 725 52 749 4 753 45 659 69 755 72 811 31 618 88 614 40 560
707 0.68180354515165387 1.7866050854037305 2.4473665304111969 241 219 174 0.28293701267471622 89 1082 92 867 61 660 48 543
710 1.2643976037261755 1.6852635435169925 2.6091295969491384 241 223 182 0.01061536027663928 30 919 92 911 11 835
711 0.48723932940751652 2.3267102397314141 2.0473238514736529 77 55 46 0.43879754938892546 30 776 38 1073 92 990 61 378
714 0.83081628022352494 0.96067701355349933 1.7017493554447922 255 244 79 0.43406862604290636 30 1105 92 1053 11 1000
715 1.0651284328476764 1.2641512411334535 1.5731423774166615 91 63 55 0.28736823181209192 95 1165 92 1075 38 880
718 0.4433312478580505 2.1470534857226844 2.1783360509601182 236 214 169 0.33878272487057504 30 1137 92 1089 11 1026
719 -0.099797174991157478 0.58186716952379558 2.1402693575055811 222 223 242 0.070664852911317091 38 1159 95 1205 92 1114
720 0.98489565520934597 0.65383065698804066 1.5420640475915992 255 241 75 0.91622876138358733 30 1231 92 1116 11 1108 61 913 96 629 73 605 81 468
721 -0.6508673444065326 1.4214318155992782 2.4718458765352769 28 34 45 1.5192893865002175 30 1192 92 1128 66 1120
722 1.2115439819004556 1.0751544183529798 1.7030507232315206 0 0 0 0.62979338497415571 30 1202 92 1131 24 1069 66 1068 51 986 61 921
723 0.099236529046966865 2.0988298276158517 2.1290742790933126 100 69 57 0.26285597313230047 30 1218 92 1140 24 1123 66 1062 61 886
725 1.2434325751872988 1.1574124066314908 1.6729060740338297 207 154 43 0.41445599417887763 38 1220 95 1265 92 1173 24 1138 66 1137 51 1042 45 1055
726 -0.65425639568232419 0.58148265762398876 1.9808165911300846 225 195 64 1.0751953297918324 30 1276 92 1201 11 1154 88 1127 40 1041 42 1137 61 997
727 -0.63661604223852064 0.58527239245970153 1.9620720683439441 225 195 64 0.9081253805098346 30 1277 92 1202 11 1153 61 996
728 0.92268030284508973 2.0421049781575586 2.3015051300296183 233 216 177 0.69222519877176358 30 1012 38 1000 95 1030 89 1158 14 1031 92 969 38 815 89 962 11 898 61 767 48 616
729 -0.65213069587864703 0.47975202703918007 1.9402514286736692 252 230 72 0.033394739977384486 30 573 11 2
732 -0.95505634740012868 1.5990069351814256 2.4694338076542173 116 81 65 0.19407742511618015 14 952 11 73 24 795 66 798 64 1129 67 1053 41 1245
733 0.94408295576323153 0.90908893835367177 1.7996516604460042 159 103 21 0.2441915090102369 92 375 11 125 61 300 16 71
734 0.97249389821128285 0.95467639425104178 1.7953193691597746 184 102 14 0.10687106661813797 30 93 11 134 88 197 40 150
736 -0.24467103955749511 1.8683839786185268 2.3377194688787206 52 41 41 0.66041556315365657 14 784 11 160 24 613 66 617 51 706 64 1116 50 1264 51 849 67 1017 41 916 98 913 97 843 54 870 33 422 28 411 87 468 99 789 83 785 34 674 94 725 36 784 8 804 69 561 90 665 45 688 72 644 20 577 36 228 40 553 37 509 76 210 56 210 49 174 78 456 1 444
737 1.2199204481473949 1.5756826751194837 2.6628611263476936 108 99 80 0.14402035760398116 92 270 11 277 16 239
738 1.2199204481473949 1.5756826751194837 2.6628611263476936 108 99 80 0.14402035760398116 92 271 11 278 16 240
739 0.00034370642848544715 0.88622211423730191 2.3488108340227307 141 78 6 0.32837420897123332 30 320 11 325 51 472 66 521
740 0.88952078121626155 0.72328505925451103 1.4855041307477928 0 0 0 0.025432858912915291 30 331 11 353
741 -0.73121411452788909 1.626842818612058 2.4277031225941621 65 51 49 0.3830858194544976 30 390 11 354 66 623 24 622 51 529 67 1036 94 758 36 830 8 854 84 789 52 810 45 720 69 816 90 699 72 601 20 623 40 519 61 122
746 0.19980746317004705 1.9183931076174814 2.2158472660383826 227 205 160 1.7144513954259593 14 1121 30 888 11 767
748 1.1392427213186356 1.6245160171894657 2.6388829787791788 237 221 180 0.061762437480228777 92 875 11 805
750 1.3255995063651782 1.7152794035380239 2.5915320312578327 237 220 181 0.075360450942522014 30 940 92 928 11 858
751 1.457284906940411 1.6436929754532874 2.6408752666764315 233 219 181 0.15447210687819704 30 931 11 859 40 869 88 948 61 771 91 770 48 700
752 0.46676638795052111 2.1967900710814359 2.1427854310351009 106 72 59 0.64263067181690514 92 960 11 862 61 725
753 0.82955902763345235 2.0661654912929657 2.2832901441850431 237 219 178 0.25920635069929843 30 1010 95 1040 11 885 64 1060 50 1210
754 0.90591178712228226 2.1530131076401422 1.8665161684633111 237 220 179 1.7256506181439675 95 1097 11 935
757 -0.23612273121223315 1.0442337756029718 2.0504367970613 255 228 59 0.10630431793885105 30 1174 92 1121 11 1060
758 -0.4724538138324163 1.1484064626485608 2.1270819054207655 255 207 54 1.0725409920576165 30 1233 11 1102 24 1183 66 1176 51 1084 67 1329 94 1110 36 1180 8 1207 84 1109
759 0.56211833595147431 1.0293907969291078 1.3114729237552047 198 210 235 0.15707662229163971 30 1240 11 1114 88 1085 40 1009
760 0.59407998748511659 1.2038555861244089 1.111756951912261 254 242 76 0.50859311696297949 30 1200 11 1117
761 0.95417701863209881 0.80460191291507654 1.6706986374860018 163 101 21 0.93202375497144585 92 1189 11 1139 61 985
762 -0.54174764537122766 0.44613493190885017 2.052738452965635 255 246 65 1.9861711080586297 88 1128 40 1042 44 1007 23 953 80 1107 75 961 68 1056 35 968 7 938 63 995 95 1306 17 1090 100 1124
763 -0.013997741141187677 0.82113018078387146 2.3487912019377868 247 207 71 1.7213059936780153 30 1267 11 1146 40 1037 88 1123
764 1.2603664835990844 1.9899207458445707 2.3667654479918343 231 213 175 1.1808934575901593 30 1275 11 1152 19 1595 16 1310
765 1.3853343716477611 1.3555575575550094 2.7804268940445627 0 0 0 0.42509952984875732 30 1283 11 1159
766 -0.48185203969212215 1.8150523009893333 2.3484225817622755 35 28 32 1.3605366877523681 30 681 92 613 11 590 38 1139 95 1184 89 1298 14 1236 24 989 66 981 51 521 50 1561 67 1236 8 1002 72 627 72 789 20 990 40 541 40 703
768 0.67379550572183111 0.89399347777478233 1.4468553084715683 8 9 14 0.35843520991202071 11 103 24 46 66 50
769 0.74373071444368599 0.93659259329182598 1.4242893438227335 141 123 35 0.094875881849614069 24 47 66 48 72 153 51 384
770 1.0039055713961231 1.2514869536169284 1.5693166520680177 254 230 70 0.084974016194947488 14 92 24 60 66 54
771 -0.42358018145099141 0.50092946967854546 1.851426266271045 167 8 2 2.0282642433834743 92 1 24 109 51 503 64 71 45 253
772 -0.48659217667689392 0.52663660480762875 1.9742453877409438 255 223 69 0.4212460680460276 14 124 24 117 66 151 51 268 64 96 50 71 94 276 67 232 36 580 8 257 84 215 52 198 45 264 72 7
774 -0.1031259521808814 1.2652468540984319 2.1104281046426059 83 61 11 0.51500860960694539 14 273 24 191 66 221
775 0.01557710305821698 1.254990884380915 1.7790316717829584 100 117 156 0.12496854805163138 95 161 24 192 38 173 66 218
776 0.018682720744127794 1.8736015656389531 2.357867146046202 1 1 5 0.074222200579321898 14 483 24 326 66 317 64 495 50 624
777 0.45735836553276799 2.2893765019953607 2.0703702496047289 44 33 33 0.26273653871916608 14 551 24 360 64 498 50 657 41 380 98 473 22 483
778 0.45899714404854308 2.2911858931772802 2.073344736118329 44 33 33 0.28021398883696264 14 552 24 361 64 499 67 279 41 381 98 474 50 658 99 539 19 710
779 -0.79383027323747912 1.4875715651562857 2.5893891315111284 1 2 5 0.085110487671965593 14 518 24 363 66 383
780 0.52505718981365701 2.3483493838708687 2.0332921077872195 76 63 56 0.085356634478118074 30 293 24 364 66 343
781 -0.81084586752549392 1.4757025553395 2.5864541808070491 2 3 7 0.067166733271895387 14 517 24 366 66 384
782 -0.66233797956177942 1.6033876519247967 2.5272944851639232 68 78 80 0.035746839360764504 14 526 24 369 67 429
783 0.38240844069042662 2.2765563273745308 2.0660221225039801 79 65 58 0.06856458378676826 30 291 24 370
784 -0.10696926312855065 1.9737468008714933 2.220387301319346 36 31 34 0.39014928343740957 14 554 24 376 66 377 51 282 64 531 50 663 67 723 41 904 34 295 22 916 87 460 94 237 36 528 8 551 84 489 52 457 45 163 69 525 90 187 72 122
785 -0.20046976522262216 1.9864450754903935 2.2370528324502441 30 28 33 0.48813346283733955 38 657 24 380 95 662 67 739
786 -1.0442114841340517 1.457640523571833 2.5895313039683567 130 132 124 0.5356414661177602 14 543 24 382 66 628 64 565 52 577 45 489 51 720 20 677
787 0.7604934331214801 0.71024560525976443 1.5833560322129532 83 95 127 0.16546566281110239 14 7 24 389 66 408 64 578
788 1.1136864146458376 1.0454864462739089 1.7147656693163644 168 104 27 0.18923759808905888 14 21 24 399 66 411 51 338 72 417
789 1.5113812616109239 1.622789542609401 2.5942276220422076 203 132 34 0.33954613421109414 14 635 24 433
790 0.98824782836142011 1.2852014804071865 1.5321287858608914 197 128 34 0.2035006258481207 14 619 24 464 66 466 51 378 45 347 31 387 79 491 26 492
791 0.52102893966284392 1.0939776318447996 1.2680679396209322 205 216 239 0.087481306941249129 14 135 24 523 66 113
793 0.81347634243724409 1.4369893376833967 1.4019797626217603 254 229 65 0.12682354087833642 95 605 24 543 38 605 66 522
794 0.089832960026878447 1.0699992046588533 2.1355461519223069 129 100 31 0.17997783955462174 14 685 24 545 66 546 51 475
796 0.5875811923415718 1.2109468468851659 1.0888340974041022 254 254 110 0.05166001585164446 14 654 24 549 66 533
797 -0.089570599433715398 0.99851979264392199 2.1771769130910035 249 200 60 0.28259138628051811 14 688 24 550 66 689 64 727 50 805 99 60 83 76
798 0.72230298918687219 1.9555707927797796 2.3574118038326404 225 210 173 0.097844295439601645 30 754 24 577 66 561
799 -0.34283450109724911 1.2002723230188288 2.074123053862083 163 175 203 0.25277213758026301 14 735 24 588 66 581 64 797 50 342 54 143 19 204
800 -1.028004875999772 1.0386417057714619 2.9036985419690695 1 1 1 0.25951280990794112 14 930 24 596 51 867
801 0.12410142993419129 1.6794147541825704 2.1273246333640836 58 55 56 1.3074842314821442 14 756 24 598 66 579 51 498 67 668 64 378
802 0.0088783600550664237 1.6398532397170749 2.1899651558191677 8 9 12 0.21799531803233033 30 484 24 599 66 586
803 0.54416346751467881 2.3161059775044324 2.0360398369104979 104 72 60 0.050753370523020369 11 513 24 609 66 602
804 0.97418063426278267 0.62503095669247311 1.5726536519641641 2 2 0 0.16058584847878757 14 572 24 631 66 636
805 1.065739946506093 0.91586237552751815 1.7555338426954261 162 102 19 1.0417460344671439 14 799 24 638 66 640 51 537
808 0.71351821274782601 0.81487547949489558 1.4843906913646807 15 17 21 0.37724854970210248 14 18 24 648 66 653
809 0.62163611802210816 1.1132609604328108 1.2534348171345964 158 137 39 0.42915661194008886 14 829 24 675 66 673 64 876
810 0.29265631565763456 1.131491258259568 2.1059581896452575 137 115 41 0.18791935662315803 14 852 24 678 66 679 51 614
811 0.10263431407531215 1.0523309834685259 1.9299369153685126 168 137 47 0.70251575628840868 89 565 24 684 66 687
812 -0.51492634699006368 0.60275594484682915 1.9252937420970406 255 225 70 0.5611777641136998 89 793 24 685 51 699 64 948 50 755 67 934 94 746 36 807 8 805 84 756 52 790 4 508 45 738 69 747 90 710 72 564 16 389
813 0.49822272111510901 1.2925055794899343 1.5110011047142684 239 218 175 0.68968903504469603 14 862 24 687 51 610
814 -0.13316576245587872 0.98504938643290585 2.1827907563118081 250 201 60 0.19592501797114623 14 864 24 688 66 692
815 0.85033447064110756 1.5801165339893812 1.3276457575066871 253 233 70 0.18481642482832064 14 871 24 695 66 685
817 0.061279129524815908 1.2163756504216332 1.7824651474351207 56 57 55 0.81493273668267641 14 884 24 708 66 711 51 486 64 1177 95 765 50 807 67 903 90 494 72 348
819 -0.42175416259949272 1.1350058024419907 2.1064966270103471 254 210 56 0.22610528557493659 14 915 24 734 66 760 51 514 64 795 50 856 67 332 94 509 8 574 20 551
820 -0.42218144951535391 1.1345770998199316 2.1041417108348837 254 210 56 0.14191041470720062 14 916 24 735 66 761 64 796 50 857 51 515 94 510 8 575
821 -1.0155889518887709 1.0717847622279459 2.8964261459195382 119 123 115 0.83251045821924252 14 931 24 753 66 787 51 715 64 1109 50 1229 67 1165 99 744 83 731 85 195 19 844 36 1020 8 1116 84 1001 52 1035 45 771 45 911 31 830 20 1092 79 907 26 886
822 0.18075547110253423 1.751569574241352 2.112321698532011 214 197 157 0.5830147570737978 14 936 24 757 66 583
823 0.92652633595933298 2.5291483982372824 1.9360758911518097 102 71 59 0.41513186956298237 38 1079 95 1113 24 781 66 776 51 636 94 382 36 404 8 67 84 33 52 333 90 570 72 736 88 903 40 872 82 743 100 692 80 704
824 0.86328483752606833 2.5095717558436883 1.9484423792763634 100 69 57 0.47148608123886165 38 1078 24 783 66 783
825 -1.1598555249093274 1.4956506291494995 2.5458041875161559 123 85 66 0.59277640147121313 14 955 24 797 66 801 51 723 94 788 36 1016 84 991 4 1032 90 719
826 0.98182613767560822 0.70760409005161407 1.4989159360695927 156 93 17 0.65719543364575828 14 795 24 801 66 803 19 0
827 0.98057689698413586 1.3745546965581137 1.4793171277890649 255 231 68 0.13134207554134308 14 972 24 828 66 830 51 741
828 0.59785428658825845 1.1645167943617563 1.1429549632169234 132 113 32 0.14909670203624079 14 971 24 842 66 843 51 762 94 804 90 749
829 0.11243796406214256 1.1085173604366412 2.1123564774493691 171 138 47 0.52078943584408222 14 984 24 847 90 815
830 0.75232061767358804 1.6010509902881804 1.4503541150318067 233 216 177 1.4448036904584365 95 1183 24 857 38 1138
831 0.64691466545108711 1.9776856585423264 2.3426141718968498 234 215 173 0.37256468078266974 14 1060 24 892 66 874 64 1224 50 1366 19 1403 85 1163
832 0.51773408516294295 1.918839037634561 2.378615572959736 232 214 172 0.21057577044231515 14 1062 24 898 66 890 64 1232 67 933
833 0.45695246622583136 1.8880769395620653 2.3976029723459789 229 209 167 0.068176028922885157 14 1061 24 901 64 1239
834 -0.97806671756720387 1.0026498092139429 2.9280845751318632 128 128 117 1.0566076770660289 14 1030 24 922 66 954 51 866 64 1293 67 1245 41 1405 98 1269 97 1254 54 1170 33 1034 28 948 54 1056 87 925 99 956 83 923 34 1161 94 917 36 1102 8 1115 84 1083 52 1106 4 1159 45 913 31 971 79 1075 37 982
835 0.85405407389419052 2.2755547825923044 2.141512084614436 233 216 179 0.14247160664431099 14 1109 24 942 66 911
836 0.1472916763346061 1.7322127895504218 2.1124516563337914 17 17 18 0.14325619784410693 14 1083 24 953 66 947
837 0.88176285021715151 2.3549183781639229 2.0855820852513354 232 216 179 0.16949334909559466 14 1128 24 959 66 933
838 -0.85842055650516014 1.1315549351112069 2.4301259095573524 111 112 103 1.3554796698601186 14 1065 24 964 66 964 51 869 90 849 72 756
839 0.90890160853041813 2.4873218195552607 1.9653211740250343 83 58 50 0.34773717137756532 30 1159 24 970 66 950 51 633 94 384 66 771 36 408 84 368 52 640 90 573 72 735 72 884 88 889 40 871
840 -0.94161153094184968 1.1560147720745706 2.4359557179361939 119 120 112 0.65817843582880831 14 1089 24 971 66 790
841 -1.0943291641643305 1.1529987580440231 2.4419265653332385 124 128 120 1.105756457482584 14 1113 24 977 66 980
842 -0.18677789204719528 1.8981570579408409 2.3205891029615917 61 47 43 0.8218333929143895 14 1144 24 979 66 974 51 704 64 1304 50 1263 67 1012 41 1210 98 909 97 841 54 868 33 417 28 406 87 775 99 790 83 783 85 1065 19 1268 94 721 36 777 72 354 76 203
843 0.30086627829601958 2.214901129344355 2.0896597798213654 105 73 59 0.36934961076843675 30 1008 24 981 66 967 51 686 94 672 36 733 8 501 84 442 52 696 4 407 45 578 69 463 90 620 72 845
844 0.17556659106544195 2.1542540822357812 2.1231575166425185 100 69 57 0.38507547158587863 30 974 24 983 66 972 51 693 94 468 36 510 84 458 52 440 4 130 45 596 90 636 72 695
845 -0.33240550179196965 0.45352516707582624 1.8053016182668518 255 237 73 1.2728614877137974 11 688 24 1004 66 1002
846 0.26267318688430191 1.0614956658921122 2.1568132343877799 186 163 56 0.77445140951442981 14 1182 24 1012 66 1001
847 0.19541221673736767 1.0278821497579205 1.918672888533858 200 172 58 0.22161489534985446 24 1019 66 1007 51 912 94 848 8 954
848 -0.36540997624703547 0.68322009548136542 1.864180305262638 255 235 72 0.5691505459531766 14 1176 24 1024 66 1032 51 955 64 1343 50 1296 67 1198 19 994 85 821 94 976 36 1069 8 1065 84 1040 90 931 72 906
849 -0.28040021227255157 0.80048699715799387 1.8256769908686499 148 104 19 0.30988113541369205 14 1188 24 1032 66 857
850 -0.40423783946423292 0.73543914890660722 1.8224910618637746 255 235 73 0.19343178772988087 14 1186 24 1036 66 1043 64 1347
851 -0.19727693904819996 0.99961955414961345 2.1104243777456917 9 8 10 0.93379544035881501 14 1195 24 1038 66 1041 19 1322
852 -0.36087772821456032 0.84982526797762425 1.8286178446568386 54 68 95 0.35902758506711313 14 1270 24 1045 66 1048
853 -1.1120720718126225 1.4826489561042702 2.5707804956246556 155 154 138 0.50142250030110469 11 551 24 1066 64 1322 50 1271 67 1170 41 1354 98 1290 97 1103 98 1177 54 1098 85 773 19 909 34 1066 94 1019 36 1014 8 1114 84 990 52 1018 4 1031 45 889 69 1028 72 760 20 1032 40 507 37 763 34 962 46 813 70 824
854 1.154941560122916 1.1813053955432751 1.6467794134630025 0 0 0 0.35286455922594062 14 1159 24 1072 66 1071 51 988 31 1089
855 0.30264301160664359 1.0874277824151835 2.1168089984109097 100 59 16 0.5223300615191957 14 1183 24 1087 66 1088
856 -0.47343088748425671 0.50341059130922516 1.987932450957907 255 232 69 0.65640270721923422 14 1167 24 1088 66 1093 72 957 94 1055
857 0.91208725353887188 1.5223904040495846 1.3700858764542219 0 0 0 0.24683548413053907 14 1268 24 1095 66 1090 51 997
858 0.91330823814440931 1.5242144185999369 1.3745604472245276 0 0 0 0.13059507799780812 14 1269 24 1096 66 1091
859 -0.11691447916749456 0.57737040335635426 2.1428253167280396 238 222 106 0.84677474722351231 14 1296 24 1142 66 1143
860 1.0689886523502561 1.4025046542827972 1.4759701284539413 201 145 42 0.34180474104641678 14 1299 24 1145 66 1140 51 1044 94 1073 36 1111 45 1052 31 1143 18 1129 79 1213 100 1070 80 1019 44 966 23 921 75 890
862 -0.27964532984810742 0.92018205124727692 1.9407613035789621 241 187 47 0.57458842908457097 14 1312 24 1156 66 1099
864 -0.90869684473947743 1.3472733542102144 2.4908613516995746 8 8 9 1.0775414057745054 14 1349 24 1169 66 1163 51 1073 64 1477 50 1587 67 1333 99 1302 94 1067 90 1010
865 0.77940921346133807 0.81981624810587028 1.4271121346517337 146 129 38 1.2782775633465198 14 1332 24 1170 64 1459
866 1.0813353252697075 1.3113940025039936 1.5465375057316095 0 0 0 0.32192727989530184 14 1339 24 1174 66 1166 51 1074 31 1175 79 1237
867 1.0813285274682494 1.3104806065935211 1.5470593738447536 0 0 0 0.22883364593586122 14 1340 24 1175 66 1167 31 1174 79 1236
868 0.75466191514982073 1.6304914851062065 1.3215947678295035 229 214 177 0.026477497338663399 14 1345 24 1180
869 -0.54011436476370256 0.65010009486362941 1.8806607094493015 254 230 71 0.97976484865938129 14 1356 24 1196 64 1480
870 -0.80083363281290798 1.2126814241346868 2.356622895438734 24 33 45 1.4973546814011878 14 1373 24 1201 66 1196 51 1109 64 1500 50 1626
871 -0.56128237587071683 0.47425193825434686 2.0736889308503104 255 234 73 1.893136862668942 14 1377 24 1204 64 1496
872 -0.57883182898595287 0.4953002370780879 2.0069586379032862 255 234 73 1.554663460263193 14 1378 64 1497 50 1632 41 1526 98 1428 97 1363 54 1325 33 1170 28 1189 87 1214 99 1325 83 1293 85 1321 19 1621
873 -0.36653150441777355 0.74950392473955285 1.8393133974058502 117 74 10 0.31160021732212884 38 390 95 386 89 52 14 675 24 140 30 6 11 10 66 173 67 613
874 0.98639272305758985 0.63431657310151868 1.5376966804966572 254 253 89 0.060020006895557275 24 0 66 0 51 2
875 1.1776766140832293 1.076236053987413 1.6934370464079149 1 1 0 0.41752559483509488 95 92 66 19 94 14
876 0.76037750214658084 0.75402512014399048 1.5398569648359755 195 204 231 0.11116220208459772 24 394 66 25 90 453
877 1.1229378135989918 1.1178722968906545 1.6790601755148991 191 127 35 0.12494074811015443 14 45 66 28
878 0.62459980541587068 0.92547663779354106 1.3863714080565783 199 210 239 0.16070632215062988 24 56 66 57 90 120 31 58 45 49 18 50 79 29 26 31
879 0.61821952325655061 0.97618058073735015 1.3451962278211165 200 210 236 0.0768434293926884 24 66 66 63 51 89
880 -0.32164081252230703 0.3746558152355543 1.1698414996382356 255 237 71 3.2095969524159695 24 85 66 135
881 0.23426835956945161 1.2378286726350944 1.9618062700461405 72 68 76 0.15073429963326521 24 136 66 154 51 473 90 174 31 118 18 101
882 0.054791687443364948 1.1161849004784015 2.0884760269242091 127 96 30 0.29427313397928639 14 197 24 552 66 157
883 1.2036229670699292 2.4465568063103889 2.4755039547449518 230 216 179 0.141590000008669 14 417 66 168
884 -0.062121410493095539 1.1158664983147919 2.0952557925752213 144 114 37 0.28802037071803482 24 150 66 169 51 242 64 210 67 223 41 160 34 115
885 -0.062121410493095539 1.1158664983147919 2.0952557925752213 144 114 37 0.28802037071803482 24 151 66 170 51 243 67 224 64 211 41 161 34 116
886 -0.63776596943485564 1.0376070135620459 2.1267663459876656 100 77 21 0.078508032974771838 24 245 66 305 51 308
888 0.20781706020626772 2.1538154147069073 2.1219110911583599 43 33 34 0.0461685555948608 14 558 66 359 64 513
889 -0.74007391586240856 1.3003540216684433 2.3098570882229912 25 30 39 1.8136356547011747 24 343 66 368 45 255
890 0.14823723421386181 2.2062622244708208 2.2103043450327569 71 53 47 0.031049490095278583 24 617 66 370
892 1.1188595659390079 0.8981950288907673 1.7124655499218191 197 122 17 0.88709199527034954 38 706 95 718 66 399
893 0.81082506465286341 0.74126258083242791 1.5080453856092881 115 85 17 0.63009916086874773 24 16 66 405 67 468
894 1.0780503348249764 1.0922844296603909 1.6736877255434031 181 109 27 0.060827209161698849 24 414 66 421 51 350
895 1.0219453416879325 1.2354545667831904 1.5719577003699536 200 122 29 0.1863540580099082 24 450 66 452 51 369 45 348 31 393 79 495 100 117 80 91 44 75
896 0.67566883059088645 1.0623177114511475 1.3517414093835791 116 98 29 0.023864247132896498 24 472 66 478
897 0.92407327601032729 1.3889644600367628 1.4661118963214044 206 128 32 0.028779395601930307 24 511 66 490
898 0.14003334880802201 0.89750048471508737 2.3359322871015764 20 24 33 0.43157379395825091 14 138 66 498 51 460
899 0.49740883132781111 1.0902978063398592 1.2808640290164865 99 111 142 0.24101606018031338 24 115 66 515 67 18 41 20 98 38 97 31 34 2 37 9 78 5 1 5
900 0.7951058861228657 1.4491389633472878 1.40459413945738 215 125 27 0.29786272556972587 38 614 95 224 66 527
901 0.11456145599579534 1.0874944870239776 2.1313613267243148 170 139 48 0.25552289167347009 24 546 66 543 51 195 64 145 45 187
902 0.0895052768134839 1.0712342370222903 2.1416114818499268 130 100 31 0.13043724836410792 14 684 66 545 64 709
903 -0.23544578001315156 1.0065144390996092 2.1278056893184019 254 222 56 1.1046761125599762 14 704 24 557 66 565
904 0.020711986333566187 1.2173370612944943 1.8264686997382746 75 76 57 0.62856019308842825 24 709 66 570 51 488 36 158 94 472 8 175 90 196 72 98 40 72
906 -0.71337672147772835 0.87863618252779652 2.1240016132855684 79 97 132 0.16014107843109812 24 586 66 585 51 309
907 -0.96772104885222454 1.0680661060371517 2.9024659320233157 70 76 74 0.51526508300943208 24 246 66 598 51 523 45 315
908 -0.95830588774649805 1.0720113025853908 2.8870841110298553 70 76 74 0.54445047829562776 24 595 66 599 51 524 64 1105 67 1039 41 1232 98 1155 97 1087 54 1067 33 942 28 956 87 944 34 939 37 738
909 0.48266291580966103 2.2853662265692343 2.0587712953310588 102 72 59 0.35935885485785751 24 611 66 606 67 661 41 844 34 251
910 -0.16776790309142003 1.8865671488700007 2.308268892596459 58 45 42 0.39577571153839736 14 534 66 616 51 286
911 -0.14166195952037117 1.9740142849963433 2.2144222483903802 87 63 54 0.17224209203069152 24 790 66 620 20 556 70 210
912 -0.70137431511962944 1.6700317530216775 2.4205519641815179 25 24 30 0.14432079421554517 14 563 66 626 51 528 94 540 36 597
914 0.93728547620497271 0.66972882555959012 1.5134958244076897 143 121 32 0.45674348306227752 24 632 66 637 51 727 64 572 50 0
915 1.0735728409708976 1.2577952546574107 1.5774922677960106 2 2 0 0.066359041041818695 24 656 66 657
916 1.0857583130763888 1.2704871922071319 1.6032906680943577 2 2 0 0.095397385190922501 24 657 66 658 51 547
917 0.72049753180226772 0.97207944720539796 1.3820101957919231 144 129 38 0.3566911778715679 24 654 66 660 51 562 36 887 8 920 84 862 52 877 90 590
918 0.14193876576620384 0.85060338976813121 3.0716511508429138 107 74 60 0.15238356829743704 24 659 66 667 51 600 94 716 36 794 8 795 84 770 52 806 4 813 45 745 90 675 72 581 88 604 40 538
919 0.59901888056708397 1.1463550405795038 1.2484148295090685 112 96 25 0.15111378205694248 24 522 66 674 51 584
921 0.66535818849977135 1.9326385073179346 2.3764394111361939 226 210 172 0.062820651801316019 24 716 66 703 67 595
922 -0.72597710339581212 0.57747070259736222 1.9330600294775953 99 85 26 0.45080944581000515 24 700 66 726 50 775 99 599 83 568 19 751 90 287 72 2 88 2
923 0.93758312517675402 2.3841256154966803 2.0591548432733351 231 217 180 0.34893656211261942 11 951 66 743 51 615
924 0.8059941743556206 2.316162275616803 2.0798730318125238 231 215 180 0.083833697177940911 24 767 66 751 51 632
925 -0.48133857277170694 1.1059751119023078 2.1150502435797209 250 203 54 0.23977227898757431 24 738 66 766 51 705 67 988 94 744 8 812 20 797
926 0.61608869023394452 2.2550289848708767 2.1329941176780425 220 203 165 0.22722913562884778 24 774 66 770 51 658 94 646
928 -1.0985098402754845 1.5268164270556128 2.5320243158870883 116 81 63 0.55112549989043302 24 796 66 799 45 750 4 1024 90 716
929 0.90625641362809994 0.72234247467955015 1.4872809926441715 136 116 32 0.16098291108699783 14 796 24 633 66 804
930 0.7978997431237228 0.8019348923351044 1.530893275012573 109 82 19 1.931945554924491 24 803 66 805 51 733 8 919 84 871 52 1046 90 877
931 1.1496818968567204 1.1266641658409329 1.6673702425868575 255 233 68 0.069027590220793883 24 804 66 806 51 730
933 1.0690877008499609 1.2567382607004591 1.5592775850724798 1 1 0 0.070302124639822328 24 811 66 817
935 0.51620182201995535 1.1348417110827957 2.082020871838592 233 215 175 1.3459310023471576 24 1003 66 835 51 585
936 -0.2663580248421677 0.53396073729921456 1.9762689209756841 255 233 73 0.20468790678382112 24 825 66 841 51 925 72 750
938 0.57817190058327694 1.9454891552367333 2.3557565479828337 234 215 173 0.11230405708752156 24 896 66 885 41 1122 98 830
939 0.22224367247967 1.7352884659582937 2.3259288512527463 23 18 13 1.5893524070801999 24 1053 66 912 61 195
940 -0.018266454134605748 1.3983645584093476 2.0379104332237401 14 16 22 0.43920519556430149 24 903 66 919 51 949
941 0.94412121534322035 2.3844164915765225 2.0630202333770735 234 218 179 0.37365394716710526 24 956 66 928 50 1411 41 1098 97 774 98 823 54 820 87 744 99 1055 83 1044 19 1493
942 -0.70469990598543575 1.1098972395726714 2.3754126371874484 33 21 1 0.31202148533904683 14 1035 24 749 66 956
943 0.36249046196406398 2.2478324175598621 2.0738894428439085 102 69 57 0.22501541627844923 24 980 66 963 51 680 66 789 94 457 36 490 8 163 84 436 52 415 4 98 45 568 90 608
944 0.23705064119738886 2.1790456724117724 2.1041937224668552 101 70 58 0.3902588382168658 24 982 66 969 94 679 36 735 84 449 8 508 52 700 4 413 45 588 69 478 90 786 72 840 20 116
945 -1.179906720596559 1.3129216223058215 2.7145273338021223 128 130 122 0.4923065299933958 24 984 66 985 51 878 14 1139 64 1318 67 1249 94 925 36 1104 8 1121 84 1080 45 898
946 0.19580389906695778 0.86137168124689534 2.9654703029939786 107 74 61 0.037536538429147372 24 995 66 989
947 0.57167927131382157 1.0274949564586804 1.3241634448073809 213 224 246 0.18979259733867113 24 1002 66 993 51 896
950 -0.29834813624749573 0.58557491252959348 1.9459394828958361 255 236 73 0.29607982917068287 24 1010 66 1012 51 935 94 971 36 1068 84 1042 4 1082 52 1078 90 929 72 903
952 -0.17300488870587166 0.78159282450391987 2.1581198047011458 255 237 72 1.5997371587277673 24 1015 66 1014 51 922
953 -0.26743484687875763 0.66111568009725752 1.8730129867839573 255 234 73 0.57781446656853541 24 1017 66 1016 64 1159 50 1015
954 0.18998219991002557 1.1640561213378595 2.1029912796637151 205 176 59 1.585453702744293 24 1026 66 1018 90 897 72 928 18 906
955 -0.54835152721513825 0.46390396471528067 2.0096982490641468 255 237 73 0.12454528657337854 24 1013 66 1019 72 889
957 -0.33302719114297319 0.63211560255847765 1.8992819359056619 255 234 72 0.10051216282172301 24 1020 66 1021 51 947 72 905
958 -0.33312797285704926 0.63180249049571258 1.8989927638196455 255 234 72 0.13069988702867316 24 1021 66 1022 51 948 67 1195 94 972 90 930 72 904
959 0.24287740260066942 1.1186288612382673 1.4893127077740724 63 72 86 0.080265744116397947 24 1033 66 1026
960 -0.57943337949780271 0.51316141793620917 1.9756576345835273 255 236 72 0.86039000706486435 24 1022 66 1034 51 967 67 1217 94 996 36 1084 8 1089 4 1098 45 991 69 1081 90 950 72 891 31 1028 18 903 20 1059 79 1021 46 907
964 1.1561403234900793 1.1791538026285309 1.6408188411098443 0 0 0 0.59729680121358908 24 1073 66 1072 51 989 45 1013 94 1024 31 1088
965 0.70247958547571954 0.85834685327256777 1.4493602161465184 209 219 246 0.10355568406036496 24 1074 66 1073 51 991 79 1164
966 0.63161632090779729 0.95143964061326525 1.3638172878599533 213 223 249 0.11988257547352736 24 1078 66 1076 51 995
967 0.98480872097510019 1.428214204895446 1.4533216087524079 0 0 0 0.21600192618878306 24 1085 66 1080 51 992 31 1081
968 0.98480872097510019 1.428214204895446 1.4533216087524079 0 0 0 0.21600192618878306 24 1086 66 1081 51 993 31 1080
969 0.086251667926994235 0.87136415048932148 2.3514210269973161 255 213 66 1.022230019115641 24 1081 66 1086 51 1008 94 1048 36 1144 45 1070 31 1166 18 1143 88 1041 40 969 79 1227 42 1096 82 991 100 1074 80 1054 44 961 23 917 26 1227 65 1088 9 1155 6 1028 71 995 39 908
970 -0.11133915164137111 0.96272753696731606 2.138544179987822 218 167 45 0.44890853292568034 24 1099 66 1096 51 1017 90 909
971 0.024500236996679026 1.1645273027120804 1.8451599405075805 204 176 59 0.1249526874678671 24 1105 66 1098 51 1019
972 -0.69853412846514529 0.62508753896096803 1.9092271118693509 255 226 71 0.015556411445143976 24 1106 66 1110
973 -0.32705734791755336 1.2322437544290128 2.0845089023624648 162 173 201 0.33497504370642445 24 1112 66 1114 51 968 94 975 36 1072 84 933
975 1.2366171852919736 1.1527285756692396 1.6618121399591941 204 147 44 0.11214217124881988 24 1137 66 1136 51 1041
976 0.64442161934025499 1.0270644128383619 1.3466655439519228 98 81 23 0.096111544976739863 24 1143 66 1142 51 1049
977 0.99535623356365688 1.4950612933696723 1.3899990059862761 209 153 47 0.049939479210775441 24 1149 66 1144 51 1047
978 0.99535623356365688 1.4950612933696723 1.3899990059862761 209 153 47 0.049939479210775441 24 1150 66 1145 51 1048
979 0.48655452026997048 1.252992261788185 1.5378551572531798 60 68 89 0.33075928318104963 24 1152 66 1151 51 1006
980 0.54058743184875435 0.75737069232181897 1.8589641971053605 240 206 67 0.16941195360143207 24 1171 66 1164
981 -0.036981117741922025 1.2055541358148973 2.039296388755635 77 56 9 1.8253135482338776 24 1178 66 1171 64 1482
982 0.38493890184663104 1.8866137149075739 2.7265390765788529 210 190 148 0.93836092471901811 24 1194 66 1173
983 -0.42521332997106975 1.0171697080997215 2.0385061578137442 48 44 47 1.2716648171541134 24 1182 66 1175 90 924
984 0.74152983883614132 0.94325412723641799 1.4318016234787412 137 121 35 0.21391646256510569 24 1186 66 1179
985 0.22787126893211418 0.99086941590993494 2.4703408075537068 40 33 31 0.72449712018334667 24 1189 66 1183 51 1089
986 1.1358682227384418 1.0272268407748668 1.7285098164989501 253 207 56 0.79715454448110501 30 654 11 609 66 644 14 584 24 641 51 539
987 1.2141330968034483 1.2438768596294183 1.5956620900580585 250 231 72 0.06757384897418349 24 36 66 31
988 0.54885438689771138 0.7767675171828996 1.7165279356147456 0 0 0 0.0096211055213935547 14 31 66 44
989 0.93167727382189103 1.4008024728019286 1.4009755167030957 2 2 1 1.1183017487128424 24 107 51 68 36 22
990 0.73087815999151018 1.042610710910018 0.89877479079058331 210 133 27 1.3326079159591997 66 73 51 73
991 0.73832746678169192 1.3534536660319525 1.2161918642701874 193 97 27 1.1874782009529761 11 228 51 121
992 -0.22655916991630876 0.5487803131088701 1.9868070275967953 255 235 71 0.1680277299902283 66 110 51 227 18 159
993 -0.43994158095583258 0.61247259774412011 1.9119281240685344 163 115 40 0.17775217422309186 14 149 51 269 64 107 50 79 36 242 8 249 69 187 20 89
994 1.1331409795565932 1.1441285553703904 1.6421777519780936 5 4 1 0.23109149369408175 30 470 51 343
996 -0.17177463701734785 0.57410816425385547 1.970650023488163 255 234 72 0.21552843645122854 66 506 51 477 94 488
997 0.54068729737500854 2.3208990022314144 2.0375008480611023 106 73 60 0.38139007344274328 11 514 51 485 94 435 36 466 84 99 52 386 45 365 69 89 8 142 90 448 72 540
998 -0.65643181676995832 0.50827550061219962 3.317582584838608 2 2 1 0.24617705479709789 66 524 51 495 90 561 72 273 42 495
999 0.26772894190047414 2.1251312677966463 2.1707522736799691 101 69 57 0.14485969655082603 66 607 51 501 94 466 36 508 8 191 84 130 52 437 45 398 69 158 90 473 72 394 20 119
1000 -0.26515106056273974 1.1788187221945792 2.0661026944189902 245 207 75 0.40706610380655817 11 62 51 506 90 232 72 327
1001 -0.16973883566255279 1.918127220318474 2.2961317527466214 75 57 50 0.097624553159269725 66 618 51 516 67 731 94 494 36 541 8 563 84 498 69 547 20 186
1002 -0.62339700094727335 0.59663890081490523 1.9138037068621145 255 231 71 0.6182161760755075 66 568 51 518 67 675 41 668 14 669 98 131 97 125 54 51 34 73 94 528 36 817 8 581 72 6 31 223 52 538
1003 0.60316125161982526 1.0384157752934815 1.3111661249480244 116 94 22 0.91117307643862377 66 832 51 575 90 452 31 855 18 854
1005 0.36522501728891305 2.1402725216115894 2.208291551666631 217 196 158 0.34931271817722015 66 786 51 672 94 670 36 501 8 503 84 446 90 619
1006 -0.65692480073428006 0.58155332734849374 3.288466618750566 216 205 173 0.61558858119395987 66 535 51 681 90 721 72 555 88 294 40 237 23 496 75 573 68 168 35 369 91 55
1007 0.21006934550406031 2.1074100283761874 2.1875225359669845 140 93 70 0.41282553998512733 66 788 51 688 94 687 36 513 8 515 67 697 84 467 52 442 45 604 90 635 72 691 20 131
1008 -0.27228815714090249 1.2611073457514297 2.0829147879362853 133 147 177 0.57071756158204423 14 922 66 754 51 698 64 1075 67 970 41 1101 98 760 87 644 99 672 85 644 19 818 94 723 90 680 45 439 72 612 31 135 18 69 88 575 40 527 37 456
1010 -0.96183775041033515 1.6106343506844023 2.4641424691719926 111 78 62 0.44243891241870814 51 721 94 778 36 848 8 877 84 801 52 829 4 830 45 737 69 835 90 543 31 667 18 362 20 878 46 575
1011 0.8840967565109219 0.73677747767633528 1.7342497435390658 159 136 39 0.19557597472700289 66 638 51 731
1012 0.70088913242616147 0.82311622327257361 1.4985721518256316 25 32 45 0.71961833296398325 66 810 51 737 94 807 36 899 8 928 67 1068 84 874 52 888 4 927 45 802 69 663 90 759 72 817 31 870 18 893 20 718 46 684
1013 0.66057352256631618 1.0198769915131758 1.370703587863241 57 59 54 0.2487101115916775 66 824 51 748 90 878 31 858 18 862
1014 -0.16180737631872055 0.72450469181011523 3.1804960389147428 151 100 74 0.54374205000717912 11 714 51 795 94 883 36 993 8 1008 84 967 52 1008 4 1023 45 999 90 840 72 747 31 1073 18 1068 88 769 40 695 70 775 82 957 23 885 91 792 2 465
1015 -0.22223233387050936 0.69928307803995016 3.2001910102969 153 102 76 0.18367604982828148 11 535 51 802 94 886 36 995 8 1010 84 973 52 1013 4 1029 45 1001 69 998 90 842 72 743 31 1075 18 1069 88 768
1020 0.56460895515153653 2.2557814872523489 2.1014058125119544 71 46 37 0.21315631507494892 66 1055 51 921 94 835
1021 -0.39801211308687529 0.59947165627185883 1.9113985201536838 255 227 70 0.51029233593815371 24 843 51 953 64 1339 67 1197 41 1272 94 882 90 843 72 749 88 732 40 663 82 464 44 456 23 463
1022 -1.0012581220908721 1.5287201427635861 2.5586739705458874 61 47 45 0.28646830825599839 11 971 51 981 94 1016 36 1093 8 1111 84 1069 52 1094 69 1099 90 848 72 916 20 1090 40 686 70 1009 61 625
1023 0.063762111384255707 1.1608932404090293 2.0558583758231066 159 131 45 0.94726208833053582 66 1036 51 1014 72 988 90 903 79 1184
1024 -0.69171579194214239 0.53752141912781026 1.9637326117838767 255 231 72 0.31589617507886608 66 1101 51 1028 31 1161
1025 0.64602185033512161 1.1034260233344015 1.1820986093175838 151 130 36 0.30640910416312794 51 111 64 34 90 101 31 11 79 1
1026 -0.4471603941656368 0.37627809220892805 2.0950586502431445 255 254 87 0.16577742102327223 14 604 64 65 67 599 41 44
1027 -0.65398197957882043 0.64370055868695653 1.8959739419189034 82 48 6 0.70060964338005405 51 301 64 187 36 589 84 234 52 539 31 210
1028 -0.017696748028508388 1.1533682598441972 2.070945084012517 159 135 52 0.42451039098657789 14 705 64 209 67 206 41 155 98 181 33 131 28 111 87 72 99 68 83 81 85 104 19 175
1029 -0.12365079905261211 1.0888835826389194 2.1178623968716623 157 114 25 0.034553228453998101 24 154 64 217 67 244
1030 -0.5548085402543349 0.87700456765004375 2.0300495116719519 253 213 67 0.27485988994553334 11 13 64 270
1032 -0.48112990884169604 0.9718982428891727 2.225380492901166 88 83 79 0.1634984378639294 89 109 64 295 41 278 98 284 50 256 97 242 54 113 33 154 28 136 99 77 83 88 85 110 19 176 34 226
1033 0.65719619751175262 1.9008311058212672 2.3964712521376978 105 95 76 0.55773678614664346 89 387 64 296 41 272 97 762 98 801 54 778 33 689 28 692 87 688 83 725 86 321
1034 0.60801883049471495 1.8589007984047514 2.4380760377508475 119 108 86 0.22772885984455421 14 319 64 303 50 451 67 189 41 279 54 286 19 518
1035 0.051465477277548265 1.5406532810793356 2.1534116589588579 7 6 4 0.0092983073073324915 14 335 64 350
1037 0.065052426190924439 1.881374641943719 2.3257989193774282 3 3 3 0.140680480239638 24 319 64 483 50 612
1038 0.51792001758507267 2.3177608056283807 2.049212328540853 37 25 22 0.093813751840290532 14 547 64 490 41 366 97 418
1039 0.33585484401409477 2.2139311103294914 2.0844017681144686 37 27 24 0.27392944882604719 14 550 64 503 50 655 98 484 41 397 97 443 54 480 99 523 83 495 22 500
1040 0.27071921393684345 2.1827201659057862 2.099336319638196 41 28 24 0.18887377513442954 14 555 64 505 41 405 98 498 97 454 54 486 50 659 87 442 22 511
1041 0.03163796101717898 1.9507599751060238 2.1764483302494084 203 185 148 1.7558180254873215 14 524 64 509 67 707
1042 0.06232189855836294 1.9960927696379624 2.2980908959863648 203 185 148 0.2989603622872648 14 525 64 510 67 345
1043 0.34962921257765311 2.265780149953069 2.0781864742018294 34 24 21 0.67441364074573606 89 467 64 512 41 864 34 628 1 140 16 662 53 1127
1044 -0.86484753199726938 1.4300193096627152 2.5067713615544318 1 2 3 2.5405395288952461 38 207 95 191 64 554 50 645 19 549
1045 -0.49789770772640435 1.8072647731054987 2.4004818974713902 39 35 35 0.85805523655891014 14 565 64 557 67 761 19 694
1046 0.593717022391968 0.9855402231885263 1.3459431475352968 9 10 14 0.47377831275880578 14 813 64 599 50 26
1047 0.54094647242480143 1.2009132698173492 1.4912796520436162 120 103 41 1.3637189255019058 66 124 64 626 41 30 98 626 97 52 33 52 28 546 87 570 22 58
1048 -0.40717119351069725 0.75991654860939828 1.8059597629297364 254 228 73 0.56229171960356006 95 392 64 711 41 75 98 118 97 111 54 50 99 32 83 567 85 830 19 1003 34 57 22 135
1049 -0.58483071787947305 0.61165023837006771 3.2629277492724471 231 220 187 0.42809847911349314 51 494 64 771 67 724 41 385 98 404 97 399 54 236 94 764 36 865 8 875 84 845 52 867 45 778 69 884 90 557 72 274 31 850 84 998 18 568 20 900 88 296 40 240 79 673 42 197 70 829 82 48 26 665
1050 -0.68025787671842008 0.54667983569268619 3.2961941587648744 0 0 1 0.29598993384713984 66 530 64 773 50 841
1051 -0.56647496847872691 1.1317734826280725 2.1255183176324279 6 7 12 0.197875529248351 89 171 64 815 50 1177 41 1159 98 1077 97 1013 54 1151 33 1007 28 1027 87 1045 83 1125 85 893 19 1068 34 869 77 686 37 670 76 665 56 560 49 568 78 423 1 415 16 94 12 810 53 900 3 650 43 507 58 406 86 489
1052 -0.78498546862134733 0.98204854223576965 2.2579686154662655 40 51 75 0.17978665711492406 14 310 64 819 50 1176 41 1183 98 1083 97 1020 54 1002 33 887 28 897 87 889 99 903 83 870 85 638 19 802 89 121 34 874 37 676 76 557 56 562 49 574 78 631 1 625
1054 -1.0518125853211115 1.4801127744633742 2.5800379471098567 80 86 79 0.25857706152473292 14 556 64 858 50 975 41 991 99 794 83 791 85 769 19 621 94 339 8 646 84 312 69 353 90 276
1055 -0.44984889884388346 0.64361127581764077 1.8769112010393818 255 226 77 0.27035168153555095 14 842 64 934 50 753
1056 -0.44869289260797762 0.64459810571217258 1.8773222332811053 255 226 77 0.15984435867795627 14 843 64 935 41 623
1057 -0.61761799317939248 0.62021278264798152 1.8916311472279921 254 229 77 0.75638866364437451 14 853 64 987 67 956 41 673 98 134 97 128 34 509 94 526 37 72 78 40 1 53
1059 0.75229961130601353 1.8132405088119392 2.4406061620788329 236 217 177 0.3409691840123284 14 1020 64 1028 50 1186 41 775 98 770 97 313 54 752 33 204 28 182 19 1200
1060 0.93315899846781503 2.0478418926768205 2.3102735151298295 232 216 179 0.22568743851656009 14 1032 64 1039 50 1195 99 955 83 935 85 960 19 1398
1061 -0.5675792737711729 1.1020008195859754 2.1096033161337751 251 209 57 0.41547777366008953 14 741 64 1084 50 1166 67 1001 41 1151 98 1073 97 734 54 997 33 643 28 889 87 884 99 895 83 865 85 886 19 1059 34 604 22 1091 77 329 37 135 12 496 53 103 16 90
1062 -0.69587050453000865 1.2797317848530274 2.3414809128486604 6 4 5 0.062622832836700101 38 524 95 517 64 1100
1063 -0.2039134883833516 1.9991071486877803 2.2456013123562624 33 26 26 0.66514470420511629 38 658 95 663 64 1119 50 1269 67 738 41 1217 98 1268 97 1197 54 1176 33 1038 28 1106 87 1116 99 1235 83 1170 85 1193 19 1494 34 901 37 692 49 685 12 995 77 778 21 647 43 596 58 560 86 579
1065 0.10074034951989945 1.2481581476290327 1.7271910519788582 6 7 9 0.15057151026538693 14 1003 64 1176 41 1280
1066 1.1936616211149083 2.0323109050306671 2.3182268805721402 235 219 183 0.17807165793757213 14 1011 64 1179 50 1347 19 1389
1067 0.68880715801339154 1.7946804059056722 2.4498547534872555 236 218 177 0.55095692933938301 14 1021 64 1195 50 1352 87 895 28 678 99 935 83 911 85 939 19 1384
1068 0.6257104163980125 1.7620759159201738 2.474516424063101 235 215 175 0.24451431853990302 14 1022 64 1197 50 1355
1069 0.83739932959305274 2.0692492639930511 2.2935953466765442 232 217 179 0.22970860526227774 14 1053 64 1207 85 974 19 1411
1070 0.83691593757413962 2.069941602500311 2.2945784455127969 232 217 179 0.19366288543649135 14 1054 64 1208 50 1209
1071 -0.018515883716801962 1.4054297289539637 2.0397231371293558 5 7 12 0.30679091051619639 89 670 64 1209 50 1167 98 1066 97 1157 33 1006 28 1025
1072 -0.73940263254418748 0.62308200433404304 3.2572844765069049 2 2 2 0.31471969370646807 51 837 64 1212 94 1011 45 1007 90 953 72 738 31 1076
1073 0.49502397019794103 1.8388399191494698 2.437752036797459 228 208 169 0.12368142381281484 14 1037 64 1222 50 1360
1074 0.18260865661718553 1.8102014396254211 2.1552981706732353 217 198 158 1.4192645766242868 14 939 64 1265 94 688 8 512
1075 0.61951290562270978 2.2387614351295753 2.1356551510598205 229 213 176 0.18253176648210739 14 1133 64 1275 50 1422 19 1487
1076 0.30291333419882155 2.1219803287855012 2.1693009633234364 37 23 18 0.55110759124085096 14 1227 64 1289 50 1438 98 1117 41 852 97 1036 54 1055 37 203 49 146 78 139
1077 -0.13572045698427287 1.9151762404586292 2.2904221911625453 47 33 26 0.24443507908147452 24 978 64 1301 67 1138 41 1326 94 872
1078 -1.0445891753860459 1.1093073431018603 2.8678380267812589 126 127 119 0.70102649552730778 51 870 64 1305 67 1166 41 1344 98 1278 97 1207 54 1077 50 1236 33 1039 28 967 87 770 99 998 83 744 85 748 19 850 94 918 36 1021 8 1117 84 1084 52 1104 4 1119 45 909 69 1146 77 153
1079 -0.70037283503558856 1.7039532535256254 2.3682985139959922 73 54 47 0.48875319584918619 89 932 64 1316 50 1469
1081 -0.53276393084211138 0.36502649924777542 2.1304188904246448 255 239 90 0.99999064582790498 14 1249 64 1399 50 1288 41 1370
1082 -0.54462701853943352 1.0172957895764105 2.2124963275955136 51 42 12 0.54803042030652971 14 1205 64 1422 67 1230
1083 -0.49626787047007742 1.1205460328384365 2.1010046162062483 255 214 57 0.24612678283813441 89 1345 64 1424 50 1508 41 1396 98 1229 97 1159 54 1145 33 874 28 885 87 881 99 892 83 863 85 887 19 1340 34 1108
1084 -0.46065415643033442 0.48205222302915762 1.919322778115969 255 232 75 2.1132055563628915 41 1483 50 1566 98 1300 34 1140 22 1359 37 881 97 1231
1085 0.45034064995919248 0.90742633095672653 2.0462951112223746 0 0 0 1.1793911766764351 14 1366 64 1485 67 1336 98 1403 41 1502 54 1306 33 1147 28 1159 87 1196
1086 -0.3710349073732101 0.53385443753296602 1.8634077737672858 254 228 70 1.6458667119977015 24 836 66 1013 51 945 38 384 89 487 84 1106 52 1132 4 1081 69 959 31 925 18 900 79 1013 61 0
1087 0.67716550050203894 1.0359365347465521 1.3534527057639849 139 124 36 0.042603600907132749 14 74 64 32
1089 0.69823990916138323 0.97843182038873278 1.3655247824612422 144 128 35 0.25875623492773847 64 592 50 19
1090 1.1899118240175837 1.0340264062993076 1.7177233239743326 254 228 74 0.23156125956509405 64 15 50 21 85 18 19 733
1091 1.098040251332006 1.1953703978680617 1.6180352276459979 249 225 74 0.031269481337291988 64 30 50 37
1092 1.3718350666160486 1.5145892237093423 1.7842941385508919 253 246 82 1.3809466208195702 64 40 50 88
1094 0.054839894000379405 0.98708495286870579 2.1997695009208007 132 88 14 0.40736432507831688 14 674 50 139
1095 1.3770325398807171 1.6114842220863559 2.656350099958801 231 218 183 0.24198398993816306 95 598 50 173 19 243
1096 -0.71807811429192792 0.88097976239388953 2.1125148314390052 77 96 132 0.16537734684743347 64 346 50 252 19 155
1097 -0.46224185393975142 1.1141194818108 2.0972329289693836 253 214 63 0.49307320937135135 64 348 50 330 67 335 19 193
1098 -0.52202557098183078 1.0866033748096202 2.1222582984061753 236 193 54 0.20919893722006813 14 730 64 359 50 333
1099 -0.48092989703858857 1.1310177874494627 2.0930406313769354 134 108 29 0.11282179382059547 64 363 50 349 67 346 41 315 22 337 84 207
1100 -0.63610702915219219 1.0909224111375786 2.1416476987645008 103 72 16 0.40933906383045421 64 426 50 370 99 108 83 641 19 203 12 80
1101 -0.99129843242599125 1.1106961920290932 2.7040359872518827 149 149 143 1.9943233810497627 64 527 50 542 41 473
1102 0.50954381908847646 2.2709674006495049 2.0707617348068919 33 20 17 0.37669804729684336 64 476 50 642 54 457 19 954 16 667
1104 -0.34532830606852438 1.7567917862811213 2.4380567289537556 67 77 78 0.30778264356355767 64 532 66 366 50 647 67 395 41 459 98 540 99 514 83 479 19 642
1105 0.873840890674486 1.4298560471392581 1.3615030953521623 254 230 75 1.2893897697165628 64 883 50 749 85 1208
1106 -0.57649034380668773 0.58631691585071843 1.9042612683758451 253 238 103 0.13861099647904501 64 956 50 757 41 643 98 114 97 113 19 47
1108 -0.022548778067911921 1.0506300293050908 2.1228750535837793 188 154 63 0.43268347298243687 64 990 50 806 85 91 19 788
1110 -0.103316887079824 1.0809338986246491 2.0968216395414472 239 195 53 0.38061584397907844 64 1009 50 820 41 1059 85 98 19 166
1112 -0.35625874572426963 1.2496726880712583 2.0878124763816133 27 34 53 0.26246916790133973 64 371 50 867 41 827 98 1071 97 1009 54 998 33 882 28 892 87 648 99 906 83 872 85 900 19 1076 34 580 22 1087 77 545 37 461 12 814 16 110 53 579 3 656 21 437 43 417 58 413 86 379
1113 0.09256610468117657 1.8302515300582332 2.2156816582221825 1 1 2 2.170896870161342 64 823 50 921 98 862 54 1027 97 1028 33 903 28 918 87 915 99 993 83 966
1114 0.11746170828592709 1.8366337551928953 2.2872283781533764 1 1 2 0.09390749584875964 64 824 50 922 99 994 83 967
1115 0.051143436703657071 1.8385917334821826 2.3529389294281811 8 6 5 0.24470572397338361 14 467 50 932 41 867 98 879 97 817 87 761
1118 -1.1782434506746207 1.3441434565752037 2.6795303790345373 92 95 88 0.51453190745255639 64 855 50 968 67 797 41 994 85 402 19 578
1119 0.49470088926555617 0.76090980040029732 1.7771693739898757 122 107 39 1.3530720927922171 14 963 50 992 41 1010 67 830 97 946 99 581 83 540 34 444
1120 0.28375535718092637 0.89123709602590162 2.1158453357293214 27 32 44 0.18966091595031576 14 617 50 1019 99 850 83 828
1121 0.077046060494517635 1.2399391828667636 1.7616519682586427 87 102 134 0.35483660326222177 64 998 50 1054 99 627 85 616
1122 1.3644033756537184 1.6684251714573193 2.6124591614293942 233 219 182 0.43744180196381244 95 927 50 1062 85 669 19 1093
1123 -0.35223533333765694 1.170665745868416 2.0902416965283588 108 93 27 0.50042153396582534 14 913 50 1147 87 880 99 889 83 856 85 635 19 1060 53 111
1124 0.0088058603845786072 1.4168884985203336 2.0179758097219516 76 90 121 0.32282036863981739 64 1055 50 1163 41 778 98 738 97 716 54 707 33 161 28 636 87 642 99 673 83 643 85 902 34 540 86 67 21 70
1125 -0.025669338311776878 1.4046186567929615 2.0322549184833378 4 6 10 0.6437668935630998 64 1210 50 1168 41 1078 14 923 54 1143 28 1026 87 1043 99 1149 83 1128 85 1130 12 956
1126 1.1845294096281898 2.1663076819063636 2.2455922513364057 235 219 184 0.30427630613022494 64 1023 50 1190 67 859 98 751 99 723 87 205 83 723 85 969 19 1229 77 469
1129 0.34834055341597531 2.267153244862441 2.0840791373759902 37 25 22 0.64811122949244127 64 511 50 1267 41 863 98 1123 97 1042 33 1029 99 1182 19 1278 34 627 37 482 76 687 56 663 49 587 78 433 1 139 16 661 53 1126
1131 -0.26619328057436598 1.0783371151369361 2.0522042945195165 120 101 33 0.22733386194949612 64 1030 50 1333 99 1137 19 1329
1132 0.49028607717503847 1.9695598027591266 2.34300901006395 230 212 174 0.22608321747626095 64 1250 50 1376 99 991 83 977
1133 0.9467142719125472 2.3851867031261729 2.0651751803944447 233 218 181 0.062628088284618466 14 1125 50 1410
1135 0.18896246057561747 2.0311412442485137 2.2717069634693008 218 201 165 0.21267337158540678 64 1290 50 1434 19 1468
1136 -0.39598423849302239 1.7009637378452198 2.4563695970919568 32 35 35 0.7121483747461097 51 854 50 1441 54 1174 33 1035 28 1105 87 1070 99 1176 83 1153 94 884
1140 0.69665846630517059 0.74036049509525281 1.5857378199214869 0 0 0 0.14742548719219395 64 1388 50 1474
1142 0.31547961367020433 0.96066901259217141 1.9912696866472295 2 2 0 1.6539396128915136 64 1396 34 461 41 584
1143 -0.69657051303692974 1.1413112289575862 2.4087598479913561 30 17 1 1.1237896811400838 64 1427 50 1513 98 1359 41 1475 97 1286 97 1308 54 1255 54 1282 99 1255 83 1225 76 762 56 716
1144 -0.26428209614442016 1.7599963838409047 2.4374266306132752 29 33 33 0.29624245586271608 14 1220 50 1526 99 1174 83 1150 85 1167 19 1537
1145 -0.88283119501828367 1.5160494933138049 2.557232638469416 90 100 98 0.40535507540197874 64 1432 50 1530 98 1325 97 1256 54 1181 87 1076 85 1166 19 1417 76 614 56 602
1148 -0.19790420917337628 1.7294453504979443 2.4277164856350679 4 4 5 0.83810837202670785 64 1483 50 1611 41 1508 97 1342 98 1412 34 1224 98 1417 37 1011
1149 -0.58271903222080856 1.5452289659289369 2.4504849851767516 4 3 5 1.3450271155941851 14 1350 50 1612 19 1612 34 1234 37 1022
1150 0.67456437034121974 0.85548392268403928 1.7529148091207827 12 12 14 1.6635019452335216 64 1489 50 1621 54 1315 87 1206 99 1316 83 1284
1151 -0.29547777813757625 0.65831506477736312 1.8989648964570891 255 236 90 1.2213394194238589 50 1631 41 1519 98 1421 97 1362 54 1324 33 1169 28 1188 87 1215 99 1326 83 1294 85 1322 19 1622 34 1237
1152 0.063967167738094938 0.76220514703064812 2.1061256683325089 26 23 20 2.1818343440257144 64 1494 50 1633 85 1329 19 1626 77 883 12 1141 43 685
1153 0.93651313547093051 1.904051951447292 2.3781391114789865 237 219 180 0.31199478256565205 14 1014 64 1017 50 1181 30 972 89 1111 11 851 41 753 19 1208 34 153
1154 0.69006229349385062 0.84490083862930987 1.4282833680278799 193 204 231 0.28652389618669938 64 582 67 6 36 383
1155 0.93425024298309134 1.6182470533454323 1.2794670612546326 250 243 135 0.14478817900183361 64 62 67 16
1157 -0.4903491988692848 0.40172229342506466 2.0762821772695292 2 1 0 0.60440501061593843 64 74 67 207 36 584 84 554 94 281 52 547 45 490
1158 -0.54438902607879991 1.1013244855024278 2.1087836661027537 130 107 29 0.25668921617687229 64 379 67 357 41 326 34 237
1159 4.7682466576800886 3.7607893890292243 18.037080862233761 112 112 100 0.72986996508040958 38 242 67 376
1160 -0.24525324107403529 2.1431778776450545 3.8981130103020645 3 4 8 1.331404765280447 95 286 67 440
1162 -0.90502678752701271 1.5941660205949204 2.4614463038693422 107 75 62 0.27600388666113235 66 393 67 453 34 400 22 594
1163 -0.98434097840893331 1.6007499033212909 2.4739663052408214 50 38 36 0.15420661828547702 64 566 67 457 41 500 98 586 97 587 33 508 22 599
1164 1.2814508418825061 2.0082657299080795 2.3304956007333302 254 244 214 0.22961135886346037 64 720 67 504 41 130
1165 0.4761731513050374 1.2229465308665892 2.0514273189732068 148 112 27 0.25202068684728207 51 596 67 510 94 648 36 714 8 718 84 681 52 694 45 628 90 795
1167 -0.11422493188584364 1.3930103615082685 2.0879924153457767 86 72 56 0.008261990149080526 92 130 67 679
1168 -0.52248454583414838 0.64249043815208717 3.2473478393850175 204 193 162 0.56062822638868903 51 487 67 720 41 368 34 670 94 760 36 857 8 867 84 835 52 862 4 885 45 777 69 870 90 553 72 276 31 578 31 849 45 518 18 567 18 844 20 889 88 299 40 244 37 259 42 693 70 820 78 220 1 243
1169 -0.17338660653846477 1.8359403887995231 2.4547745737132933 9 11 12 0.35530433947548795 30 514 67 729
1171 -0.86770864180513363 1.0131534643469955 2.9143432379821288 78 81 75 0.26182626282676918 64 484 67 769 41 461 98 532 97 520 22 541 94 335 8 645
1172 -0.93578095065479872 1.1290632547808306 2.8623628767829823 78 83 80 0.20901994588779388 64 526 67 778 41 479 98 552 54 502 99 319 22 568
1173 -0.86046921414148558 1.5859988302786336 2.4909137012143003 56 42 40 0.12957316811294226 51 531 67 785 94 547 36 614 8 628 84 586 52 563 4 562 69 608 20 637
1174 0.73624472694612031 0.84504394361831947 1.4420950752565687 123 102 27 0.77553359657527055 24 649 67 809
1175 0.51993062086633401 0.82010611284838808 1.9640221472227786 1 1 1 0.49494842470859596 64 608 67 835 41 1019 98 627 33 568 28 554 87 23 34 452 22 1016 37 416
1176 0.056764755154368907 1.3785916002058953 2.0057250046090394 100 90 27 0.49112036148518212 64 1036 67 932 41 1069 97 705 54 992 87 879 34 534
1178 -0.83350731047028459 0.81043355943016959 3.1223320018612082 196 186 159 0.28414616884841404 64 1086 67 1025 94 780 8 902 36 642 84 852 52 612 52 870 4 888 69 1038 31 331 79 434 4 1053
1179 -0.96761421917522594 1.1500991327652941 2.8366645757595936 120 121 112 0.096667954975540316 64 1112 67 1042 84 842 52 855
1180 -0.54536193435935232 0.59272397640246066 3.2572368748081737 64 42 28 0.93564582195162527 51 827 67 1137 41 1315 98 1240 97 1173 33 1016 34 1118 94 901 36 1011 8 1107 84 1078 52 1036 4 1120 45 919 69 1104 90 850 72 740 31 851 18 845 20 1087 88 552 40 241 37 915 70 1015 82 303 78 829 1 835 60 538 2 772 32 558
1182 -0.36750756343915131 0.68205573924996576 1.8643978656097822 255 234 76 0.50769282517585779 66 1033 67 1199 94 977 36 1070 8 1066 84 1041
1183 -0.48936282240213336 0.56114432943570769 3.2537247640028162 150 102 78 0.94429000933132434 51 923 67 1229 41 1311 98 1238 97 1023 98 1079 33 685 28 677 34 1116 94 1002 36 1095 8 1105 84 1076 52 1103 45 1006 69 1145 90 946 72 887 88 756 40 676 37 838 76 416 78 782 78 825 1 833 70 1046
1184 -0.28479654970564022 1.9206830799823644 2.3019072379152021 35 28 30 0.69137542550109821 64 1376 67 1233 36 785 94 880 8 806 84 738 52 764 4 766 45 683 69 772 31 640
1185 -0.77955149472750662 1.1591353289017745 2.4721418844297087 26 24 4 0.69628015693414091 24 764 67 1234 41 1445 98 1361
1186 0.89673802468052355 1.5908190466858898 1.2998916419841247 211 157 63 1.17723168849011 64 1439 67 1295 41 1420 98 1333 97 1262 54 1295 28 1137 87 1177 34 1078 76 709
1187 0.49465305127154779 0.72508788261294899 1.7766154040437998 240 206 67 0.59668179544959765 64 1391 67 1296 41 1418 97 1116 34 1076 37 871
1188 -0.46376539204436762 0.34361190949874615 2.112752465172842 0 0 0 0.29720606241556113 64 1397 67 1299
1190 0.95629912145207052 0.7881975697510345 1.5871593695953536 148 129 40 1.6833011014292119 50 1629 67 1356 8 1233 84 1188 52 1207 36 1223 69 1214
1191 1.1191152063354197 2.1368129619567275 2.2571434040974596 232 217 179 0.30269879580746112 38 1030 95 1063 89 1189 14 1029 67 861 64 1026 50 1192 41 751 54 754 87 670 99 947 83 930 85 965 19 1404
1192 -0.63819051539944183 0.61954128445808476 1.9102853435269747 94 68 11 0.59179232326981734 14 677 24 149 66 203 51 292 67 962 64 995 50 774 8 286 52 541 45 485 69 762 31 220 20 782 79 113 70 717 26 106
1193 -0.377330132140547 1.3478651695678303 2.2113034606065507 6 3 2 2.2155983946870839 95 542 89 658 14 754 67 997 95 779 89 886 64 1274 30 81
1194 -0.84494550173742478 1.5813067113839887 2.4795218023515706 30 23 21 0.95959409542616825 24 1127 14 1233 66 1129 51 1036 64 1382 50 1467 67 1290 41 1414 34 1125 94 1065 36 1158 8 1161 90 1008 72 971 20 1158 37 853 49 688
1196 0.29082587841207719 0.78263521960923454 2.0595012204359198 7 7 8 0.13098910318183205 38 36 41 36 95 391
1197 -0.45231721425854299 0.63052181516835815 1.9060763724655987 255 220 73 0.17510965333496198 67 626 41 66 36 564 8 562
1198 0.38563781389465446 1.4113144303603098 2.0248858947550659 113 92 24 0.17001701376025966 64 176 41 111 98 692 97 169 54 679 33 622 28 620 87 864 99 653 83 623 19 200 77 336 21 435 86 375
1199 0.04657509231829602 1.1177825672668127 2.094082207789612 129 96 20 0.33661499505205961 67 589 41 127 98 167
1200 1.2488697585929927 2.1242344658599199 2.2793989236230061 1 1 1 0.17858617139092933 64 208 41 162 99 714 83 712 85 281 85 955 19 1217 77 613
1201 0.66548000091145698 1.8423939764881279 2.4310791100226909 79 71 54 0.13378485149685829 67 165 41 261 98 339 97 326 22 340
1204 -0.65941376451109357 0.52572342912484293 3.3000434660126436 106 77 64 0.077573657543141952 67 377 41 386 36 349
1206 -0.73430931385335863 0.83170360308185909 3.0932072512108322 85 83 73 0.32842392949181237 67 406 41 434 22 503
1207 -0.23289394856672943 1.9546100470024201 2.2644026146253604 28 19 18 0.18546924533374054 64 544 41 457 34 313
1208 1.6749112123724548 2.0264204037179203 6.4693775980911061 33 43 64 2.0103859475938974 50 539 41 462
1209 1.6749112123724548 2.0264204037179203 6.4693775980911061 33 43 64 2.0103859475938974 50 540 41 463
1211 -0.3947360107699151 1.8362031878886951 2.3520675510488709 87 97 97 0.26542466262386449 24 379 41 469 54 551 99 552 22 570 94 266 84 203 8 583 90 222 72 97 20 223 88 81
1212 -0.60270853809868496 1.6361588834434364 2.4924589733071789 67 77 78 0.10760763276288753 50 656 41 476 22 578
1213 -0.86495629584552614 1.4658304979788164 2.4488382620028126 1 2 4 1.1719546626614499 50 646 41 490 22 583
1214 -0.92351001460042326 1.6048469944711323 2.4764282780945099 43 31 26 0.34357504092107743 67 454 41 498 34 403 22 596 98 583 94 331 36 313 8 369 84 276 52 234 4 279 69 614 20 647 46 571 70 615
1215 -0.97366069144755663 1.5783657699517846 2.4935015700324752 106 72 53 0.50566531153593253 67 790 41 499 98 585 97 586
1217 -1.0313189722672207 1.5500562861431662 2.5203273707683191 117 79 58 0.26319218595621424 67 459 41 502 97 590 22 601 36 331 8 391 52 260
1219 0.57743929721323983 1.3563014131320008 1.2298977591024578 98 78 18 0.28959424466538974 67 831 41 557 98 622 97 627 54 617 28 540 87 563 34 441 76 14 49 10
1220 1.1909588768204811 2.0252550251057708 2.3106734768382324 233 217 180 0.6398976885615052 67 855 41 733 54 727 87 166 87 168 34 118
1221 0.75381272401108501 1.656916936047603 2.404894008157441 233 217 178 1.794728822515232 64 1002 41 743
1222 0.75381272401108501 1.656916936047603 2.404894008157441 233 217 178 1.794728822515232 64 1003 41 744
1223 -0.34666442910900014 1.0386493722163186 2.1955764248458496 68 51 8 0.26191837262135942 64 277 41 790 98 733 97 714 54 989 34 199
1224 -0.39909425647136376 1.0075175057011707 2.2259623938720408 68 51 8 0.20304269053435389 50 246 41 802 98 740 54 701 97 1004 99 880 85 627 19 795
1225 -0.26885492418092499 1.228601404119986 2.0967528203816888 59 42 4 0.31340628145607063 50 860 41 805 98 750 97 258 54 147 87 109 99 665 19 809
1226 -0.65270449789116691 0.57696795254524946 3.2797802976219468 227 215 182 0.40833564017144558 67 734 41 854 98 413 97 411 22 425 34 331 20 908 69 1034 37 286 70 840 1 271
1227 0.30673769368036863 2.2162900346584329 2.0842150854400674 107 77 67 0.16455508721942719 50 961 41 861 98 499 97 455 54 489 33 379 28 379 87 446 99 538 83 505 19 959 85 804 34 269 22 509 12 746
1228 -0.73231808888690053 0.6550883840592594 3.229893347579921 223 211 178 0.21917443994333197 67 747 41 880 36 639 8 893 84 855 52 615 4 892 69 909 20 918 46 872 70 851 2 620
1229 -0.76490304203600001 0.70595343245973829 3.193355101353692 224 212 179 0.36677640229147018 67 752 41 889 36 640 8 895 84 853 52 614 4 890 69 910 90 284 18 287 20 921 79 448 46 871 9 658 65 277 2 621
1230 -0.75884137923513062 0.85636703761880162 3.0715620867362103 133 131 121 0.18370697344282857 67 1020 41 900 98 508 97 492 36 871 8 885 84 844 52 864 4 884 45 775 94 775
1231 -0.99423277320860637 1.0453512904431679 2.9131152144705581 75 79 72 0.53265395260186377 67 447 41 947 98 550 97 864 54 490 33 773 28 407 87 390 22 566
1232 -0.99545135584920352 1.0742204575485923 2.8908481233963217 120 122 115 0.24702944135635482 67 1041 41 948 98 927 97 868 54 498 83 260 34 765 8 908 84 848 52 608 4 883 69 905 20 925 46 637 70 848
1233 -1.3074793794324906 1.500055044961266 2.5994755284465407 88 89 82 0.43421927780308112 50 674 41 1000 98 1178 97 1106 54 1100 33 1045 87 1004 99 1101 83 1069 85 799 19 936 22 1003 77 652 12 855 53 626 3 698 21 606 43 545 58 557 86 528
1234 0.49629315035212135 0.77726348042775395 1.9651024506440056 95 108 140 0.34403928471929784 67 1083 41 1017 98 1015 97 949 54 624 33 823 28 833 87 567 99 589 34 826 37 638 76 303 56 337 86 29
1235 0.29039239176720599 0.90315621587341266 2.0199035305323529 166 147 59 0.38619345317106363 64 1146 41 1024 98 1019 97 958 54 946 33 590 28 848
1236 -0.1752789275760753 0.63585393908103383 1.8991080871494648 254 233 79 0.33348571216242362 41 1025 98 642 97 644 22 1020 64 1147
1238 0.11359262891940865 1.8060610436259232 2.093114776888664 7 6 7 0.82809127828317619 14 941 41 1157 98 841 33 898
1239 0.55318415968549284 2.3596399023409931 2.0221565621906308 46 31 25 0.31484676922274857 50 1455 41 1171 98 1248 97 1180 54 1227 87 1113 99 1233 83 1210 19 1502 34 867 37 675 78 634 49 677
1240 0.068458276936849263 1.7987975609556766 2.2892969133226533 65 69 87 0.50286042805761089 50 1389 41 1182 98 1246 97 1179 54 1221 33 1067 28 1093 87 1107 99 1229 83 1204 85 1238 19 1535 34 633 77 815 76 684 56 661 43 627 58 637
1242 -1.139056038684146 1.3980934760307651 2.6422497981062172 126 129 121 0.16783261248519321 67 1059 41 1250 98 988 97 920 22 1224 54 893 36 879 94 789 84 836 52 593 4 863 69 894
1243 -1.1381383584541678 1.3980764472194374 2.6422846276206315 126 129 121 0.10870626499890552 67 1060 41 1251 98 989 97 921 36 880
1244 0.25786026577167442 0.94654733666336421 1.991293189349282 169 150 60 0.61040040722571343 64 1148 41 1269
1245 -0.38014581271593478 1.1053173807453414 2.1644794536795273 63 46 7 0.52609772230382179 64 1357 41 1304 34 1022
1246 -0.24187938345666532 1.2948849239007683 2.0557525180333389 6 9 12 0.2750504558893701 50 1341 41 1305 98 1227 19 1077 34 1018
1247 -0.48059050927225272 0.63035648544959544 3.2376184951072409 65 42 28 0.37955055561704459 67 1134 41 1314 97 1170 33 1015 28 1035 34 1043 8 1017 69 1026 20 1017 37 914 70 939 56 670 49 737 78 828 1 834
1250 3.1627519188332491e-05 1.93663540438952 2.2828440766578968 189 177 146 1.7742955969642495 50 1527 41 1323 98 1255 87 964 99 1177 83 1158 85 1179 19 1539 34 1112 36 762 72 658 28 1099 56 750 78 876 1 821
1251 -0.91491133129729196 1.075850651924821 2.8760584153786626 80 83 77 0.40670995213699473 67 1160 41 1337 98 1267 97 1199 33 1033 34 1060 94 781 36 874 8 897 84 837 52 858 4 609 69 885 20 1031
1254 -0.94621060412986657 1.6442171153372849 2.4526556345189152 47 36 31 0.49690915259518464 50 1274 41 1348 98 1289 97 1259 54 1187 33 1080 28 1108 87 1081 99 1188 83 1171 85 1190 34 1062 77 731 37 855 76 744 56 729 49 692 78 785 1 691 12 989 53 954 21 646 86 582
1255 -0.40059340385513048 1.1863109889136938 2.0691823950044936 90 79 46 0.28859008801156072 64 1423 41 1393 98 1313 97 1246
1256 0.18642633304197037 2.07856822541881 2.2210536831989236 139 96 75 0.84297741194396125 14 1229 41 1401 98 1251 50 1445 19 1486 90 799 72 831
1258 -0.88468703556538753 1.662396043503791 2.3819719639477173 40 28 25 1.4389221799687466 50 1533 41 1416 19 1540 16 172
1259 0.075783715468744448 1.7115726279257621 2.1536196623683752 41 48 66 1.2184428573747541 41 1439 98 1356 54 1214 87 1100 99 1257 83 1228 34 1027 37 822
1260 0.032669303183933823 1.7158866002577746 2.105845941565057 41 48 66 1.0776919365052118 64 1271 41 1440 98 1357 97 1250 33 1104 28 1087
1264 -0.022695813483357443 1.2172373590167134 2.077797145723665 82 54 7 1.5386661092082787 67 1323 41 1489 98 1394 97 1300 54 1275 33 1098 28 1121 87 1159 99 1296 83 1261 85 1271 19 1593
1265 -0.43911302646858741 1.05354367120153 2.1332756481791453 84 68 14 0.92340676486396678 50 1576 41 1491 98 1374
1266 -0.063682988416745412 1.6705688836762784 2.3096088928141576 53 62 87 1.4568737842515294 98 1409 54 1322 33 1166 28 1185 87 1212 99 1321 83 1289 85 1320 77 881 12 1128 53 1255 3 939
1267 -0.30150779165361219 1.8363703948183991 2.3639561271029468 88 96 96 1.2708569548503756 50 1615 41 1496 98 1398 54 1291 28 1151 87 1170 99 1282 83 1251 85 1279 19 1599 34 1212 37 998 76 771 56 753 49 796 78 889 1 901 12 1079 77 776 53 1220 3 819
1268 -0.45290715202248139 1.7579003732990266 2.4041737294076859 79 88 88 1.3039874893166523 50 1603 41 1497 98 1399 97 1311 54 1292 33 1110 87 1171 99 1283 83 1250 85 1278 19 1598 34 1213 77 773 37 999 76 772 56 725 78 859 12 1078 64 1488 53 1217
1269 -1.0153805297148051 1.1528384315772806 2.9095578815319389 86 89 81 1.6605124901517001 67 1335 41 1499 97 1343 36 1207 8 1193 69 1177
1270 -0.75916980965595104 1.3739382986560502 2.3978473824015119 46 57 81 0.86710218173909825 41 1516 98 1418 97 1355 64 1476
1271 -0.68147941462251094 1.3830213479167821 2.488486907901359 46 57 81 1.8182968424512682 41 1517 98 1419 97 1356 54 1329 33 1175 28 1193 87 1219 85 1318 19 1617 34 1226 76 851 56 814
1272 0.15438069038783947 1.1053784674099683 1.9920138187187122 131 107 36 1.000318749299788 67 1358 41 1527 98 1429 28 1197
1273 -0.9415658772150638 1.5449718977935336 2.528286020991152 35 27 25 0.7114935437663219 41 1448 98 1326 97 1257 54 1230 33 1042 28 1054 87 1078 99 1183 83 1166 34 1162 22 1393 69 1096 84 1067 37 925 70 932 49 741
1274 0.49605456882476345 1.089924118800035 1.280120705155696 98 109 140 0.095076674482875753 41 21 98 39 97 32 34 3 22 44 37 8
1275 0.56557114381124274 1.2003164245427773 1.2224021251360824 109 85 16 0.18054985299687515 41 547 98 40 97 620 34 812
1276 0.56285699942335898 1.2003232330990929 1.221562717477485 109 85 16 0.24378696248224455 41 548 98 41 97 619 28 27 33 30
1278 0.49983905115437571 1.13177090690821 1.3094097124638173 13 14 17 0.23251150551845781 41 22 98 43 97 38
1279 0.49983905115437571 1.13177090690821 1.3094097124638173 13 14 17 0.23251150551845781 41 23 98 44 97 39
1280 0.5015209757767225 1.2651245636350603 1.5575361803232377 89 71 17 0.18667405021327571 41 34 98 56 97 56 33 62 28 45
1281 0.48834305034047065 1.2580581613696344 1.5757213825363565 26 24 25 0.1547452996167194 41 571 98 57 97 57 33 65 28 50
1282 -0.24870367650987446 0.57102434535304991 1.9469070788327161 180 128 24 0.072560612974779296 41 579 98 59 97 63
1283 0.52110812458050992 1.0181684475723867 1.9509022798731277 133 108 30 0.3318336491534955 41 35 98 61 97 72 33 87 28 66 54 642 87 583 34 30 37 53
1284 -0.44755214051643599 0.39228205315392473 2.0486344979518027 254 247 85 0.11805923122993467 41 588 98 62 22 85
1286 -0.25930771979401784 0.69991186715794318 1.8478561458951177 171 128 27 0.042295762917664292 41 596 98 72 97 74
1287 -0.44466730583915359 0.52029963330144902 1.9542370743795214 255 233 80 0.13659172586214374 41 1037 98 75 97 80
1288 -0.498540414208135 0.45286608043155319 2.0173140822685598 176 130 29 0.095124771163455774 41 608 98 80
1289 -0.498540414208135 0.45286608043155319 2.0173140822685598 176 130 29 0.095124771163455774 41 609 98 81
1290 -0.25566466857517101 0.77313625423974774 1.8011391248044322 250 232 79 0.27791803906024087 41 49 98 84 97 87 54 38 87 31 22 104
1291 -0.56328620729659695 0.42356950553358858 2.032533280863321 171 127 28 0.08339748805724384 41 615 98 88 97 97 22 111
1292 -0.35331108965981844 0.71534849144627566 1.832452993976984 177 128 28 0.12732241744243797 41 58 98 90 97 94
1293 -0.35561575763361986 0.71557388398326138 1.8304700322541572 177 128 28 0.15554875404236265 41 59 98 91 97 95 22 116
1294 -0.50555121176943218 0.58596237196486489 1.917433193893423 163 121 26 0.22002227916443734 41 68 98 102 34 59 22 126
1295 -0.65093426454798009 0.41398342950089118 2.0351071811999706 255 237 79 0.13813700922309399 41 635 98 107 22 128
1296 -0.57086139103153999 0.5514723492997754 1.9369435052722663 179 132 27 0.069072046271572193 41 638 98 110 97 109 22 132
1297 -0.47851825991711383 0.65775081835712434 1.8675566826354972 169 123 28 0.11522732818965893 41 629 98 111 97 107
1298 -0.57947306741008076 0.58785316470534499 1.9009088501533449 255 236 82 0.020086805118026085 41 644 98 115 97 114
1299 -0.6818365928163963 0.46225248844550693 2.0017331364046549 253 234 77 0.12823660703918643 41 658 98 122 97 121 22 137
1300 -0.7005266158845157 0.49656585980417839 1.9594295556655414 139 115 28 0.032161768652588019 41 95 98 128
1301 -0.71455964526443061 0.51139600828939547 1.9646807641744488 254 233 77 0.038524132029576191 41 682 98 133 97 129
1302 0.15329593091119489 1.0747080102030353 2.1229941069614857 179 147 56 0.13998690469084371 41 90 98 151 97 147
1303 -0.59314396599820018 0.58313702808691681 2.3813206501809834 123 95 20 0.073679662732989593 41 200 98 189 97 178
1304 0.12747887036385736 1.3979039773623558 1.9847457299969551 108 95 31 0.15334327512186469 41 174 98 208 97 693 22 243
1305 -0.34656635608583208 1.016717943052261 2.184802204924706 183 146 46 0.13676830888617214 41 237 98 245 97 209
1307 -0.30550363815572057 1.0967139196896609 2.1394220294995119 78 57 9 0.17008418366582201 41 789 98 254 34 546
1308 -0.66923477265238995 0.7308622961689033 2.4885167284466596 238 195 53 0.0661927197169042 41 317 98 304 97 290
1309 0.83602760598067494 1.8843245905883421 2.3977874581658694 125 114 92 0.057367172359813604 41 214 98 311 97 304 22 312
1310 -0.73598260103615742 0.84909685621005893 2.3711034299011504 163 132 35 0.21293511627721307 41 344 98 337 97 319
1311 0.7198492339315854 1.9565466656925923 2.3539147974469987 239 223 185 0.27150351174749643 41 269 98 349 34 208 67 585
1312 0.66002807439727751 1.9265277967424754 2.3768856472377831 235 220 182 0.055797076686626326 41 276 98 354 54 289 22 361
1313 0.98807993214620704 2.3697402757504893 2.0720037192814669 117 110 90 0.10208121856692726 41 268 98 359
1314 -0.61392726131820541 0.51115685404245537 3.3014821255201516 158 110 85 0.10855523298207356 41 367 98 384 97 382 34 673 22 396
1316 0.12964797114441551 1.8483800966582331 2.0896187365981902 101 91 71 1.3650805324948514 41 351 98 410 22 421
1317 -0.60929334227578691 0.61928352089928174 3.2717143149495902 120 117 100 0.031413666953798929 41 393 98 419
1318 -0.80914749590431578 0.94470220910674574 2.4798578891075427 60 63 70 0.71798128815820883 41 874 98 424 97 798
1319 -0.62189951861940207 0.65367727600101577 3.2345338122951208 228 216 182 0.081046404497457855 41 857 98 428 97 415 22 433
1320 -0.64464617066793173 0.66849332824451724 3.2305641362522386 115 112 96 0.051649505846270476 41 410 98 440 97 429 22 441
1321 -0.65471187621029014 0.70313880634518311 3.198391821913912 230 217 182 0.076642975790215326 41 873 98 446 97 440 22 447
1322 -0.67823927603357415 0.71585101640473281 3.1950155395029709 119 116 101 0.10767396229400966 41 422 98 456 97 449 22 456
1323 -0.59688766892245904 0.86539611771632174 3.079580367108171 125 123 112 0.15872713043668918 41 877 98 466 97 452
1324 0.49481539774943245 2.3239607057836671 2.0549206278724972 107 78 67 0.23099594247782998 41 376 98 471 97 431 54 481 28 372 87 443 99 545 83 516 85 810 19 713 22 485
1325 -0.77727230948420245 1.1341525452248513 2.4290580446623862 9 8 4 0.11820187171398797 67 416 98 483 33 275 34 310
1326 0.44588295656868049 2.2989049102291315 2.0874551913548243 105 77 66 0.10968486570721526 41 389 98 485 22 498
1327 0.43178802757766765 2.2921719987338838 2.0728409916594961 105 77 66 0.26186145505161884 41 390 50 661 98 486 97 445 54 487 87 448 99 546 83 515 85 809 19 964 22 499 77 495 12 749 53 486 3 586 21 217 43 204 58 204 86 180
1328 -0.72140859204672736 0.80618440635560074 3.1164981550474495 140 137 126 0.10737892541607588 41 891 98 491 97 476 22 493
1329 -0.6927346407289211 0.88592683673663242 3.0586744667421093 129 128 118 0.054986549987799012 41 894 98 500 97 484 22 506
1330 0.25016803593566794 2.1524698921625371 2.1313184582512958 111 80 69 0.12234916821646886 41 409 98 501 22 510
1331 -0.4793956911467796 0.87564833289745614 3.3911204135294732 122 120 109 0.12824120655769738 41 428 98 502
1332 0.18141342180454806 2.1562134783781977 2.1201437066365116 105 76 65 0.16430906918555752 41 876 98 513 97 477 54 503 28 385 33 390 87 454 99 542 83 793 85 549 19 953 22 527
1333 -0.069217055275377831 1.9301187236753508 2.277788332625255 90 67 53 1.1847177140641103 41 893 98 521 97 500 97 1060 33 401 56 434
1334 -0.21622849300736785 1.8188178113996087 2.3975489422693737 66 76 77 0.20918307442164796 41 450 98 531 97 514 54 513
1335 -0.92496088940952648 0.98268780108592901 2.939404938142963 80 77 66 0.16240309232705677 41 468 98 537 97 526 54 452 64 492 99 203 22 547
1336 -0.2924674512003444 1.8146328620840952 2.3995816835948651 62 69 68 0.13733545885733775 41 924 98 538 34 682
1337 -0.8434372817653456 1.168031433345003 2.8490536940508084 101 102 93 0.041139047694481734 41 471 98 546 22 560
1338 -0.93382466998687719 1.1291314108612529 2.8664688046339348 73 72 63 0.16653844963166306 41 478 98 551 54 501 34 393 22 567
1339 -0.72335444005268601 1.2720714395944785 3.0162827982338034 58 60 52 1.5227294923071761 41 474 98 556 97 550
1340 -0.87919443647170459 1.2871638385300828 2.7455051542743982 58 60 52 0.027987303266203863 41 484 98 557
1341 0.70325968060115707 0.8081841411816888 1.5013068149257498 2 2 3 0.38832877755701106 41 1004 98 594 97 606 34 808 22 609 76 272 56 297
1342 0.58900799191318609 1.1685275777096864 1.1579840856417563 111 86 16 0.18128482313889557 41 538 98 602 97 610
1343 0.69513089672786177 0.83540103469658555 1.6414429007679086 141 117 53 0.94683128821617457 41 14 98 607 97 622 28 821 33 542
1344 0.61029794445891095 1.126542035683705 1.2673110576437299 142 128 46 0.18097969014615933 41 541 98 608 97 614 33 23 28 19
1345 0.59928479182639194 1.1265061647352859 1.2604297010082792 142 128 46 0.075673600956418619 41 542 98 609 97 615
1346 0.50714064585588214 1.1109649078587107 1.2719797623317826 16 13 6 0.18316258659502496 41 545 98 612 97 618 54 916 33 536 28 819 87 796
1347 0.51265658010162329 1.0837524672037011 1.3230376320986537 26 27 32 0.53979346639470571 41 546 98 613 33 540 28 529 87 4
1348 0.54908382251764276 1.208819138583036 1.2883115603093733 130 115 32 0.21592943121823829 41 25 98 615 97 42 54 23 33 40 28 32 87 12
1349 0.51915183588677694 1.2565129812423863 1.251713174309272 139 124 43 0.16614558387109435 41 553 98 617 97 626 28 34 87 14
1350 0.53854197597292142 1.1682047433079676 1.4394118474109836 116 94 24 1.2012856941854315 41 26 98 619 97 46 33 555 54 616 28 541 87 807
1351 0.56548253023952577 1.1659525904802224 1.4461611032759276 116 94 24 0.65785925979400384 41 27 98 620 97 47
1352 0.47492970798704237 0.84103676093195445 1.7697029629064178 25 31 43 0.34420762897725976 41 28 98 621 97 629 54 615 33 556 28 543 87 562 99 587 83 547
1353 0.49193361812431857 1.2880223366051065 1.3110340923492891 126 115 37 0.22622338066547512 41 565 98 623 97 630 54 622 28 37 33 47 87 18
1354 0.49084481560946575 1.2879925838542172 1.3101419130892404 126 115 37 0.27130004653153111 41 566 98 624 97 631 54 621 87 17
1355 0.59760639027399576 0.95046680941561101 1.9178085399615059 2 2 1 0.22573842810067712 41 569 98 631 97 640 33 572 28 562 85 44 76 306 56 340
1356 0.47515422289870018 1.281956418209558 1.5978063838002885 20 17 13 0.44589268650672065 41 37 50 107 98 644 97 645 54 46 33 82 28 573 34 27 76 46 56 57
1357 0.53569409484278563 1.0434452015106228 1.9544662863461073 32 32 41 0.14855252448485326 41 574 98 645 97 650 33 589 28 846 34 32 37 55
1358 -0.21529312964472402 0.68569366233813034 1.8554728531632014 253 235 81 0.17380705575888453 41 1028 98 646 97 646 22 1021
1359 0.49588297559755001 1.3001850758497944 1.6509226678852795 93 73 17 0.22868897630711579 41 576 98 649 97 651 54 950 33 833 28 845 87 834 99 860 83 832
1360 -0.46616445447251031 0.5026810501920741 1.9913645055979832 253 234 79 0.35068704840649473 41 1040 98 652 97 89
1361 0.2832055964273103 0.88794631848609762 2.1174527285781801 30 33 39 0.14682400280593635 41 587 98 654 97 659 54 951 33 596 28 588 87 836
1362 0.21977251743614992 1.0743944931157738 2.1341812015465376 123 95 22 0.18248887350623397 41 642 98 676 22 698
1363 -0.0023662801856237895 1.229733306729492 1.8081127727396107 100 114 145 0.24307980290882902 41 694 98 678 97 677 34 510 37 428
1364 0.41387910724252214 1.4052793226779492 1.9963316703389216 31 38 51 0.18522851252581565 41 671 98 686 97 681 54 673 50 829 33 617 28 613 87 621 99 648 83 616 77 332 76 346 21 431 86 225
1365 0.41300742020910869 1.4052932375765381 1.9955230292366641 31 38 51 0.14666842088272453 50 830 98 687 97 682 54 674 33 618 28 614 87 622 99 649 83 617 85 631 19 801 22 711 21 432 86 226
1366 0.38252874323291952 1.432968461815525 2.0471443338892494 80 55 9 0.23081794456097982 41 708 98 695 97 688 54 684 33 625 28 625
1367 0.36631117748447573 1.4628656608491859 2.1131210227110628 85 58 9 0.31296395263945259 41 151 98 704 97 699 54 698 50 850 33 635 28 631 87 633 99 897 21 444 43 422 58 423 86 386
1368 0.37215049369701297 1.4641513617873061 2.1142282695474832 85 58 9 0.29808455102617437 41 152 98 705 97 700
1369 0.092891503402435016 1.3826455744886177 1.9916007030640182 8 9 13 0.078927064817999118 41 747 98 709 97 698 54 983 28 873 33 862 87 872
1372 0.33614836371897011 1.4947814759655624 2.1663385265488158 87 56 9 0.30692698863904755 64 757 98 720 54 995 28 641 87 886 83 876 99 678 21 453
1373 0.9498941903213981 1.6626599939329965 2.5984662736332051 235 217 179 0.22940005349806 64 973 98 729 97 250
1376 -0.46179551552731252 0.95308020956140127 2.2300522628655899 254 217 63 0.20328144612441817 50 842 98 739 97 229 54 695 19 792
1377 -0.48162692581314709 1.0015826288575242 2.2109618498802917 171 178 200 0.16968452842310816 41 1106 98 749 97 723 34 581 37 462
1378 -0.74861888496834061 0.87779105451329242 2.1195505209404488 75 94 131 0.22480812695215555 41 829 98 752 22 829
1379 -0.79985036423325917 0.84217378621337557 2.1273744280440465 98 113 145 0.084663767481093485 41 830 98 754 22 329
1380 -0.44820352317363615 1.1612717716662009 2.0714159024937411 255 216 59 0.17566978075215348 41 825 98 762 97 727 54 710 33 163 28 140 34 579
1381 0.91685268046850865 2.0455398473019266 2.2985580088871576 232 218 181 0.1834172990708563 41 771 98 772 54 758 87 674
1382 0.92465656031983401 2.0484463606380849 2.3043439894924336 232 218 181 0.17622614723205368 41 772 98 773 34 173
1383 0.71154431697584097 1.9282922683241628 2.3761969240708551 112 103 83 0.089288987882244458 41 800 98 790 97 752 54 772 87 682
1384 0.64499595659803066 1.8799391441831028 2.4100459548789099 111 99 73 0.3523472703854878 41 810 98 797 97 761 54 774 33 687 28 688 87 685 99 954 83 929 77 608 43 347 58 481 86 138
1385 0.86780949779378069 2.2804108340562257 2.1461757215875394 230 217 180 0.092069000479588325 41 1104 98 824 97 778
1386 0.86780949779378069 2.2804108340562257 2.1461757215875394 230 217 180 0.092069000479588325 41 1105 98 825 97 779
1387 0.13211433186548299 1.7726278851309207 2.2225537767256123 48 55 75 0.88363092864301707 41 343 98 848 97 1169 54 1160 33 1019 28 1036 22 878
1388 0.092272211902072465 1.7622024770553355 2.2203444198161018 59 64 84 0.20812806433976411 41 354 98 856 54 800 83 726 50 521
1389 0.60369745707104683 2.3192639774080743 2.0292640735945446 152 105 82 0.46789493100460461 41 834 98 866 97 392
1390 0.41870000550054237 2.1298199192341745 2.1826489518040391 227 211 174 0.29382600650855584 41 1170 98 869 97 410
1391 -0.061172402078486114 1.7241841999384808 2.3060036024779085 63 71 94 0.31367581299557779 41 859 98 873 97 810 54 1035 50 917 33 909 28 718 87 914 99 980 83 740 77 436 53 255 3 461 21 346 43 457 58 463 86 302
1392 -0.68467297263874594 0.80387944714058734 3.1300607785867398 145 141 126 0.55288346711436254 41 885 98 878 97 823 33 353 28 339 34 918 37 713
1393 -0.024830161439370869 1.7875903206453525 2.3577457893345191 52 64 91 0.28487448611855282 41 871 98 882 97 820 54 850 33 919 28 934 87 932 99 1018 34 288 22 895 37 487 76 589 56 587 49 424 78 153
1394 -0.79901672130318457 0.75500369638380016 3.1639169872758819 197 187 161 0.16207069386566506 41 899 98 888 97 827 33 371
1395 -0.82090783501124365 0.82326187590302036 3.0957963464691507 193 183 157 0.12492567864841253 41 909 98 891 22 905
1396 -0.82090783501124365 0.82326187590302036 3.0957963464691507 193 183 157 0.12492567864841253 41 910 98 892 22 906
1397 -0.83757295344908178 0.80540024648538544 3.1164609955520794 198 188 161 0.19261077164848772 41 911 98 893 97 833 33 384 28 367
1398 -0.8712148828447035 0.85308125463081985 3.0787326028260371 173 168 146 0.2364991974974999 41 918 98 898 97 840 33 392 28 377 22 531
1400 -0.66186962779888237 1.4030520481203121 2.4278675672332319 58 66 89 0.20480664378449048 41 922 98 903 33 926 28 939 87 921 19 856 50 926
1401 -0.97547555998604085 1.0384450834538919 2.7185832380269881 125 125 116 1.6298876962429671 41 932 98 911 34 735
1402 -0.34171549445629773 1.7344991158330121 2.4378514606776895 6 7 7 0.15937939501920362 41 921 98 912 97 844 34 685
1403 -0.69372065447475229 1.4244325360688621 2.4910712159033777 58 67 91 0.32280574755768832 41 464 98 914 54 865 33 931 28 944 87 765 99 1007 83 746 85 953 19 860 22 928 77 421 76 596 56 591 12 569 53 174 21 349 86 310
1404 -0.80798970334172204 1.1641076379484228 2.8391592369688463 96 98 90 0.2194214484724947 41 933 98 916 97 852 8 879 84 605 52 585
1405 -0.3877738578234991 1.7124848925592797 2.449913652086555 7 7 6 0.17192742294946481 41 926 98 917 34 694
1406 -0.95812065020801773 1.0070736519914649 2.9077201422304801 130 130 121 0.076651677119790831 41 937 98 918 97 855 54 466 33 414 28 397 87 364 34 936
1407 -0.83836817455892199 1.2139831607485494 2.8006344744101987 101 103 95 0.20529835210240507 41 942 98 921 97 858 28 409 33 424 34 743
1408 -0.84064241634120984 1.2143919926148465 2.7957390495879664 101 103 95 0.13596014624151337 41 943 98 922 97 859 28 410 33 425
1409 -0.93145066083329131 1.1043290124800069 2.8733406849808585 117 119 111 0.073596622083287003 41 944 98 923 54 491
1410 -0.73796533015771137 1.452295653331781 2.5428790759670781 50 62 88 0.77052638727079092 41 472 98 924 87 969 99 768 83 1021 85 763 19 870 22 569 77 596 12 582 53 620 3 688
1411 -0.90563152448491047 1.1836359029820054 2.8107466612499943 114 115 106 0.044081719815409315 41 946 98 926 97 866
1412 -0.78673897542819893 1.4190617123943825 2.5738153653574258 50 61 85 0.18195613773193911 41 480 98 930 97 863 54 869 33 945 28 960 87 772 99 767 83 761 85 761 19 525 22 577
1413 -0.96840482711397313 1.1535387115231741 2.8293376361860418 120 122 113 0.033778254450671563 41 952 98 934 97 876
1414 -0.97119912172228939 1.3567743414193008 2.4769221887443496 83 86 80 1.677661957279319 41 961 98 935 97 874 54 1079 28 415 83 1143 50 1525 99 1017
1415 -1.0282041435943214 1.123334252090433 2.8513411597869802 125 127 120 0.06385228218724219 41 956 98 938 97 881 54 515 28 423 33 437 87 434
1416 -1.027288193229039 1.123108999065821 2.8525953386827165 125 127 120 0.044421063839408914 41 957 98 939 97 882 28 424 33 438
1417 -0.77053357676668077 1.5621259248877095 2.5282159453056066 70 82 83 0.41210089891148449 41 1237 98 948 97 888
1418 -1.0419338414102146 1.3799442727633082 2.6586290512543553 120 123 114 0.053772318302533435 41 1242 98 962 97 904
1419 -1.0413918678279919 1.3800791513473674 2.6597721451712864 120 123 114 0.089832017039747261 41 1243 98 963 97 905 28 486 33 491
1420 -1.0452721030241618 1.4055477419050961 2.6485021618185356 81 86 80 0.18761014865770462 41 980 98 968 97 582 54 584 33 499 28 492 87 512
1421 -1.0473618637758633 1.4056386120271198 2.6464743638235717 81 86 80 0.13580079306988715 41 981 98 969 97 583 28 493
1422 -1.0777690195755789 1.4309169968920783 2.6171750610353492 125 128 119 0.15312920459511967 41 989 98 977 97 914 54 889 33 791 28 795 87 526
1423 -1.0763659845127866 1.4314103644939649 2.6177568497759731 125 128 119 0.2914523797898303 41 990 98 978 97 915 54 890 50 973 87 527 99 547 83 489 34 795
1424 -1.0004517890191706 1.5385603869969533 2.5256874333214925 38 27 23 0.18246462363771904 41 986 98 979 97 911 34 404 37 369
1425 -1.1437670952643983 1.423964784530023 2.6324337060166072 92 95 87 0.43571730892049165 41 1252 98 990 97 923 54 898 33 515 28 505 87 532 34 800
1426 0.67262972364292695 0.84455834709712496 1.4634136722309725 117 131 163 0.2087583858451792 41 1256 98 1001 97 936 34 977
1427 0.66399241385233354 0.85054985685496554 1.4655747719348928 117 131 163 0.97383481600894062 41 1257 98 1002 97 935 33 808 54 909 28 813 87 546 34 976 20 1042 37 773 46 976 70 962 76 619 56 610 49 642 1 795 6 867 71 802 55 471 2 705 32 439 25 356 5 459
1428 0.53688309885106456 0.80810412695802503 1.7040343591481817 80 97 129 0.27387703900638216 41 1260 98 1010 97 943 54 920 33 815 28 824 87 555
1429 0.76392650451288802 1.4734302406690361 1.2121984130628394 245 208 66 0.010739548195652367 41 556 54 620
1430 -0.23363563097430173 0.73219082920399892 1.8301383773114268 253 235 81 0.58670561351512984 41 1031 98 1018 97 648 54 635 87 30
1431 -0.41701939067888555 0.72874969182393334 1.8029915900994331 254 234 81 0.29381711750170691 41 1277 98 1021 97 656 33 75 28 569
1432 -0.36044114064088462 0.75677410932494316 1.8215516963161913 160 117 23 0.24230610841182773 41 1044 98 1023 54 944
1433 -0.35318563999885721 0.85542055603871303 1.8485426848434332 28 33 47 0.24921438116247019 41 1283 98 1034 97 970 33 837 28 851 34 502 76 311 56 342
1434 -0.5697498499129503 0.60423349984134056 2.3780741892573718 31 32 41 0.10365252135505729 41 1070 98 1052 97 991 33 857
1435 -0.59651993617265031 0.56652357382664587 2.583562328274593 3 3 2 0.11228575651342328 41 1081 98 1058 28 874
1436 -0.5947573205227723 0.56622272065505375 2.5868392857423141 3 3 2 0.13769081971864294 41 1082 98 1059 54 973 28 875 87 861
1437 -0.29741645630181524 1.1575214749053258 2.0475908483953131 14 12 15 0.16638858514897276 41 1080 98 1060 97 1000 54 985 33 865 28 876 87 870 99 882 83 853 85 879 50 1119 19 1056 34 542 77 528 37 449 76 543 56 551 78 74 1 87
1438 -0.59907977522863654 0.57203887397371977 2.635198278835615 143 147 170 0.42071304390425029 41 801 98 1062 97 720
1439 0.33852619343084356 1.5304897205154642 2.2001425420485945 116 96 25 0.12337668333004935 41 1072 98 1064 97 1006
1440 -0.79446755982675266 0.89551186352304546 2.3597766493206067 97 68 10 0.13815899098731549 41 1175 98 1080 97 766 33 653
1441 -0.82957933243332405 0.89748321175526224 2.3655538784789321 111 117 140 0.19685201700927185 41 1188 98 1085 97 1022 33 890 28 898
1443 0.6766517980158282 2.2680607716086683 2.1152927242035937 231 216 181 0.26008669282154817 41 1147 98 1093 97 796 54 1038 33 324 28 717 87 931 99 1062 22 1150
1444 -0.72891716069361367 0.72768792456935272 3.1610660289911534 212 200 167 0.36228945284864655 41 1204 98 1112 97 1044 28 712
1445 0.30416393691219779 2.0877372649533013 2.2223889123372214 223 207 171 0.25369811671525822 41 1187 98 1116 97 1035 87 950
1447 -0.95882824583358384 1.0304151287718739 2.4128958688306503 100 111 136 0.2469239570447137 41 1209 98 1121 97 819
1448 -0.064938079448315061 1.797486305962531 2.3541459163057223 1 2 3 0.6393421347411361 41 1200 98 1126 34 888 78 651
1449 -0.83056469229109942 1.1319358326945335 2.8572680482407669 65 69 63 0.16614231498763177 41 1223 98 1146 97 1078
1450 -0.81548845208868748 1.3656762978770312 2.5143910868119317 59 67 91 0.23084964152241982 41 940 98 1151 97 1079 54 1072 33 933 28 779 22 935 21 491 86 442
1451 -0.96146278099000659 1.0754968051668488 2.8826472383627628 71 75 69 0.35516753554493313 41 1231 50 1223 98 1154 97 1086 54 1066 33 941 28 955 87 943 99 973 83 940 86 453 21 360
1452 -0.53463207234583088 1.6465010341380657 2.4809640840134866 7 7 7 0.62596806308884212 41 1224 98 1156 97 1084 54 537 98 549 28 962 33 946 87 469 22 1213
1453 -0.33853762684392835 1.8897722668762873 2.3211120840277077 29 22 22 0.29706570746712829 41 1221 98 1157 97 1081 33 775 28 966
1454 -0.77456983747272756 1.4517932349770253 2.5830480524605242 2 2 4 0.14961033922581318 41 1234 98 1158 97 1090 54 1082 28 965 87 977 99 1059 83 1030
1455 -0.46768542657876655 1.8268102993766722 2.3573284522466218 30 22 21 0.13825170726312386 41 1229 98 1160 97 867
1457 -0.7030484309283147 1.5586042095297605 2.5445434061568859 7 9 12 0.076818679447757707 50 1261 98 1163 97 1092
1459 -0.69292516145348715 1.7065555768154732 2.3804823875351766 72 51 41 0.47017623449243207 41 1343 98 1167 97 1094 28 450 33 459 34 926 37 556
1460 -0.89227180524168792 1.6131148477196602 2.4251578102831499 106 73 54 0.16768351270174264 41 1239 98 1172 97 901 54 886
1461 -0.99874590873040969 1.5645087670987057 2.5361602150094602 124 85 62 1.2762779087995322 41 1248 98 1175 97 1101 54 900 33 794 28 800 87 792 22 1227 49 622 37 759 78 707
1462 0.63412043554925379 0.89405323956480798 1.4321251246569531 9 10 12 0.41240241386584803 41 1356 98 1181 97 1110 28 814 54 910 87 794
1463 0.59623577120103777 0.93973282486504872 1.383351092503172 135 147 176 0.40708022073288408 41 1258 98 1183 97 939 33 809 54 612 28 525
1464 -0.66479531101341072 0.54512962815682764 1.9532416252782157 255 236 77 0.63037495684223477 41 1377 98 1205 97 964 33 584 28 580
1465 -0.7344508619957697 0.57864529315129565 1.9468157569826234 106 92 23 0.31888357738614337 41 1379 98 1208 97 1133 34 1094
1466 0.0068696228608293363 1.1538957963352143 1.8268846382299366 210 182 67 0.42756676757007062 41 1374 98 1209 97 1136 33 989 28 862
1467 0.019369919896678581 1.1544392758284174 1.8348810322332985 210 182 67 0.24162168120250541 41 1375 98 1210 97 1137 54 1122
1468 -0.59488975521624421 0.59833248292359797 2.454290266160684 156 0 0 0.19141932984872795 41 1297 98 1219 97 1152 33 860 28 871
1469 -0.31376817595225132 1.0784527822866437 2.1512299521643055 68 49 7 0.35395444362765643 41 1388 98 1223 97 1156
1470 -0.61997077587639071 0.65365950836645514 2.5586107817175678 92 66 11 0.20013965788127108 41 1307 98 1226 97 1158 33 872
1472 0.66959049572601448 1.8690162127367833 2.3858680363228566 232 216 178 0.53966225277687785 41 1300 98 1235 97 1015 54 1011 33 897 28 908 87 900 99 944 83 924 85 949 22 1298 77 451 21 160
1473 -0.84814311628030392 1.1409131605727243 2.5138595385628624 80 82 74 0.92878974552389537 41 1212 98 1253 28 1045 54 1220
1474 -0.83906577609119315 1.2353328208250771 2.3789742166064816 5 6 9 0.50300261541702918 41 1329 98 1257 97 1185
1475 -0.79859750634481363 1.0933167077632471 2.8640616505894361 114 114 104 0.28707075925446446 41 1331 98 1261 97 1193 34 1054 37 849 49 686
1477 -0.79518936979166277 1.1373516109787847 2.8218136950129504 69 73 67 0.20691964580647226 41 1333 98 1263 97 1195
1478 -0.84773950791674979 1.104095559218544 2.8652164771981798 77 80 75 0.45235895146197475 41 1335 98 1265 97 1198 54 1171 34 1057 76 701
1479 -0.93143879651394579 1.1612920090750305 2.823094813718205 112 114 104 0.38555517986021287 41 1409 98 1271 97 1203
1480 -0.99686536104825563 1.1297468299792985 2.8357728506872686 117 119 111 0.13665170468662516 41 1412 98 1274
1482 -1.0869768691501813 1.1592333944323918 2.8281326587625166 128 129 120 0.29696934628142585 41 1345 98 1281 97 1210 33 957 28 976
1483 -1.1812046743451128 1.3044633005729589 2.7253585075993962 126 128 120 0.17192971108046753 41 1351 98 1288 97 1215
1484 0.5571794608604933 1.2188807824317422 1.1684907569604823 151 130 43 0.77417851571552376 41 1358 98 1292 97 1218 54 1102 33 965 28 987 34 1071 37 775 76 621 56 609 49 641 78 346
1487 -0.57713491737582012 0.64079376897278428 3.2642403779855949 218 203 165 0.29732355900889851 41 1400 98 1317 97 1178 54 1154 33 902 28 912
1488 -0.86416334346138102 1.194449849914188 2.8058224376348639 103 105 96 0.31392740745649872 41 1406 98 1324 97 1255 33 1037 22 1389
1489 0.54528406029804055 1.1358785871284196 1.589645578946133 163 148 90 0.48312921965114658 41 1362 98 1330 97 1224
1490 0.86340972353917023 1.5865377125458198 1.285077817020434 211 159 43 1.780270874618199 41 1419 98 1332 97 1261 28 1136 54 1294 87 1176 99 1304 83 1270 34 1077 76 708 21 681
1492 0.34688342956532608 1.140196360556345 1.9672778448311443 0 0 0 1.4306995186443388 41 1425 98 1338 97 1236
1493 -0.05959475353970798 1.0275910430429234 2.1357539561536072 48 35 6 0.24556458343046678 41 1430 98 1341 97 1274 33 1056 28 1073
1494 0.022029299353653976 1.3182760521736059 2.0885147760646907 105 87 22 0.94264324214407635 41 1434 98 1345 97 1276 54 1209 33 1058 28 1077 87 1097 76 726 56 642
1495 1.2584636162532838 2.0233634136868388 2.3347458083543398 221 206 168 1.8001082051907802 41 1431 98 1346 97 1243 33 1062 28 1083 99 1277 83 1246 85 1294 34 1098 76 674 56 652 86 512 17 689
1496 -0.52282472391338175 0.9933674131360849 2.2151414198906454 89 72 19 0.74511953843174494 41 1437 50 1577 98 1350 97 1279 54 1212 28 1078 33 1005 87 1096 99 1215 83 1191 85 1225 19 1559
1497 -0.77302936264574229 0.82666580144417701 2.2427327775990658 152 0 0 0.25425302042813891 41 1438 98 1352 97 1282 34 1191
1498 -0.66175454351871965 1.450598334447464 2.5437750933776666 50 59 80 0.827649090994929 41 1446 98 1362 97 1310 54 1290 33 1134 28 1150 87 1169 99 1280 83 1233 99 1261 85 1258 19 1563 77 814 76 806 12 1035 53 1170 3 851 21 643 43 584 58 597 86 608
1499 0.54617565525682743 1.3350353422987153 1.2448606541474216 101 89 25 0.27077009935446561 41 1453 98 1365 97 1291 34 1132
1500 0.55336746547651428 1.1959220004086617 1.4651928092487871 69 49 11 1.2842459206806416 41 1454 98 1366 97 1292 33 1114 34 1133 22 1426 37 930 76 780 49 774 78 840 1 804
1501 0.52316602389745592 0.89044943647134001 1.9281963243567499 113 86 19 1.4533871839544006 41 1456 98 1368 33 1116 28 1138 34 1173 37 962 76 783 56 766
1502 -0.09817773959116452 1.4371793666607968 2.1243598133185428 88 71 17 1.9309058417078988 41 1469 98 1378 54 1301 87 1187 99 1298 53 1232 3 906
1504 0.58111199404226233 0.91383206550099438 1.8286039731917969 0 0 0 0.29352328034804059 41 1455 98 1388 97 1316
1505 0.59777041665041131 1.4268906199163665 1.3796886835502471 104 90 26 0.85961815608065495 41 1481 98 1389 54 1305 33 1143 28 1166 87 1195 99 1306 83 1269 85 1303 19 1606 86 648
1506 0.45571927195972467 1.0046607093882189 1.9045340546369789 117 97 25 0.44483715566272003 98 1402 97 1333 33 1152
1507 0.039724598055031785 1.0886474727446018 2.0914698444115456 158 132 38 1.1182172373733421 41 1514 98 1407 97 1338
1509 0.81957823594222856 0.7570790044368888 1.471081320940681 139 121 44 0.57328076798074745 41 1518 98 1413 97 1344 33 1140 28 1154
1510 0.21437283022381309 0.84974024710191065 2.2720329403534198 22 16 9 1.8869148794511481 41 1511 98 1422 97 1347
1511 -0.52826186476420078 0.50859899777713824 3.1007527663470662 0 0 0 1.2547785329643117 98 1423 97 1364 33 1171 28 1190
1512 -0.68124530842231923 0.68925580394686681 3.1792981800060964 161 154 131 1.440800336990405 41 1523 98 1425 97 1352 33 1160 33 1173 54 1320 28 1172 28 1183 87 1189 34 1247 37 1030 76 853 56 816 49 831 78 918 1 926 55 642 60 614 32 603
1513 -0.15155225177837545 1.822119263475461 2.3949716179924194 5 7 9 0.28770668773358427 41 902 98 902 97 835 54 1071 33 763 28 775 87 966 99 1171 22 914
1514 0.33134822668466535 0.76019394947831975 2.1647682486969306 4 4 4 0.32330990999208536 41 575 98 65 97 83 22 647
1516 0.91336108184863962 0.68058234742262624 1.60596937364528 156 137 51 0.075804801341824407 98 9 97 11 22 4
1517 0.52204824335194233 1.0013804839968132 1.3138021702327973 172 181 204 0.11301148412481879 98 31 97 26 22 617 41 540
1518 0.81089142779658174 0.86366860403001777 1.6599891502013884 112 76 11 0.17410172510644714 98 33 97 33 33 32
1519 0.81089142779658174 0.86366860403001777 1.6599891502013884 112 76 11 0.17410172510644714 98 34 97 34 33 33
1520 0.80489540858821718 0.88587431997601407 1.6399628349771189 136 112 40 0.33084802638074057 98 35 97 36 22 37
1521 0.54308807250118685 1.2100783455769937 1.2858318229217882 133 118 35 0.15932192160082237 41 24 97 43 33 39 28 33
1522 0.57135672965384221 1.1959149344571594 1.5107916512509074 118 104 44 0.4700358897401819 64 625 97 51 33 51 22 57
1524 0.5120314910056436 1.2084401497355914 1.5532904489716945 127 109 40 0.19441337272952608 41 570 97 55 22 67
1525 0.2767951810264575 1.1116223821547888 1.6573124392030767 2 1 0 1.9881688770347949 98 1197 97 65 22 79 49 699
1526 -0.45148150565560141 0.54636388849117534 1.9378170348043713 227 8 1 0.1270771851568247 98 650 97 86 54 633 28 46 87 29
1527 0.48849106748436588 1.0458399657777349 1.9960644314362879 114 69 13 0.22137267439849215 98 76 97 99 33 97 28 75
1528 0.32208195520889299 1.2902058376919938 1.6648959430587427 101 66 11 0.15397231921339047 98 109 97 108 22 120
1529 0.37572091692639942 1.3618376102947964 1.7340931325435631 108 91 21 0.13966893767753552 98 135 97 132 54 662 33 106 28 596 87 600
1530 -0.38175070656503163 0.89654730892185819 1.8483790034836201 122 134 164 0.19751283027335359 98 146 97 137 33 104 28 83
1531 0.10766098873226942 1.1247522744820344 2.0733085468258059 170 142 60 0.048089663983927465 98 160 97 155 22 177
1532 0.1014238618692694 1.1710579810527402 2.0550094289881953 174 144 60 0.2171216079875172 98 689 97 161 33 123 28 106 34 521
1533 0.38597683982840103 1.4111263219458186 2.0257269608904065 112 91 23 0.20561355213536123 64 175 98 691 97 168 54 678 33 621 28 619 87 863 99 652 83 622 19 199 56 103 76 352 86 374
1534 0.032996955525131037 1.1799194800224921 2.0490521240441897 165 136 54 0.22457593564310749 98 172 97 170 33 128 28 109 34 97
1535 1.3825231030249763 1.5398268449788652 2.6920916307531479 71 44 28 0.31547272974410984 98 161 97 173 54 89 87 106 99 107 83 115 85 658 22 163 12 175 53 642
1536 1.3977234412461148 1.6134637131861604 2.6582301656499019 237 223 186 0.39706852272991383 98 168 97 177 54 99 87 112 50 1053 22 704
1537 0.34174624531297682 1.427482422735147 2.1136033609983214 92 59 8 0.13614435658686019 98 200 97 188 54 98 50 261 33 148 28 130 87 98 83 100
1538 -0.32449146347020114 1.2360487432314493 2.0689464168705789 167 179 208 0.1426657971581759 98 758 97 268 33 165 28 141
1540 1.1717760886163893 2.0919237014976941 2.2845362766947366 106 100 83 0.44049852693555691 98 275 97 271 33 195 28 169 85 757 77 463 21 359 43 474 58 487
1541 0.83213254973135897 1.8838843012538242 2.394336916192247 110 100 80 0.056232245199230736 98 312 97 305 22 313
1542 -0.17399416280259636 1.4038010237442444 2.2774476723459083 101 81 21 0.84488121388085702 98 813 97 343 19 838
1543 0.57302054191125928 1.9077162721196246 2.3963120283999477 128 114 87 0.1290232763835025 98 367 97 352 54 312 87 249 99 255 83 267
1544 0.92960850367798198 2.5002240620479679 1.9395414446379624 118 85 72 0.20279612211105347 98 389 97 354 54 413 28 310 87 378 34 190
1545 -0.30381409621019873 1.3565788050291536 2.3083635206102429 82 75 20 0.13545714107203902 98 390 97 357 87 186 99 150 83 145
1546 0.54281838871894728 2.2251473453527519 2.0634415097750614 235 218 181 0.33355103731887059 98 860 97 385 49 105
1547 0.43006310968138933 2.1004295033687188 2.2388171580807152 107 99 80 0.16558480400505673 98 445 97 409 22 452
1548 -0.18297322242817474 1.6327198977362598 2.2884462317666427 6 5 5 0.043857502709049881 98 465 97 420 28 315 87 278 83 232
1549 -0.6446461706679314 0.66849332824451768 3.2305641362522386 123 119 100 0.051649505846228357 98 441 97 430 22 442 41 411
1550 -0.72893733733863719 0.6564873669996929 3.2406071388157609 225 213 180 0.057521159235420664 98 463 97 450 22 455
1551 0.2478043230748779 2.1121434750599279 2.1812170207819879 43 26 21 0.15849849608376484 98 884 97 457 54 863 87 429
1552 0.24539854089116236 2.1866230169311462 2.1031984727940838 110 81 70 0.16533712790080887 98 506 97 463 54 496 28 380 33 385 87 449 99 791 83 790 19 956 85 550 22 520
1553 -0.66035708825595119 0.83714954633862115 3.0955847208756824 134 132 121 0.11582961214375698 98 476 97 464 22 480
1554 -0.76101217239621666 0.70393726146527613 3.2081717590212864 223 211 178 0.14132931342964386 98 478 97 472 33 352
1555 -0.77626234473476619 0.7424028268083982 3.1616529986371757 101 102 90 0.081199622211240011 98 492 97 480 22 492
1556 -0.78735215389824964 0.77363405318110545 3.1343129948865385 199 189 161 0.084583033444615291 98 504 97 486 22 896 41 896
1557 -0.55786030639933926 1.4534581183307376 2.3939401166333751 6 5 6 0.047708502703889342 98 518 97 493 54 440
1558 -0.55786030639933926 1.4534581183307376 2.3939401166333751 6 5 6 0.047708502703889342 98 519 97 494 54 441
1559 -0.73199443452494384 1.3154297015585277 2.4028110024671427 26 34 50 0.014801791794297536 98 520 97 495
1560 -0.83216967736741887 1.0109423842763245 2.9205368596717984 128 125 114 0.24331896698620428 98 905 97 516 54 845 28 766 87 316
1562 -0.22991157033603093 1.9580080735876588 2.2694002386121594 26 19 17 0.25152439716912967 98 543 97 524 54 544 28 417 87 488 99 566 83 524 85 545 22 559
1563 -0.83019066364905703 1.3540318833065013 2.5033274152147333 57 65 87 0.21236061286569458 98 547 97 534 54 497 33 413 28 399 87 406 99 357 21 136 86 125
1564 -0.86564390382414536 1.6400837379103081 2.3929080514852257 74 51 41 0.09350534560232511 98 576 97 572 28 471
1566 -0.80948975280053659 1.7225409633984927 2.4239222308552075 37 27 24 0.31803409956988277 98 582 97 581 54 597 28 796 87 793 99 805 83 799 77 487 37 344 76 458 56 469 12 654 53 274 3 486 21 396 43 362 86 462
1568 -1.0784866620192755 1.4545602604487449 2.6112452175733369 86 89 80 0.14608874133349067 98 985 97 589 54 594 33 507 28 502 87 530 99 556 83 509 22 598
1569 -1.0477416712815242 1.571415722249101 2.4889602509053286 56 39 33 0.08456374811455937 98 589 97 591 22 602 41 503
1571 0.7427885940149388 0.8341339718574321 1.5906227436609206 136 114 42 0.16100814652031015 98 599 97 612 22 614
1572 0.65690966017135621 0.80619113923017083 1.6128325518881967 9 10 13 0.14655738263936138 98 603 97 613 33 538
1573 0.58097638253074491 1.1749250294770739 1.2325241952543455 139 125 43 0.12337513321275272 98 610 97 616 33 25 28 24
1574 0.58081320078425902 1.175125599918555 1.2325464543713625 139 125 43 0.12076086638694609 98 611 97 617 33 26 54 17 28 25
1575 0.50846971579872391 1.2562616656662147 1.2451025362087564 139 125 46 0.052968994113036204 41 554 98 618 97 625
1576 0.5679989355404983 1.1925784125454504 1.4595529171472204 23 22 25 0.27875543592952662 64 624 97 632 28 545
1577 0.51673062060122987 0.84496326327073201 1.8513665688239915 28 27 24 0.28015614491270013 98 625 97 634 33 561 54 30 28 547 34 20 37 31 76 296 56 39
1578 0.48755098929865914 0.81626295853287267 1.8899832268439287 141 103 23 0.2206486307771427 41 562 97 635 28 39
1579 0.65697239228631055 1.4557779242679478 1.3038681253532751 96 75 16 0.15761249204668995 41 32 97 636 34 13
1580 0.54511463177041597 1.2560636325801835 1.5437000326720489 23 22 22 0.39873817246754789 98 635 97 639 54 934 50 1022 33 825 28 836 87 819 99 843 83 1081 85 1088 22 642 86 354
1581 0.73213448201426545 1.5374767021730338 1.3918014041658735 107 92 26 0.47320641679357306 98 639 97 642 33 831 28 840 87 831 85 1098 99 1124 22 72 77 675 76 302
1583 0.25746823695735926 1.1551389126519707 1.6336794333390543 126 96 21 0.19616268130246484 98 647 97 647 22 650
1584 0.32740406908436653 1.3395962294812784 1.7218392506143148 28 35 49 0.11291572442273855 98 665 97 667 54 660 33 599 28 595 87 846 76 60
1585 0.082786199772065611 1.2858134686863736 2.0441262455191755 112 80 15 0.98371235357665054 98 1054 97 689 33 624 28 624 34 843
1586 0.3608552764873888 1.4409277074551181 2.0799978773079846 112 92 24 0.17064094724117276 98 701 97 691 54 691 50 845 33 863 28 877 87 873 99 887 86 382
1587 0.36171157672294252 1.4407539354502046 2.0809142676342467 112 92 24 0.17312759026729752 98 702 97 692 54 692 50 846 33 864 28 878 87 874 99 888 83 635 85 896 21 442 86 383
1588 1.2533200281276489 1.6083147065819778 2.6337891204495776 116 103 78 0.38857575827485236 98 696 97 695 54 702 33 172 28 143 87 647 99 681 50 825 83 655 85 667 77 373 12 586 53 652 3 476 86 107
1589 -0.26581512834751497 0.9397142426701901 2.2613266627658271 255 216 58 0.10620685981409066 98 706 97 696 33 139
1591 0.077723580466220077 1.3361994921484619 2.0815058999850637 57 40 5 0.13607447690818097 98 712 97 703 54 700 33 634 28 630 87 876
1593 -0.30260853762388085 0.98958733838542712 2.2158423480100078 245 195 51 0.11380609881672689 98 713 97 706 33 145 28 124
1595 -0.099390696768139331 1.3286522664800411 2.0591587016187636 70 51 8 0.57309922517711864 41 784 98 270 97 718
1596 -0.36427232822479855 1.1330908139427665 2.1013443680557673 247 205 57 0.084824561925538777 98 743 97 721 54 703 33 155 28 137 87 631 99 655 22 1078
1597 -0.67366676549218885 0.70894271246887963 2.5241785317859486 102 69 10 0.54255090447443777 41 1134 97 730 22 831 98 764
1599 0.82762869949551265 1.9885849955972055 2.3320990268976045 112 103 83 0.19974521962764105 98 776 97 743 54 762 33 682 28 680 87 676 99 728 83 932 85 958 19 1218 34 547
1600 0.76699053216348856 1.9575610259100489 2.354080079117773 114 105 84 0.2956730080577829 98 785 97 746 54 767 33 684 28 683 87 679 99 730 85 957 83 931 19 1216 34 200 41 795
1601 -0.6155352998321092 1.0381473553129243 2.3139380285760742 56 50 50 0.4375892665072918 98 809 97 753 76 122
1602 -0.34811535653755055 1.576102737917827 2.4807993819411385 3 3 3 0.34032204773977659 98 895 97 831 19 867
1603 -0.77595132538333478 1.3195559130522778 2.4217282594457155 25 33 48 0.12896611822278489 98 528 97 836 28 750 33 750
1605 -0.81988309738997511 1.1071853580103412 2.8457796568804037 105 106 96 0.12329049938231576 98 910 97 845 28 772 33 765 22 921
1606 -0.93976675669407239 1.3607320234373605 2.6866844150800668 109 110 103 0.11407046362302543 98 949 97 893 33 466 28 448 54 556 87 476
1607 -0.94529600267603819 1.3606168669868623 2.6798111405900689 109 110 103 0.080485167516960832 98 950 97 894 22 959
1608 -0.94086101644072262 1.623792580270256 2.4558054988365678 36 26 23 0.50715955768142451 98 584 97 910 33 792 34 778 22 597 37 586 76 245
1609 -1.1496701197817871 1.3610215084344983 2.6761025940336594 124 128 120 0.065053463278071988 41 993 98 984 97 918 54 888
1610 -1.2029932602528988 1.368385025559222 2.6576624451370661 140 141 130 0.14470466913600716 98 991 97 924 28 801 33 799
1611 -1.1059870921826485 1.5437766352034596 2.5099008398948799 59 40 32 0.23887210666665695 98 591 97 925 54 601 33 519 28 511
1612 -1.2563663881043987 1.4888537823533032 2.5399805200367576 142 96 69 0.031811362589966127 98 996 97 927
1613 0.4977177944244553 0.86475426896612417 1.9334988009677412 134 97 25 0.19412505361899748 98 51 97 951 28 557
1614 -0.34223073390256253 0.79092395391011638 1.8100681198029889 242 204 73 0.50341696562877603 98 1202 97 961 33 581 28 577 87 582
1615 0.40501710269858038 0.97145578593400506 2.0845503581479856 202 174 65 1.7381346695011117 98 1201 97 962 33 594 28 589 34 464
1616 -0.6458638864232642 0.62196769554157216 1.901465561143094 112 88 20 0.18501109014958694 98 1033 97 966 54 653 33 588 28 583 87 584
1617 0.30287773008714608 1.3206252862059276 1.7434606436791698 104 89 25 0.30731153108182069 98 1032 97 968 33 843 28 861 76 517 56 533
1618 -0.67404739579244977 0.63729151314662635 1.9048400231344926 252 227 72 0.33812722926137767 98 1039 97 972 54 656 33 91 28 70 87 590
1619 -0.38064691105716725 0.83831793736748728 1.8692526092880017 105 94 28 0.20081486932076631 98 1036 97 973 33 838 28 854
1620 0.0043921374257076878 1.1988517530976581 1.8088481423389304 98 90 28 0.39042518404896609 41 1048 97 980 33 845 34 835
1622 -0.56837954193936813 0.6029438551052293 2.3799558212791223 28 30 37 0.11483771289405752 98 1053 97 992 34 856 37 660
1623 0.046450726408802184 1.449639911591394 1.9924042769320232 70 87 119 0.31100545903088955 98 1061 97 1002 33 871 28 883 54 994 87 885 99 904 83 873 85 903 19 1083 22 1075
1624 -0.89199057322937003 1.0224115044378721 2.4185038312960012 124 137 165 0.28423102546917178 98 874 97 1033 33 690 28 210
1627 -0.71802461374334603 0.72511871215803858 3.1765302536848155 214 202 169 0.31699321872550168 98 1111 97 1043 54 781 28 711 87 671
1629 -0.13126112724420577 1.9736481625575981 2.0838923315223354 106 75 61 1.6655790555327856 98 1258 97 1053 54 866
1630 -0.0029221154168321069 1.9380098675338806 2.2807299354646053 184 174 146 1.9438557577387789 98 1256 97 1054 33 1074 87 965 54 1069 99 1178 83 1159 85 1180 34 1113 22 1321 37 680 28 1100 56 751 76 767
1631 -0.11007198950038596 1.8633492292709077 2.3170080157759818 2 4 6 1.1484713685086716 98 1131 97 1058 33 928 28 942 99 1069 83 1045 19 1439 56 435 76 595
1632 -0.79071164518295445 1.2893787929111371 2.4143602249404972 57 63 83 0.24541500212884348 98 1133 97 1059 76 686
1634 -0.80775329626463566 1.0075924004975856 2.9002083488000534 123 122 112 0.25812325786858709 67 1027 98 1132 97 1067
1635 -0.76123397876719501 1.1613933856695309 2.8549549817126425 59 62 55 0.25594468049152541 98 1142 97 1074 33 1032 28 1049
1636 -0.82820667541739657 1.1323759318207851 2.8601559707686977 65 69 62 0.11603375692941392 98 1145 97 1077 33 934 28 946
1638 -0.89913887180231966 1.105801576446821 2.8639604235603491 68 72 65 0.26465478834267514 98 1148 97 1082 54 1063 33 937 28 951 87 940 86 451
1639 -0.40520655524073601 1.8568243663148156 2.3330799733469632 30 22 20 0.42389649624755116 98 929 97 1085 54 558 33 778 28 784 87 497 34 704 22 573
1640 -1.3122967841318587 1.4881817491645211 2.6011947892145835 87 87 82 0.68664179828241589 41 1001 97 1107 34 967 20 378 37 864 76 704 56 730 49 742 78 836 1 793 70 854 55 567 60 540 2 700 32 537 5 515 25 447
1641 0.63048565518910826 0.895877510271605 1.4325697315885284 9 10 11 0.21174363321871548 98 1182 97 1109 28 815
1643 0.47007607448613359 1.0492284180388332 1.4173381614136746 8 11 15 0.52733915439659984 41 1012 98 1187 97 1118 33 969 28 990 34 819 78 584 1 579 55 379 60 359 32 340
1644 0.47418927073085931 0.80406789773950504 1.7416708560273251 135 149 180 0.22548743877567662 98 1189 97 1120 33 816 28 828
1645 0.48038190133552572 0.80258847567735958 1.7457191850008265 135 149 180 0.22767926692619994 98 1190 97 1121 54 927 33 817 28 829
1646 0.54433832720847108 0.85434274289176604 1.7434668871895942 0 0 0 0.13599063823791344 98 1192 97 1122 33 972
1647 0.32633335517813372 1.0029688021832841 2.0239858185164055 199 174 64 2.5107226780573439 41 1270 97 1130 34 831
1648 -0.74518692836177869 0.66154003461316091 1.9876546489388622 111 100 27 0.27198214619963401 98 1046 97 1141 33 844 28 860
1649 0.79816772693036719 1.9339850973005164 2.3403925429744046 231 217 179 0.78363919924925696 98 1232 97 1164 54 1157 33 894 87 1055 85 950 77 457
1650 -0.65803726085308589 1.0517671461630811 2.3461207726335602 48 46 49 0.22124500102834616 98 1239 97 1168 33 1065 28 1086 54 1254
1651 -0.68403512939205158 1.169946994358678 2.2911550858328273 97 87 23 0.71463776678798052 98 1244 97 1174 54 765 33 896 87 181 99 913 83 882 85 1137
1652 0.56805929667513655 2.2753136105798566 2.0904139590997484 77 56 47 0.45897356279007545 50 1524 97 1175 54 1166 33 912 28 928 87 948 83 1163 85 1192 19 1542 77 656 76 156 56 151 12 1002 53 1128
1653 -0.70790482288503331 1.2103571194900407 2.3914727709551045 28 31 37 0.19565129507845258 98 1249 97 1181 54 1215
1654 -0.8268187326345412 1.1786084486647792 2.5436786465884902 4 5 6 0.14490491217396217 41 1215 67 766 97 1186
1655 -0.099395467080616251 1.9705672951040625 2.2050147855051061 54 37 30 0.38093681147139402 98 1320 97 1187 87 975 54 867
1656 -0.83735834359041927 1.5105851778531976 2.5069312437427294 8 10 13 0.65675962660398657 98 1280 97 1208 87 1075
1657 -1.0414882506932603 1.4513860215090528 2.5791705855380926 126 129 119 0.536197516511283 98 1287 97 1214 54 1091 98 1173 87 999 99 1094 83 784 85 767 19 1237
1658 0.4746781653253247 0.7308019590334226 1.8846830023412695 0 0 0 1.7674399776159331 98 1188 97 1221 54 1237 33 1086 28 1112 99 1236 50 1478 83 1239
1659 0.52232287357808449 1.2794007441637789 1.295868903724767 136 119 39 0.35010424146007607 98 1295 97 1222 54 1106 28 991 33 971 87 1010 99 821 83 550 76 706 56 682 49 746
1660 0.88470322947377766 1.6310075798450279 1.3396880681957719 1 1 0 0.63209155212306278 98 1297 97 1228 54 1197 33 1051 28 1062 87 1088 83 1219 99 1245 85 1251 19 1558 34 984 77 789 76 633
1661 0.6718331754249075 1.5230471184895547 1.4206693804363202 0 0 0 0.88609370039121871 98 1299 97 1230 54 1242 33 1089 28 1116 87 1127 21 684 43 637
1662 -0.72065617014283267 1.0194916787889574 2.3144826207222229 101 87 24 0.60131993050284438 98 1316 97 1249 33 1102
1665 0.071370913292616744 1.2458167900644861 2.0616958523129427 65 47 6 0.71280077991957003 98 1343 97 1275 54 1251 33 1097 28 1120 87 1091
1666 0.18343828124170891 1.4477067561137777 2.2611890538311701 115 80 17 1.0067976643408687 97 1280 54 1253 33 1122 28 1124 87 1137
1667 0.35943733614114226 1.6757142649132259 2.2579549229363494 222 202 162 0.77050650145553334 98 1379 97 1283 33 1011
1668 -0.86975081891056161 1.6651702979067111 2.4147070571067091 43 30 26 0.32485851775681585 98 1363 97 1289 54 1260 33 1112 28 1134 87 1146 99 1262 83 1235 85 1259 77 819
1669 -0.38275798396756178 1.2335584370110322 2.1198894796929135 70 63 57 0.80784131073689647 98 1377 97 1304 34 1189 37 972 56 774
1670 0.14023176352819747 1.783325899714117 2.1496237041915149 2 2 4 1.6521784799423771 41 1472 98 1382 97 1306 54 1283 33 1124 28 1145 87 1163 34 1208
1671 -0.55095029647908178 1.7704280250690458 2.4291947772992186 36 27 24 0.69812153802815724 98 1385 97 1312 33 1138 28 1153 87 1174 99 1286 85 1282 19 1580 53 1219
1672 0.52845544703745306 1.0947124678159059 1.3157987020758988 78 84 105 0.58223451763667278 98 1387 97 1315 33 1113 28 1135 34 1166 37 957 76 777 56 759 49 743 78 837 1 840
1673 -0.47461030824097333 0.61979628125663166 1.9527372563091456 254 226 64 1.5536467345049634 98 1391 97 1320 54 1267 87 1126 99 1241 83 1218
1674 -0.38265649110686756 0.95895329783223537 2.14207795512025 240 189 50 0.89146024238714083 98 1395 97 1321 54 1310
1676 -0.76521484391428773 0.83544357015043302 2.5857736126919018 54 58 66 0.46810544395553061 98 1381 97 1323 22 1385
1678 -0.90102714513941717 1.4220874743804568 2.5137306700691369 5 5 6 1.6026894608933711 41 1498 98 1400 97 1328 28 1165 34 1214 37 1000 78 890 1 910
1679 -0.55990530432378127 0.64956923292760194 2.6616307634320431 117 96 24 1.0175664085513147 98 1416 97 1350 33 1164 28 1181
1680 -0.65678898030676192 0.67460167657305103 3.2332699242144582 182 175 148 1.5350836798739846 98 1424 97 1351 33 1159 33 1172 28 1171 28 1182
1681 -0.41820610204420477 0.49063698259322297 1.8292973162430279 1 0 0 1.4713002957878203 97 1361 54 1316 87 1207 99 1315 83 1283 85 1310 62 1144 68 1055 35 967 7 931 17 1076 6 1078 71 1045
1682 -0.85382443244053585 1.2182286305330761 2.4383597286758079 10 13 18 0.7541431496560721 98 1426 97 1366 33 1183 28 1191
1683 -0.71364868050906771 1.7198290124014304 2.4549369992464709 39 28 24 1.4801653021799845 97 1367 54 1330 28 1194 87 1221 99 1331 83 1290 85 1327 19 1625
1684 -0.74853864034989859 0.49338877683338545 2.2812593920265094 0 0 0 2.4558362276642489 97 1369 33 1180 28 1198 83 1295
1685 0.89179959207127535 2.2496750281907625 2.1561212514078885 210 196 161 1.7999063605282584 98 1431 97 1370 54 1335 33 1181 28 1199
1686 0.89179959207127535 2.2496750281907625 2.1561212514078885 210 196 161 1.7999063605282584 98 1432 97 1371 54 1336 33 1182 28 1200
1687 0.68284343588112606 1.3616537559510369 1.1662294200021117 170 137 37 0.23336009105807731 54 24 33 36 87 13
1688 -0.32463010476595755 0.75966875806402723 1.8228553894837274 146 111 22 0.16001128423148211 98 99 54 44 28 63 87 33 99 31 22 122
1689 0.27782804856643328 0.85951923129111285 2.0501386738459955 128 91 18 0.37174214392939553 98 74 54 47 33 90 28 68 99 39 83 44 85 53 19 759 34 36
1690 -0.41457979599299111 0.77868853255217141 1.8076115863273001 102 90 26 0.15041547023784804 97 120 54 52 33 86 28 65 87 36 22 138
1692 1.451131717820229 1.6424944850282339 2.6352732511503252 234 220 184 0.14327458648057531 97 175 54 94 87 111
1693 0.34247810533742579 1.4272188944273905 2.1131614527246199 89 58 7 0.11197629128533015 50 260 54 97 33 147 28 129 99 93 83 99
1695 1.2107649505702271 1.577707477287247 2.6670138010491637 107 95 73 0.24349349955139418 98 185 54 120 33 176 97 191 28 148 87 120
1697 1.1272749877222348 1.6212559675763616 2.6249731871724071 236 220 183 0.093457379112985184 98 204 54 139
1698 1.1272749877222348 1.6212559675763616 2.6249731871724071 236 220 183 0.093457379112985184 98 205 54 140
1699 -0.34751491971128601 1.201946640628109 2.0649311333158566 168 179 208 0.202612309904043 50 343 98 291 54 144 19 205
1700 0.45259527753202294 1.6087111470480455 2.2204831930663738 74 77 93 0.24079699707649113 97 246 33 180
1702 0.98206993186697089 1.9988677942183188 2.3362214907923224 109 100 81 0.49425687627838166 97 297 54 241 33 201 28 179 87 202 99 181 34 154 22 296
1703 0.87449266824950322 2.0048686835972829 2.323632866434076 129 114 85 0.25509790143015842 50 442 54 255 99 208 83 223 85 294 19 544 16 649 29 610
1704 0.87449266824950322 2.0048686835972829 2.323632866434076 129 114 85 0.25509790143015842 50 443 54 256 99 209 83 224 85 295 19 545 16 650 29 611
1705 -0.73763423226803393 1.3602903304002449 1.8883849280950999 77 67 16 1.0314379752002267 97 361 54 261
1706 -0.63102531649961802 1.1885534417853074 2.3588514522289841 7 6 2 1.1628203694009875 54 274 87 189 83 140 50 450 53 915
1707 0.57050699560611517 1.9075268175225892 2.3931392405286998 125 112 87 0.14807341966054477 98 368 54 313 22 384 64 330
1709 -0.18429908190853922 1.6331077305110111 2.2864297571854038 6 5 5 0.04787879487441779 97 419 54 389 33 316 28 314 99 252 85 257
1710 0.90689905552125882 2.4958652599613962 1.9559938537898627 45 30 25 0.47008916362942343 98 396 54 420 87 387 99 787 83 786 85 1074 19 1503 43 364 77 498 58 358
1711 0.92917525320365446 2.5319096530467644 1.9302220930764411 109 79 68 0.10382996355508155 50 644 54 426 99 526 85 555 19 716 77 263
1712 -0.64926646892857365 1.381939566734985 2.3967100528375882 22 28 42 0.087627032311983252 97 497 54 430 33 365 28 737 87 315 99 239
1713 0.47517416119599615 2.2842730937750102 2.0616460476465175 111 82 70 0.25952976264504979 50 953 54 471 87 423 99 524 83 501 85 806 19 963 77 256 12 404
1714 -0.65836842857747246 1.4227325497062882 2.4529625855976893 21 27 41 0.23263773682047253 97 513 54 474 33 394 28 382 87 374 99 326 83 284 85 256 19 483 43 140 58 143 86 299
1715 0.36913770284406594 2.2447635253400091 2.0686257829155914 112 82 70 0.18282561484288581 97 444 54 482 33 375 28 373 87 439 99 532 83 504 85 552 19 960 22 501 77 253
1716 -0.8430325246761724 1.3289877246263799 2.4939252978714244 21 26 39 0.21577014040199627 97 528 54 488 33 762 87 764 99 321 83 277 22 561 77 135 21 329 43 130 58 133 86 296
1718 -0.97392537763848874 1.1092250597221791 2.8770031675201122 118 120 113 0.12283466783294522 41 950 54 504
1719 -0.41533938487492283 1.7293648498158354 2.4272257540725164 66 76 76 0.47146613373281515 97 531 98 544 54 530 22 558
1720 -0.27988094978779732 1.8876748379133732 2.3342064472724049 99 108 105 0.42964547196527669 97 529 54 539 78 659 1 447
1721 -0.18865509788106719 1.9807066377057729 2.2484014075071714 22 16 14 0.39300621957410031 98 541 54 540 33 772 28 782 87 481 99 559 83 521 86 183
1722 -0.94637104586612597 1.3858962628732294 2.6698188011210515 69 72 65 0.17784754920823911 41 971 97 568 54 565 28 460 87 484
1723 -0.94337410599592841 1.3848766647486543 2.6747675892101048 69 72 65 0.106041793219718 97 569 54 566 87 485
1724 -0.83677954549282552 1.5922883716604368 2.4863188699334131 22 16 15 0.043204552356040704 98 1169 54 583 87 515
1725 -0.76890905044748781 1.7066262413676523 2.3671010143765354 35 24 21 0.37822742908864154 97 567 54 586 33 783 28 790 87 786 99 569 83 525 85 530 77 477 12 621 53 258 3 474 21 386 43 353
1726 -1.0953823667288576 1.44564913501923 2.6205662259342861 94 98 90 0.16812964875315423 98 588 54 596 33 512 28 504 87 531 99 562 85 456
1727 -1.2940657426152158 1.4784580717981848 2.5966480921059296 50 34 26 0.52029611301106538 97 597 54 603 33 525 28 515 87 542 83 533
1728 0.64592638457759122 1.4600039663254671 1.2955043601213778 97 76 17 0.3260375665430747 98 629 54 629 33 560 28 549 87 573 83 37 99 33 85 59
1729 0.39487433367353642 1.0155047696623112 2.1406362797070626 0 0 0 0.010617793678960697 50 773 64 891
1730 -0.31253609178895114 1.0833817416007383 2.1459426476004211 38 21 1 0.16283598199698324 50 1097 54 696 87 628
1732 0.3662824081685635 1.4620125467625726 2.113869481367693 80 53 13 0.23798583457331762 50 851 54 699 33 636 28 632 87 634 99 898 21 445
1733 -0.77754748939297313 0.95742975365511174 2.2485354641195907 108 99 30 0.39201577308764929 97 749 54 717 33 652 28 647 99 666 83 637 19 191 37 477 76 379 56 393 49 393 1 130
1734 0.50290267594790605 1.9167505388156179 2.361011294581338 231 214 176 0.16012202740382361 98 838 54 798 87 713
1736 -0.45895429764881368 1.4249222845464902 2.4267614545627589 54 37 4 0.24829502595004466 97 461 54 835 83 721 87 718 85 743
1737 0.021419664862229303 1.8122646815422636 2.3335224733528062 49 60 83 0.69406992805246248 98 479 54 847 33 735 28 739 87 752 99 760 83 755 85 765 19 593 77 464 76 168 12 643 53 686
1738 0.93531690378836851 2.5638469676511604 1.9335268068571096 1 1 1 0.39120261238653964 98 408 54 849 33 711 28 725 87 766 99 792 83 796 85 1075 19 965 34 204 22 424 77 661 37 149 76 399 56 142 21 536 43 552 77 734
1740 -0.53314783391109244 1.7968722574278073 2.3614573180299741 30 22 21 0.50692355389796862 41 1233 97 877 54 874 33 451 87 781 34 716 37 541 78 477
1741 -1.0066773805429126 1.6063321983024805 2.4772742711817428 120 81 58 0.15740073349009759 97 922 54 902 33 798 28 802 99 572 85 539 19 685
1742 -1.0657256029621398 1.5765245629645734 2.4997034303895211 130 87 63 0.19284877394292793 50 670 54 904 83 528 99 573
1743 -0.1303154733990399 0.59899011592739526 1.9546655609095276 239 193 50 0.084423291811990597 64 887 54 929 87 1014
1744 -0.49600593905372309 0.55767754386842283 1.9400367023102949 185 142 56 0.29080540675059874 98 1199 54 935 28 841 87 820
1745 -0.49600593905372309 0.55767754386842283 1.9400367023102949 185 142 56 0.29080540675059874 98 1200 54 936 28 842 87 821
1746 0.82665913117343515 1.5998943423476668 1.3657114453882513 1 1 0 0.57856674655446483 97 952 54 939 28 564 99 1125 54 1113 83 50 83 1093
1747 0.22040261539588102 1.3158234183025961 1.923998839868639 24 28 39 0.046525432046212456 50 1064 54 967 33 853 28 868 87 856 99 877 83 846 85 876
1748 -0.43851580023545195 1.3060318008658633 2.3397980789883226 6 4 2 0.57749453771509673 54 1016 34 285 41 1189
1749 0.4906746303736863 1.8345241722846271 2.4332911231381917 226 209 170 0.056353745865024035 54 1018 87 903
1750 0.19730488637362159 1.832228216502416 2.172547537995603 220 203 166 0.73794979977942177 54 1019 87 1061 99 1226 83 1199
1752 -1.3289285566918683 1.477535639915585 2.5734777593315572 2 2 1 0.50360676633232127 50 673 54 1099 87 1003 99 807 83 800 85 793 19 680 12 592 53 205 3 467
1753 0.61015319775210797 1.2739611980624104 1.5521635576059416 90 69 17 0.35040984028341565 98 1193 54 1111 21 611
1755 1.3382421347532447 1.5590145610399899 2.691484664349217 233 218 182 0.92626946844260183 50 1502 54 1139 28 888 87 883 99 1148 83 1129 85 1134 19 1527 77 364 16 1244 92 1179 12 846 53 1112 3 472 33 878
1756 0.78134123362882391 1.9047862685972241 2.3936042474571879 232 217 180 0.31368000514449129 98 1234 54 1158 87 1057 83 1140 99 1159 22 1296
1758 0.32279456192080569 0.82789392155819375 2.0686923526797902 225 192 70 0.32731412115977981 97 1232 54 1196 33 983 28 1000 87 828 99 1118 83 1083
1760 0.51500979735280716 0.79047116651699167 1.9148882262708582 118 94 52 0.62514671906225361 98 1329 54 1238 33 1087 28 1113 87 1122
1761 -0.65271274406972835 1.344175765069112 2.3638155566970962 48 53 71 0.64238675674865875 97 1252 54 1256 28 1128 33 1126 87 1139 99 1258 83 1229 77 806 76 801 56 775 12 1030 3 870 21 688 58 631 43 619 86 623
1763 0.2583450112212457 1.9741368509603545 2.2690178273690962 191 176 142 1.2126379351986647 97 1365 54 1328 33 1174 28 1192 87 1220
1764 0.94335872821776889 1.9964044934289762 2.3399013436945757 235 222 188 0.42945234811473759 64 765 67 533 41 206 98 313 54 248 30 563 38 656 95 659 89 749 14 738 92 509 11 511 50 426 64 252 99 194 83 194 85 277 19 523 34 164 61 586 92 724 16 651 91 400 48 476
1765 -0.90371766997511016 0.99130839483466549 2.9291023161916026 126 125 114 0.27318120334835116 64 491 41 466 54 450 98 533 97 523 33 408 28 390 87 335 99 204
1766 0.88878993468511958 1.9635648891148181 2.3441621251158855 230 215 177 0.71051058634963782 30 1134 38 1144 95 1006 89 1133 14 1025 92 1090 11 1028 64 1194 67 1104 41 1296 98 1230 97 1012 97 1162 54 1008 98 771 97 740 33 893 28 907 87 896 83 922 85 951 34 1011 77 602 61 892 16 1194 12 868 53 1119 3 711 21 500 86 304 29 1076 91 694 48 732 96 912 73 893
1767 -0.63376788028138586 0.71643217318358832 3.1898172682419905 227 212 176 0.80962304430852972 67 1145 41 1319 54 1013 98 1102 97 1034 33 712 28 920 8 1028 84 997
1768 -0.82084830965536626 1.3626988911619085 2.5510592919859674 51 60 81 1.0768593678039484 41 1340 97 1201 54 1258 64 1373 41 1477 98 1384 28 1131 87 1143 99 1260 50 1522 83 1232 85 1237 19 1530 22 1450 77 771 21 676 86 606
1769 -0.008309644909065942 1.851861831385696 2.3642617497104377 20 22 21 1.568803530146416 41 1495 98 1397 97 1325 50 1601 64 1474 67 1308 54 1303 14 1324 24 1167 33 1129 28 1163 87 1167 99 1281 83 1249 85 1277 34 1211 94 960 37 978 76 823 56 792 49 792 78 887 1 886
1770 0.55712849727247804 2.2675961567907188 2.1418393378181273 89 64 53 1.8263437346093387 38 1234 95 1276 14 1326 24 1117 41 1474 98 1383 54 1288 97 1309 33 1127 28 1148 87 1192 34 1190 22 1449
1771 0.77729591132662845 0.84773530507833106 1.6512573492405549 131 111 41 0.63685839168280156 97 35 33 31 28 30 76 15 56 20
1772 0.47064163339965753 1.2881899082789809 1.5649995475932574 89 100 125 0.15681062835539647 54 40 33 72 28 568 87 35 99 42 83 46
1773 -0.66466126198712316 0.38355363662731307 2.0696016832243895 8 7 2 1.6256679945295411 41 1467 33 79 22 1032
1774 0.48604371631219878 1.2796688742454279 1.6075940232628654 20 18 18 0.30909130554350434 54 45 33 81 28 572
1775 -0.72654102000272203 0.61118370736405503 1.918934877901797 253 231 67 0.27191739209971133 54 658 33 92 28 71 87 591 99 604 83 573 85 585 50 1307 19 1000
1776 -0.3790091151554868 0.89566024113858789 1.8504804030446915 124 137 169 0.19402953317002117 97 136 33 103 28 82
1777 0.5156683072641709 1.4310678238521166 1.9456530558430734 207 147 77 0.47306155193989274 97 148 33 120 28 103 87 614 99 643 83 848 85 877 21 250
1778 0.51324604745903157 1.435589300000635 1.9457398101382954 207 147 77 0.17100803322652203 97 149 33 121 28 104
1779 0.11226466758418684 1.213377829995252 2.1204614465901432 50 21 0 0.42113987421152599 54 85 33 135 28 116
1780 -0.65633897445807721 0.63469276651320727 2.6207764162164642 56 61 74 0.10749755177599894 98 295 33 167 22 315
1781 1.1985507766112766 1.5550624448838235 2.6799522669689466 101 90 69 0.38178636555327611 98 184 33 174 28 146
1782 -0.6197303640535049 1.0972293088493961 2.1301628864018802 96 69 14 0.33458559373757241 98 343 33 175 34 255 49 78
1783 -0.54507334210886615 1.1512027987907418 2.1155231952884419 100 89 25 0.1347619908904546 54 192 33 177 56 385
1784 0.12553650796770835 1.8472974921628031 2.1501576831511073 70 65 56 0.1154214644402391 54 810 28 914
1785 0.040550944225049818 1.7099386309252032 2.2015816724483779 29 31 43 0.35782026262641176 54 310 97 366 33 225 22 426
1786 2.1429489462629796 2.4106542229385948 2.883884000983008 132 122 99 2.5304383685103384 97 310 33 229 28 257
1787 0.03180968982809753 1.7518481703871831 2.2562796829273517 24 30 43 0.090730346452002453 98 433 33 290
1788 0.10877225468223034 1.799114616668148 2.2418886963371065 47 56 77 1.5704098466270877 54 376 33 292 28 291 99 742 83 738 76 146 37 192 49 111
1789 0.19379378682055148 1.9062015705445818 2.1812845956242062 226 208 171 0.85229469329544072 54 828 33 293
1790 -0.08930336204945398 1.6853270031610466 2.2888945507892187 24 30 44 0.15373708623526935 54 391 33 311 28 316 87 280 99 263 21 330 86 291
1791 -0.18443830200174063 1.6333133654296255 2.2859752725649289 8 7 8 0.055372110850535249 54 390 33 317 87 277 99 253 83 231 85 258
1792 -0.59335064689434092 1.1379435412339192 2.6829942690950723 6 5 7 2.3232767433205423 33 330 17 139 99 164
1793 -0.68438531294183691 1.3328171213936661 2.3713468366545754 55 60 80 0.1952937973376426 54 407 33 344 28 344
1794 -0.034015751878822768 1.7588357914502768 2.3318818491146791 34 35 46 0.22516813454763757 54 421 33 347 28 351 87 346 83 331
1795 -0.64866132674524757 1.3820937666177924 2.3977923004736477 16 20 29 0.15370959251483685 97 496 33 364 87 314 54 429 99 238 83 216 85 206 19 439 77 377 12 123 21 309 43 285 58 286 86 423
1796 -0.79061664463910486 1.303931186516444 2.4111163697013347 56 65 87 0.13599147505961759 54 437 33 372 86 104
1797 -0.80860122764178488 1.3246880805932884 2.4653823866218669 19 20 26 0.24905260459523934 54 473 33 393 28 768 87 369 83 249 99 293 21 322 86 290
1799 -0.70039513558566979 1.4125314025674092 2.484332397689557 57 65 89 0.10567811652854248 54 485 33 402 76 202
1800 -0.80183866410229987 1.3644452175428243 2.4962407557511681 54 62 84 0.034148469816186522 54 492 33 409 87 399
1801 -0.28455302328308346 1.9254090117383318 2.2931734238306842 27 20 18 0.15697369949743056 97 854 33 426 28 422
1802 -0.88759820273246992 1.6336875785264811 2.3872461779992449 29 20 17 0.37308175579376152 54 591 33 481 28 478
1804 -1.222204719090503 1.3887988920277381 2.643125954950325 96 99 91 1.1040700743427452 98 992 33 521 28 510
1805 -1.3084314888873341 1.4803366751463449 2.5725145490262902 54 36 29 0.23289589786299233 97 596 33 524 28 514
1806 0.62339945602594649 1.136770299114614 1.1478874198251867 178 152 56 0.16305845776606182 97 934 33 531 28 522
1807 0.68225972476021413 0.77916762584036425 1.5994585925804055 90 107 141 0.11527285975663465 98 1005 33 534 28 526
1808 0.48983428868398005 1.0888102855587303 1.3568800087060904 116 92 23 0.56751227028522488 54 924 33 543 28 530 87 9
1809 0.53371226087063917 0.7201127485926323 1.778689163479503 241 207 74 0.2898362082945789 54 919 33 549 28 535 87 554 99 13 85 7 19 971 76 287
1810 0.46975278151249783 0.71696429489167091 1.7923286150102833 245 211 76 0.1750703772937359 54 923 33 550 28 536 87 556 99 580 83 14 85 562
1811 0.54758875918984007 1.1695646999826219 1.5844812720863628 101 80 17 0.36830577709471468 98 630 33 564 28 550
1812 0.69691350600569846 1.5207473505990063 1.4041204637584008 2 2 0 0.31276088404887964 54 643 33 573 28 56 87 37 22 73
1813 0.46592856537483618 1.2635242097822055 1.6466401035595191 108 64 9 0.055884331852558637 98 68 33 582 22 90
1814 -0.4045265443117641 0.79924438660953467 1.8026367973364983 254 206 53 0.26756060229932838 54 652 33 587 28 582 87 587 83 38 99 606
1815 -0.37090084425363623 0.9509370311949138 1.8589148339206567 18 18 25 0.13516181365200619 97 676 33 601 28 597
1816 -0.068495860534344005 0.95817927545974957 2.061445280472078 42 30 7 1.9958888971668962 97 982 33 605 28 601 87 599 99 53 83 62
1818 0.0418118340902809 1.1423840377099443 2.0705428693921766 169 139 49 0.41987211641147854 98 1050 33 613 34 525
1819 0.38913185366288922 1.429817889718042 2.054024174215721 75 47 7 0.25491461844636043 54 685 33 626 28 626 83 628 99 654 85 640 19 811 77 75 21 439
1820 0.31280194098710024 1.5020847305293545 2.201401215999236 112 91 23 0.14556869369375372 54 713 33 647 28 643 87 652 99 682 86 392
1821 1.1924032615021318 1.9462508328810024 2.3734977722601056 240 223 185 0.51114425507382044 97 1003 33 655 28 653
1822 -0.8931262348644522 1.0512862885513272 2.3890074873435085 65 74 102 0.41977576249151483 97 812 33 693 28 690
1823 -0.55023694270754753 0.61133208064938949 3.2555839000650977 57 37 25 0.35733718812621473 54 749 33 698 28 689 37 700
1824 -0.77247383034314288 1.3186342527778263 2.4272100770669827 19 24 35 0.1706760584337077 54 853 33 751 28 751
1825 -0.83426141957733857 1.2887486441274725 2.438769175801875 19 24 35 0.1746090416828934 54 855 33 753 87 740 99 245 83 205 19 416 21 299 86 279
1826 -1.0525610048365133 1.5084821060333153 2.5633005139235836 139 140 126 0.40685027208893804 54 1097 33 797 28 984 12 228
1827 -1.2484030608104855 1.4176921228273178 2.6035499149075836 173 169 148 0.46516378803802899 97 1105 33 805 28 805 34 1067 37 764 76 477
1828 0.50469588117094211 1.026431164260357 1.3949488796282175 106 121 154 0.14367160654110142 97 1113 33 812 28 822
1829 -0.37170414129695412 0.55717030129794543 1.8819468694878569 224 175 46 1.2407435380856719 97 1128 33 824 28 834 53 513
1830 0.79955973982211792 1.5680630551985875 1.3681132200531634 102 89 26 0.25938858915712909 54 640 33 828 28 838 87 829 99 851 83 830 85 852 19 787
1831 0.037432215363754094 1.147790796760789 1.6806907708610939 151 127 54 1.3170155263065275 41 614 33 836 28 849
1832 0.35897982826187652 0.93567823200164224 2.1438382804451148 2 1 0 0.24626380872133505 97 664 33 840 28 590
1833 -0.72801205320811735 0.6795050713212587 1.953424493861482 18 16 21 0.22003437485588737 97 983 33 841 28 858
1834 0.094465799877851295 1.3823540947105633 1.9929465165086737 10 11 14 0.049668771290200198 54 982 33 861 28 872 87 871 99 884
1836 -0.49933814280182076 1.1231401105868308 2.0958654510094217 251 216 62 0.1627958020181754 54 1146 33 875 28 886 87 882 99 893 83 864 85 888 19 1341
1837 0.45797121444146804 2.2541641994631822 2.0719829559509408 32 20 16 0.22373395702854498 54 1054 33 916 28 933 87 955 99 1081 34 870 37 479 12 899
1838 -0.97730695073847129 1.1204756666473592 2.8801828158169478 121 123 115 0.074996277260127475 97 1091 33 951 28 961
1839 0.6474310122690341 1.3081093793352656 1.5449087434234885 1 1 0 0.26375455750172122 97 1124 33 976 28 996
1840 0.57093777882072916 1.3265569174629634 1.4973637133674693 1 1 0 1.6669068470035664 97 1125 33 977 28 997 83 1084 99 1197 85 1092 19 120
1841 -0.29417041708308905 0.68491788537873566 2.0799627585461824 1 0 0 0.14764172423065033 97 134 33 986
1842 0.28143509482781304 0.9050630567270832 2.1965665147968143 138 97 18 0.29487568128803787 98 1304 33 988 28 1008
1843 0.35729243791817833 1.3769524544346301 1.7538323885957576 104 90 25 0.19393905535446404 97 1134 33 990 28 1068 86 540 21 613
1844 0.291834359150342 1.3032745427187529 1.8504827280031533 98 73 16 0.84966598352413691 54 1125 97 1139 33 991 28 1070 87 1028
1845 0.22357189364412397 1.350121370314731 1.9654090732228802 106 87 23 0.58470717188515187 54 1206 97 989 33 997 28 1014
1846 -0.41717541779179079 1.0215646010128532 2.2106721658170669 46 27 2 0.41670447154229068 54 1208 33 1001 28 1022 87 1095 99 1214 83 1190 85 1256
1847 -0.61419078110330216 0.58275945684897379 2.6213474644805772 114 125 152 0.087409232883266338 97 1244 33 1002 28 1021
1848 -0.30569277303088876 1.3105800705886537 2.1604556611399763 46 40 44 0.77803966808979208 54 1004 33 1008 28 1082
1849 0.0010187199862192675 1.7145621557475283 2.219539124372004 54 60 81 0.35386792290386304 97 1172 33 1018 87 1104 28 1090 99 1224 83 1197 85 1235 12 1036
1852 -0.75246439485201355 1.2331985298800299 2.4004251613151379 12 11 12 0.92172976049813993 97 1287 33 1066 28 1091 76 763
1853 0.84615435139529127 2.4839879143422503 1.9820297079979812 50 34 28 0.84967136722627623 54 1224 33 1069 28 1094 87 1112 99 1231 83 1209 85 1261 19 1565 77 820 37 469 34 571 21 648 43 598 58 611
1854 -0.72579735151697444 1.2543093874641973 2.6468818216696226 42 47 63 0.10282183855386201 98 1322 33 1078
1855 -1.2209478823641684 1.5074573646063878 2.5565762817148165 79 54 41 0.28908770899252118 54 1234 33 1083 28 1111 87 1119 99 1191 83 1174
1856 0.061020077063234875 1.0521989867505821 2.1698724711303607 187 152 41 0.37492632770205536 54 1298 33 1121 28 1142 87 1181 99 1310 83 1277
1857 -0.66218166484979202 1.1408482599159719 2.2833471315910994 99 88 25 1.9354799041183266 97 1324 33 1123 28 1144 34 1223 76 818 56 797
1858 -0.059141124507873843 2.0190579599104668 2.2168727006168858 36 24 21 1.2988484156241109 41 1476 33 1133 37 979 76 804 49 794
1859 0.47532225392296468 0.95453372048248031 1.4663009206090616 129 111 45 0.82077477214216821 97 1330 33 1141 28 1155
1860 0.31504120530362262 2.1662642960737037 2.1796650009851364 51 36 31 0.75008360912488548 54 1304 33 1151 28 1164 87 1193 83 1267 12 1121 3 911 21 697 43 658 58 671
1861 0.24931856873621835 0.85832056108331112 2.3069651877009996 16 13 10 1.0909762389264963 97 1346 33 1162 28 1175 54 1319
1862 -0.18593880736429769 1.1530396527735256 2.0443649236452126 131 95 20 1.7912825623336623 54 1327 33 1163 28 1178 87 1218 99 1329 83 1298 77 865 76 843 56 808 12 1132
1863 -0.3049641506541006 1.1063446563286066 2.0596684249852806 70 76 96 0.56972827372563839 50 257 54 87 33 142 64 779 98 714 97 708 28 118
1864 0.048096782857544658 1.8367232253959702 2.3615038657310206 6 5 4 1.3941443859811851 14 468 50 933 98 880 41 868 97 818 54 851 33 920 41 1195 98 1120 97 1041 28 935 87 762 99 1036 83 1008 85 1000 19 1239 34 880 22 893 76 588 56 586
1865 0.4964578357596473 1.2205959396218335 1.6100197671537984 141 122 43 0.2407850751669596 50 1301 54 1112 33 978 41 1364 98 1298 97 1229 28 998 87 824 99 603 83 40 22 1357
1866 0.93803642124142339 0.65117921729910966 1.547973764792699 162 141 55 0.2192180984789546 98 0 28 1 22 0
1867 0.53268028710730053 1.1088479245709233 1.2462705958962763 145 129 45 0.60399128672786795 33 22 28 18 34 809
1869 0.24056068509438777 1.2370142251254186 1.539080324175218 22 26 38 0.22269259234441671 33 73 54 648 28 61
1870 -0.41669638092396105 0.77946832184106518 1.8059498429597496 97 86 25 0.14397804688644544 33 85 97 119 28 64 22 139
1871 0.064746105121055456 1.0809107059365894 1.8368479345664019 127 83 10 0.44129784026285596 33 102 28 81 34 53
1872 -0.060381113348423693 0.95524059365995595 2.0071308175912308 8 6 8 0.021523868568493611 33 108 28 88 87 597
1874 -0.37480153256321019 1.0340088301506434 2.2093913649416526 105 84 21 0.14659910817373561 54 109 28 135 87 90 99 83 83 92 85 113 19 184
1875 0.41119515507163867 1.5848344838778783 2.2400656157840642 77 80 95 0.064154393840692325 54 191 28 158 87 137
1876 0.5932489513982514 1.522724769977535 2.4287641206508703 1 2 5 1.591395116265975 33 183 54 162 28 159
1877 1.2294109579039625 1.9731246115357441 2.3037331124799327 0 0 0 0.014785323096257602 97 214 28 162
1878 0.76649149943626371 1.8527762161362547 2.4090309278630162 123 110 86 0.1051341081848523 97 316 28 187 22 318
1879 0.084254025142838265 1.7586632688807882 2.1367063009599092 47 51 67 0.26230460213643081 33 217 28 206
1880 0.23821676976671294 1.806096629602117 2.1772233302234372 109 98 76 1.6904546176336424 54 284 28 217 99 722 87 681 83 722
1881 0.56928982706514286 1.9447626247729322 2.3547011460407412 234 217 178 0.25034537381570837 33 269 28 258
1882 0.56928982706514286 1.9447626247729322 2.3547011460407412 234 217 178 0.25034537381570837 33 270 28 259
1883 0.091270382372884609 1.7822407264154128 2.2400227167755475 23 27 37 0.10107539466986021 54 358 28 278 83 264 85 285
1884 0.033301494940116194 1.750160588483497 2.259248078111566 24 30 42 0.10832317628039209 33 291 54 368 28 290 87 270 99 267 83 263 19 533
1885 -0.031671132040879631 1.7174452224355965 2.2710372963693635 23 28 41 0.10359624973607422 33 306 28 304 87 279 99 265 85 276
1886 0.051323867734089298 1.7710144122760423 2.2746944492403554 57 64 87 0.084169458041137124 54 384 28 311 87 290 83 278
1887 -0.12106753667070171 1.6895091448410566 2.2558929000711117 20 26 38 0.030836721496998676 33 312 28 317
1889 -0.65492170699323338 0.87324958792675511 3.0495283834308591 129 127 115 0.21278433329786042 33 351 28 340 22 481
1890 0.025444774259405886 1.7912912256763873 2.3145580707646043 39 37 48 0.056646787837661298 33 345 28 348 87 342
1891 0.29203171740552392 2.127623099726208 2.159339585524112 36 25 18 0.505248616197982 33 369 28 369 87 419 99 507 83 480
1892 -0.80596417188800673 1.3466262678205492 2.4603249693448928 60 68 93 0.10657483527902985 33 395 28 384
1893 -0.72215603493448888 1.3916254022611543 2.46572737461068 19 23 34 0.31174574694741447 98 535 28 386 87 379
1896 -0.75082043003009979 1.3946978594910071 2.5156684251805785 27 32 45 0.27445771963760984 97 530 28 401 87 410 99 375 83 323 85 270
1898 -0.7072296788458865 1.6708347918621431 2.3969352126854027 34 26 23 0.58801147417346533 33 452 54 873 98 1165 28 443 87 501 99 548 83 497 85 493
1899 -0.72388875591572122 1.7004898954243177 2.3607207384434359 76 54 42 0.28244953830124003 33 458 28 451 87 508
1901 -1.2259530021450051 1.4877030786155987 2.5457475478613079 54 37 30 0.34230857468236464 33 522 28 512
1903 0.56804570042044844 1.1426079008759449 1.4324423611940253 122 103 32 0.58951688173689931 33 553 54 928 28 538
1904 0.5883043743642139 0.91350850442625819 1.9146593948606379 124 90 21 0.21262935068190028 33 569 98 628 28 556
1905 0.54798891441355135 1.2936862691238629 1.5681080371556886 93 73 18 0.63149745900795518 54 638 28 563 87 825 99 846 83 1087 50 1026 85 1093 19 1310 77 673
1906 0.64741266223603267 1.4964241101311244 1.4187552322452601 1 1 0 0.46138274356566067 54 647 28 567 87 833 99 857 83 831 12 477 53 561 43 490
1907 0.071846131322481813 1.1277430698324165 1.8374765903521377 140 90 13 0.60807093579281679 33 597 28 593 34 491 37 77 76 61 56 73 49 53 78 49 1 60
1908 0.061560404810165448 1.2489769912244248 1.7329984752222896 72 87 119 0.27985135047746756 33 600 54 664 28 598
1909 -0.70251551626277564 0.77406889435261261 1.9761362526308317 1 1 0 0.5339505340252142 33 603 28 600
1910 0.49457745437389566 1.4601331720693276 2.0069860039109719 164 138 111 0.38324431304820333 33 619 28 615 87 626 99 651 83 619 85 637 77 338 21 257 86 229
1913 0.31143673442275516 1.5229231922869166 2.2271456615501113 84 49 7 0.14834362991855637 33 648 54 714 28 645 87 656
1914 1.2359432400334038 1.9750718679043757 2.346361628748002 238 221 183 0.4944406160341368 33 654 97 715 28 650 34 528
1915 -0.37728749742587536 1.2814352508714018 2.1849068207718561 93 71 14 0.36024149517247256 97 745 28 655 99 689 83 660 12 94 77 79
1916 0.003425487182297824 1.6965447412349175 2.1980045693893668 56 66 93 0.16516129402432653 33 692 54 792 28 695
1917 -0.21252858083076057 1.5461560008526569 2.3470240177042312 54 36 4 0.12276302128887347 33 702 28 701 87 701 99 725 83 715
1919 -0.27633507700387766 1.5174061055696217 2.3636720682001817 53 36 4 0.17648513266318744 33 706 28 704 87 705 99 727
1920 -0.54064679825416906 1.5300793118900253 2.1545001168784239 49 35 4 1.1108371676463682 33 709 28 707 87 714
1921 -0.82248599245636378 1.2317476213714356 2.3663553142532963 6 5 6 0.056836041322635603 98 516 28 713
1922 0.19301620124676058 1.9267013843740946 2.2104120694668272 222 205 169 1.6097645876154745 97 805 28 715 22 1169 98 1104
1923 -0.7709808199186764 1.2836391048784179 2.3605038639936669 25 30 42 0.1714894099915486 33 720 28 720 87 708
1924 0.47989666494244587 2.1991892853952359 2.0619663924805613 114 97 81 1.4202098792719386 33 715 41 835 28 721 34 596
1925 -0.27875777660897144 1.5979129619801635 2.4057861350608696 51 40 29 1.2102758787443404 54 423 28 742 99 311 83 739 12 584 3 691 21 493
1926 -0.7132060234051566 1.3501045446704216 2.4117150657842554 19 24 34 0.085102075868853183 54 438 98 524 28 744 87 324
1927 -2.5462775519235747 2.0181572377485959 -0.10707256939223299 19 24 34 1.0587166461394271 33 226 28 745
1928 -0.55950041212532475 1.4540440997491282 2.3908757653241355 8 7 7 0.076660484857844366 33 742 28 746 87 742 83 250 99 282
1929 -0.32721284066818773 1.5576317151069845 2.4525901898471614 46 37 28 0.50093147093576151 33 746 28 747 53 213
1930 -0.46091433086329858 1.507372628605669 2.465113567056969 42 34 27 0.5458431607835269 33 754 28 758 99 749 12 580
1931 -0.31141768189045926 1.612041300083825 2.4629402690437456 5 4 3 0.73366448404957474 33 756 28 763 53 239
1932 0.077436403148645236 1.9601193050688321 2.3205500467830706 204 189 155 1.0633369091914042 33 757 28 769 87 963 99 1076 83 1053 85 1181 12 872 53 751
1934 0.48003791287870029 1.0210633201660499 1.4399303611091994 127 99 26 0.97816906760121347 33 545 28 823 34 817 97 41 78 355
1935 0.25216563504538725 0.81018823504193915 2.1054641305599486 242 206 72 0.1456842016656166 33 835 28 847 87 589 99 608 54 943 83 576 85 591
1936 -0.348018973367614 0.85324303549959724 1.8546542821096823 23 23 30 0.08250508233801912 54 1118 28 852 87 1022
1937 0.22475480095410555 1.2715544954228961 1.8451023351203721 151 124 51 0.40462806849380623 33 848 98 672 28 864
1938 -0.45437673381979471 0.94257082747623711 2.23140318261648 254 220 73 0.3429771873282248 33 633 28 880 87 869 99 1138 19 1325
1939 0.086676864115683594 1.3858568709797459 2.2049351870603866 51 49 57 0.54854247013655089 33 883 28 893 87 650
1940 -0.1989260014177294 1.322602447203221 2.1269445133592741 83 68 18 0.43783300590915503 54 716 28 894 87 651
1941 0.13655670043769669 1.7975386141397918 2.188370030145105 3 2 3 0.1705355958130797 33 899 28 910
1943 0.50549866448086933 2.145374163526788 2.2296301075968188 112 91 77 0.22043721018417103 33 727 28 930 87 939
1946 -0.74356426018702804 1.3356883733625506 2.4131160128896183 55 66 93 0.3799492165372062 33 922 28 937 87 918 54 1051 99 960 83 926 77 574 76 592 56 584 12 544 3 431
1947 -0.44603997652513228 1.4690251689329255 2.6210226754623824 55 51 45 1.1738051723888563 33 761 98 1134 28 943
1949 -0.37077477547934923 1.7395032741543284 2.4011588859384276 4 6 6 0.58336516464824939 33 936 28 954 87 974 12 635
1950 -1.012812977619318 1.2491983815193188 2.7025999307308486 116 118 108 2.4950864117290408 97 1209 28 969 87 968
1952 0.2941382252633975 1.0655234338185697 1.5147814769444421 235 204 73 0.55074835680359613 33 821 28 993 19 1509 85 1083
1954 0.32737183866106817 1.5648543191218207 2.2680567312038034 118 95 22 1.2825781182807181 33 1009 28 1029 87 1099 98 1312
1955 0.1703016298472132 1.5415794144469539 2.1934783236935105 6 5 4 0.81010167123571242 33 888 28 1031 76 670
1956 -0.40910692724014153 1.2883118138393053 2.2082239991593289 107 97 28 0.28218598567054676 33 1010 28 1032 87 1051 99 1218 83 1132 77 696 76 672 56 648 12 961 3 782 21 623 43 516 58 533 86 555
1957 -0.18653191648120671 1.5547620289966144 2.304236804614149 78 64 15 0.4807797391569375 33 1020 28 1037 87 1059 85 936 99 943
1958 -0.19523619035058376 1.5836182704546817 2.3569447945234767 77 67 17 0.098156204094694985 33 1026 28 1041 87 1065
1961 -0.37644565044129197 0.9119623455085667 1.8264532276397738 128 139 172 0.39066567437459404 33 1053 97 1237 28 1064
1962 -0.59133844720118922 0.91958037932166758 2.3441853368216079 224 181 59 0.3017583210304931 33 1061 54 1213 28 1081 87 1041 99 1141 83 624 85 878
1963 -0.34091954758315401 1.3155183930137189 2.1909276788466356 110 100 29 0.48341351398165211 33 1063 28 1084 99 1217 77 799
1964 -0.34428606392357752 1.3172192959985742 2.189900656096456 110 100 29 0.18534102561614446 33 1064 28 1085 76 731 56 708
1965 0.00043022128013407799 1.7145089839582148 2.2193914426093069 53 60 81 0.37546290303732227 33 1017 54 1217 28 1089 87 1105 99 1225 83 1198 85 1236 19 1532 76 572
1967 -0.84138494603793201 1.2948123638332667 2.3529739729265495 50 58 78 0.15175797531075391 33 1070 28 1095
1969 0.26867751996198336 2.22317878594896 2.1055039953519774 37 25 21 0.12687356105057479 33 1075 28 1102 87 1114 99 1234 83 1211 85 1242
1970 0.20479709266173293 2.1932522459354011 2.1219908671256786 36 25 21 0.2641191060226401 33 1079 28 1103 87 1115 83 1213
1971 -0.9692964988805125 1.3002698394819467 2.5038113666019655 81 84 79 1.4366187899350291 33 1109 28 1104 87 1142 54 1289 83 1231
1972 -1.0953275000750713 1.5644873027507842 2.5305106140642906 81 56 42 0.18462030009093014 54 1232 28 1109 87 1117 99 1190 83 1173
1973 -1.1572372590221298 1.5349986947672563 2.5427761494387315 101 69 52 0.40435477229112721 33 1082 54 1233 28 1110 87 1118 99 1189 83 1172
1974 -0.88045434827108338 1.1671427384000563 2.584638002064735 84 86 78 1.1115862964274525 33 1131 28 1130 87 1164
1975 -0.75472170634590596 1.4168879119050162 2.5821213236967653 53 62 85 0.66857645808850308 54 1229 28 1132 87 1144 83 1206 19 1534 76 604 56 676
1976 -0.76362566192246994 0.83845106922260393 2.8457227694491727 225 208 166 1.2758795274504922 33 1125 28 1146 87 1138
1977 -0.55186629795717057 1.774269249630398 2.4205469357371854 40 30 27 0.25614342920901717 33 1137 28 1152 87 1173 53 1218
1978 0.4535241747600246 1.2682211489565676 1.6628121357990513 128 91 31 0.6414871648446645 33 1148 54 1297 28 1160 87 1178 99 1291
1979 -0.50436356723399789 0.62331407415568885 2.0607924049361666 1 0 0 1.8625001670012105 33 1118 28 1161 83 1257 99 1268 85 1249
1980 0.016102065814546047 1.6877349262006591 2.2037521653723928 57 67 92 0.63122746124355089 33 1158 28 1170 87 1203
1981 0.09738127028535197 1.9593021612787025 2.2506593437045397 169 158 130 1.4571273062742391 50 1613 98 1410 28 1173 97 1340 99 1312 83 1281 37 994 21 693
1982 -0.86823353530993364 1.6484617184882053 2.5502056271587148 53 37 30 1.8443331320890362 33 1167 28 1186 49 817
1983 -0.42639863526758787 0.71981803820959323 2.123026035132098 14 14 17 1.7259039583741 33 1178 28 1195 21 729 86 664 17 1097
1984 -0.425155898211728 0.7210772922136135 2.0942019903411713 0 0 0 1.4645499594317932 33 1179 28 1196 87 1216 99 1327 83 1296 85 1325
1985 -0.29978759290065671 1.0889327672830913 2.1091550440844067 119 97 24 0.79251102381442229 64 774 98 719 97 710 33 629 54 96 28 126 41 233 98 246 97 201
1986 0.54001670069137342 1.2283195622322305 1.5415309878891141 127 111 45 0.54237809677614335 98 53 97 54 33 56 28 42 14 851 24 537 66 125 64 634
1987 0.0062096461631596595 1.2814924104827561 1.8055218979486385 24 30 44 0.100844045129167 54 670 33 608 28 602 98 1047 97 985 87 611 99 637 83 608
1988 -0.77329659759608638 0.89487941115840652 2.1499800148686692 9 10 15 0.18269322872540678 50 294 54 125 28 634 33 870 98 315 87 89 99 74 83 85
1989 0.34010548378093436 1.4940410545434859 2.1709591225537084 50 31 4 0.38251452802843811 98 721 97 711 28 642 33 641 54 996 87 887 99 679 83 877 21 454 58 434 43 434 86 247
1990 -0.45743690150992755 1.6690063372132655 2.4958185266630948 9 9 8 0.61004337315501733 98 1150 97 1080 33 944 28 959 14 1221 50 1443 54 1175 87 1072 83 1152 19 1420
1991 -0.74830774988125515 1.3531996533260513 2.4304069203037968 32 37 50 0.38164962619582354 33 1071 54 1225 98 1323 97 1253 28 1098 87 1108 99 1227 83 1201 85 1233 12 974 3 795
1992 0.72369788292741288 1.4131670804612244 1.2040220034182063 178 141 37 0.02033008606259791 97 45 87 16
1993 -0.22432692987860584 0.52317152826274671 1.9831725011924493 7 7 2 0.022168383567065852 54 33 87 21
1994 0.27976673052700873 1.2975275355169211 1.8855927490942286 152 107 37 0.22504520922882265 54 70 87 60 99 58
1995 0.48147582272608674 1.4251614236065466 1.9396392514927197 1 1 2 0.20872429016992872 54 80 87 68 99 644 83 614 85 630 19 799 21 249
1996 0.1963711266612676 1.3284340359551736 1.9468716337249279 109 87 22 0.25937799146669049 33 124 87 73 99 70
1997 -0.37653491771650383 1.0360784135717522 2.2053330416197587 102 82 21 0.18914066314492403 54 110 87 91 99 84 85 114 19 185 50 259
1998 0.060059662004242911 1.3160513156792548 2.0682458683993845 112 93 24 0.3206159167816483 50 272 54 101 87 92
1999 1.5289722391094449 1.5541277450288671 2.6757088286959667 151 105 81 0.29519850604636833 28 134 87 93 99 92 83 105 19 815
2000 1.4072818932787319 1.4893696545618267 2.7148064439437993 156 109 84 0.5920760376695422 54 682 87 100 99 98 83 642 85 647 19 1067 16 1075 29 949
2001 1.4549274687379523 1.5707925525296855 2.6876216177697443 65 38 23 0.33643756031855049 33 162 87 104 99 104 83 112
2002 1.1693832811315727 1.4960061420817039 2.7202928770835313 52 34 23 0.31942106124821612 54 108 87 114 99 115 50 175 83 119 85 660 77 113
2003 1.1047054715801146 1.4673218711804403 2.7325593925497169 47 28 17 0.18010659912833349 54 115 87 116 83 118 19 825
2005 0.40771913582626057 1.552939664560036 2.1851757636661158 72 76 94 0.10153813032182707 33 170 54 163 87 124
2006 0.57505207465469799 1.5462865292005099 2.2986483631263623 235 218 178 1.845636765353931 54 706 87 129 99 909 83 1130 85 1136
2007 0.11583056239758269 1.4030444206843 2.2633939431512307 12 16 26 0.079022799029646595 33 181 54 184 87 131 99 123 83 127
2008 0.11593007397690575 1.4029887587129095 2.2632650156789551 12 16 26 0.07547657643549413 33 182 87 132 99 124 83 128
2009 1.3577939010930586 1.9198364224868851 2.436156856444609 236 218 182 0.31106011166234437 54 171 87 142 99 698 83 691 85 728 19 1194 50 1130 77 157
2010 -0.090965369723747455 1.6855352988984504 2.2882199058655011 24 28 40 0.21041982047585781 50 548 54 392 87 281 99 264 83 251 85 273 19 519 77 424 12 189 3 149 21 331 43 311 58 314
2011 -0.71042986966853516 1.3489920583983437 2.4153077499632039 18 21 29 0.14262448522749105 54 439 98 525 87 325 99 237 83 210
2012 -0.68390149447866755 1.3881836976567794 2.4320019670138291 29 26 8 0.17678989485926092 54 461 87 357 83 240 99 287
2013 -0.68390149447866755 1.3881836976567794 2.4320019670138291 29 26 8 0.17678989485926089 54 462 87 358 99 288 83 241
2014 0.68679831725491047 2.3215342334253126 2.0560226965216621 85 59 50 0.064779116874408418 54 422 87 381 99 497 83 478
2015 -0.78276764485553696 1.3595067806708461 2.4812063488992062 20 24 35 0.28134024031275567 87 386 99 323 83 282 54 483 21 127
2016 0.058694418437484346 1.883468936217378 2.3187201288967629 6 6 6 0.13485824891454118 54 456 87 391
2017 0.91065861169939322 2.5427539792608069 1.947258131951856 33 22 19 0.3986016322298041 54 446 87 412 83 518 85 556 43 365 86 334
2018 -0.72209539199795836 1.4268295408789236 2.5445425936352275 26 29 41 0.089732775357429989 28 405 87 428 99 410 83 362
2019 0.24098431468536186 2.1508445126347979 2.1212228996971239 110 79 68 0.09025865807610628 54 484 87 438 99 520
2020 -0.9082751714136672 1.3137761289095127 2.7153758879380825 108 109 101 0.019625235789274532 54 534 87 458
2022 -1.0396951815711835 1.4029994452471053 2.6600087245847801 82 83 74 0.10434142606149602 54 585 87 513 99 530 83 482
2023 -1.2040347611219597 1.39375715713361 2.65177684236434 96 96 85 0.049826599288527722 54 901 87 535 99 563
2024 -1.2995098770343152 1.4863617381103627 2.5688991161840722 52 35 28 0.07263199661936906 54 602 87 541 83 532
2025 0.48879332158074057 0.74278019064706668 1.7919107811162249 116 99 32 0.13507080695160656 33 551 87 557 85 563
2026 -0.31068861726101604 0.78110496034942434 1.8050738424312989 164 119 23 0.10816691597238408 54 645 87 581 99 598
2027 0.021405055494296738 1.2496846305003151 1.7827053526397243 91 109 146 0.19503690775002722 54 962 87 606 99 56 83 601
2028 -0.31011389961685593 0.61637075355950988 2.4840900287399181 253 242 77 0.065164482767522652 54 963 87 607 99 625
2029 0.41437876186886208 1.4658836519914493 2.0514178555179381 115 95 25 0.17143605680394466 54 88 87 629 83 630
2030 0.55556847518742414 1.7880246881283022 2.4737669045066784 109 97 75 0.027127935255503839 54 771 87 678
2031 0.64072287917896431 1.9006250242652107 2.3839541983577988 113 103 81 0.11897164110725526 98 800 87 687 83 724
2033 0.05000556676988633 1.8950002965810773 2.0632562759857374 220 200 162 0.90258388547822999 54 1031 87 724
2034 -0.87618948202924307 1.0755898432413442 2.8769193017304788 120 120 111 0.070649250241547917 54 859 87 751 99 244 83 204
2036 0.58564007901264314 2.2391427937983122 2.0987617585969103 233 217 179 0.11308259699583524 54 1043 87 763 99 1063
2038 0.20794593774670009 1.0759530082343789 1.4899638074010675 235 203 71 0.51680046106573641 54 1109 87 811
2039 -0.72444414611646091 0.6779419063125538 1.9544509672963237 17 15 17 0.10727389578334036 50 795 87 839 99 856 83 826 85 593 19 760
2040 -0.072655820866194279 0.92531849120330578 2.0109729702535004 30 22 9 0.30662020620426944 54 956 87 841 99 617 83 585 28 1007
2041 0.13269210844612281 1.4002349257996309 1.9930471538576509 109 92 29 0.313849326969945 54 693 87 875 83 858
2042 0.42132940277971398 1.5971323555109029 2.3545467451713566 28 31 38 0.086554532098106124 54 731 87 892 22 309 98 302
2043 0.37250884149739272 1.6873497259682846 2.2824877552604237 236 214 172 1.1078740669374567 54 1007 87 894 99 1153 83 1134
2044 0.68761577602866986 1.7604713767127211 2.5346224429841739 235 215 172 0.033238888323369464 54 1009 87 898
2045 -0.23959940287624237 1.5224010092044877 2.3466907891357729 83 68 16 0.40435934012330615 28 917 87 902 99 945 83 917
2046 -0.83463606106801869 1.3170082173282924 2.4647692653568942 58 64 85 0.32895512199144933 28 770 87 929 99 740 83 729 85 747 19 852 77 577 43 289
2047 -0.968885147478453 1.2629451047904137 2.5496740023422526 109 111 104 1.257145807345535 54 1172 87 953 83 956
2048 0.20246464941737843 2.0236306252317937 2.2876836160953582 222 207 171 0.27716980897294746 54 1062 87 957 99 1073 83 1051
2049 0.49698576728909633 2.3010885371221947 2.0592753131517858 106 76 65 0.56317285025980379 54 1058 87 960 53 1129
2050 0.49742097805847729 2.3035986525960652 2.0582669030943403 106 76 65 0.54796831455155837 54 1059 87 961 99 1181 83 1164 53 1130
2051 -0.85631527391372719 1.3861052116412325 2.5701962758298356 2 2 3 0.067191957715585948 54 1078 87 970 99 1042 83 1005 85 959 19 1213
2052 -1.0105806787941878 1.173537102530293 2.8423289754195711 122 124 116 0.12658130909776227 28 973 87 971 99 1027 83 986
2053 -0.79120169579779276 1.5888725779632384 2.4587238949883012 73 53 43 0.28477843679118653 33 956 54 1179 87 991 83 1057
2054 -0.57865481504736604 0.64537441005966933 1.8794169301072938 254 233 77 0.30802647204493133 54 1243 87 1018 99 1196 83 1076
2055 0.06038469595995867 1.2005526619367926 1.8099921392717633 96 88 28 0.26148406098973082 28 1009 87 1027 99 1129 83 1099
2056 -0.014940985163418836 1.4027843410317766 2.0452014341559361 12 11 13 0.2191315187463061 54 1144 87 1044 76 663 56 706
2058 0.29556009415605505 1.6578948854553279 2.2687166232749978 234 212 171 1.5277069244877926 98 322 87 1052 99 1154 83 1136 54 751 85 1229
2059 0.22447330706058227 1.7550472588204666 2.1688826614637415 233 211 170 0.58889587789877051 87 1054 99 1156
2060 0.64946759677461874 1.0694385872669936 1.2820023698514811 147 129 38 0.42343356571329693 54 1190 87 1084 99 1192 83 1175
2062 -0.051294569392746257 1.6332610632941567 2.1957845143463595 44 52 72 0.28917170404098108 28 1088 87 1102 99 1256 83 1227 85 1230
2063 -0.74755638727058815 1.3531821258146783 2.4317134222143393 48 57 77 0.49720536332662224 33 1072 54 1226 87 1109 99 1228 83 1202 85 1234 12 975 53 927 3 796
2064 -1.0315678599605702 1.0341702504838823 2.9356361722288158 1 1 1 0.29314316502232146 54 1228 87 1111 83 1142
2065 -0.46263081762106872 0.47049382108665849 1.9852068866962109 255 235 77 0.30354152929786948 99 1238 83 1214 54 1264 87 1123
2066 -0.024373953854936257 0.87407713489746708 1.9838379409010829 20 17 16 0.34415469549399097 54 1244 87 1128 86 615
2067 -0.046469131364106145 0.88759239452782346 1.9534389344413512 20 17 16 0.095339088959162044 54 1245 87 1129 99 1243
2068 -0.35689699636337813 0.63618251515869706 2.4350611741322821 212 157 34 0.5651721817202876 54 1273 87 1131 99 1205 83 1186 85 1097
2070 0.067975183034404682 1.3292464633731833 1.9739604577982681 103 90 25 0.87964663486641737 54 1276 87 1136 99 1252
2071 -0.74129530147501133 1.6306947606854676 2.4395514942948648 71 50 40 0.59723134834430525 83 1234 76 743 56 728
2072 0.57596422267699687 1.5824262024247093 2.2991553321544642 136 122 98 1.3601872713977223 87 1161 99 1274 83 1263 85 1309
2074 0.9573130323338096 2.4342169124661157 2.0466776571166267 121 111 91 1.4374031545222508 54 1285 87 1166 37 991 49 764 78 810 1 818
2075 -0.4058810847130021 0.88624258524334243 2.2866928912152757 255 220 68 1.0634800621200693 54 1299 87 1183 99 1295 83 1260 85 1304 19 1608 21 704 43 643 58 652
2076 -0.61991061843335726 0.91854047188552357 2.2945379283646261 200 151 43 0.35824106826381813 54 1277 87 1184 99 1297 83 1278 85 1306 19 1590
2077 0.49413718190947542 2.2487458525534878 2.1067072555294568 34 22 18 0.9369133213022196 50 1602 64 1473 83 1266 99 1303 19 1602 85 1298 77 862 53 1234 21 699 43 660 58 672 86 629 29 1156
2078 0.18614611321633759 0.91078298010781678 2.2018028660229167 0 0 0 0.64748391428984498 54 1307 87 1197 99 1309 50 1607 83 1276
2079 0.22193335932465599 1.589374493025731 2.3075883372151402 8 7 7 0.79876973708524246 54 1311 87 1202 99 1311 83 1280 77 867
2080 -0.045801882508250964 1.3076589616388583 2.125110149389267 47 41 43 1.2723688726325373 28 1180 87 1209 21 715 86 654
2081 0.85653649866787473 0.81215347856156295 1.4878729010951051 153 133 46 1.0908755002233741 28 1187 54 1332 87 1213
2082 -0.1744503664484349 1.1365199713843466 2.0608194354625184 146 103 19 1.6002006511477345 54 1326 87 1217 99 1328 83 1297 21 714
2083 0.072449248537578684 1.8416900551805537 2.3144871173540293 8 8 7 0.80812150139704053 33 913 28 926 87 753 14 462 64 827 50 931
2084 0.51782262334315698 1.1412823028906183 1.2668448021665337 127 104 29 0.90648654280847085 33 29 28 528 87 798 98 1185 97 1114
2085 -0.20212277903698994 1.7914758477142996 2.4139744195822437 2 4 4 0.48108799664194912 97 1191 33 1031 28 1050 87 1069 50 1433 54 1074 83 1151 19 1254 85 1168 77 636
2086 0.4674853019865331 0.80451813071884593 1.7395772605186468 143 154 183 0.10280314956620752 87 559 99 18 83 16 85 12
2087 0.49378003339931098 1.2765214845672639 1.5921475984060574 85 94 117 0.42613160574107101 87 34 99 41 83 45 21 21
2088 0.46581613082022744 1.3143206998414738 1.5588322604337976 21 25 35 0.1749548081275609 87 38 99 45 83 47 85 70
2089 -0.46508609626589176 0.99807286034249842 2.2291890848583216 187 192 212 0.38997320461411933 54 121 99 86 22 814
2090 0.46587039103005318 1.4601057716002956 2.070402860497337 6 6 7 0.74893210890109607 87 86 99 90 85 892
2091 1.478721525198831 1.5217180208927998 2.7080883860015748 150 102 78 0.054178255466021376 87 97 99 91 83 104
2092 1.5177854696026818 1.5984707164496368 2.6678614825799829 73 49 33 0.17328375523240708 98 156 99 105 83 113 85 146
2094 0.084275166674889698 1.2878363546207368 2.3994482326513937 71 73 84 1.6363429701153605 54 179 99 117 83 117
2095 0.41090275771317836 1.5753033020307146 2.3234611129970397 117 86 22 0.20407724833346283 87 146 99 134 83 136
2096 -0.70501596279264656 1.0967288801782678 2.4183808952329691 26 17 9 0.19892316596410381 50 420 87 180 99 137 83 133
2097 0.42445056375396051 1.7008152234666774 2.4999697289507163 226 205 163 0.054423452654886323 64 305 99 186 83 186 50 432
2099 -0.80096593644746994 1.2421115941905831 2.4447381126448868 47 49 63 0.5553310131600504 87 289 99 195 83 709
2100 2.6574761693833264 1.7471530599353096 4.6810961577316448 125 115 93 0.95908393421462157 50 201 99 242
2101 -0.83475437113860584 1.2884225809425527 2.4389641598368961 19 22 32 0.16344724224369586 87 741 99 246 83 206 85 190 19 417 77 121 21 300 43 282 58 114 86 280
2102 -0.93995547309402327 1.0464334266948467 2.8916555134935051 130 131 122 0.09417040669735606 87 755 99 249 83 215 85 178
2103 -0.80841151772020292 1.3261327288531 2.4615998577941971 30 26 17 0.05869925220000477 87 368 99 292 83 248
2104 -0.77730428379297434 1.3563673288479172 2.4932938612690116 20 24 35 0.054994326617558376 87 385 99 322 83 281
2105 -0.71307908128595243 1.3886728414082128 2.4813359043366927 22 25 36 0.017571712685893574 54 478 99 324
2106 -0.028031105582682635 1.7568599682899564 2.342586294579021 33 32 40 0.067967760775103567 87 345 99 350 83 330
2107 -0.71961949583859697 1.4251393256307094 2.5510122364767462 26 27 39 0.01450335981088658 87 427 99 409
2108 -0.98351381683576367 1.1912854719815613 3.020954280325951 141 142 134 1.8987990508157935 87 777 83 422 85 314
2109 6.5216152687303204 1.9800485196660671 9.1759971039752486 125 116 94 3.0612623404533186 54 411 99 447
2110 0.30329589058085055 2.1042550761791361 2.1854333830027697 222 206 169 0.036789167510248501 87 407 99 496 83 771
2111 -0.21607289487340856 1.7986869822252987 2.4059697465816465 7 9 10 0.010347871704124061 54 508 99 499
2113 0.56886445753498349 2.3435444526134432 1.9987186225177624 155 108 83 0.22821432523737115 50 954 97 402 99 522
2114 0.47539276394080726 2.284577673128934 2.0628823706569457 110 80 69 0.24351004065355322 87 424 99 525 83 502 77 257
2115 0.40607084969662555 2.2564546611558511 2.0663252803790053 108 78 67 0.049652376619783091 87 433 99 528 83 500
2117 -0.71290591461361397 1.6980012244390952 2.3807696571803012 74 54 43 0.23250835914278739 87 507 99 558 83 514 85 513 19 928
2119 -0.67286092369831396 1.7492634932156814 2.3898534263352489 22 15 15 0.2282315352397557 14 570 99 571 83 527 85 541 19 695 21 214
2120 -1.1067066727588655 1.5218821312644228 2.5915202059546973 169 135 119 1.2602719497713089 87 540 83 529 56 285
2121 -0.72453552123406961 0.57449890874178178 1.9367721704422132 127 103 26 0.089365562885008257 50 776 99 600 83 569
2122 -0.061488762808775799 0.95630422567614992 2.0080537824108724 6 6 8 0.23461809371427558 54 661 99 621 83 586
2124 0.49818076143171147 1.4567993703298829 2.0126796779858234 196 166 141 0.32465114267157946 87 625 99 650 83 618 77 337 21 256 86 228
2126 0.057126677830762515 1.3465933658923028 2.0554357803272265 49 25 1 0.086828058344227202 87 877 99 660 83 633
2127 1.1526482155990414 1.6242061274401836 2.6375381569851286 233 217 180 0.43756874718596295 50 1076 99 686 83 664 85 909 19 1102 77 379 21 320 43 159
2128 0.31586152904817566 1.5220187740334812 2.2302692408154652 81 44 6 0.22139130626400375 50 863 87 657 99 687 83 663 77 349
2130 -0.77298715988374078 1.3197733468141921 2.4241700354910858 19 23 35 0.15665893308651035 87 737 99 733 83 207 85 196 19 422 77 122 58 116 21 305
2131 -0.83488360121176142 1.3182973609563715 2.4675763330635605 60 65 86 0.4511084305983834 28 771 99 741 83 730 43 290 86 293
2133 0.53876014106137882 2.3176167737783775 2.0336955473045775 107 77 67 0.37644013274898225 87 767 99 788 83 788 85 808 19 1277 12 750 53 1044 3 325
2134 -0.89814053221051171 1.6201597133890955 2.4021507562700384 105 72 53 0.052926295205056262 87 785 99 799 83 794
2135 0.50989712011444466 1.1089462327452948 1.27778241842211 11 8 8 0.23056723479074392 50 1000 87 797 99 813 83 806
2136 0.53958004489520295 1.247720639438008 1.2308158748650737 142 123 34 0.35091548819089513 50 1012 99 816 83 544 19 78 85 23
2138 0.89180218530048649 1.5855027803813035 1.3064048599808957 249 215 70 0.073249612404798145 87 822 99 845 83 823
2139 0.67053251839641992 1.5007253030472267 1.3908131350866879 101 90 26 0.35673265684849564 54 39 99 849 83 583 85 607 12 783 53 558
2140 -0.69241026643635595 0.68896522425042128 1.9331405626482601 106 92 27 0.57329786634015723 50 1037 99 852 83 824 85 836 19 1013 77 510 12 452 53 523 3 347 21 420 43 379 58 372
2141 0.31590674712783023 1.2516693005471879 1.830698796835259 153 128 45 0.10620784212792868 54 1120 99 868 83 593
2143 1.4388007178007545 1.6452147618491275 2.6060875450078065 226 211 173 0.10359497455631034 50 1051 99 902 83 875
2144 0.01390808704016851 1.6590619811879295 2.1458432995993957 53 58 76 0.16595850395929704 87 897 99 934 83 903 85 928
2145 0.0079047992013979562 1.6958837348693709 2.2027120830886169 54 65 91 0.23262285351622952 87 686 99 946 83 921 85 946 77 581
2147 -0.31266538621853734 1.5046132299050725 2.3511423146898287 85 70 16 0.37495732524536002 54 819 99 949 83 920
2148 -0.9684678088588291 1.0375531780726563 2.9030716428431389 85 90 85 0.40838053683233566 28 949 99 965
2149 -0.96484846330767204 1.218674362231269 2.5450815988283444 69 73 68 1.4361562040161964 54 1060 99 971 83 941 87 937
2150 0.60664258574489172 1.9423314398411768 2.3900675018387125 231 215 176 0.14416743159788911 87 707 99 972 83 951
2151 -0.9735650045609352 1.1220670336272194 2.8860945469274641 130 133 126 0.065369692998960935 87 958 99 992 83 961
2152 -0.95570232986568704 1.2152436177271499 2.7906742431084424 131 133 126 0.047787258458261837 50 1407 99 1024 83 981
2153 0.099174265726818811 1.8904884187867539 2.2606003668907229 78 72 63 0.09753296880991133 87 926 99 1029
2154 0.98754682887883027 2.3324590546675328 2.1152601463812646 234 219 183 0.11224779959623959 87 728 99 1035 83 1025
2156 -0.039317893713735931 1.8032622458204695 2.3864110878910836 2 2 4 0.10296025178578344 50 1241 99 1041 83 1022
2157 0.24415189624657516 1.9727762690189004 2.3390083488780098 217 201 164 0.14720912764794661 87 945 99 1054 83 1042
2158 0.18235333909808571 1.942776819030237 2.3578147082870631 214 197 159 0.25808486913468937 87 946 99 1058
2159 0.011998358630165726 1.890278997962195 2.3572801816422189 55 48 42 0.62098465789438828 50 1428 64 1291 98 1252 99 1061 19 1259 85 1169 97 1184 41 1322 66 1058 24 1057
2160 0.14833062897813146 1.9916002516154896 2.316493279050726 215 199 162 0.1947591217138529 87 959 99 1075 83 1050
2161 -0.6455110719429813 1.6974605594048342 2.4071452208604733 27 21 19 0.42441246084780954 87 992 99 1097 83 1066 85 1055 53 959 12 623
2162 -0.23638055077259681 0.49252838404033733 2.0143912319857926 247 193 45 0.26174035381655497 87 1012 99 1108 83 1071
2163 -0.7536012988315588 0.65893488688079072 1.9985119905742985 109 100 35 0.64983055639885345 50 799 87 1026 99 1126 83 829 21 550 77 513 43 383 58 374 86 477
2164 0.40078122097332131 1.4674159507600117 2.0856368526376099 117 94 25 0.099204901035429283 54 981 99 1143 83 1122
2165 -0.69990499081955448 1.7244308373980002 2.3705072874878388 64 42 32 0.31386532119423216 87 1077 99 1185 83 1167 85 1188 53 1113
2166 -1.0023108790601856 1.5818738059705328 2.497313863385096 112 74 51 0.33199853159460685 87 1080 99 1187 83 1169 85 1185 77 644
2167 -0.40675022034244979 0.86474609438900207 1.9222920328427704 0 0 0 0.4359066686639903 54 1247 87 1090 99 1204 83 1184
2168 0.011973419480620438 0.8444742850207233 2.3515868736874666 254 227 75 0.44069980946328263 50 1543 99 1209 83 1188
2169 0.19174248964449139 1.7188664722209299 2.2028148844355133 23 19 16 1.3869703768179851 87 1101 99 1222 83 1195 77 769
2170 -0.80396637470679944 1.2776643533362728 2.4020243542901762 44 52 73 0.50840850753676403 87 1106 99 1223 83 1196 85 1228 19 1360
2171 0.0027552638592270398 1.7872787663072867 2.3470084484543086 42 48 64 0.52065846482899902 87 1110 99 1230 83 1205 85 1239 19 1536
2172 -1.0122470341501553 1.4455716203120705 2.599140500655706 144 148 143 0.85040416533784335 50 1531 99 1232 83 1208 77 721
2173 0.51659943858130208 0.72912277058011443 1.8038243734978683 142 124 42 0.46012534593510834 87 1147 99 1265 83 1237 85 1262 19 1566
2174 0.50598904555802138 0.73958273576496236 1.7863346982406711 142 124 42 0.62585153929934123 87 1148 99 1266 83 1238 85 1263 19 1567 14 1334
2175 -0.016180771331442457 1.3894954921238662 2.2634988663963198 88 69 14 1.4228370577211131 28 1162 33 1150 83 1262 77 856
2176 -0.77723369400898368 1.1611060410070699 2.501961659617074 17 19 20 0.75610092726016731 87 1191 99 1300 83 1265
2177 -0.72637897403947271 1.1873348605888185 2.425040898513851 25 19 9 1.3986343346068821 87 1225 99 1330 83 1299 85 1316 19 1615
2178 0.42003776178607882 2.2547631765028195 2.0783117502469048 102 70 54 0.58259176016241632 14 790 50 955 99 527 30 771 38 827 89 984 14 949 92 727 66 608 64 1099 67 671 41 846 98 472 54 477 87 432 83 499 85 805 19 961 61 578 16 965 12 393 96 497
2179 0.41751493556983704 1.5969396351567142 2.272876195495507 62 62 72 1.8048945599195463 64 1418 50 1581 99 1276 97 1278 54 1280 28 1125 33 1101 87 1162 83 1244 85 1274
2180 0.55588791691735129 1.8683383772585029 2.4150659811257462 234 214 172 0.350355328070103 38 947 95 972 89 1107 14 1039 24 873 66 865 64 1219 50 1358 67 929 99 957 54 1017 87 695 83 939 19 1397 85 1159
2181 0.91735830223648918 2.5652347277755121 1.9715529576879078 87 86 81 0.53102191504304352 97 797 54 856 33 721 28 733 87 769 99 1100 33 911 28 931 87 962 83 1068 85 1076 19 966 77 735 37 163 76 577 56 580 49 401 21 607 43 553 58 562 86 525
2182 -0.74388254519321251 1.3364174413664249 2.4141599992246237 55 66 93 0.27400370375826438 33 921 28 936 87 917 54 1050 99 959 98 1135 97 1063 83 925 85 934 77 573 12 543 21 478 43 444 86 417 58 446 3 430 76 591
2183 -0.81947718356968202 1.4212666147519657 2.5806676989609554 1 2 3 0.30443621514835745 41 1235 98 1161 97 872 54 1080 33 949 28 963 87 976 99 1056 64 1120 50 1255 83 1024
2184 0.61000228079023888 1.4620000539377047 1.4130562794161639 105 91 25 0.98414802528024781 98 641 97 643 54 940 33 830 28 839 87 830 99 1200 41 1422 98 1336 97 1263 54 1241 87 1019 83 1089 85 1212 19 1319 34 985 22 80 77 741 37 788 78 738 21 655
2185 -0.063457638813140552 1.0207246412830444 2.1273197029307074 41 31 5 0.21965679572126526 64 1450 50 1548 99 1247 54 1250 87 1133 83 1220 85 1253 19 1557 77 752
2186 -0.50444062492792285 0.5761033171017812 1.9163989695505723 174 130 42 0.15129986319672309 99 595 83 24 85 29
2187 -0.46496056955972459 0.61781053755969118 1.899870407243446 253 212 59 0.17055888632688843 99 28 83 28 85 35 19 748
2188 -0.39778629777204261 0.78967423577577356 1.821844889590192 244 190 48 0.12830443543294645 99 607 83 39 85 589 19 758
2189 -0.76200308299788266 0.62351829667552006 1.9239279097946196 110 98 35 0.063208747884402672 99 609 83 41 21 15
2190 -0.47365260541780613 0.52736930573146246 2.3438198548689124 4 4 5 0.20991863045605672 99 47 83 51 85 595
2191 0.084289547044731197 1.3259358702703008 1.9553752944217082 137 101 35 0.071262311612745516 99 76 83 90
2192 1.0397283725414883 1.3244041393769039 2.771266297492518 38 19 10 0.14701408258448714 99 96 83 102 19 196
2193 1.0351913634838317 1.3273228155749661 2.76209683648527 38 19 10 0.20816299432858548 99 97 83 103 19 197 50 152
2194 1.3425786124518411 1.4628671287822903 2.7305144282304226 157 108 83 0.22497953732138681 87 101 83 107 19 808 12 153 53 630
2195 1.0517761785167752 1.385119131545518 2.7335455948901886 147 98 70 0.30431883330905274 99 667 83 111 85 648 12 140 53 945 19 1063
2196 -0.47745133419338587 1.2585711182462491 2.3460215914475739 76 66 16 0.077233822145678616 87 190 99 145 83 141
2197 -0.16634871671441862 1.4108565927057073 2.2733679902720199 79 63 14 0.12662508720516166 97 342 99 144 83 142
2198 0.002534234542407708 1.7278402589900852 2.1230787890288378 24 25 32 0.044506328960896582 99 200 83 188
2199 -0.7128501315076009 1.3526803049217555 2.4036486997978681 18 19 27 0.077536949832163443 99 236 83 209 85 201 19 428 77 126
2200 -0.05569085581426219 1.6813812422958101 2.2537446087543533 35 30 15 0.25031472698036977 99 223 83 218 85 254 58 140
2201 -0.060441781445458344 1.6845168638982915 2.2399176664124978 35 30 15 0.065369566727169814 99 224 83 219 85 253
2202 0.13514964555539632 1.7848394117481867 2.2213038106509382 49 54 76 0.10790739125550575 99 240 83 227 85 274 19 528 77 159
2203 0.87491905754436217 2.0606324800464457 2.2916118854323617 116 107 86 0.021296744753837981 99 243 83 259
2204 0.012313844926918253 1.7604290407578749 2.2163907744782412 22 25 35 0.053601116567202442 99 266 83 262
2205 0.75980119981856398 2.0007388696507409 2.339257564881791 121 112 91 0.099472091333508983 87 234 99 251 83 265
2206 -0.0091713693543810058 1.7465383834839476 2.24472866073816 65 70 92 0.023057879257782601 99 277 83 266
2207 0.5698908902174461 1.9092515095536755 2.3919180076976172 116 104 79 0.012481321585693442 99 256 83 268 85 316
2208 -0.71993912537281035 1.3952998359917479 2.4574720944294541 19 21 31 0.034997987846169205 99 325 83 283 85 251
2209 0.62581684757380096 2.1847835880318778 2.162977465483817 232 217 181 0.026453045108866577 99 444 83 428
2210 0.39211735350755034 2.0623109251357574 2.2593098785855146 228 212 177 0.014615240386809728 99 457 83 434
2211 0.13783973946516931 1.9407796852934147 2.3278078911775073 210 195 158 0.064468634554758 99 465 83 446 85 463
2212 0.4662194395245508 2.131657859165585 2.2209181800228261 236 220 180 0.15953998184842202 99 471 83 450 85 784
2213 -0.0053264451593134955 1.8982971476685475 2.3313077954319117 11 12 14 0.11425962962374042 99 487 83 453 85 461 19 653
2214 0.79408332816231586 2.3204503024338092 2.0933741711968059 232 217 183 0.14076520250738447 99 472 83 466 85 796 19 949
2215 0.96092591610688605 2.4230093478427661 2.0416055152641506 122 115 95 0.043773347738230217 99 479 83 468 85 547 19 958
2216 -0.46830216682554138 1.6842888610655418 2.4599318698611357 5 6 7 0.044574441321634579 99 506 83 469 85 440
2217 -0.64703011839593294 1.5958288855844347 2.5176882335789892 4 6 8 0.024261309610467949 99 513 83 470 85 425
2218 0.046302182370083912 1.9600731399098104 2.314156322346804 199 185 153 0.16010837615918147 99 783 83 473 85 780
2219 0.65205652564564287 2.2934102971487751 2.0843821165844676 108 76 65 0.18954961804304113 99 493 83 475 85 800
2220 -1.0439776294056413 1.4088384300482066 2.6375883945008374 79 79 71 0.094280788258978052 99 529 83 481 19 587
2221 0.5347030314283403 2.2945674562639153 2.0789218417361588 105 75 64 0.10388163143769345 99 518 83 493 85 551 19 962
2223 -1.2555531820106298 1.4964812314200917 2.5176365532358509 163 128 112 0.1783240150355786 99 806 83 530 85 526 19 666
2224 0.63608744557062935 0.80504328201292641 1.5628228790186196 80 97 133 0.016218745822594631 99 576 83 536
2225 0.62107142109890034 0.9863968793542649 1.8512089155813134 160 132 48 0.037060194644817863 99 596 83 563 85 43
2226 0.61605858377897105 0.93982177007769041 1.9248211733537597 2 1 0 0.78318268507010191 64 1327 99 27 83 564
2227 -0.33147431977211322 0.79390301263135776 1.8073436697854044 253 224 64 0.3041434892117556 99 35 83 572 85 588 19 1006
2229 0.44406495109616123 1.203057227741567 1.660666249301751 1 1 0 0.28078730281729442 99 847 83 578 19 1022
2230 0.24585507611025886 1.2369995073320732 1.5450524525807741 19 20 28 0.083761803593270442 99 610 83 580 19 779
2231 0.44903712530679091 1.2310816525342207 1.6599012750629722 148 124 34 0.13850673715230291 99 848 83 582 19 776
2232 0.32941167305315283 1.2756478846136501 1.7061944432260718 152 113 41 0.07551261005305375 99 618 83 587 19 140
2233 -0.54582240348227318 0.66068927842433878 2.3985178204031898 128 90 17 0.52114375346823871 99 630 83 597 85 86
2234 0.20943805693425535 1.2774276864899539 1.922611241295171 153 120 39 0.15164079896486882 99 636 83 607 85 100 19 794
2235 -0.44584745570587297 1.0095485690323613 2.2801877917309832 80 85 106 1.0063580843521314 87 637 85 881 19 1339
2236 1.1547643199069322 1.3305936937314145 2.7562470257579541 117 85 70 0.29402530430711316 99 658 83 632 85 642 19 1058 16 1064 12 552 53 940
2237 1.0766477148994813 1.3549031411826717 2.7370593604487317 40 19 11 0.41955627994987227 99 661 83 639 85 645 19 804 77 93 16 522 12 556 53 618 3 142 21 93 43 119
2238 1.0725762981452971 1.3586043137012072 2.7277884880560785 40 19 11 0.21522876780085229 99 662 83 640 85 646 19 805 77 94 12 557 53 619
2239 1.1941825031624915 1.4525786309006334 2.74039604611619 105 75 63 0.050693498693441585 99 670 83 646 77 102
2240 0.074910292501350215 1.4799373600503705 1.9996724952250899 17 20 32 0.057987897487872524 99 677 83 649 85 147
2242 0.98303162352133777 1.4095358629838344 2.7704083115571163 46 30 22 0.096950587754030759 99 676 83 653 85 659
2243 -0.25584645969024394 1.2751837160077741 2.2417606600153395 4 3 1 0.74302154528854714 99 122 83 654 85 905 19 829
2244 0.31630853736856029 1.5000150620795893 2.2051213750025496 114 92 23 0.062429740372376773 99 683 83 656 85 663 19 833
2245 0.31833590867664024 1.4984717925077724 2.2104452690709406 114 92 23 0.070888147558312103 87 653 83 657 19 834 85 664
2246 0.080049087378856479 1.3413190706462959 2.3575883455513109 50 51 62 0.13797139794972177 87 890 99 684 83 659
2247 0.28941275272968769 1.5310181255864952 2.2632755317217033 110 88 20 0.11327281752814404 99 912 83 670 77 559 85 681 12 824 3 677
2248 0.29650779025556895 1.5484886885597571 2.2982146911813857 55 25 1 0.031206991044737703 99 136 83 678 77 354
2249 -0.60790374082895249 1.1969450231180823 2.3476306261787347 7 6 1 0.076969068846906588 99 143 83 679 53 130
2250 0.10770473968471024 1.9441913646153552 1.3952567166191903 235 217 177 1.5281735411263271 99 694 83 685
2251 0.42519752736352734 1.5940724576998047 2.36545828753904 32 31 36 0.10492759829951505 99 699 83 688 77 570
2252 1.3053872111143567 1.9783556654693852 2.3781470292561031 237 220 185 0.42633538055702974 99 705 83 695 85 933 19 1381
2254 -0.75331010311003821 1.8351125111195175 1.3997342097669982 41 33 25 1.6189358956928985 99 748 83 742
2255 0.29227912229425035 2.0836463565539773 2.2301153802759619 221 205 170 0.10092653375720632 99 777 83 770 85 787
2256 0.25145363870585863 2.106555701620338 2.1923480112026605 95 67 58 0.2027285971403438 99 785 83 777 85 792 19 1273 50 1442
2257 -0.14288967469324337 1.9682833550461454 2.2172058150124738 86 60 47 0.49187519530108509 99 1090 83 787 85 1067 19 1271 50 1459
2258 -0.28576134034294376 1.8783806957734834 2.3336709139337541 96 104 102 0.30068938274776397 41 1330 83 789 76 213
2259 0.75844113479799391 0.80260724729333977 1.477980339432162 2 2 1 1.8888742584759175 99 810 83 802 85 1077 19 1280
2260 -0.69359145420027135 0.69059885779416796 1.9246643946473216 105 93 27 0.42357995874636067 99 853 83 825 85 837 12 453 53 524 3 348
2261 -0.36681488884255409 0.95277391666886346 1.8539460060614477 22 15 17 0.021970137765662149 99 865 83 835 85 848
2262 -0.7504158453897104 0.88590842071170928 2.109767626894778 74 90 123 0.23281911477945089 99 878 83 847 85 867 19 1042
2264 1.4212231805191904 1.6013805531873053 2.6792704139141232 227 210 170 0.24261471315090777 99 905 83 874 85 1135 77 368
2265 1.122983250347499 1.5320665258044013 2.6955382184062189 213 195 155 0.17453967253120295 99 908 83 879 85 1140 77 571
2266 -0.86737413863233015 1.1578181357709176 2.5239609664987808 126 125 115 0.45684747958726574 99 1158 83 907 85 918
2267 1.086941447751774 1.9775733859979496 2.3667204084202056 236 218 177 0.03926375642307605 99 933 83 909
2268 -0.73383156029600538 1.3013251233731 2.3572190099616206 51 57 77 0.10114596724767792 99 718 83 910 85 726
2269 0.94628269680783694 1.9617398678165532 2.3470079923747278 138 124 96 0.75074619895167227 99 940 83 916 21 494
2270 -0.99445345340970659 1.2896207028407689 2.4738780747205311 124 126 120 1.0008923383944393 87 952 99 989 83 955
2271 0.3056618094282802 1.8789582397012203 2.3999767215047969 217 199 159 0.031191055952389014 99 1002 83 989
2272 0.46850174232766112 2.0160690347480235 2.3229207457943764 229 212 174 0.11153414648180131 99 1019 83 1013 85 1022
2273 0.49027899066414077 2.0100557146654165 2.3582960921209688 229 212 174 0.046171230920701578 99 1020 83 1014
2274 1.045275058515895 2.3624179079991903 2.0907691721863579 233 216 182 0.038258980109338828 99 1032 83 1023
2275 0.66943874277372495 2.1843840326494157 2.197437153267809 232 216 180 0.035852995798467666 87 919 83 1031
2276 -0.4724074073781826 0.73243968373400881 1.8025138748291574 253 234 73 0.085822141967886303 99 1116 83 1077 85 829
2277 -0.28431478990505793 0.78704807554158729 1.8117992435843335 152 114 25 0.74196301963813227 50 1491 83 1078 85 1207 19 1510
2278 -0.35205546391898529 0.85911289612817643 1.8427996707939933 22 19 24 0.32178668640862151 99 1122 83 1088 85 1090 77 512 53 863 3 620 12 773 43 380 58 373
2280 -0.52700839230247298 0.6938982800075596 2.4827688761547777 10 11 15 1.0883178244248866 99 1133 83 1107 85 1219
2281 -0.26981644165109941 1.1917718087098774 2.036556166373463 250 207 63 0.29594499499992544 87 1038 83 1119 85 882
2283 0.59213010806110444 2.1711820100437715 2.1858632693481783 229 211 171 0.26212678071699985 99 1164 83 1144 85 1183
2284 -0.86695117268664712 1.4691960239402353 2.5452584505907794 48 54 52 0.17273879002025891 99 1179 83 1149 85 1165 19 1401
2285 0.87483611403231087 2.36961565431077 2.0656715717177296 229 212 174 0.054967370437588127 99 1167 83 1157 85 1191
2288 -0.85970698599032391 1.3041285949667052 2.4622841810574032 49 50 65 0.44551769153512161 99 1160 83 1200 85 1232 19 1374 50 1520
2289 -0.30628476441210434 1.0242745615405058 2.0254951655555202 112 95 26 0.2846470038404782 99 1248 83 1221 85 1254
2290 -0.87102547882045767 1.66486749355923 2.4140070214589948 46 32 27 0.38407594854851379 99 1263 83 1236 85 1260 19 1541 50 1534
2291 0.22068992473554239 1.4687189313568474 2.2385712020872051 127 90 47 0.57916218909024353 99 1275 83 1243 77 857
2292 -0.63497136153219702 1.7443145165450524 2.4119087947360827 42 31 28 0.82625438727372402 99 1284 83 1252 85 1280 12 1077 53 1216
2293 0.5104130899401782 1.3298858887742435 1.9918425484654678 140 103 37 0.39987446722933689 99 1294 83 1259 85 1305 19 1609
2294 0.16713992774681441 0.92783467648308571 2.1641809112439314 0 0 0 0.70211882488372268 99 1308 83 1275 19 1588
2295 0.65221304299434835 0.864102587312503 1.7576685855711882 12 12 14 1.3378397696763156 99 1317 83 1285 77 871
2296 -0.68312606265846709 0.75789176873843556 2.1061481280012093 107 90 25 2.0338902294035401 99 1318 83 1286 21 722 86 652
2297 -0.93477416479130382 1.0774802186298673 2.6690425124735428 133 132 123 2.1524342380913191 99 1319 83 1287 85 1293
2298 0.40526037764289236 1.1793113465509968 1.6378925889394238 120 87 21 1.113832730798608 99 1333 83 1301 85 1331
2299 -0.88059529549788274 1.569819363339926 2.496142845481955 37 28 25 1.5450619120670024 33 478 28 470 87 514 99 551 83 496 83 503 41 1415 98 1171 50 1468 64 1383 14 1232 67 1291 97 1096 54 883 33 785 28 477 87 518 99 555 89 1288 85 472 85 770 19 1253 34 1126 22 1348 37 923 16 1047
2301 -0.078066141513180823 1.7345208091671578 2.3636293226672911 54 64 88 1.2218251536696034 98 1360 97 1251 54 1257 33 1108 28 1129 87 1141 83 1248 28 1147 87 1165 19 1564 77 836 37 908 76 738 56 666 53 1207 3 897
2302 -0.35725006619867272 0.55079665683221868 1.8989832689950872 127 117 39 1.1691360987432271 99 1194 83 1180 19 1568 85 1246 54 1263
2303 0.92610024669517588 2.3026460664864383 2.1357386214975982 233 218 182 0.039289274463285527 99 1037 83 1027
2304 -0.53349688640543502 0.56670706329743181 1.9268716201779821 171 119 24 0.070276460011711825 83 26 85 30 19 39
2306 1.3269727763503809 1.1269264235208378 1.9533254177413086 2 1 1 0.78979907007334038 14 24 85 50
2307 0.57930545237837294 1.3990772447805853 1.3129231801150121 255 218 53 0.46272614770377168 83 35 99 30 85 54 19 115 77 269 53 63 21 5
2308 0.57783822154987541 1.3984715086707451 1.3150752038915063 255 218 53 0.33534498158932297 83 36 85 55 53 64
2309 0.6996901401639537 1.5177044510892417 1.4002794820382283 2 2 1 0.24998717677089763 99 46 85 77 19 146
2310 -0.086155640585564686 1.0432841120771936 2.1465362830636598 7 4 0 0.23193383371652751 99 63 85 96 19 157
2311 0.40299664490586823 1.3832121735020231 1.9809421741410458 107 84 26 0.23212432775186032 87 71 85 116 19 190
2312 -0.50542183588912193 1.0550889052237264 2.1425557507887198 89 90 107 0.32569148500568784 83 94 85 117 19 1054
2313 0.12877919766510598 1.374004353591421 2.0013303303358208 120 98 25 0.18421658752917106 50 277 85 126 19 214
2314 1.2262492399573108 1.3744931427539808 2.7665239764111274 167 112 84 0.18635793538495338 83 638 85 131 12 137
2315 0.39644370669193507 1.5305617532795435 2.2003830188543509 53 31 5 0.89600666642469529 83 125 99 119 85 154 19 832 77 347 12 539
2316 -0.39622760733710832 1.3130991716450029 2.3160518133786629 82 72 19 0.20176462978667828 83 687 99 149 85 161
2317 -0.77366769822937065 1.3214957543379282 2.4185252012398051 23 26 38 0.11942069258385242 83 208 85 197 19 423 77 123
2318 -0.6487501266131428 1.3829849719745324 2.396902425559349 22 24 35 0.18751213722548501 83 217 85 207 77 378 12 124 21 310 43 286 58 287 86 424
2319 1.2388543997952104 2.0136580379500919 2.3243287157214052 126 116 95 0.097883869316795116 83 161 85 224 19 474
2320 -0.96089614978885718 1.3155128525096276 2.3882551897833602 122 124 116 0.052746687598039368 85 228 19 855
2321 0.093737055977763759 1.7446538329025421 2.1736228038492773 28 30 40 0.022969520633432584 83 191 85 248
2322 -0.4830873747063899 1.4694779040618378 2.464865900205663 38 28 21 0.15445330592458217 54 447 85 252 53 185
2323 0.92617672800074802 1.9765917281539858 2.340702770195239 113 101 74 0.2442799171201579 99 184 85 269 19 517 77 180 12 271
2325 0.90447698210225813 2.0446761646867775 2.3041187169636257 235 221 185 0.13124039981808278 99 216 85 317 19 874
2326 -0.69552455473035502 1.7401509970901632 2.3644288596910421 72 51 40 0.10986047863727562 87 523 85 537 19 937
2327 0.83578043971715721 2.3603022206080269 2.0790757115375564 117 109 93 0.075479794960672947 99 486 85 543
2328 0.6539954506483886 0.78917148517094482 1.5852713980842097 83 101 138 0.33221738834874753 14 960 87 549 85 559
2330 -0.35465908096294801 0.9402742849927711 1.8231033895336488 204 206 228 0.36274486427824365 50 801 85 601 77 279 43 22 58 25 3 362
2331 -0.37112814436159519 0.81673204638962948 2.3122011240434364 129 88 18 0.26668717381700652 83 75 85 615 77 55
2332 -0.1964665452584404 0.97981617253982545 2.198749687909678 254 230 60 1.5343902411232859 50 811 85 620 19 1041
2333 -0.2240979770834767 1.1001782733002428 2.0799045094311177 254 228 59 0.17400395708590347 83 84 85 623 19 1050 77 315
2334 1.0605214084789196 1.2890366642581785 2.7763228404257294 115 82 70 0.29846158321964289 83 634 85 641 19 1057 77 90 53 613
2335 -0.84613167185687443 1.1338660037725166 2.4989851371114602 118 112 100 0.44488262932007844 83 900 85 693 19 1131
2336 -1.0277540566805718 1.0411748641681065 2.9137491137450056 1 1 1 0.25910195735096325 83 728 85 737 77 144 21 163 86 327
2337 -0.86501165081624487 1.3413842615410974 2.5014870253634394 47 53 71 0.91508339067855415 50 1243 85 753 19 859 77 409 12 128 21 343 43 308 58 309 86 441
2338 -0.15355023675102389 0.95422610449220147 2.2140522214999576 69 61 55 0.46128745848761676 50 1050 85 862
2339 0.52831945487469312 1.479964393883878 2.0705481544203432 1 1 1 0.96359543322914609 87 87 99 883 85 894
2340 1.2289112415925747 1.958796485155093 2.3686105730676434 235 220 182 0.31323705703511534 99 706 85 932 19 1378
2341 0.082944061447498149 1.8406169575897382 2.3246894252498285 3 3 3 0.23644468410330965 83 992 85 990 19 888
2342 0.29345138020330169 2.0927734248305221 2.1806228010792115 222 206 170 0.79213848748816751 50 1430 85 1064 19 1475 53 1001
2343 0.70588061942788549 2.3118262934134308 2.1085834645421873 98 70 61 0.61425850636811241 99 776 85 1072 19 1497
2344 -0.66318263043880532 0.59566162761252783 1.9064179435134787 183 146 35 0.22168663076299308 83 1075 85 1085 19 1291
2345 -0.45748445493671919 0.94426571822227434 2.2229817912356848 254 224 64 0.20348564329591529 83 1112 85 1118 19 1324 53 889
2346 -0.21145301664648566 0.67969285270315838 1.8307615040350445 255 233 70 2.3912604780086424 99 1109 85 1202 17 832 65 872 9 956
2347 -0.15512340410828651 0.62543855321453079 1.9197904200272975 255 233 70 0.42985564067296611 99 1110 85 1203
2348 0.48784573028127409 1.3589242341937839 1.3280527059447531 105 93 27 0.6228408414529315 83 1079 85 1250 19 1308
2349 0.45276647987740576 1.5814882031269841 2.3965919286799928 81 83 97 0.53778144677877227 85 1275 77 832 21 634 43 623
2350 -0.62083590155780333 1.7352319824357796 2.4302161189071647 44 32 28 1.560965447008213 99 1285 85 1281 19 1579 50 1588
2351 0.14673889183740238 1.6362495675298927 2.2451834014512277 36 28 25 1.3942051803597675 54 1334 85 1326 19 1627
2352 -0.67103746709034795 1.6791984131752686 2.3952501116348972 31 23 21 1.6927175442260503 87 496 99 543 83 490 85 487 41 1411 98 1164 97 1093 19 1261 34 1053 22 1344
2353 -0.94348841046303256 1.4993993693593337 2.5574372220342529 104 112 110 0.820943236610996 38 230 11 59 95 213 50 972 28 480 33 784 85 446 50 1463 33 1040 99 1091 87 998 83 782 19 1244 76 703
2354 -0.15633735729520096 1.1453137607621466 2.103344087946561 121 80 12 1.5434146073095532 38 1183 95 1233 89 1347 14 1283 24 1108 66 1105 51 1023 85 1223 67 1274 54 1207 87 1092 99 1211 83 1116 19 1525 90 999 72 984
2355 -1.0944313614367591 1.4752453360837161 2.6066778926393708 162 161 148 1.0936705921726999 28 506 87 791 85 774 99 568 83 519
2357 -0.44232083793966986 1.1586838527257501 2.07519444198577 252 211 58 0.61455877265415804 14 1026 99 891 83 862 85 890 24 740 66 773 64 804 67 986 41 824 98 761 54 709 87 638 34 578 22 837
2358 0.76523827813332956 1.5701850357491542 1.3887329608916916 1 1 0 0.5691573837249162 54 1115 83 1094 85 1106 33 69 28 58 87 588 99 861 54 942 83 833 76 41 86 198 21 20
2359 0.75686091289837498 0.8277308409090598 1.3951260355049786 1 1 0 1.8913156768106614 85 1 19 2 43 206 58 208
2360 -0.12807460654479036 0.59807618329549816 1.9518881309405762 255 253 83 0.42784968692237313 64 886 19 19
2361 1.096067223760111 1.1386346992342329 1.6444777353873055 204 136 43 0.25021098495978245 50 698 85 27 19 51
2363 -0.76430582570751981 0.7050221899953355 1.9158524959206025 106 92 28 0.62010894368154201 85 56 19 100
2364 -0.48198415476108497 0.5739421223605875 2.4299388938455251 9 8 10 0.051740497370265467 85 74 19 107
2365 -0.74816273210156947 0.6272509180762611 2.2555816183020689 109 96 29 0.16198076064193173 19 113 77 298
2366 -0.77147173271425318 0.72885730557689077 2.0885480771681664 3 3 1 0.029081191197559097 85 76 19 122
2367 0.68829031447078259 1.5245781568673755 1.3796017949719623 0 0 0 0.13587280414466701 85 78 19 147
2368 -0.48658814328682842 0.90063335897870722 2.2644552183619475 253 213 73 0.18491204674545955 54 95 99 71 19 160
2369 -0.51133994053278409 1.1463950220987398 2.1073531794987979 105 72 12 0.16543271478321059 85 127 19 210 53 108
2370 -0.13656605045992032 1.3148081226323269 2.0581588165224427 94 74 28 0.28434888775291939 98 272 19 220 41 246
2372 0.40771132603580595 1.553111558049258 2.1788718716973077 79 80 97 0.25815336367038444 85 157 19 278 77 346 12 540 53 169
2373 -0.71320769318645061 1.3529208887557762 2.4033609764680914 30 35 51 0.074030283324610618 85 202 77 127
2374 -0.7830372047038463 1.3618524591048504 2.4737490537578162 30 35 51 0.20498181377013025 85 249 19 464 77 140
2375 -0.55961224475274085 1.4522636389610573 2.3956483192188722 4 3 4 0.03963973426742446 85 240 19 467 77 137
2376 -0.22153047748931465 1.6181301568323225 2.332247923322095 54 51 46 0.81515134207920015 54 1037 19 503
2377 -0.72578618734276745 1.3916690909799163 2.4611381387093818 21 24 34 0.35536338032772008 54 479 97 518 76 194
2378 0.52109650414976483 2.321782709304145 2.0545205290837463 39 28 25 0.10925578681020803 50 654 19 711
2379 0.82658984561759508 2.4724867726079354 1.9484935177777205 36 19 15 0.1432661365415884 85 554 19 714 53 509
2381 1.176490751340816 1.0137305503229828 1.7334793753611035 138 72 9 0.10984392585934678 50 682 85 568 19 732
2382 -0.79383808018811819 0.87512979651151057 2.2662647155411526 1 0 0 0.94973548743959724 41 345 19 796 12 67 53 559 3 71
2383 -0.47353244877033795 1.0026675780146135 2.2159543179041425 183 189 209 0.15267012133953678 50 1112 85 629 19 797 53 565
2384 -0.8635822186074722 0.97622842338639326 2.3720547476048717 2 2 2 0.63228140216649165 85 137 19 812 21 449
2385 1.6435056501595551 0.73302745371131139 5.3940050784119835 8 7 6 0.736401443881882 41 776 19 823
2386 0.28856680908522742 1.5548185715735463 2.281982808788273 70 42 5 0.10060493469886171 50 869 85 691 19 840
2387 -0.28811637769235487 1.5127956466252075 2.3554261979242876 24 15 5 0.14736036941777486 98 872 19 854
2388 -0.0808330606823605 1.6743611128775937 2.2572883619168755 61 68 90 0.00325917098536814 50 910 19 861
2389 0.076095570524963768 1.8796111570527618 2.0489545557392392 14 10 9 1.5824446129116516 83 734 99 739 19 889
2390 0.66413424007750066 0.83961410078553533 1.6068636086985335 1 1 1 0.95851086294018739 95 45 19 970 38 42
2391 -0.73697439954377619 0.67415022492434096 1.5670091156911099 2 2 1 0.055110240277793182 99 1107 19 984
2392 -0.11024626507276598 0.71134894555285222 2.1141221983995555 254 244 65 0.21779793694299907 85 590 19 1007 77 280
2393 0.095109063266517122 1.3810819638172671 1.9955410369399957 9 10 15 0.031994620112624994 50 852 85 891 19 1071
2395 1.2097162068172573 1.6559893826424201 2.6137576023275941 231 215 179 0.26133842591756606 50 1075 85 910 19 1104
2396 0.95378813325081047 1.906783356554802 2.3953091291378961 236 218 179 0.31554155970763698 85 945 19 1207 77 439
2397 -0.88197836772189409 1.3477325511541254 2.5421866345795192 4 4 4 0.093061610152220586 85 952 19 1211
2398 -0.51949236845156488 1.6483269407317884 2.487694428737711 14 16 16 0.094317384373543561 85 1021 19 1247
2399 -0.28015179656656897 0.83381073656366123 1.8372117165072479 157 109 19 0.45914099333975678 85 834 19 1298 77 669 12 922 53 1056 3 751 43 489 58 503
2400 0.62235895733962321 1.7640895458680399 2.4662172839381422 239 219 175 0.41671954428506208 85 1152 89 1077 95 946 19 1383 38 922
2401 0.3398469716092371 1.7193182138640823 2.4218877252429021 141 123 93 1.819266704065351 85 1153 19 1385 77 813 12 1102
2402 0.37627161315877117 1.776471749425836 2.4713964192500706 216 197 155 0.24717351378742505 85 1156 19 1391 77 599
2403 -0.59615578528583035 1.6161125632001541 2.4906574105096975 6 7 6 0.70496151871118429 50 1446 83 1049 99 1077 19 1416 12 601 53 637
2406 0.049159937197149554 2.0229970822168539 2.1708870106560831 98 66 49 0.49106977335829416 41 1402 19 1478
2408 0.69148100512547783 2.2698573325282787 2.1256621998568961 229 214 178 0.33572898476336666 50 1421 85 1068 19 1488
2409 0.76339391157286551 0.77246697527316488 1.4279269722757109 0 0 0 1.8376219052751055 85 1283 19 1581 43 600 58 563
2410 -0.7285627964134983 0.8031802550800563 2.0961709744170136 104 92 27 1.6029382626386504 85 1290 19 1607 77 847 58 676
2411 -0.67177727193572723 1.3897236998414799 2.5083452059375175 58 68 93 1.0082482618611053 50 1620 85 1317 19 1616
2412 -0.35075455559829222 1.3228598683382133 2.2193969538913607 104 93 26 1.3342568094860388 38 882 95 907 89 1046 14 1044 64 1366 50 1557 19 1576 98 1396 97 1322 54 1302 33 1157 28 1169 87 1188 99 1299 83 1264 85 1291 77 866 37 992 76 833 56 796 49 805 78 884
2413 -0.036217800160397509 1.1134571086108489 2.0871309508683398 222 185 68 0.28558136861483752 14 869 24 696 66 698 51 667 19 167 64 738 50 819 67 614 41 727 98 177 97 171 99 66 85 99 90 668 72 615
2414 -0.29186853789802364 1.1279617098787731 2.0370584640697569 160 169 195 0.51741526737752785 14 269 64 285 50 848 41 1076 19 186 98 715 97 702 54 90 87 82 99 73 85 111
2416 0.69001994575941694 1.844345596182942 2.4268288233618924 229 214 178 0.39768793801002378 87 207 99 187 19 488 95 284 67 151 38 304 22 336
2417 0.84496338399719839 2.0158192592135267 2.3265311332500014 229 215 177 0.11402247774563887 83 233 85 313 19 566 38 659 95 660 89 750 14 325 64 281 50 457
2418 -0.29735318320385212 0.78114830227754273 1.8170025799745786 159 112 22 0.78389007701472724 30 299 38 394 89 504 92 13 24 553 66 557 51 267 19 757 67 1115 41 1043 97 655 54 644 87 580 99 597
2419 -0.39919710002768227 0.98130645988402787 2.2063182857962516 253 214 59 0.47274810686529828 50 839 98 732 97 219 19 793 54 979 33 866 28 879 87 868 99 879 83 852 85 874
2420 -0.39543036120939823 1.1493722171739149 2.0995675093176018 61 55 48 0.696774356395781 30 54 38 131 95 124 89 172 24 736 66 758 19 803 41 817 99 659 83 629 34 562
2421 -0.61759587802183435 0.56817606814711585 1.9319063013778941 255 236 69 0.78589914992083754 30 780 38 834 95 861 89 989 14 1181 24 1030 66 1047 64 1348 67 1220 50 1300 19 992 54 1116 99 835 83 816 85 819 69 1083 90 854 72 894 40 889
2422 -0.67927481331084183 0.63180978178309433 1.9109989733938308 255 232 87 0.70302231535698634 64 1350 50 1306 19 1002 99 602 83 574 85 586 34 999
2423 1.5267265300233972 1.6760431579108306 2.6253706777586632 237 220 183 0.44706560582347055 30 1133 38 903 95 928 11 1030 19 1084 50 809 99 113 83 116 85 665 88 1018 31 901 82 922 91 850
2424 -0.57506069617018041 1.7124275627709447 2.4108473531027617 29 23 21 1.0740885344102422 89 1081 50 1462 41 1341 98 1162 41 1230 97 869 54 1088 33 781 28 786 87 780 99 793 19 1263 38 790 89 928 92 596 11 576 22 1218 16 500
2425 -0.14458019173603717 1.0775685442558618 2.1260145317440555 253 212 65 0.61955106119444348 24 1042 66 1046 51 944 19 1327 87 620 99 642 83 83 85 869
2428 0.12704980427356838 2.0016804615915138 2.2875795782812172 178 165 134 0.33384372310387928 30 902 38 1147 95 1023 89 1305 92 1083 19 1465 50 1435 85 1182 98 1127 97 1047 54 1065 16 1080 29 947
2429 0.25289249179432416 2.0599316493968178 2.2528221266084194 219 204 168 0.27085637783809041 64 1288 50 1432 41 1190 98 1119 97 1039 19 1471 99 1175 83 1160 85 1187
2430 0.07332877153980033 1.9290471331458947 2.2594587758134272 211 195 159 1.9547004560405683 54 1169 85 1170 19 1440 98 1118 97 1040 54 860 41 1192 87 949 83 1145 99 1166
2431 -0.48892200321462143 0.4426913758084961 1.9005099625596782 244 235 83 0.56182287886095095 41 585 34 37
2432 -0.11318458147689898 1.8510789712649591 2.3992553175883002 3 4 6 1.2799054000836039 67 721 34 299 94 489 30 522 11 426
2434 -0.80529174626352684 1.1901070780684542 2.8357014645862808 65 68 62 0.29213656585008069 97 535 34 385 37 339
2435 -1.0433712534559343 1.1095685743911232 2.7141362709572907 109 110 100 1.1324056315252291 98 553 34 388 22 571
2436 -0.95524107456253338 1.3958514859023505 2.4797614131535979 3 4 5 1.7528312641798165 41 960 34 389 22 585
2437 0.51643127061571892 0.77848252477986457 1.7412830210008576 1 1 1 0.67378839878747143 67 479 34 442 20 16 56 316 76 288
2438 0.50705566996729534 0.81376686593071657 1.952881694555074 1 1 1 0.1822713268689902 67 834 34 451 37 415
2439 -0.36466982003174198 1.1333174347866901 2.1013742309006216 248 207 58 0.14505350381128823 67 973 34 550 37 116 78 81
2440 -0.76343547525964317 1.0983610290907757 2.862131616650692 100 100 92 0.17243191816499462 97 517 98 527 34 723
2442 -0.64366015974327206 0.61928598946143065 1.9058349121101714 110 84 17 0.10790652687281041 67 961 34 837
2443 -0.55035791425746272 0.68537572725562801 3.2100492052109542 223 211 176 0.25893170258106096 67 1006 34 904 37 527
2444 -0.84626779781993078 1.2518672820146737 2.6571375985919654 75 78 72 1.6115065427951425 67 1033 34 923 49 456 78 668
2445 -0.83794309830043545 1.1303266524320379 2.84402852078891 66 72 66 0.13155180864192986 41 1222 34 931 37 725 78 684 1 689
2446 -0.89956945088269846 1.1005104758562276 2.862761441679639 69 74 68 0.33270667736409909 67 1034 34 933 37 730 78 690 49 611 1 697
2448 -0.40018393598226126 0.96928192366645949 2.2047184318593902 248 203 68 0.98338611342872362 41 1387 64 1198 34 1016
2449 -0.60366742976316579 0.64932858770464108 2.4582615415802902 133 97 19 0.38214354590538158 67 982 34 1024 37 820 49 717 78 764
2451 -0.85331402178724514 1.065561148411305 2.8889038850145203 118 118 107 0.98346290328923658 54 1168 67 1240 36 1098 94 1012 84 1077 8 1110 52 1100 4 1114 20 1131 46 958 70 1016
2452 -0.950445807805678 1.6371989422007944 2.446107629822055 47 35 30 0.10269164684187926 41 1349 34 1063 1 692
2453 -1.2573164091305247 1.4593710788994598 2.6073227073411158 88 61 47 1.2450655567251165 33 1084 34 1068 37 927 76 773 56 755
2454 -0.013329122190346975 1.7090045695964873 2.208893510450471 59 67 90 1.1881556862617479 64 1472 34 1192 37 977
2456 -0.89293380164584346 1.1027794239481701 2.8741268210812261 69 74 68 0.31563173122500088 33 938 28 952 34 934 67 1035 41 1227 98 1149 97 1083 54 1064
2457 -0.073386658763477872 1.8982457667881492 2.3414430567923148 96 95 88 0.69165794436711259 30 861 38 959 95 988 89 1125 14 1136 92 836 11 760 24 974 66 962 51 839 64 1297 50 1256 67 1136 41 1206 98 900 97 832 33 764 28 776 85 1057 34 889 87 771 99 782 83 775 22 912 94 867 36 764 8 786 20 558 37 684 61 646 16 1074 29 701
2458 0.84109757586478617 0.78010398820286608 1.5249140511440453 146 132 45 0.11734947996343752 41 519 98 15 22 18
2459 -0.52980594513116064 0.41115579816921655 2.0433298001038458 253 242 83 0.1178374641254398 41 53 22 102
2460 -0.45735885226462891 0.5237049888976768 1.9821034153737243 176 131 34 0.30771849319369388 41 57 98 85 22 109
2461 -0.68736723932736121 0.45478427037366864 2.0274270808279677 114 94 26 0.28128570269739028 41 663 98 124 22 142
2462 0.39363522661207684 1.3545557944024034 1.9048649763476417 178 131 49 0.062838953778358825 98 674 22 160
2464 -0.67682781978562079 0.46207647720498363 1.9957626543091549 0 0 0 0.073466853661403014 50 746 64 699
2465 0.083277693729769633 1.8818382495248249 2.3062205103934317 1 1 2 0.13102878541539006 41 402 22 494 37 215 78 149 1 151
2466 -0.76362249077398103 1.5053373235068752 2.5815845670515465 2 3 5 0.11050257255012315 41 488 22 582
2467 -0.85375335114504836 1.6007830340628959 2.4646456634487168 19 13 13 0.32311105476192625 67 452 22 593 94 322 36 300 8 360 84 261 52 225 4 273 69 301
2470 -0.96705113031903622 1.0698588316407112 2.6839110484592026 0 0 0 0.058345001137863395 34 736 50 900
2471 0.49376178600985865 1.8337342897427653 2.4444841215357083 221 204 166 0.87920444254537111 98 1084 22 1302
2472 -0.60895279084923626 1.3992535298081377 2.6550250082811599 51 61 85 1.203016510908532 50 1610 22 1484
2473 1.317051169177601 1.9646817528667904 2.3939617135429501 242 224 185 0.38803915733112071 64 963 50 859 22 224 98 215 54 186
2474 -0.94470374766841347 1.5672357199358098 2.5148468798796677 45 34 35 0.8712641043884275 38 245 89 315 24 385 51 327 64 857 50 978 67 455 85 499 22 595 98 580 97 580 36 618 11 71 8 640 52 567 4 288 45 261 69 615 90 269 72 39 20 656 70 358
2477 -1.2219375725342465 1.3870939913989071 2.6485225794896854 65 67 61 0.50330260963120799 50 977 54 599 87 536 99 567 22 604 67 800 97 593 8 648
2478 0.85538004808247248 2.2812209816018214 2.2097168052511424 57 53 43 3.3519856758331183 98 391 22 405 54 385 28 301
2479 -0.66775636472402622 1.2135549928713871 2.2784071890410194 1 1 1 0.98339701004937108 67 749 41 1321 83 1133 69 800
2480 0.96746724009958784 1.390726512685373 1.4578645402331225 2 2 0 0.46570755922055468 51 60 66 84 94 35
2481 0.87666443619688894 1.4625479751610464 1.3995038367545731 213 135 28 0.39983121003864031 51 100 94 45
2482 0.54778291696175685 1.0496762702451834 1.2941605487663816 187 197 223 0.39411464478268138 64 36 94 60 36 385
2483 1.010377417163389 1.3351175359108194 2.8063917031873644 23 13 10 0.12818675684438846 51 44 94 108 36 123 8 116 84 117
2484 1.0079266204522674 1.3327318434484479 2.8001375791779584 23 13 10 0.27909961302407493 51 45 94 109 36 124 84 118 52 109 4 145 45 162 90 457 31 261 18 550 88 478 79 631 46 117 26 627
2485 0.94257799201411652 1.3233872992869946 2.824886873518544 109 80 68 0.24365238356186972 51 52 94 124 36 126 84 126 52 116 18 548
2486 0.60279041345304274 1.2688735479178137 2.0730234854713077 36 40 51 0.18968735101339859 51 434 94 129 90 469
2488 0.61346625964453849 1.1354611544122633 2.9470522785046049 49 31 27 0.3945844153184852 51 88 94 179 36 172 8 190 84 488 52 478 4 497 45 200 90 170 72 81 31 295 18 305 88 143 40 117 79 417 46 520 9 634 65 565 6 577 71 532 39 511 48 129 96 194 73 163
2489 0.30763144029418005 0.96894886042554584 2.3849375353959612 27 24 23 0.062682173189647056 67 91 94 200
2490 -0.57418582308736354 1.0759061796835356 2.1229015978070809 126 86 30 0.11624825330766966 67 359 94 284 36 263 8 299 84 226
2491 -0.72806156673558309 0.58295951007473867 1.9469682721714867 90 72 14 0.38369803361497573 51 304 94 304 36 601 84 244 52 216 72 3 88 1
2492 -0.67880896632754628 0.80238903774924808 3.1326016096057274 150 145 129 0.28891958059269923 67 748 94 325 36 632 8 380 84 611 52 607 4 619 45 323 69 640 31 332 20 676 46 643 70 422
2493 -0.62762313099877254 0.49951508528723187 3.3291554787871562 157 107 79 0.18801909621393029 51 247 94 327 36 348 84 617 52 617 45 326
2494 -0.62672742697409001 0.49868796595229747 3.3287981759974152 157 107 79 0.19794675524913874 51 248 94 328 45 325
2495 0.95537021842885517 1.2942965098199988 2.8339882247820816 50 33 28 0.14115130663075512 51 381 94 414 36 486 8 469 84 447 52 447 4 436 45 424 69 464 90 464 20 85 46 130
2496 0.61692713848854763 1.1920385160564044 2.091144038634948 238 221 183 0.71317345568157264 51 758 94 420 8 446
2497 0.67280492096712607 1.1599376000835724 2.9277977168985094 48 32 28 0.31078480045546186 51 402 94 450 36 517 8 502 84 483 52 467 4 494 45 440 90 478 72 340 31 556 18 558 88 394 40 336 42 813 79 946 46 518
2498 0.38373781318575306 1.0313931246173011 2.9760278074645727 23 11 8 0.56274728963853093 51 436 94 473 36 531 8 528 84 511 52 506 4 213 45 231 90 194 72 58 31 310 18 303 46 231 70 541
2499 0.35449904206827126 1.0473544539698556 2.9804088325299913 133 90 68 0.077446506856842748 51 439 94 478 8 533 90 501 72 325 88 360 40 312
2500 0.040319432301003079 0.89340379868695408 3.0655714551347355 103 71 58 0.25413319717023791 51 462 94 497 36 574 84 557 52 554 4 557 45 487 90 522 72 302 31 571 18 562 88 334 40 291 82 367 23 143
2501 -0.47201439671997819 0.56057413999726768 1.9404689948252758 205 132 40 0.23924256161641258 64 99 94 513 36 573 8 570 84 532 52 526 4 192
2502 -0.27290449170067888 0.75340390430953552 3.1521927282549087 106 73 60 0.14889253244799636 51 211 94 516 8 597 36 606 84 588 52 573 4 589 45 505 72 11 31 575 18 563 79 670 46 627 26 661
2503 -0.27424871013760338 0.75029131871209909 3.1494334276680993 106 73 60 0.13945180857505429 51 212 94 517 8 598
2506 0.8199382582584599 0.829161333034383 1.5020441032162772 153 137 45 0.28155681470658889 51 546 94 580 36 648 8 656 84 630 52 623 4 655 45 547
2507 0.68473311781287416 1.0367668400537633 1.3557366207903772 140 126 38 0.27826884457130935 51 565 94 589 36 654
2508 0.56592003136759528 1.2106295876430875 1.225644619945137 120 104 30 0.42504177202416216 51 593 94 600 36 656 8 666 84 628 52 618 45 524 31 585
2509 0.53431223619287105 1.0548035949140591 2.9888834701730622 108 74 60 0.22227412226293658 51 573 94 676 36 759 8 765 84 730 52 770 4 517 45 717 90 650 72 611 88 641 40 562 91 475
2510 0.25348148501489798 2.1103638520745691 2.1963857850856536 64 41 33 0.19002626906513426 51 685 94 680 36 739 84 696 72 692
2511 0.1468913006172668 2.0849174278564981 2.2088679621439313 138 92 68 0.30661602267551352 51 691 94 693 90 641 72 686
2512 -0.21463658832114682 1.9744329330504149 2.2525205993161812 55 42 42 0.18805916674707787 51 707 94 722 36 543 8 794 52 471 45 667 90 659 72 652 31 627
2513 -0.26711533442393975 1.9549842222514553 2.2685107979995003 54 42 42 0.19220832486311942 51 709 94 726 36 782 8 802 84 735 52 761 4 762 45 677 69 766 72 649 31 634 20 807
2514 -0.33301660235752684 1.9191872787916509 2.2827146989661844 48 38 40 0.25407195598178528 51 710 94 728 36 788 8 810 84 741 52 767 4 768 45 686 69 776 18 591 20 812
2515 -0.10629550135677747 0.7512604875933373 3.1695348022872842 107 73 60 0.12113306887214464 51 627 94 731 36 822 8 824 84 790 52 831 45 760 90 694
2516 -0.50821980194907102 0.5420160411622289 1.9604021855209777 184 144 49 0.40634884007971012 51 696 67 630 94 747 36 810 8 571 84 540 52 796 4 513 90 711 72 287 18 648 42 3 100 4 80 284
2517 -0.5240697793262532 1.8199064511620588 2.3334787657952014 43 36 40 0.22313851591347231 51 714 94 748 36 975 52 957 45 708 4 787 69 792 90 683 72 628 18 595 20 831 88 583 40 537 70 749
2518 -0.54210162035141785 0.54805238377747278 1.9475988311969694 254 222 70 0.35040890747354531 67 643 94 749 36 811 8 809 84 768 52 800 4 780 45 744 69 527 90 554 72 286 18 431 20 509 88 9 40 1 46 462
2519 -0.5677606442985127 1.1069625507073932 2.1133664205184308 251 209 64 0.20248852402821574 51 855 94 751 36 812 8 823 84 542 69 567 90 701 72 587 20 806
2521 0.64601526846216384 1.0600586242541372 1.2991047893098335 149 133 44 0.50791560644848599 51 754 94 805 36 891 84 859 4 910 45 786 69 925 90 754 72 836
2522 0.70087443329330457 0.82337041115434451 1.499089675689657 20 27 39 0.72537236542522721 51 738 94 806 36 898 8 927 67 1069 84 873 52 887 4 926 45 801 69 662 90 758 72 818 31 869 18 892 20 717 34 807 88 799 40 728 46 683 49 517
2524 1.0177820472331223 1.2714366914858444 2.8341670741934091 153 103 78 0.73567254636673274 51 735 94 823 36 716 84 693 52 918 4 727 45 831 90 764 72 807 31 952 18 1063 88 824 79 1141 42 1024 82 911 91 806
2525 0.22988880695070851 0.98333560300609268 1.9606099769461338 185 161 54 0.27251118228183641 51 779 94 846 36 932 84 906 52 916 45 832 90 896 72 927
2526 0.46744994581715416 1.0134494481874299 2.9975947305342774 151 100 75 0.67187339697726911 51 756 94 856 8 770 84 733 84 925 52 949 4 783 45 865 90 809 72 778 31 974 18 1064 88 792 40 718 79 1150 42 1023 82 905 23 897 91 798 48 522 57 817
2527 0.10621037909558038 1.8840134555520183 2.1652599220456086 213 198 163 1.3597124188085568 51 836 94 858 36 746 8 768 40 573
2528 0.18189995256809283 0.82773074504612532 3.0792247621665871 1 0 0 0.56132568040256559 51 592 94 865 36 963 8 987 84 1056 52 1091 4 1103 90 670
2529 0.092205440798297317 0.83389080103493096 3.0930955599096226 109 75 62 0.27617505155377114 51 770 94 870 36 970 84 953 52 987 4 1002 45 882 8 991 90 910 72 763 31 1066 18 1065 88 780 40 701
2530 0.030418512500977685 0.80138057573808374 3.1118701562485471 108 74 60 0.3231595217832029 51 776 94 874 36 976 84 957 52 994 4 1008 45 886 90 828 72 759 31 982 18 1066 88 774
2531 -0.58737329566433871 1.7867412922732058 2.3492821360468947 44 37 39 0.29070802682184366 51 868 94 892 36 983 8 1009 84 950 52 966 4 791 45 711 69 980 90 830 72 788 20 837 69 797 88 578 11 585 40 532 70 754
2532 -0.57545133967960682 0.73984132188856166 3.1771402135523803 229 214 174 0.33728842597788078 67 1139 94 899 36 1007 8 1022 84 1075 52 1032 4 1116 45 915 69 1103 31 983 79 1095 46 1022
2533 -1.1747449171469384 1.4540804729756751 2.5850336305424211 157 152 133 0.34799682012132721 51 881 94 922 36 1017 8 1034 84 993 52 1026 4 1037 45 754 51 533 69 1032 90 720 72 576 20 1036 88 288 40 500 11 546
2534 -1.2038829678542913 1.5064890036445722 2.5359193149484485 134 91 68 0.42474172851483399 67 1252 94 924 36 1018 8 1035 84 992 52 1023 4 1036 45 890 69 1031 31 706 18 603 20 1035
2535 0.5019407999251051 1.1908403793554936 2.0834689022119122 130 86 17 0.63008894752552069 51 902 94 945 8 1047 72 934 90 888
2538 -0.54871327896545574 0.4649015460130258 2.011416158169721 255 235 73 0.41438589821531796 67 1212 94 993 36 1083 8 1087 4 1100 45 994 90 949 51 957 72 888 31 947 18 916
2539 -0.90077645773268433 1.6257033245010728 2.4271669616671456 110 77 62 0.51809330576705215 51 877 94 1008 36 999 8 1021 84 968 52 998 4 1007 45 874 69 999 90 844 72 773 31 664 18 599 88 554 40 514 30 636
2540 -0.94722629334211095 1.4894789661710295 2.5734010948112864 104 113 111 0.7289317598816849 67 1293 94 1014 36 1092 8 1164 84 977 69 1144 20 1129
2541 -0.77346222242183393 0.67567844063177829 3.2267598368775858 1 1 1 0.47839356375917208 51 838 94 1015 90 861 18 990
2542 0.046773012734436417 1.9431497401529876 2.2761855593937206 199 186 155 0.27250707679918007 67 1327 94 1086
2545 -0.48523640868059753 1.4166256024662609 2.3016354927256311 22 28 39 1.3811472229882247 94 1111 72 1039 90 1053
2546 -0.42322700462004098 0.51343568310464327 3.3340134398812471 0 0 0 1.7747054548102452 94 1131 36 1222 8 1232 84 1197 52 1205 4 1211 45 1124 69 1220 90 1072 72 1059 31 1205 18 1187 40 1028 46 1131
2547 -0.60845291709433469 0.68718711039365021 3.224956920729801 222 206 169 1.397397335217853 51 1108 94 1135 36 1230 84 1198 8 1239 52 1214 45 1127 90 1076 72 1060 31 1208 18 1197 79 1280 42 1139 82 1017 100 1120 80 1105 44 1003 23 955 75 956 68 1063 62 1157 35 964 7 929 91 889 74 944 57 842
2548 -0.93502019013751725 0.9421044234335697 2.9598523712822931 137 134 123 0.95818444595750352 14 918 24 722 94 915 64 1287 67 1288 98 1262 54 1164 22 1327 36 1101 45 914 31 975
2549 0.53675427133519682 1.084957347371329 1.2832101964952238 78 80 84 0.11142201529429802 94 62 36 39 84 24 52 11
2551 1.2169958640991076 1.5097670267579657 2.7052970866396837 67 60 49 0.2326900271490219 67 41 36 87 52 86 69 73
2552 0.81948154830146425 1.5701786618097506 2.2215771836125553 138 119 89 1.4647063762074619 94 99 36 92
2553 1.2146374188599414 1.4112620624341849 2.7677593888201093 156 110 88 0.25607867994778216 94 70 36 96 52 90 88 260 40 197
2554 0.67747801814355724 2.3371942316918575 2.0487108311136182 34 21 20 0.72527051144103427 41 331 51 214 36 97 84 83 40 219 11 296 48 182
2555 0.33021107676071149 2.2024306160119376 2.0808202146536661 45 31 28 0.10510222020430626 94 185 36 132 8 171 69 135 20 96
2556 0.33373191075697062 2.2104518171062795 2.0869354311525425 45 31 28 0.067976664409806861 94 186 36 133 8 172
2557 0.82103977232014302 1.2612255417796188 2.8717522212635189 42 33 27 0.36339134010988816 94 154 36 141 84 142 52 134 4 168 45 182 69 169 90 142 31 275 18 294 88 182 79 392 46 168 26 397
2558 0.59259340093623414 1.1500804941718943 2.9355492082883101 227 212 176 0.36260092432765356 94 182 36 174 84 166 52 165 4 498 45 445 72 80 18 299 79 411 42 554 91 196 57 196
2559 0.13170012177923121 0.8731429448575081 2.347117194245663 235 192 62 0.10090625159686915 51 155 36 205 90 216
2560 -0.094641709761548773 1.9718329314249488 2.2554717149139711 98 67 54 0.27905896786218964 24 372 36 214 84 168 72 121 40 107
2561 -0.30180902890647954 1.2783751545685738 2.0806051345688843 21 27 38 0.38086708279867515 94 501 36 227 8 560 84 181 88 54
2562 -0.48688070018498419 1.3350526621224867 2.28761658959891 3 6 12 1.9797730292766589 94 277 36 261 8 587
2563 -0.10594986858417008 0.77903223846679071 3.1308233172652793 42 29 26 0.35592798384134428 94 260 36 269 8 293 84 579 52 566 4 573 45 292 69 596 31 334 18 311 20 604 79 450 46 610 70 317 26 452 9 653 65 848 6 634 71 581 39 560 2 173
2564 -0.63813301689176116 1.0466631723606399 2.1411186791412473 100 74 24 0.063620527220734344 94 292 36 274 8 310 84 237 69 241
2565 -0.69573940526522537 1.7472521414391635 2.3717982425722024 74 56 50 0.15041896884722375 11 114 36 278 90 249 40 52
2566 -0.24030345600625125 0.74441535236316003 3.1551438135249827 45 30 26 0.10003073461025491 94 274 36 289 8 318 84 268 52 263 4 585 45 305 31 335 18 309 79 451 46 625
2568 -0.86223408677267099 1.652739708851072 2.400670363784938 77 56 51 0.11482478363005207 51 326 36 298 84 256
2569 -0.85171125462939945 1.6070895472865505 2.4685612552295466 20 16 18 0.10482039181938783 94 323 36 301 52 226
2571 -0.79656652228615787 0.94655196257488761 2.9988384192785023 127 125 114 0.18603569314225743 94 333 36 342 84 613 52 296 4 618
2572 -1.1213635294280841 1.8152201719802243 2.9067272527476509 168 157 132 2.0938133375361461 94 341 36 346
2573 -0.93702469192639404 0.98000900269460101 2.9301618211955591 88 94 92 0.25544713906533451 67 773 36 350 84 339 52 302
2574 1.0237676459474898 0.71511214343685126 1.7142854904790896 234 206 70 0.27408776162763099 94 26 36 375 8 409 52 628 69 398 20 3
2575 0.99984197577992318 0.73703880304621305 1.7293871174128319 1 1 0 0.90126611022783276 94 352 36 377 52 630 20 383 70 6 2 11 32 17
2576 0.83248605862646796 2.4325857440884553 2.0288347886621922 223 204 167 0.074744711785041912 94 401 36 424 8 448 84 381 52 342
2578 1.2363398953454277 1.4693259668894596 2.7290994049300483 121 94 84 0.27002974417531928 94 374 36 441 52 412 69 72
2579 0.67478001315629232 2.2875995538988545 2.1165814534723779 223 206 169 0.16425435107740297 94 428 36 455 8 468
2580 0.57511382876406736 2.3430445232440711 2.0032238755284033 150 102 77 0.25383331059847908 11 295 36 456 8 133 84 88 4 59 40 459 70 156 23 154 2 92
2581 0.569069298296904 2.2372854942454632 2.0945676703092251 98 64 49 0.37425102802824101 94 649 36 468 84 413 8 140 69 92
2582 0.98053728393022965 1.3450880002906866 2.7966832962146686 106 76 66 0.21452980385251461 51 382 36 477 45 422 4 146 90 459 31 524 18 547 88 469 79 370 82 455 26 383
2583 0.42090543119704432 2.2767328759309082 2.0677190401079679 103 72 60 0.22822555376069897 94 659 36 481 8 493 84 431 52 407 4 93 45 560 90 603
2584 0.49480195773882263 2.2124790312105604 2.1785282878370262 218 198 159 0.19386258120134192 94 446 36 485 8 488 84 432
2585 0.42470065619240671 2.1686134437591651 2.1879688076388559 218 199 160 0.14035284281246344 94 455 36 496 84 440
2586 0.31469397355267031 0.81364136135708198 2.1121483632185001 242 206 76 0.4195746778696301 94 454 36 503 45 691
2588 -0.53929085377491537 0.52221412658770117 1.9780117860834396 254 226 69 0.21394681498009147 67 640 36 583 84 545 52 537 4 523 45 486 69 529 31 514 18 137 46 93
2589 -0.6608022037326422 0.56840902478249888 1.9361400111947433 162 133 41 0.063100724920957196 94 533 36 594
2590 -0.6608022037326422 0.56840902478249888 1.9361400111947433 162 133 41 0.063100724920957196 94 534 36 595
2591 -0.72776585360596957 0.58967905619432492 1.9537174821890189 93 76 18 0.29098674039708605 94 305 36 602 8 835 84 245 52 217
2593 -0.933871507065688 1.102756716289542 2.8729165516005368 115 117 109 0.15070681032975342 67 1037 36 636 8 901 84 841 52 605 69 886 4 611 20 914 70 831
2594 -0.80037300487355345 0.75816034442025837 3.1575381647799161 200 191 161 0.28490634125008235 94 554 36 641 8 900 84 854 52 613 4 889 69 1037 20 1033 79 446 46 967 26 443
2595 -0.99879082811738518 1.0169566196714943 2.9144653615995897 124 126 117 0.197339279338276 67 1040 36 643 84 850 52 866
2596 0.78396261849840554 0.87611313761117371 1.4606327450603167 150 133 39 0.3249037772978936 94 584 36 649 84 626
2597 0.80306505623004321 0.86271773294415666 1.4961403486989733 122 102 27 0.39800672191392911 94 583 36 651 45 545
2598 0.73897850452622726 0.96953455850530568 1.4246527392517514 122 101 25 0.30833278201636505 94 587 36 653 8 659 84 633
2600 1.2803080048873852 1.4084007687435895 2.7700008944688537 168 129 111 0.4760783586663177 94 606 36 693 84 407 52 689 4 406 45 614 69 71 31 940 18 1060 88 1009 40 775 82 975 91 810 48 733
2602 0.48146237172960205 2.3055627494435917 2.0511313305543952 101 71 60 0.1710739893284908 94 655 36 713 8 483 84 421 52 683 4 393 45 556 69 452
2603 0.43726656180715084 1.2760310488680784 2.0034079721152214 151 114 27 0.18010668968533108 94 836 36 715 8 722 84 679 52 692 4 682 90 796 72 808
2604 0.47197058151438953 0.89679186512092368 2.1153821776128594 235 218 180 1.0607410980174865 94 647 36 720 84 690
2605 0.99351566910358102 1.2421342738454169 2.8736715998547542 1 0 0 0.28512407596331674 51 550 94 412 36 721 90 461 72 108 40 596
2606 0.95368332474709938 1.2535955962664485 2.8626150992193882 111 78 66 0.26599909555340179 94 638 36 723 84 450 52 714 45 672 90 606 72 646 88 676
2607 0.90482461875178777 1.2301700776590865 2.8801673776122443 117 84 73 0.35509259497139295 94 641 36 727 8 736 84 455 52 726 4 455 45 843 69 479 90 774 72 799 31 960 88 818
2608 0.84255399812013965 1.2046577759608177 2.9022648068607251 112 80 68 0.24400410304265321 94 645 36 734 84 698 52 735 4 749 45 846 94 832 90 783 72 795 31 962 88 817
2611 0.73439883343365764 1.2005835208374904 2.9151888033315299 91 65 57 0.43733044752730049 94 654 36 741 84 712 52 750 4 758 45 698 90 638 72 638 31 826 88 651 79 1086 42 934 91 496 48 377
2612 0.7186701966432858 1.1429419964839722 2.9380036143373873 114 81 69 0.13635053411987158 94 658 36 743 84 713 52 753 4 760
2613 0.65415149765040392 1.1108908701654874 2.9534797908107642 110 76 63 0.10952484688726512 94 661 36 748 84 717 52 760 4 764 45 709
2614 0.59348561736911609 1.0845705700678352 2.9752318809980198 112 81 69 0.34236666199201049 94 668 36 752 8 763 84 724 52 765 4 773 31 973 18 1003 88 646
2616 0.16818716632965805 0.95669687841260476 3.0261519185446706 134 90 69 0.0043562410187096695 94 714 36 790
2617 -0.39646921401111351 1.1588594795521263 2.0989287597880404 99 76 16 0.38984415121268645 51 844 94 733 36 793 8 803
2618 -0.4466260409512996 1.1671700617113887 2.0812719551245755 250 210 64 0.15950379436588838 94 738 36 798 8 808 84 528 69 546 20 552
2620 -0.46266065505538218 1.8491059151301266 2.3150276429699308 44 36 40 0.27945249904475267 94 743 36 801 8 822 84 752 52 777 4 781 45 701 69 786 90 678 72 639 31 648 18 592 20 827 88 591 40 545 11 594 70 569
2621 -0.64315988432553439 1.7642293635953379 2.367016582476166 43 35 38 0.23512201797985235 51 716 36 818 8 842 84 777 52 794 4 795 45 715 69 804 90 692 72 618 88 320 40 529
2622 -0.80427913304523757 0.91497926134288388 2.30123595245926 143 118 39 0.20922759555787521 94 769 36 843 8 1015 84 971 4 1006
2623 -0.82773826571348208 0.94815321068451863 2.2740240379315284 142 125 43 0.2339795150288356 94 906 36 844 52 830
2624 -0.45947919155127176 0.67699316775039498 3.2286492656975776 207 195 163 0.26696041731308923 94 755 36 851 8 863 84 825 52 854 4 878 45 776 69 860 90 548 72 280 31 848 18 565 20 872 88 304 40 250 79 957 42 503 46 854 70 813 82 58 100 504 44 93 91 70 27 105 75 112
2626 -0.96779366002190026 1.1497076107853457 2.8355111369634813 120 122 112 0.12674233626331602 67 1043 36 875 84 843 52 856
2629 0.4477190142613745 2.2169240099616396 2.1626159482645964 104 73 60 0.085349081358575232 51 929 36 927 8 961
2630 0.13230994115702616 1.1343559146157636 1.8514990804550593 205 176 57 0.48609328500482457 94 854 36 935 8 960
2632 0.42963301151615596 1.0564104779691272 2.9529527855282334 152 103 78 0.68367187141918784 94 956 36 950 84 926 52 948 4 977 45 863 90 810 72 923 31 972 18 997 88 789 40 714 79 1145 42 899 42 1019 46 927 82 732 23 739
2633 -0.14600280758703479 2.0150980351601087 2.1836008608442614 1 1 1 0.46973231507261748 94 869 36 951 8 984 84 920 52 743 4 750 45 654 69 969 90 656 72 660 31 406 88 112 40 102 70 733 2 442
2634 0.14160569558749919 0.9008119322712842 3.0366583668812837 37 19 12 0.36903947398683346 94 866 36 964 84 948 52 977 4 995 45 878 90 671 72 586 31 840 18 842 88 340 40 298
2635 -0.46206864064446912 1.8495567876642813 2.3149581681018798 44 36 40 0.17210211376977691 94 885 36 969 8 1001
2636 3.5055103115207354e-05 0.87317337111491866 3.0956294457815727 106 74 60 0.36397733609643157 94 876 36 978 84 958
2637 -0.039547955551694776 0.76253623995620268 3.1223727812104016 108 74 61 0.39424421669693005 94 878 36 984 84 960 52 1000 4 1012 45 891 69 986 90 834 72 753 51 782 31 1071 18 1067 70 764 2 457
2638 -0.96425133928217333 1.6478974356514735 2.4415071414798502 1 0 0 0.45602692776690323 94 912 36 1001 84 974 52 1001 4 828 52 827 45 476 69 1009 90 540 72 318 72 772 20 1016 70 930 2 672 32 534
2640 0.52376337573933207 1.2829392911987121 2.0267408127459152 137 100 22 0.31134262904776561 94 943 36 1041 8 943 84 1016 52 1055
2641 0.47355599936102799 1.0361522012950815 2.0740990242727717 112 84 32 0.47662289663184787 94 1037 36 1045 8 1134 84 892 52 1058
2642 0.18947379312130361 1.3106545635234823 1.7439151652482403 28 36 47 0.57450275418874852 94 947 36 1048
2643 -0.32581758176110664 0.50324180068961821 1.9992283112923273 255 235 73 0.41814221322002987 94 974 36 1075 8 1067 84 1046 52 1081 4 1087 45 980 31 1031 18 925
2644 -0.38880463526388526 0.47511082306744251 2.0158168088908601 255 235 73 0.40293116870315138 94 980 36 1077 8 1073 84 1051 52 1085 4 1090 45 985 90 941 72 896 31 1033 18 926 79 1038 42 841 100 599 80 611
2645 -0.72037314561975663 0.76732178311849975 3.1478699433408672 113 115 106 0.51907420460025422 94 1009 36 1099 8 1029 67 1152 84 1079 52 1107 4 1050 45 1005 69 1107 31 1070 18 978 20 1029 79 1153 70 947 80 712 65 978 9 1045 46 964 6 860 71 794 39 755
2647 -0.7005065637080431 0.63647663127125809 1.9273929655845783 255 227 71 0.17515936282970859 94 1097 36 1184 84 1111
2648 -0.68834469036419099 0.53019351601266007 1.9585968117632893 255 233 72 0.35998746622279176 94 1096 36 1186 8 1183 84 1150 52 1169 45 1077 69 1133
2649 1.0982373865839836 1.3069490233728822 1.5293857216340212 0 0 0 1.4765084130874913 94 1100 36 1194 18 1152
2651 -0.5227288019893116 0.68174952808575751 1.9116240279113155 254 226 69 0.49299823011765659 94 1126 36 1217 8 1224
2652 0.40507714798345401 0.8487427889269622 2.1567790377825351 110 123 154 1.0587038668303581 94 1133 36 1227
2654 1.0982373865839836 1.3069490233728822 1.5293857216340212 0 0 0 1.4765084130874913 94 1101 36 1195 18 1151
2656 0.98302406097835293 0.68952489637264724 1.5211346561346699 254 252 75 0.21562775016271865 67 0 8 1 4 2
2657 0.63151868798417166 0.93134936744393571 1.3850278733523469 192 202 233 0.24380535222839506 36 37 8 13 84 21 52 327
2658 0.47559689453353654 1.0154625169592135 1.399159001621487 134 146 176 0.21711044916778349 36 392 8 24 20 10 69 10 70 9
2659 0.86529943409833732 2.4984519021825582 1.9429331265279823 109 77 65 0.049492215371272963 36 64 8 79 52 18
2660 0.22755568550634681 1.0648671344480138 1.5584223733478946 103 70 13 0.3002310568860897 36 111 8 91 4 27
2661 0.61652166149029852 2.3012023625183247 2.0737325581049957 44 28 24 0.15965538403518384 36 112 41 337 8 131 84 90 52 58
2662 0.61767445416971167 2.3044933639799745 2.0762512012581316 44 28 24 0.10512968943584437 36 113 8 132 84 91 52 59
2663 0.53223633840935214 2.2828550996427737 2.0706667274526098 105 76 64 0.18513821272933115 36 119 8 146 45 62
2664 0.24468899926671567 2.1629025017045014 2.1685034034286184 102 71 59 0.44459229599273214 51 265 94 205 8 195
2665 0.10895343075056731 1.7597054934521066 2.0779511814751976 3 2 4 0.36921684593136628 94 474 8 203 20 498
2666 0.11715305820604266 1.7800951257014808 2.0950658707417609 3 2 4 0.20330985413065092 94 475 8 204
2667 0.1987310587965942 2.1637689002085629 2.2511265446217288 52 31 26 1.5152863646465289 36 159 8 211 84 143 45 123 69 184
2668 0.26616523541190318 2.2922069372749916 2.3404141586599714 52 31 26 1.6630559411031207 36 160 8 212 84 144 20 156
2669 -0.37510943149389719 0.64617715001570208 1.8984997136213302 160 123 34 0.022014057909276335 36 235 8 233 84 183
2670 -0.4652836226478137 0.52274579426450885 1.9810446112814375 180 140 36 0.14955307750867475 36 256 67 211 8 256 84 212 4 511 20 497
2671 -0.5632135252690943 0.55514288509236454 1.9495689460038423 162 126 34 0.30962932362296397 94 524 8 274 52 203
2672 -0.3844801350387258 1.8738176537267366 2.343812058541543 33 26 30 0.59151195668945433 11 144 36 240 8 281 84 202 52 178 45 194 69 573 72 100 20 586 40 80 70 566
2673 -0.14035648693698372 0.76413522250911659 3.1657769503702387 43 28 24 0.20674842898129797 51 181 8 304 84 581 4 580 45 300 69 599
2674 -0.24126709793662543 0.74127132603393675 3.1518456514014663 43 28 23 0.18001506229902586 36 290 8 319 84 269 4 586 69 298 46 626 70 604 2 186
2675 -0.59322899036033538 0.73309823669293273 2.4811847822491457 125 96 24 0.37405570774383173 36 294 8 330 84 260 52 248 4 275 69 593
2676 -0.62497183968339243 0.7825068284551725 2.4491880244095414 131 101 24 0.41526886414410946 67 356 8 333 84 259 4 560 69 594 20 232 46 548
2677 -0.79864781303520882 0.92079967515836669 2.2540029017698409 98 70 17 0.070411482966498989 36 302 8 343 84 262 52 239 69 274
2678 -0.46065494888173275 0.73362467861371339 3.1988588774051752 210 197 162 0.13989051795080643 36 319 8 347 4 342 69 338
2679 -0.4936457743191644 0.67486558138167607 3.2323174278222742 102 102 93 0.18848285289136188 36 329 8 352 84 319 4 353 69 629 20 655 34 304 46 354 70 648
2680 -0.57005258033353956 0.79860790385488689 3.1389374562381884 176 167 140 0.20738467619366394 36 626 8 361 84 318 52 290 4 346 69 350 20 317
2681 -0.97104220713361356 1.5735265104160938 2.4962823341710356 105 74 60 0.30363669804121235 36 320 8 381 84 288 4 289 69 324 90 270 72 38 20 316 40 25
2682 -0.73984866575742836 0.83469393440214712 3.0994047827398519 84 88 86 0.13547466868026123 36 344 8 387 84 337
2683 -0.77196157304691559 0.88517587074837378 3.0603104216962529 80 85 82 0.11740144874094077 36 345 8 389 84 335
2684 -1.0457456431334002 1.5686514845364263 2.4973314468629537 62 46 41 0.18126563371456894 36 332 67 461 8 392 84 297 52 259 4 300 20 668 46 283 70 367
2685 -0.904538903499152 0.88892775273922309 3.0534850898791124 132 131 118 0.78131564258755781 67 427 8 399 84 342 4 629 69 911 41 460 20 926 46 965 20 1037 70 953
2686 0.96076468456808084 0.63645881662964165 1.5637036092480978 168 137 39 0.23408635767790006 36 370 8 408 84 356
2687 1.0180268892448003 0.71101898710341349 1.7110071377369966 236 200 72 0.21714475147676734 36 376 8 410 52 629 20 4
2688 0.71341317509714663 0.74044079727958101 1.5468328436833434 109 123 155 0.43789150593966736 36 659 8 416 84 640 20 5
2690 0.45084508647060678 0.72928144143231821 1.7823992944628979 240 207 66 0.19473200075302391 36 449 8 430 84 77 52 70
2691 0.24615089056345332 1.2726517169306255 1.552177271294622 236 222 184 0.44071933745135322 36 706 8 447
2692 0.23089999309758791 1.8633810737955241 2.1473777592866763 220 204 170 1.3095467667931782 94 681 8 506 72 676
2693 0.38594241311099731 1.0293199195503555 2.9826509299995769 25 12 7 0.076701813075669534 51 435 8 527 69 554 70 540
2694 -0.043823862959831213 1.9925678852050943 2.2535034177626376 117 77 59 0.18865493695066884 36 526 94 713 8 549
2695 -0.4739962983369474 0.65918074154516382 1.8806752884732039 162 123 33 0.034628489671431673 36 566 8 567
2696 -0.50562522163809454 0.71252619901918945 1.8471368140137026 156 127 36 0.13174280924987689 36 571 8 569 84 524
2697 -0.52126624261931009 1.1538536167029687 2.0863921838526398 12 11 9 0.89793711293902501 36 576 8 582 72 44 20 555 40 29
2698 -0.62472039531978441 0.52685795770944721 1.9726953310810076 157 127 37 0.31805145229027965 36 592 8 585
2699 -0.60353846434052105 0.37081583933692064 2.0956893459424553 255 238 74 0.20121054947056682 36 599 8 590 84 573 52 561 4 551 31 553
2700 -0.60881602329420925 0.691835258480896 2.4947253937888254 106 79 17 0.49315817312019888 36 299 8 602 84 267
2701 -0.33686086358008516 0.71955661655939274 3.1818854736350515 104 73 61 0.17558518663537204 36 612 94 521 8 603 45 510 90 535 72 284 88 310 40 255
2702 -0.57947536528426524 0.84704411288178461 3.1053801116199682 76 79 73 0.24137391020535076 36 328 8 625 84 606 52 600 4 607 69 626 20 659
2703 -0.55920982092266081 0.77310812333437506 3.1572612603876191 118 117 103 0.12421212962755129 36 625 8 627 84 608 52 603 45 321 20 883
2704 -0.62368495452878925 0.79995363303192568 3.1218267216587114 170 162 139 0.24409548198639183 36 628 8 632 84 610 52 606 4 617 69 633 20 665 46 853
2705 -0.93384746813501596 1.3796638067952591 2.5189878142143654 9 11 15 0.17788130180075293 94 552 8 639 20 651
2706 -0.66346910232023348 0.68973546082473502 3.2162471447342589 227 213 177 0.1525426417729448 36 635 8 642 84 614 52 610 4 626 31 340
2707 0.93600887962361301 0.99004480372055692 1.4699720526763924 141 124 36 0.077809794036658136 67 806 8 649
2708 0.63700473646464062 1.4698666724529403 1.3043539749834854 1 1 0 0.92002150694344798 36 657 8 667 69 7 20 11 70 14 2 22 55 259 60 22 32 31
2709 0.53432752452149312 1.234114592220781 1.2820054902862561 115 102 30 0.13809055809333082 36 660 8 668 84 639 52 622
2710 0.91265754912508701 2.2911868752951579 2.1200051055776967 236 218 179 0.017404584943274709 36 680 8 697
2712 0.4370112970138576 1.2172153672521557 2.0937243087173374 146 111 28 0.44535098769422354 36 722 8 727 84 687 52 908
2713 0.17073379522412219 1.2293141563125884 2.0576398593550977 154 124 40 0.27897466975427343 36 742 8 756 84 697
2714 0.33341154662404954 1.004841431174639 2.9908920857922316 29 15 10 0.44840301258400522 36 774 8 777 84 742 52 515 4 544 69 771
2715 -0.28899282536984261 0.51329168589005514 2.0062646990773105 255 229 75 0.12640671424933794 36 789 8 780 84 740
2716 -0.35110566639196761 0.48326392811869645 2.0224096283850477 255 227 72 0.097164343850404858 36 795 8 788
2717 -0.44558326899320144 0.52766945261228226 1.9666932069105694 254 228 75 0.40995135920541687 36 803 94 739 8 793 84 751 52 529 84 531 4 507 45 739 69 743 90 271 31 785 18 653 20 487 79 763 42 336 46 448 100 586 80 288 75 221 68 10 62 14 27 211
2719 -0.64182141830648631 0.54181989527064223 1.9609614910849202 255 228 73 0.13510542986258953 36 824 8 821 84 782 52 811 4 786
2721 -0.56122348149746171 0.55933999090647202 2.5567535394367122 254 232 71 0.15172359486388143 36 610 8 843 84 796 52 836 69 812
2722 -0.55266556259890132 0.59795168468182336 2.6657021206146778 23 24 27 0.17831782747897754 36 998 8 848 52 1014
2723 -0.42348187629610173 0.66171078665140415 3.2330818860035877 45 40 36 0.61847030603108277 34 1041 8 859 69 858 20 869 40 252 70 809
2724 -0.84977680732391547 1.111471430677444 2.8615307131395089 64 67 61 0.16455844824379581 36 863 8 886 84 826 52 849
2725 -0.87085147239335836 1.1329814937878648 2.8560947272700647 108 110 101 0.13853435332958952 36 631 8 887 84 831 52 597
2726 0.90106021794987701 0.72934304811346762 1.5796900591091225 150 133 40 0.30702149246500149 36 882 8 914 84 863 52 882
2727 0.89793345969035498 0.72556852249162418 1.5767458783192108 150 133 40 0.31027491116963724 36 883 8 915 84 864 52 883 4 921
2728 0.80007567120783385 0.87111171356945338 1.5116868688647638 124 103 26 0.63390704909805984 36 1032 8 922
2729 0.80007567120783385 0.87111171356945338 1.5116868688647638 124 103 26 0.63390704909805984 36 1033 8 923
2731 0.5860582821631688 1.148074306242914 1.2621771312370142 112 99 27 0.051005226966454563 36 895 8 930 84 867 52 874 4 650
2732 0.5860582821631688 1.148074306242914 1.2621771312370142 112 99 27 0.051005226966454563 36 896 8 931 84 868 52 875 4 651
2734 0.23091664147450067 0.98530407147099341 1.961562550436017 186 161 54 0.27303388871212758 36 933 8 953 84 907 52 917 45 833 4 697
2735 0.19315521948957576 1.0267808831332015 1.9171416112504567 200 173 56 0.05597089332298838 94 849 8 955
2736 0.22604666519454356 1.2757609639111873 1.9014350078728339 132 102 24 0.49833501752358289 36 928 8 956 84 898 52 909
2737 0.16453317652611768 1.0857533418695249 1.8867516916535059 203 176 57 0.65771018945404225 36 934 8 957 84 900 52 912 69 693
2738 0.12588543872172525 1.8317334106195369 2.0918435239163449 223 206 169 0.53912214490453725 94 857 8 968 90 643 84 470
2739 -0.27612715648541358 0.53895907868176895 1.9695975973982602 255 233 75 0.12512289035378729 36 957 8 978 84 931 52 952
2740 -0.37422344888391257 0.70003389626012957 1.8637727736630048 255 234 77 0.65894744911786041 36 959 8 980 84 929 52 946 45 868 69 731 31 903 18 885
2741 -0.37427133446067257 0.7008828145196998 1.8656865905235265 255 234 77 0.61046364297622813 36 960 8 981 84 930 52 947 45 869 31 904 18 886 79 998
2742 -0.36882811275895788 0.52631129585488001 1.9227241350703754 255 232 75 1.6706445439907749 36 1076 8 982 84 936 52 956 45 875 72 900 90 938 20 958
2743 -0.33547397486414127 0.5129238826880077 1.9917825804586928 255 234 79 0.1331522192943288 36 962 8 983 84 938 52 958
2744 -0.44217622927618361 0.65930253678918416 1.8712921257101844 255 229 73 0.25822352249752545 36 965 8 985 84 937 52 955 4 759
2745 -0.50128101738922415 0.63235988320411218 1.8942149565255846 255 229 73 0.086374136232162849 36 972 8 988 84 940 52 964
2746 -0.50128101738922415 0.63235988320411218 1.8942149565255846 255 229 73 0.086374136232162849 36 973 8 989 84 941 52 965
2747 -0.49602631481061371 0.51463530228297427 1.9839936640494504 255 227 70 0.54823594884630666 36 980 8 993 84 945 52 973 4 973 45 989 31 1029 79 1028 46 731 69 751 65 616
2749 -0.51409260679697344 0.51574221530619291 3.2896419846301854 1 1 1 0.18210186453127786 51 823 8 1020 69 1029 94 761
2752 0.50445134502951261 1.0716488495448571 1.2973187828703876 26 28 34 0.69737373170767802 36 901 8 1040 84 1005 52 884 4 922 69 1043 20 720
2753 0.51730657134774072 1.0906880300070814 1.308550852861629 26 28 34 0.4826685731756305 36 902 8 1041 84 1006 52 885
2754 0.30368309317821729 1.0957068629602742 2.1465993423551515 58 55 64 0.82356372693605717 36 937 67 1189 8 1052 84 1029 52 1064
2755 -0.23258256496719704 0.61277533134797513 1.929174989086236 255 236 79 0.16301489582455517 36 1062 8 1057 84 1036 52 1076
2756 -0.26879647472769963 0.65837826401977295 1.8869350948848835 255 236 77 0.19858014872895918 36 1064 8 1059 84 1038 52 1071
2757 -0.38926441676735146 0.47284975437020416 2.0136092682277229 255 234 73 0.24279195995575387 94 981 8 1074
2758 -0.42977382492913835 0.52317208595355613 1.970186165621415 255 231 73 0.50630947651365943 36 971 8 1077 45 877 31 938 18 911 79 1023
2761 -0.82724182762966736 1.2652186758388448 2.4438961010272386 16 23 33 0.35880446371356028 36 1089 8 1104 84 972
2762 -0.78683426953529789 1.1033640481451406 2.8791521305352696 109 109 97 0.65035682864833 36 1096 8 1109 84 1074 52 1097 4 1113 69 1102 20 1130 46 955 70 1047
2763 -1.0553139358492525 1.6976003531209833 3.2863094271055617 128 128 116 2.3672034023163655 8 1120 52 1102
2764 0.73964118246729849 0.77656592006738079 1.5273683950142176 115 131 167 0.23659032420489007 36 1115 8 1126 84 1090 52 1112 4 1123
2765 0.63122616188638958 0.90199360589894106 1.4272959870781909 13 17 24 0.25967596119982134 36 1116 8 1127 84 1091 52 1111 4 1057 69 1110
2766 0.42971383720646816 1.0490814353343312 2.1265016598911335 135 94 20 0.95467870644319974 36 1133 8 1135 84 1025 52 1062
2767 0.17849547145950251 1.6205474955515384 2.0506882272048279 220 202 162 1.8289447241043912 67 1337 94 1041 8 1142
2768 -0.69226014703281902 0.72657852314096549 2.5321014427173867 79 72 41 1.5302953624118307 36 1161 8 1159 84 1119 52 1145 4 1155 69 1140 20 1121 46 1009 70 1040 2 784
2769 -0.092258772870217193 0.85909079156953239 1.9463969512525392 28 24 20 1.8721857835221922 36 1174 8 1172 84 1142 4 1135
2770 -0.642506163239149 0.73604859239023324 2.4879763812223912 213 172 46 0.099817436412075994 36 1190 8 1185 84 1153 52 1177
2771 -0.90916882075806893 1.0349136835800237 2.3639248557695347 84 98 126 0.98571187574668151 36 1163 8 1190 84 1120
2772 0.67410436496888915 0.9697087972330648 1.6856454413140665 148 130 45 1.392753854177142 67 1316 8 1196 84 1127 52 1119
2774 -0.62799474621754392 0.66320734966579042 2.2705169917354775 144 111 29 1.6254306416533408 8 1209 52 1189 84 1173
2775 -0.90796570168063473 1.2589791959331389 2.4332217982632436 4 5 6 0.51860243410671136 36 1205 8 1220 84 1154 52 1174
2776 0.58290060587325776 1.188324996657663 1.8403634004789931 165 156 133 2.6971408882356194 36 1225 8 1229 84 1190 52 1208
2777 -0.21426644973400272 0.5821864759621117 1.9981326065131471 253 224 71 1.9005571360773899 36 1228 8 1230 84 1194 4 1218
2778 0.67710243951385973 1.2633450054106552 1.2494580857354578 146 126 35 1.4587334827103355 36 1224 8 1234 84 1189 52 1206 4 1212 69 1213 20 1196
2780 -0.83054637916947949 1.5762795886878131 2.4998937279733604 30 23 23 0.44618077007161472 64 559 67 450 8 621 38 610 95 612 89 706 11 78 24 793 51 719 94 544 36 837 69 606 90 703 72 595 20 636 40 257
2781 -0.75657466472654811 1.5958889392117201 2.4463032030769383 52 39 35 0.64556670259563353 38 618 95 618 89 712 14 1145 92 421 30 637 11 566 24 987 66 982 51 871 50 1268 94 1004 8 1013 64 1314 67 1161 16 165 29 234
2783 0.60432593115513467 1.2283186521576348 1.0983514874250548 250 239 73 0.81659121522993561 8 1125 84 11 52 311 4 0 79 1159 46 969 65 1039 9 1054
2784 0.53351219452537768 1.0797562375161707 1.280646760215379 80 80 82 0.12052754537475759 36 38 84 23 52 10
2785 0.69518469101812674 0.82665932545569787 1.4592701924629894 189 198 225 0.29289495415153483 36 35 84 25 52 329
2786 3.8149323382786808 4.5584156456748097 4.8171048787794213 132 124 104 1.5384187754737533 8 41 84 45
2787 0.28504996757427892 1.0603285037008781 1.5579459365842032 112 116 132 0.33371045254130577 8 70 84 73 52 374 4 25 90 480 72 112 31 68 88 102 18 38 40 90
2788 0.67882538165781503 2.3350584663957492 2.0561316433739685 38 24 22 0.20447526083709308 36 98 84 82 45 54
2789 1.2221985424971828 1.5210032622482779 2.7073769270682635 78 73 60 0.606500952233609 36 88 84 93 52 87 69 74 31 229 18 276 42 321
2790 0.45432883428210857 1.0049237548084764 2.047686113873719 113 91 40 0.070349249693684335 36 125 84 107 52 95 45 155
2791 1.0423422270241345 1.4158877963393453 2.7459101201302558 74 68 62 0.095227253515241597 36 467 84 112 52 101
2792 0.2665320762481761 2.1701821039247688 2.0981251661097189 43 30 27 0.13087562285051402 36 139 84 124 69 148 20 107
2793 0.2665320762481761 2.1701821039247688 2.0981251661097189 43 30 27 0.13087562285051402 36 140 84 125 69 149 20 108
2794 0.95017106468821222 1.3352105239219201 2.8380935472355096 127 101 93 0.17827349413270804 36 127 84 127 52 117 69 146
2795 0.20398411368045599 2.1408083263201689 2.1157473506096434 38 26 23 0.047180233984887486 8 196 84 133 69 161 20 121
2796 0.20398411368045599 2.1408083263201689 2.1157473506096434 38 26 23 0.047180233984887486 8 197 84 134 69 162 20 122
2797 0.79328379790110903 1.1986390359188674 2.8926137229315492 49 31 25 0.11765913551181599 8 156 36 150 84 147 52 137 4 170
2798 0.7965153034568947 1.2038134767254607 2.896783982659231 49 31 25 0.072435671413345615 36 151 84 148 52 138 4 171
2799 0.11969344189854664 1.028703677495306 2.1866619156123326 127 99 27 0.13559590362406498 36 184 84 158 52 142 45 196
2800 0.11615139784946919 1.021173544403102 2.181048972482567 127 99 27 0.087066501523443182 36 185 84 159 52 143
2801 0.54854117269505365 1.0959037482164105 2.9642078973052817 38 24 20 0.25509346369918168 36 194 84 169 52 173 4 194 45 211 72 73 31 561 70 208
2802 0.52828314618170868 1.1111182632028578 2.9490367210150201 145 98 75 0.18886915896012008 36 195 84 172 45 210 31 300 42 293 82 180 100 255 23 181
2803 -0.42296809330473345 0.55768433123693384 1.8790310371945047 195 5 1 0.14274773100912413 36 237 84 194
2804 -0.3647630978532882 1.0852477359729298 2.7036002069895546 148 127 41 1.1926962805875165 8 306 84 246
2805 -0.57547535187459242 0.73577263823767292 2.4782858220344615 188 150 40 0.097669996375451665 8 326 84 257 69 272
2806 -0.88635549129810465 1.5976492862344549 2.4868154451941669 47 35 34 0.19173142098387672 51 325 84 270 72 46
2807 -0.90844297976182553 1.5861225020085388 2.4551872852150796 103 73 59 0.14038940901014232 8 365 84 272 4 276 69 306 20 297
2808 -0.70373406072736688 0.769595037451275 2.4521191785195677 174 143 40 0.42224934789047086 67 366 84 277 4 283 20 245 2 106
2809 -0.72989392686113297 0.82896309740289742 2.4264547478536769 156 130 36 0.35539554191212214 8 613 84 278 69 286
2810 -0.77885202364706196 0.91319483508548616 2.4242048092692499 96 70 14 0.43571487452724506 36 314 84 284 52 258
2811 -0.28890608525034267 0.69361870516897406 3.1846874498002635 150 101 76 0.24390097093098786 36 296 84 287 52 274 4 595 45 312 90 259 31 337 18 315 88 52
2812 -0.54495178162102575 0.8070639504819338 3.1373088071276003 131 125 107 0.17407307855280682 36 326 84 314 52 287 4 344 45 318 69 339 46 346
2813 -0.54434605856351803 0.80671934766601983 3.1374534918638775 131 125 107 0.13517290016324837 36 327 84 315 52 288 4 343 45 319
2814 -1.1880553344898346 1.5120861461130561 2.5172930987462534 137 94 71 0.12991227085536572 36 347 84 323 52 278
2816 -0.87892041176749547 1.078545446351634 2.8742209038725419 116 117 106 0.099746745633082792 36 343 84 328 69 369 20 349
2817 -0.52165672832005305 0.55635573356249013 3.2765508160070049 68 45 35 0.0096362335242901193 36 337 84 329
2818 -1.0421934494563099 1.1515424117185373 2.8437232827501093 91 98 96 0.37725727351333616 8 401 52 300 4 354
2819 -1.2778213381502042 1.4383026517322766 2.6298121814320941 173 165 141 0.27827745394252967 8 407 84 341 4 608 20 1039
2820 0.73851631878683266 0.92542681573683905 1.4239903185046139 144 127 36 0.20414787178442315 36 378 84 358 52 323
2821 0.66529114145121282 0.92766003461685531 1.4165540738436966 137 106 24 0.29109741411204632 36 36 84 361 52 328
2822 0.98786493631323358 2.4157408792036605 2.0319557920782714 230 215 180 0.022352220994573013 8 437 69 39
2824 1.4884035389239068 1.5993293943989653 2.6762962937686412 230 218 185 0.55464459808085731 36 397 84 380 52 369 4 383 45 571 69 40 31 737 18 816 88 949 79 889 42 956 82 853 100 953 80 922 44 838 23 782 75 807 26 882 62 1016 63 855 27 701 44 733
2825 1.4192595573770093 1.5634574151942149 2.6961617340573567 231 219 186 0.10343761020121818 36 409 84 385 52 382 4 390 69 46
2826 1.3566524942749096 1.535294177835177 2.7152568850272902 227 214 180 0.26575633002060967 36 418 84 395 52 395 4 395 45 591 69 57 31 757 46 82
2827 0.99076998567543528 1.9678849138986816 2.3617780590667166 230 215 178 0.069057425265894604 36 438 84 398 52 380
2828 1.2278439543749244 1.3756504744792102 2.7833282235224974 182 142 125 0.1982118775702818 36 699 84 414 52 693 4 408
2829 1.1065113170036893 1.3802320808831028 2.7396516270637874 163 123 105 0.15538586663315412 36 458 84 425 52 428 4 414
2830 0.44196894358389194 1.228653950069438 2.0475218188664663 131 90 19 0.27313762547483617 36 478 84 430 45 631
2831 1.0409569162310002 1.3465663616567767 2.7495786741333772 153 108 87 0.47013318678595262 36 708 84 433 52 436 4 420 45 647 31 797 18 826 88 687 46 107 82 679 23 197 91 558 27 200
2832 0.15687299137284466 1.2699693062259487 1.7672598756713318 233 217 180 1.1132047937949168 36 491 84 434 52 424
2833 0.86177334089247748 1.2948502708093599 2.8387821430611546 111 79 68 0.31363393107901649 36 729 84 456 52 450 52 723 4 449
2834 0.21919306156042437 1.1105899680742568 2.1193577130052277 148 120 41 0.094750536031837654 36 512 84 471 4 423
2835 0.79267102965700742 1.2642943363964712 2.868661661947117 225 209 172 0.58758065205777466 36 504 94 433 84 474 52 454 4 468 45 689 90 631 72 643 31 815 18 831 79 939 42 816 46 175 82 632 100 846 80 837 44 691 23 636 75 480 26 924 68 558 35 530 7 720 35 853 59 958 91 512 48 392 47 637 74 291 57 514 96 491 73 568
2837 -0.139015884632783 1.905344785795579 2.3033760120103022 32 24 20 0.1684387788969838 36 221 84 496 69 216 90 499 72 111 40 318
2838 -0.35077868110140925 0.71431233319494591 1.8416372330173716 165 133 38 0.15003210812118564 8 543 84 500 69 486
2839 -0.35202649214685633 0.71393442461032908 1.8392342865981022 165 133 38 0.42960609736430372 8 544 84 501 20 69
2840 0.35312036352974896 1.0461621590899226 2.9745283204759025 134 90 68 0.33570132075583548 36 537 84 514 52 509 4 537 45 458 69 557 31 562 18 555 79 654 42 550 82 418
2841 -0.32202677591721973 0.55882278391362328 1.9627434335101832 254 227 70 0.064572813918001945 36 552 84 516 52 507
2842 -0.4851308179822767 0.67862056525191428 1.8660164243549877 254 226 70 0.098105563980740704 36 567 84 522 52 514
2843 -0.4567772498660142 0.85644116771832079 1.9588065235006038 155 128 37 2.0075129414124224 36 570 84 523 45 232
2844 -0.11210457020993114 0.69187851357242236 2.459422819500507 253 238 72 0.07793492422091701 36 560 84 529 69 543
2845 -0.6383335527374665 0.61840428574406614 1.9088791932938296 17 11 12 0.49762909415612105 36 587 84 552 52 540 45 484 31 219 79 112 26 105
2846 -0.51893577572540284 0.85277586059925536 2.323431233025083 163 132 41 1.1392907326494344 36 591 52 550
2847 -0.3416758723965479 0.57637834095666685 2.5151751951631653 254 235 71 0.19716134315849576 36 268 84 570 52 820 69 577 70 523
2848 -0.58287752931228631 0.36933173560749377 2.1121315838880101 132 95 19 0.12850224928944728 8 295 84 572 52 559
2849 -0.56228546568917004 0.55156900053707625 2.4580841291986455 255 219 56 0.069562562910247261 8 322 84 584 52 571
2850 -0.63761782359911168 0.68864798323707577 2.5267295702527899 151 126 34 0.093116428985450181 8 606 84 589 46 558
2851 -0.33865956622256699 0.71565738704828197 3.1757122300584237 105 73 60 0.1218033787790066 36 611 84 592 45 509
2852 -0.47816183670182222 0.7301464550706821 3.0786690212853909 230 213 170 0.24879169102617851 36 616 84 599 70 620
2854 -0.55923231577078814 0.7725073873892695 3.1568591187311541 116 116 104 0.1078431510408506 36 624 84 607 52 602 45 320 20 882
2855 -1.0429598612126092 1.3820986440580809 2.6632121997106202 121 125 117 0.1117603734762723 8 903 36 634 84 609 4 855
2856 0.786252206878992 0.87112204173027585 1.4583039479719742 151 135 40 0.19997914397330341 8 657 84 627 4 653
2858 0.89820791251760068 0.69990538458651663 1.6014786321637626 129 109 31 0.19893633571535263 8 411 84 634 52 626
2859 0.89820791251760068 0.69990538458651663 1.6014786321637626 129 109 31 0.19893633571535263 8 412 84 635 52 627
2860 0.59836814525687909 1.0709706714816478 1.3025446306392701 114 99 30 0.53379418265402023 8 665 84 636 4 652 69 396
2861 1.4707526038949621 1.6496103152576842 2.6593261920338565 238 224 189 0.24264757312008803 36 665 84 652 52 656 45 805
2862 1.484884038472486 1.5491700923465974 2.6949986559722983 101 72 61 0.16583205734412401 36 667 84 656 52 661 45 575 69 683 31 754
2864 1.4057096686438211 1.6047774468010736 2.6690659546762534 234 218 181 0.25693560363506052 36 672 84 663 52 669 4 387 69 427
2865 0.28653234759141016 1.3363931493922749 1.8489548822407518 236 218 175 1.1231971743014488 36 718 84 680 52 691 4 386
2866 0.36231807189413429 1.2293104499728031 1.9991959497560243 156 117 29 0.23482708669974753 36 925 84 686 52 698
2867 0.88615267104503692 1.3338619198230719 2.8213337128347771 79 57 51 0.43773802525119809 36 726 84 695 52 715 4 739 45 834 90 773 18 981 79 933 79 1077 42 937 82 764 80 992 26 916 48 534
2868 0.019091073459132104 1.4171130093091833 2.0257895688238214 85 96 124 0.08382484783307044 36 749 84 705 52 727
2869 0.019091073459132104 1.4171130093091833 2.0257895688238214 85 96 124 0.08382484783307044 36 750 84 706 52 728
2870 -0.39942173536102638 1.881107134660672 2.2965446955837052 43 37 40 0.15517016931439137 8 814 84 745 52 773 69 781 90 669 20 821 88 597 40 549
2871 0.27052709194280039 0.97203413315399767 2.9995089908087884 36 23 21 0.30240789890947184 36 781 84 747 52 521 4 793
2872 -0.44778719064070294 0.37274121169979585 2.0910570203011543 254 234 69 0.08602355250935971 36 582 84 775 69 538
2873 -0.477353608202291 0.41871382233214111 2.0576514660132701 255 230 72 0.3770944522646289 8 807 84 776 18 485 79 592 26 572 9 102
2874 -0.57052126227318367 0.44625918633176115 2.0404543886463218 254 228 71 0.0096371132197455387 8 816 52 813
2875 -0.7514689811389258 0.80891721577476106 2.2110949868463923 140 120 35 0.24033018076422064 8 849 36 836 84 794
2876 -0.53171242588159495 0.56066802827150841 2.5301110441087586 254 229 63 0.47450941065156105 36 607 84 795 52 832
2877 -0.59384505958520384 0.60205715472385113 2.5967526103790588 92 74 19 0.16698478330944153 36 841 84 802 20 601
2878 -0.58020933831246402 0.64340418435480418 2.6465828179137372 92 74 19 0.36673087030467855 36 842 84 803 52 838
2879 -0.81089938827463515 0.87591552846217602 2.3959202025770225 124 128 150 0.6594030521963361 8 864 36 849 84 804 52 833 20 845
2880 -0.80809058074468887 0.88121954806431047 2.4030119643485714 124 128 150 0.86869729889509217 8 865 84 805 52 834 4 831 20 846
2881 -0.85844082710965441 0.96722053110985262 2.4678981966436595 100 108 131 0.11281317347145266 8 871 84 809 4 1019
2882 -0.84837713213654709 1.2092918018035201 2.8055578392877667 109 110 100 0.10825094189714697 8 882 52 841
2883 -0.94026073613166383 1.2331383852956517 2.7849539468085598 116 118 108 0.11920248610493508 36 866 84 829 52 844 4 861 69 875
2884 -0.94039349299710651 1.2312154276156517 2.7833983925534911 116 118 108 0.12549720221007241 36 867 84 830 52 845 4 862
2885 -1.1038327229894007 0.62777473900931746 2.093038471607322 121 123 115 1.6776850550109819 36 876 52 598
2886 -1.2487899297613694 1.3946817164094567 2.65530279528932 155 154 138 0.13982943480020568 8 911 84 849 4 877 69 1040
2887 0.85894817151381087 0.77114409293317943 1.5354245898559562 153 136 43 0.20688669107539556 36 885 84 866 52 881 4 919
2888 0.78035077463916225 0.77837617673126469 1.5958151851632061 35 37 42 0.98377694204034427 36 897 84 875 52 891 4 1059 69 1042 20 1045
2889 0.53547731421886169 2.3507232144334416 1.9975337419617092 1 0 0 0.53472040893984485 36 915 84 887 52 896 45 799 72 869 40 932 88 821 48 762
2890 0.28717667757366305 1.2919726463792316 1.8650338582480277 149 123 43 0.15466288914771856 36 923 84 890 52 902
2891 0.28312694568785651 0.96794110311279891 2.0266857869673403 166 146 51 0.25687242951799455 36 930 84 905 52 919
2892 0.99738320106109923 1.2421558771995445 2.879180361706839 1 1 1 0.34011425153310909 8 725 36 924 84 908 52 925 45 837 69 721 90 769 20 762 70 731 2 434
2895 -0.45971259390474117 0.45523340503143861 2.0285286387022698 255 232 73 0.1880111882668962 36 979 84 949 52 975
2896 -0.59287698724719851 0.52066425103310465 1.9655211327539763 255 232 73 0.28884445458453595 36 988 84 955 52 981 4 979
2897 -0.59287698724719851 0.52066425103310465 1.9655211327539763 255 232 73 0.28884445458453595 36 989 84 956 52 982 4 980
2898 -0.62240400162443299 0.71645590515302726 2.4885571476296606 221 181 49 0.2791597196530019 8 847 84 969 52 1005 4 1010 67 990 69 814 20 832
2900 -0.36473348559961816 0.73781456571433612 3.172422380809294 77 56 50 0.073472830645984921 36 838 84 979 52 1022 45 906 69 1011
2901 -0.44092283497602069 0.70831970275090794 3.1120820873416561 220 207 172 0.42344923431362497 36 845 84 983 52 1098
2902 -0.4845563938048903 0.72519619748436381 3.1921736367049727 223 211 175 0.21390965311639298 8 1016 36 1002 84 987 52 1030 4 1043 69 1023 70 812 20 873 2 488
2903 1.0676686786385179 1.0190013127239692 1.5071028531788107 0 0 0 0.097671561365454573 67 1065 84 1002
2904 0.30592940154329995 1.3160464345093605 1.7698318593123923 111 90 23 0.55704381659893665 36 1042 84 1015 52 1054 4 1068
2905 1.0850905446975361 1.2859651251145314 2.7744611677382283 130 105 97 0.43883761429201718 94 937 84 1022 52 1060 4 950 45 942 69 1059 90 879 20 1051 88 1003
2906 0.22076666655950949 1.257063403066051 2.0569096668961673 55 53 66 0.74479582637618424 8 1139 36 1054 84 1028 52 922
2907 -0.23079061906164838 0.61788782540853548 1.933772033726417 255 236 74 0.11328025839183835 36 1063 84 1037 52 1077
2908 -0.26841974265123403 0.65981849654145586 1.88839942709108 255 237 73 0.20621025293233153 36 1065 84 1039 52 1072
2909 -0.3243219695951377 0.50596883067462595 2.0034203877280401 255 238 74 0.42167154783208821 36 1074 84 1045 52 1080 4 1086 90 936
2910 -0.23353549750704755 0.56280562552479063 2.22340836160306 23 22 25 1.0896178628353892 36 792 84 1049 52 1186 45 1075 72 748 90 841
2914 0.24491977497792092 1.3156735556052976 1.7809679010935158 230 214 175 0.69102915874841142 36 1046 84 1096
2915 -0.64818995207320873 0.4854319696162252 2.0102772654061001 255 236 68 0.22620034423972124 36 1156 84 1112 52 1139 4 1144
2916 -0.73520530040218035 0.84598999661997765 2.3676052007130912 164 130 35 0.18505588556790054 36 1159 84 1117 52 1143
2917 0.87225168967749112 0.74311692725218537 1.7489689690443786 149 129 38 0.57864007686900687 36 1034 84 1124 52 1114
2918 0.67785348015823532 1.0403089737225861 1.5621765481787171 124 101 38 0.47324176822907327 8 1165 84 1126 52 1113 36 1118
2919 0.60125690100837292 1.1710709665861747 1.5967526340712916 141 125 46 2.0116706209930157 8 1130 84 1129 52 1116
2920 0.4765617169854105 0.93275831163670853 2.0711704025543387 187 171 140 0.45187773966410988 36 1199 84 1134 52 1159 4 1130
2921 0.47280320245270718 0.92606282599127254 2.065717900903596 187 171 140 0.52935441165213382 36 1200 84 1135 52 1158
2922 -0.60646665803369959 0.577455737847553 2.4393769881193044 124 0 0 0.42667287204978865 8 1152 36 1187 84 1151 52 1175
2923 -0.64250616323914878 0.7360485923902339 2.4879763812223916 214 173 46 0.099817436412057453 8 1186 36 1189 84 1152 52 1176
2924 -0.67280283223529003 0.78457598387795857 2.7393506904030831 59 65 78 0.638389613872416 36 1162 84 1156 52 1148
2925 -0.82758907835275597 0.82297662668329374 3.103403348006645 188 178 150 0.21342698006347272 8 1192 84 1158 4 1184 20 1177 70 1083
2926 -0.45674930036433281 0.72514149233942349 2.9908168315292207 10 10 12 0.78544253211074733 36 1191 84 1164 52 1178 4 1198 69 1190
2927 0.52568657421164255 1.295028949877165 1.3262506713800983 133 111 29 0.81912346712150763 8 1210 84 1165 52 1180 4 1185 69 1194 46 1081
2928 1.4273596375985582 1.3849267821373845 2.8059396615345582 0 0 0 0.70661429248893681 36 1220 84 1177 69 1199
2929 0.22569727343220208 0.81383619596977452 2.359859770244646 29 34 47 0.50124279894463608 84 1180 45 1121
2930 -0.27754869016314987 0.78070071512421646 2.3252448425439014 255 227 66 2.8460434877125138 67 1338 84 1181
2931 1.1365867476901763 1.3292128772762155 2.3982614499689956 231 215 180 1.5942554631400647 36 1219 84 1183 52 1209
2932 0.0321159007821041 1.6463091615179912 2.2100019578474415 16 21 31 0.95416702199403103 84 1185 52 1203
2934 -0.35067800263961968 1.8758673693517054 2.3060344190369442 37 29 31 1.501235270395656 30 856 38 1143 95 1187 89 1302 14 1235 92 627 24 988 64 1377 67 1155 41 1447 8 811 84 743 94 258 36 555 8 272 52 491 45 188 69 780 20 817 70 560 61 333
2935 -0.43164071267396792 1.850689372164285 2.3613011740333762 36 30 33 0.8349963053721845 30 852 38 1141 95 1185 89 1299 14 1234 92 819 11 752 50 1560 34 1159 36 967 84 943 94 740 36 799 8 820 90 674 90 825 88 594 40 548 40 706 37 955 61 459
2936 0.62133419675146451 1.1136729755709645 1.2647717581364892 154 133 40 0.65225173996119501 67 1073 8 925 84 861 94 808 36 889 52 873 45 529 72 842 31 588 18 581
2937 0.81451411628134673 0.82339277761486784 1.4987987645796081 152 136 47 0.25489880965474021 36 647 84 629 4 654 45 546 90 750 72 674
2939 0.96599392609595869 2.4728280160473406 1.9945333245533172 230 215 180 1.2311575012401601 64 418 41 293 22 397 54 834 87 754 99 1072 83 1055 30 1160 38 1156 95 1199 89 1312 14 1138 92 1150 11 1096 24 965 66 756 51 624 64 1085 92 740 85 1196 19 1501 94 613 36 406 8 439 84 366 52 335 72 885 88 910 40 874 77 261 82 909 100 923 42 877 44 801 23 842 75 859 68 1000 62 1065 61 968 16 994 16 1255 12 1044 53 1184 43 205 58 356
2940 4.0009635738536806 6.0300865761850773 5.3315344585146889 135 126 105 2.1520006223820336 36 50 52 32
2941 1.3853096692841931 1.6262379124001516 2.6535147197702984 232 217 181 0.24484957281383385 36 59 84 67 52 54 45 386
2942 0.47838250714904729 0.73836040750178966 1.8420594434268796 121 87 20 0.1489834398479129 84 80 52 79
2943 1.1011525355592853 1.5003310947443691 2.7346521138263142 114 105 86 0.11192217594665572 84 105 52 93 4 117 45 133 31 240
2944 1.1011525355592853 1.5003310947443691 2.7346521138263142 114 105 86 0.11192217594665572 84 106 52 94 4 118 45 134 31 241
2945 0.91890364554949677 1.2586335764971071 2.8578551472332649 41 25 20 0.21018442185264563 84 132 52 123 69 151
2946 0.38268824286131053 0.96841837567488298 2.5667032579828026 20 25 37 0.076461546388089441 8 188 52 157
2947 -0.67905189479964267 1.0609998475504887 2.1438487436644111 121 112 44 0.21841347316841747 84 239 52 207 69 246 8 837
2948 -0.540991202585418 0.83308662364844843 3.1261093501119883 203 187 149 0.60734677251546532 84 310 52 286 4 339 20 310 70 642 46 848
2949 -0.62228852515453825 0.77860658684722561 3.1584686688246855 167 159 136 0.2044512279664224 84 326 52 297 4 355 20 329
2950 -0.6223690762887667 0.77857992550053046 3.1581219898803687 167 159 136 0.18345027139736356 84 327 52 298 4 356 69 362
2951 -0.55545732603748244 0.64782217794137353 3.2440042724099376 107 108 101 0.27474139973348588 36 338 52 301 4 358 69 365 20 326
2952 0.66997638821527195 1.0232714759183108 1.3460697827346491 138 124 36 0.29655112005038226 36 379 84 357 52 322
2953 1.134020793081352 2.0887194013493389 2.2871580474432767 225 212 177 0.068448373066656756 84 379 52 349 4 41
2954 0.24330689809776262 1.0508796980495667 1.5489949235502132 243 209 68 0.17222232466118745 84 393 94 434 52 378
2955 1.2865116524586599 1.6411209538982707 2.6346990670092922 231 217 182 0.35069595951929439 36 419 52 388 4 81 45 388 18 780 42 823
2956 0.26368378087546451 1.3700376840976403 1.7633786846158652 227 213 176 1.4081927287696523 84 415 52 405 4 379
2957 1.1990163099491427 1.5563152513716754 2.686244126882591 119 108 87 0.082693281130918034 84 408 52 409 4 402 45 407 69 436
2958 1.1996080639247497 1.5563458213701329 2.6877051037958539 119 108 87 0.2034562622918909 84 409 52 410 4 403 45 408 69 437 31 498 18 533 79 615 42 558 82 256 100 576 80 262 44 178
2960 1.1722212390926585 1.4347440924235244 2.7428102028324464 108 77 65 0.053784920435894203 94 380 52 421 45 412
2961 1.1406032071044276 1.5003314891574286 2.7321109025797026 228 213 177 0.2310732584939276 84 419 52 422 4 409 45 620 69 91 31 769 18 810 79 904 26 894
2963 1.1221648918967237 1.4099770429561762 2.7574949963172304 149 102 79 0.47480321079741633 36 457 52 427 45 634 90 593 31 789 18 824 79 625 42 560 82 460 82 683 23 445 75 204 26 614 68 242
2964 1.0765772737306638 1.4698533664995121 2.7456587842378393 213 198 164 0.36198983328363626 84 429 52 430 45 633 69 103 31 775 18 811 79 908 42 821 26 900
2965 1.0116908661127009 1.4467866530232745 2.7660902794351743 211 196 162 0.33574344722231436 84 439 52 438 45 646 31 782 18 812 42 820
2966 0.94966380454350097 1.4106744939969109 2.7799092009459638 222 207 172 0.52216421685285697 84 445 52 444 4 429 45 655 90 601 31 791 18 813 79 920 42 819 82 669 100 570 44 702 23 439 75 202 26 905
2968 -0.19598420162054686 0.6186565927551565 1.927317168946155 254 229 71 0.027064279884681186 84 495 52 487
2970 -0.42552167689318915 0.70281127331549487 1.8448802924438448 254 227 70 0.037876721556230564 84 513 52 500
2972 -0.57601062679692139 0.56607034226710651 1.9362945949710104 255 228 70 0.15425916263790665 84 546 52 534 4 520 69 530 31 509 20 517
2973 -0.56566076929876719 0.54795718115244763 1.9513855197367131 166 136 44 0.22255494781609531 84 550 52 535 69 535
2974 -0.56533341134333115 0.54970416852403281 1.9518505275387961 166 136 44 0.2407628292797705 84 551 52 536 4 522 69 536 20 520
2975 -0.58093122742698655 0.37453870114925986 2.1185245695875676 127 91 19 0.25614019326920445 8 294 52 558 4 552
2976 -0.98192871544571025 1.4132641178810701 2.6436989570011646 111 114 109 0.22970288243367229 36 629 52 576 69 867 4 588 46 609 70 816
2977 -0.26421454504811281 0.65884915415722856 3.207172727225772 154 104 77 0.2259665334150544 84 285 52 579 45 511 90 257
2978 -0.54193906584335783 0.7464489413319132 3.1770020560046386 222 209 173 0.16385189921847376 8 623 52 604 4 613 69 632
2979 -0.60252108939004878 0.71562308690511756 3.1938453290878641 224 212 176 0.030194350339154949 8 633 52 609 4 622 69 639
2980 -0.62925060915984421 0.63956506359571397 3.2550098574510042 225 212 177 0.057325065293489713 84 615 52 611 4 630 69 642
2981 1.405477063373332 1.4667941491615781 2.7383561340077618 161 115 93 0.22953335109274609 94 595 52 679 4 394 84 388 45 593 69 430
2982 0.13486847381620148 1.1591832043739199 1.8012061908367392 224 208 170 1.4026443756141211 84 691 52 703 4 684 69 688
2983 0.43086025482089874 0.75361927224335801 2.0682454037378535 234 217 176 0.29967563536678271 84 689 52 707 4 691
2984 0.1398256551113185 1.239266214105331 2.0244882777358169 126 92 27 0.075275866320313842 84 465 52 712
2985 0.86349498830525051 1.2881124974986851 2.8408641035533972 109 75 62 0.67562633734720801 36 728 52 724 45 676 90 617 4 959 72 645 31 812
2986 0.82905399429612048 1.3562938498755936 2.8242006780288951 225 210 173 0.30610856967801781 36 731 84 463 52 725 45 673 90 621 72 647 31 805 18 817 79 931 42 922 82 752 44 690 23 639 26 914 91 687
2988 0.7384958167514476 1.2405974989270347 2.8918082116836952 227 212 174 0.33660337833000598 84 478 52 746 4 478 45 695 90 633 72 640 31 821 18 833 88 652 79 942 42 925 82 746 100 845 26 925 48 379 61 342
2989 -0.067897175080476657 1.0241068273670242 2.236311599896871 254 229 71 1.1476022761883173 36 769 52 766
2990 0.49683471777818949 1.1069612788628449 2.9512993545457467 152 101 77 0.6013509696826792 84 731 52 768 4 777 45 859 90 807 72 782 31 969 18 996 88 798 40 722 42 791 79 949 46 529 82 552 100 811 80 815 44 637 23 560 75 651 68 522 62 600 35 439 7 452 10 284 59 579 63 270 15 204 91 472 65 835 27 573
2991 0.29362703851446886 1.018081748081874 2.9923792088566072 134 90 67 0.049540600569764948 84 744 52 782 45 724
2992 -0.55390211381275178 0.64060444703764385 1.8794284681779811 254 229 71 0.042119511949991993 84 757 52 787 4 767
2993 0.21043410541754912 0.94827499703443618 3.0227311122067317 43 30 31 0.29334230624762131 84 754 52 795 4 800
2994 0.1680709789566025 0.95434115664921249 3.0264076486751166 134 90 68 0.18052113253871951 84 761 52 798 90 515 72 310 88 346 40 301
2995 0.13470327274960708 0.97632017316609909 3.0275896597997694 124 82 63 0.11438434048572872 84 765 52 802 45 736 31 838 18 837
2998 -0.39929862603642319 0.68400220786281807 3.1859882080800346 104 72 59 0.30894069820097991 84 814 52 847 4 867 45 516 90 541 94 529 72 283 31 577
2999 -0.66350990851655689 0.84014848820098964 3.0934457944930789 129 127 115 0.14143653888956895 36 861 52 860 4 881
3000 -0.79427973679586306 0.90259287292134316 3.0282669264565789 130 127 114 0.095848472906010271 36 872 94 777 52 861
3001 -0.67727498935722774 0.68297880694751378 3.2148457722523465 226 213 176 0.17526513513754963 8 883 52 868 69 898
3003 0.4139142063209062 0.79442086727766947 2.0750614049102456 30 38 48 0.091782885390469915 84 897 52 913 4 942
3004 0.4139142063209062 0.79442086727766947 2.0750614049102456 30 38 48 0.091782885390469915 84 896 52 914 4 943
3005 0.34190449661840244 0.71917067843101024 2.1052238270969474 214 206 200 0.74656776137036152 84 909 52 926 4 703
3007 0.53272384893127689 1.0315685580220753 2.5612058242708828 15 16 17 0.22357381370132112 84 703 52 932
3008 0.53132303307796414 1.1690611474475479 2.9355268759839341 85 56 43 0.48327892685426638 84 921 52 938 4 967 88 801 46 925
3009 -0.24052388627161853 0.63701645201029999 1.92881602876836 255 233 73 0.0065247256284603778 84 924 52 942
3010 -0.56028336186065453 0.46891914850726724 2.0018149852376368 255 232 72 0.28248098425351165 84 954 52 985 4 982
3011 -0.8467942466551005 1.6414103976434151 2.3928597342552509 72 53 49 0.13726437705641303 36 997 52 990 4 1001
3012 -0.79850603789173136 1.5931543841395068 2.4443854312025244 76 57 51 0.1744469050121833 84 792 52 992 4 819 45 873
3013 -0.2683151811436793 0.7752771373972922 3.1278575106234277 47 33 29 0.37952078591347072 84 970 52 1011 4 1025 90 700 31 846 18 839 88 568 79 669 42 515 46 953 82 324 44 110 100 211 26 660 91 289
3014 -0.74440008560772808 1.0457230525984154 2.9161054358369318 126 121 105 0.10649701031204596 36 1005 52 1024 4 1039
3015 -0.74440008560772808 1.0457230525984154 2.9161054358369318 126 121 105 0.10649701031204596 36 1006 52 1025 4 1040
3016 -1.1518054724606046 1.2518331422771278 2.7421595863422645 125 125 114 0.22710634194566673 67 1169 52 1033
3017 -0.40255369829929183 0.71547209720926142 3.0840116722223807 221 207 171 1.5322155150102168 84 807 52 1096 4 1111 45 1003 69 834 31 1137 18 1118 70 613
3018 -0.78879936723108812 1.6890857495774261 3.9506697471134222 164 158 136 0.16111392583618575 36 1193 52 1108
3019 0.87225168967748989 0.74311692725218403 1.7489689690443777 151 130 39 0.5786400768690193 36 1035 84 1125 52 1115
3020 0.36752618299393097 1.2957636169369997 1.983941314072531 98 65 11 0.19508000703240791 84 1097 52 1125 4 1069
3022 -0.30627956347213758 0.63695453165500049 2.5334024753171369 237 198 57 1.4094879634664788 84 1148 52 1168 45 1079 31 1182 18 1165 79 1265 42 1119
3023 -0.51572521194647225 0.3910683363478355 2.1373217363218533 255 233 72 0.35014833821208252 84 1149 52 1171 4 1169
3024 0.65635827140210523 1.2439640282053683 2.8615626070010838 228 213 176 1.5299911871980409 18 1191 79 1272 42 1142 46 1124 100 1126 82 1027 44 1012 23 958 75 966 80 1108 68 1065 35 978 7 944 4 1204 91 901 65 1147 9 1209 6 1094 71 1041 74 964 57 873
3025 -0.6042278946455657 0.69561870121905489 3.2226882730216073 223 208 170 0.048894683948162106 84 1199 52 1215
3027 1.2275680358061036 1.6136154048019908 2.6547004149245557 230 215 179 0.28446645789474145 52 402 4 95 45 393 31 722 18 787
3028 1.2266766751547697 1.6125920897966266 2.65252974258311 230 215 179 0.33030594095564075 52 403 4 96 45 394 18 786 31 723 42 822
3029 -0.61770620447047586 0.39890277745364466 2.0612690895230243 136 114 39 0.095748179183653567 84 247 4 228 69 227
3030 -0.98319253990173017 1.5973477288553939 2.4795940609619627 50 39 36 0.23472961328698322 8 382 4 287 20 660 46 263 70 360
3031 -0.13140332280330697 0.80730041470766245 3.161232869512602 107 74 60 0.10068241319424183 52 247 4 296 45 296
3032 -0.79924621179245736 0.88372609215506326 2.4989672720457201 64 74 97 0.4577693199061808 8 354 4 299 69 605 20 850 46 256 70 762
3033 -1.0216798121188115 1.4250886749678937 2.6190347976309569 122 123 115 0.13466048343007617 8 395 4 316 46 308
3034 -0.81105682622219544 1.0424247787946002 2.8971368866357627 83 87 81 0.24957228382973629 8 386 4 338 84 320
3035 0.5413130544417375 2.3584734400224883 2.0109829378174759 2 1 1 0.12230727406422293 52 671 4 384 45 554
3036 1.1710003019768656 1.5864712391352145 2.6779948245243275 233 218 182 0.1474713861632273 52 411 4 405 45 600 31 738 18 788 82 685
3039 -0.62479446157879204 0.73457721529909048 3.1724704848123371 127 124 108 0.23152534040112105 8 370 4 620 69 372 46 644 70 656 6 378 71 348 39 292
3040 -0.6194389331663448 0.74626597619509583 3.1820799089117715 127 124 108 0.62136010484410031 8 371 36 340 4 621 69 373
3041 -0.68693839559483727 0.71093321751214178 3.1884782875329454 123 122 109 0.2235735020417394 52 306 4 624 46 648
3043 -0.5799844181076298 0.54904269194127342 3.2852986151695749 73 51 42 0.029680032201490562 8 374 4 631
3044 1.1224097759243068 1.5357178974209418 2.704716536739193 232 216 177 0.48255965186035993 52 903 4 702 46 738
3045 0.27164616769923261 1.0791594361496513 2.1664907899508807 137 111 31 0.35797496290673259 52 720 84 464 4 719
3047 -0.31962560549696178 0.63761502409600557 2.483931519398956 253 221 62 0.13889610665084831 52 815 4 805 45 751
3048 0.0098919136164819649 0.90838938959781235 3.0550335568269475 81 55 46 0.22466238408304601 52 814 4 820 45 747 31 841 18 838
3051 -0.83140968953289063 0.94246499897374225 2.4956660447906116 93 110 144 0.54886245191672678 52 265 4 840 69 1002
3052 -0.74447490590365073 1.0356421391475517 2.9128810071197102 128 121 102 0.19249011262500743 8 637 84 821 4 859 69 627 20 664 46 834 70 814
3053 -0.49704216972923282 0.79813282705466715 3.1387037772580975 115 112 98 0.20845193722039315 52 595 4 868 69 856 8 618 20 870 46 846 6 657 71 608 39 576
3054 -0.98219597346986776 1.4630766955820351 2.9646833815968061 121 122 113 3.3523772080875638 84 838 4 874
3055 0.8993297634230687 1.3737458027015947 2.7118192561705068 229 213 175 1.8596787927349243 52 915 4 952 46 747
3057 0.36667276535113758 1.0687836957219869 2.9480037531074657 51 28 18 0.77535089511897326 52 954 4 981 45 964 31 1054 18 1057 79 1089 46 928 82 537 42 752 100 553 80 580 44 420 23 402
3058 0.0577828975020468 0.92105423083095173 3.0402898146029682 89 61 51 0.89196879576262045 52 984 4 1000 31 976 79 1092 82 520 100 536 44 386 23 520 75 394 68 205 62 563 35 214 91 452 27 377 74 579 57 497
3059 -0.051716910901117012 0.94647780958903061 3.0687704299179774 213 197 160 0.49800064797819277 52 993 4 1009 45 884 88 595
3060 -0.61716420558437468 0.62528234964505269 2.5542987749908561 105 63 9 0.47980107872752076 84 800 4 1016 46 788 6 532
3061 -0.24441122979355737 0.85844322994601685 3.1125291733066813 211 197 161 0.36588658583601319 52 1006 4 1021 45 895 31 981 79 1152 18 1059 42 1004 46 949 82 887 100 992
3063 -1.1181488096738377 1.2113700308609587 2.7978097895285945 128 128 115 0.37909868110185274 4 1117 20 1133
3064 -0.58638399506833472 0.56431301081792196 3.2730609519172815 123 86 67 0.64378297046293675 8 1025 4 1121 69 1106 31 985 18 1004
3065 0.26754524040367395 1.009520650660336 3.0075443709553409 41 25 19 0.39693415180797004 52 1134 4 1146 31 1132 18 1119
3067 -0.77413718681383492 0.98354880012357915 2.6733347574924253 58 61 56 1.9063987250231555 52 1194 4 1210 69 1219 46 1129
3068 -1.1348418893864849 1.4658138462563859 2.6512267264994458 115 119 114 0.91464939381137356 52 1213 4 1219 45 1123 46 1130 71 1057 6 1102 39 1004
3069 -0.8673145640863984 0.937228437868589 2.9646918780040026 128 126 114 0.48618230816013192 84 1187 4 1220 20 1204
3070 -0.80037844332077768 1.013151253439311 2.9376292011247416 128 123 108 0.48249210749452887 67 1026 36 864 4 873 36 630 84 324 52 601 69 635 20 675 46 842 70 823
3071 0.58107482728339166 1.0072630022261015 1.3266960057720238 188 200 228 0.41603408134578646 94 58 45 47 79 469 26 474
3072 0.76057092396369863 0.75566063803017169 1.5430845883733935 190 200 225 0.22253023220980211 36 34 45 63 31 107 18 138 42 106
3073 1.5111065685993428 1.6319963006328324 2.6631807005510217 117 112 96 0.15921264948501201 36 48 45 78
3075 0.40870874505619392 1.0398333556756216 2.9705355842355745 146 97 72 0.18522275024510487 8 224 45 229 90 191 18 306 88 127
3076 1.4180799733223266 1.7119232925376513 2.6062866697529032 234 218 182 0.10023192751758209 36 403 45 376
3077 0.47259083842295124 1.3211299986047336 1.9857595724572454 127 93 21 0.2967918231538722 36 470 45 410 90 474 72 362 31 116 18 116
3078 1.1681112713895034 1.4271687902757706 2.7376779692027013 106 73 60 0.31250791863178418 94 379 45 413 88 514 40 458 91 402
3079 -0.17195572931041792 1.9219535947011404 2.2960024018881966 76 56 50 0.16354304808734685 52 473 45 430 90 504
3080 -0.43740390409296259 1.0399270136295653 1.98134754339376 251 212 64 0.40614736212550229 45 450 69 1078
3082 0.59355183518089716 1.1653601307929731 1.2274622896946159 168 138 36 0.19255047050362459 94 594 45 523 31 351 18 317 79 462 26 464
3083 0.83732512412254223 0.80976002737086694 1.5287739710548534 124 107 31 0.26967089354887341 94 578 45 549 31 637 18 649
3088 0.60787501789353449 1.139577042392306 2.6081848376705401 227 209 170 0.13904796855490531 4 445 45 690
3090 0.44769185396624189 1.1170806219081428 2.9338732729601364 104 69 54 0.58686328995625536 52 771 45 716 90 653 31 832 18 832 88 634 42 772 82 544 44 617 23 417
3091 -0.25898765362425291 0.65763783753824434 2.4619570111175597 254 216 63 0.54481022179139937 4 796 45 748 72 293
3092 -0.82875760169746171 1.3605428114412372 2.9658001460668686 255 230 70 2.5403519646110961 64 1118 45 756
3093 0.64536783608069515 1.0627486249504612 1.3029523928569393 145 131 43 0.35000312805758782 36 890 45 785 90 753 72 835
3094 0.37802176619148281 1.2521240036007404 2.0239767166948219 158 119 34 0.33700085701271981 94 841 45 819 90 890 72 933 31 886 18 647
3095 -0.094810993314354414 1.9960654653914127 2.1731312770379105 73 53 47 0.26963118066368336 36 949 45 820 90 654
3097 0.87181382376616789 1.4353793799396781 2.7847403625961786 230 214 174 0.069799433153372739 52 924 45 827
3098 0.50334837570637048 1.2103651061025347 2.8939483345783854 224 208 171 0.60882224219191017 52 763 45 855 31 961 18 1047 79 1140 42 1017 100 1003 80 987 44 899 65 962 9 1028 6 931 71 884
3099 -0.48346231351238084 1.7332043953868967 2.3778231860676167 84 94 96 1.0975677633704024 52 962 45 856 69 1167 84 1146
3100 0.44573819205884302 1.1789275095341034 2.91503325287538 222 207 170 0.35099869295343378 52 943 45 857 31 1048 18 1048 79 1142 42 1070 100 1002 80 986 44 944 82 971 23 896 75 861 62 1007 65 963 9 1031
3101 0.32025127748037147 1.1145030541076755 2.9440964863110954 217 202 164 0.71331100075938547 4 983 45 866 31 967 18 982 79 1087 42 1013 82 899 100 1000 80 910 44 896 75 793 62 816 35 682 7 704
3102 0.0101584398602873 0.91759798991079744 3.0661749074828593 69 47 42 0.36112692556752002 52 988 45 881 31 977 18 999 88 599
3103 -0.11738561053470593 0.91801218789656169 3.0799747481894326 211 196 159 0.37485550620616109 52 999 45 887 31 978 18 989
3104 -0.29619602468687956 0.6076068085262688 2.5110622648475189 254 229 68 0.084508300299342365 52 989 45 888
3105 -0.17973666555921225 0.88593583961326328 3.0930152746761452 210 195 159 0.34185595333464269 52 1003 45 892 31 979 18 992 79 1151 42 1006 82 889 100 994 44 890
3106 -0.70033036188938869 0.55399676889745653 3.2461206015195212 1 1 1 1.3239673163223324 51 834 45 920 79 1098 65 1036
3107 0.59915663319969548 1.1641887671600222 2.9168984312893618 227 212 175 0.62568865475793534 4 1140 45 951 31 1049 18 1058 88 988 79 1206 42 1022 82 906 100 946 80 915 44 900 23 841 7 827 91 801 65 967 17 923 9 1099 6 930 71 949 39 840
3110 0.64348917096774327 0.9168943938779357 1.4373190085139134 23 30 42 0.41665371689499242 94 1031 45 1017 90 977
3111 0.74098327413793974 0.78181068580337998 1.522659177085935 183 193 221 0.20773088096039335 94 1030 45 1020 90 974 18 1092
3112 0.20451901281483961 0.97858589490126591 3.0196885692405093 50 34 33 0.66871693201133409 52 1135 45 1038 18 1120
3113 -0.15089954300646799 0.70354633920890297 2.4791870494178556 184 120 35 1.6750294897682558 4 1196 45 1073 31 1181
3114 0.78840751764505956 0.81424533887055883 1.4412624366350359 148 124 33 0.30722567739561479 45 1097 31 1185 18 1172
3115 -0.89942295796152238 1.654232892662207 2.3967106375474265 1 0 0 0.36536751825450881 52 819 4 821 45 729 94 908 8 1019 69 995 31 662 18 36 20 1083 70 925
3116 -0.91142251356822701 1.0331356431664547 2.8988866078395112 123 123 112 1.4929766750937576 67 1243 41 1404 98 1266 22 1330 36 1100 8 1113 45 908 67 1031 8 1031 84 995 52 1031 4 1044
3117 1.0620896743857255 1.2551784935077495 2.8342409143121428 1 1 1 0.59744061828350292 52 1063 4 1074 45 943 94 629 36 711 8 716 84 895 69 459 20 445 70 515
3118 -0.63713420098787743 0.40834127580261503 2.0513953315184343 255 228 72 0.088959884075825835 52 823 45 758 84 788 4 797
3120 0.53796268934029579 2.310895458648818 2.036090399498359 108 77 65 0.058694033557041864 8 143 69 90 20 76
3121 -0.51224741087917747 0.53938029203694793 1.9628604486910017 193 149 42 0.49398987836353819 4 514 69 202 46 88
3122 -0.45690768226699191 0.41129793801808195 2.0654074511049232 159 124 33 0.11920166616563214 8 259 69 208 20 111
3123 -0.52494265693807374 0.91722424306694428 2.3538488138347242 119 84 16 0.14794688872882755 4 238 69 251
3124 -0.52494265693807374 0.91722424306694428 2.3538488138347242 119 84 16 0.14794688872882755 4 239 69 252
3125 -0.57590470018501494 0.93710029361696456 2.3300639131761831 153 113 27 0.57089177624805298 4 243 69 258 46 209 70 215
3126 -0.15524203604064524 1.0860131404201872 3.0231789951587489 27 19 10 0.063991528211286092 52 222 69 275
3127 -0.71237455869327093 0.82831563766040073 2.411911975449696 128 99 24 0.074694790040241557 8 341 69 280 20 242
3128 -0.52124589721718761 0.87361704614397062 3.0838406008998085 64 68 65 0.20955380329817011 4 333 69 331 70 369
3129 -0.5245724810252691 0.86736924172520335 3.07762100044474 64 68 65 0.12428386192181128 4 334 69 332 20 641
3130 -0.50252206322195103 0.83222931125427835 3.1242553244553415 194 181 148 0.072116391377061759 4 336 69 335 46 336
3131 -0.53015955074641419 0.83938730415345952 3.1001607123139596 122 118 100 0.53667611060201714 4 337 69 337 20 645 70 639 46 843 2 226
3132 -0.81225733167759939 1.1148441287543278 2.8592465662509836 104 105 95 0.13179879510235351 4 332 69 351 20 328
3133 -1.1086899579971261 1.539454684572547 2.5138574027801903 64 44 37 0.16561705195572476 52 264 69 354 20 352
3134 -0.55531859657470473 0.64987332695327071 3.244445158712868 104 105 95 0.18349137309601171 4 359 69 366 20 327
3135 -0.77762212751379689 0.88039337235105464 3.0566821399151722 86 91 86 0.10714574441223446 4 357 69 377 20 682
3136 -0.62492680228614383 0.50177228488888004 3.3300777311677816 158 108 82 0.093307606927327799 4 360 69 386 20 359
3137 0.5835296678318922 0.87323968842722022 1.435870003095125 121 97 25 1.8803817305570014 84 27 69 402 70 2 55 3 2 2
3138 0.69103376158112795 1.022538249548306 1.6119836141868793 129 112 35 0.48883576689492286 4 18 69 407 20 385 70 15 1 15 78 15
3139 0.25483566478121589 2.1506802191071501 2.1237086060623738 106 73 62 0.29638703580914405 52 431 69 477 20 508 70 173
3140 -0.53062107227963373 0.50169931536391876 1.9901174370122896 165 128 33 0.093533187028050205 4 526 69 534 20 515
3141 -0.59878114071468347 0.60058823062664435 1.9124228406426662 151 123 33 0.14959391316714735 4 519 69 537 20 523
3143 -0.98157422318450682 1.5086829860346453 2.5489432543851769 43 33 33 0.094066792815883898 4 577 69 620 46 588 70 629
3144 -0.47846148996357796 0.77857828724660638 3.1606890415936233 225 211 175 0.072850941895949123 4 606 69 622 20 642 46 636
3145 -0.48956974894785438 0.70731411597956184 3.2202049674886264 221 208 172 0.17813420102931915 4 612 69 628 20 654 70 645
3146 -0.52827466353714658 0.72520722354724354 3.1892827898147806 114 112 98 0.19392318928099095 4 616 69 631 20 658 70 647
3147 -0.56837384017802384 0.66850310851847305 3.2362157550996433 222 210 175 0.086466404788918469 4 623 69 636 46 647
3148 -0.68714818426563373 0.54832622217620341 3.0846885377541509 117 115 101 3.7382571566844933 4 628 69 638
3149 0.55026803142293279 1.1933054185171452 1.2223584073460141 115 103 30 0.049883221958539316 4 912 69 659 20 716
3150 0.56108641446546137 1.0054767936715525 1.3288072575246603 120 135 168 0.35470161304656256 4 656 69 661 46 366
3151 0.53541630684402874 1.234179683620809 1.2836174321548695 116 103 30 0.38380673820341771 4 657 69 665 20 722 70 691
3152 -0.63651832507857609 0.41178677014808807 2.0530877298194317 253 227 76 0.09327941104387176 8 825 69 773 20 786
3153 -0.70450355917978535 0.51070742332593877 1.9762765856829867 253 228 73 0.12278451710580321 52 818 84 785 69 775 20 791
3154 -0.54421256447249655 1.0745209221865362 2.1337538763381421 198 163 56 0.22766350436214502 36 981 84 769 69 778
3155 -0.506063616585263 1.818652688187361 2.3856191526514223 37 32 37 0.54415645740341367 8 594 36 579 69 793 90 524 20 836
3156 -0.56743654357775086 0.86847394231525166 2.3774622974216211 190 153 43 0.10915838356327433 4 811 69 796 20 820 46 531
3157 -0.65855251431723738 0.84535781201600868 2.3988348746719228 131 98 23 0.19998451963626637 4 822 69 810 46 775 70 551
3158 -0.79138477827492126 0.87699500665387431 2.3685142694068042 98 50 5 0.20259551952077448 4 829 69 819 20 843
3159 -0.72539873455244042 1.1793993638021141 2.8309532325947875 52 53 46 0.31226352026447418 4 846 69 846 20 877
3160 -0.75777776521588169 1.1906639563234596 2.822891291544531 80 83 78 0.11515404565747267 4 847 69 851 20 880 34 732 70 633
3161 -0.4220504914867258 0.6690915716848348 3.2357191932070606 35 30 27 0.42079025933221942 8 858 84 819 69 857 90 709 8 1014 72 559 88 306 40 251 82 62
3162 -0.8128329620667113 1.1614381145637029 2.8382692255191033 95 98 91 0.14130851221819266 4 598 69 863 20 894 46 624
3163 -0.87318747099124105 1.1310040052904393 2.8555910738604924 108 110 101 0.10459370592414363 4 605 69 871 20 904
3164 -0.69879442465232677 0.88708527633131962 3.0600505462906558 126 124 112 0.14147047736185259 4 880 52 859 69 872
3165 -0.90632224365624792 1.1833350799545883 2.8195881488652064 115 116 106 0.10321052654665767 8 891 69 873 20 906
3166 -1.0442464397456646 1.3785861760519267 2.6607628501185028 121 124 116 0.074097441083061058 4 854 69 881 46 822
3167 -0.79772775469607982 0.94730193398205997 2.9955698624365734 125 124 112 0.20636975719973236 84 612 69 883 20 905 70 828
3168 0.60161907182815855 1.1858388113734175 1.1568338101486 122 107 31 0.70231799612594725 4 895 69 922 46 877
3169 -0.62111340221211253 0.62155685492158086 2.5464612965994156 86 58 10 0.34909733972019574 4 1017 69 990 20 993
3170 -0.83229717963028493 0.94385826904152403 2.4935736924590302 93 110 143 0.08653128537801956 4 839 69 1001 20 1005
3171 -0.8939252510561102 1.0073553818795882 2.4248407452110339 93 112 146 0.71002398127187671 4 835 69 1004 20 1008 34 903 37 498 46 937 49 413 56 135 78 447
3172 -0.87038625245227152 0.86000286221719247 3.0788553590288612 169 164 141 0.28840717433028745 4 1052 69 1039
3173 -0.50559915022258861 0.76754755290976628 3.1689510340977582 226 210 172 0.062262428985344585 4 1115 69 1101 46 1021
3174 -0.60182671267803678 0.6604397079171761 3.2329553748808686 227 212 174 0.43494268778626194 45 918 69 1105 90 851 72 741 42 682
3175 -0.54571539277883629 0.55386428893313822 2.5119780548368267 254 230 76 1.5127088887199129 4 1178 69 1136 20 1117
3176 -1.186166108617599 1.306919668871604 2.7131050387288118 127 127 115 0.2621975918102345 4 1158 69 1150
3177 -0.77088924434382333 0.8273542606810983 2.2493419533687131 108 0 0 0.22291291025754589 4 1148 69 1170 20 1150
3178 -0.64318329698252097 0.73602811121775447 2.4852196075886295 217 173 46 0.27634398947138122 4 1180 69 1173 20 1154
3179 0.67668643061662259 1.1379643285829735 1.6826491720359471 0 0 0 0.72154976530257142 4 1186 69 1178 20 1163
3180 0.67668643061662259 1.1379643285829735 1.6826491720359471 0 0 0 0.72154976530257142 4 1187 69 1179 20 1164
3181 0.40435196275022134 1.1468535032350065 1.4545038727023689 4 4 5 1.0494629182303676 4 1201 69 1195
3182 -0.1079460144229246 1.9696898516182182 2.2191235647180885 30 23 22 0.19824135612299143 84 490 52 458 4 470 45 164 69 526 24 377 66 378 51 283 90 188 72 123 70 527
3183 -0.40130411831780105 0.67843518003429715 3.1784939684930422 104 72 60 0.18882831352472218 8 853 84 600 45 515 69 844 84 813 52 846 4 866 31 576
3184 0.59113936342510021 1.1633773595099184 1.22079723676492 153 132 41 0.5281074398936666 67 1074 36 892 8 926 84 858 52 872 4 904 69 926 41 1259 28 818 34 980 20 938 37 774 49 640 78 728 1 716
3185 -0.54661869358773318 0.54033524120492049 3.288744101136734 149 100 76 0.39977844814814267 51 668 94 762 36 1012 84 999 52 1037 4 1051 45 779 69 1030 64 756 67 998 41 838 98 375 97 377 54 217 34 667 90 717 72 556 31 852 20 895 88 550 40 503 37 254
3189 1.1490426568491641 1.0162117228631276 1.7338532125234263 252 207 61 0.068666160100315635 51 10 90 43 72 186 88 500 40 434
3190 0.80480793497927605 1.4832130470969411 1.3688330977572492 190 94 26 0.1138065122027886 51 122 90 62 72 261 40 184
3191 -0.16761856568214648 1.0206056463122934 2.1521901013868656 146 115 40 0.34529768133520605 51 252 90 230 72 54 31 199 79 147 26 144
3192 -0.2251575245222881 0.73757597845270129 3.183095060484145 146 97 72 0.16090312556252837 51 194 90 254 72 12
3193 -0.27858370745583805 0.057997116788752107 2.1382487222875426 156 105 79 0.33677910989322568 84 216 90 278
3194 -0.73693493989819481 0.62874637060161032 1.9172188397636125 255 236 68 0.022834641815480297 36 286 90 286
3195 1.0871773400337272 1.041378655306717 1.7135025485838509 254 220 62 0.13576428653365186 51 341 90 341 72 413 88 488
3196 1.0876185882345695 1.0430490122706846 1.714843346742172 254 220 62 0.12132772940989479 51 342 90 342 72 412
3197 0.32885159905125461 1.0808811990877731 1.5372991782723737 67 72 91 0.28730889978638408 51 464 90 477 72 655 18 594 88 350 40 557 11 570 42 345
3198 0.54318684046465604 1.1225804684145586 2.94221739227409 148 98 74 0.094262978008082948 94 460 90 483 72 335 88 379 40 324
3199 0.48418626183715102 1.0655302885894009 2.9792576813069962 51 34 32 0.24984582338413139 51 113 90 489 72 65 45 220 31 308 40 99 91 172
3200 0.35342642694574528 1.0805318883340369 2.9478223271568602 64 46 39 0.34192559020418584 84 737 90 498 88 361 40 96
3201 -0.51924503239989672 1.7103463436064281 2.4622858338682234 80 91 94 0.22719368012268734 36 814 90 528 72 617
3202 -0.33867768806774179 0.58722053823257925 2.5258745254157047 252 230 69 0.18569816827141358 45 753 90 538 72 289
3203 0.92604955822543966 2.5305627580719348 1.9381245342244011 105 72 60 0.54937698265418322 51 637 95 1114 90 571 72 737 88 902 40 873 82 742 100 691 80 705
3204 1.0439842247781446 1.3479111405138164 2.7485960428328138 147 99 74 0.33991354181278105 36 709 90 596 31 798 18 827 88 688 91 559 40 407 48 436
3205 0.47369523629665511 2.2720526216441956 2.0850011671102227 69 48 41 0.26710864136008244 94 657 90 600 72 710
3206 0.79487317412547143 1.4002629426366382 2.7788702957717906 231 215 176 0.24183303600791806 45 668 90 622 18 801 42 796
3207 0.76865297224769813 1.3234700829192003 2.8378664968063108 231 215 176 0.15096263143153166 45 681 90 628 31 808 18 820
3208 0.3038246486259838 2.1178105148475033 2.2308076501937677 214 197 160 0.074353607691022658 94 677 90 629 72 696
3209 0.24179097822366641 2.083419282522303 2.2468877001980658 218 200 164 0.13849984450478256 51 682 90 634 72 689
3212 0.80071313091128449 1.3991148239591704 2.7874972586939215 233 216 176 0.34344279519751542 45 835 90 775 82 748
3213 0.81957104612084064 1.476563476919992 2.8614163401151833 233 216 176 2.1530204652249609 45 836 90 776 82 756
3215 0.17379074873888575 1.1055224073211312 2.1153931876482654 149 118 41 0.22585147720116064 14 981 90 813 18 914
3216 1.2222012285072938 1.3632253926462947 2.7698178168815026 151 102 75 1.3255461832535138 4 1072 90 875 79 1229 42 1109
3217 -0.23640202361185497 0.61302158122293626 1.922223579841094 255 237 72 0.073444370096216779 94 964 90 920 72 907
3218 -0.27079975779940124 0.66207135614859591 1.8828106496648007 255 238 72 0.21942566448423298 94 967 90 921
3219 -0.29945607104335298 0.5866590554886898 1.9423717439683612 255 237 71 0.27132505782098215 45 971 90 928 31 1025 18 909 42 840
3221 -0.38977067396482679 0.47714463442160704 2.0157306307525595 255 236 71 0.023877445095426754 51 941 90 942
3222 -0.4517530802461362 0.44201111097424267 2.033067592710462 255 236 71 0.21873416602484091 8 1082 94 985 90 943 72 892
3223 0.74273478341878085 0.78543855389274497 1.52699084548066 191 202 230 0.19493736773724663 45 1019 94 1029 90 973 72 998
3224 0.024912657370425251 1.1603921115827112 1.838527041701306 205 177 60 0.046614480070529575 51 1018 90 993 72 993
3226 -0.14921104200545432 1.1829064855454956 2.1485126543057613 80 63 19 0.3558045441493915 51 1024 90 1000 72 985 88 971
3227 -0.043396108842705096 0.90215319955074691 2.2518198447662048 255 220 65 0.53354934225224881 51 916 90 1001 72 972 31 1119 18 1105
3228 1.311198637350304 1.0607045653813685 1.7458051166717952 183 128 38 0.27812225181627231 36 1106 90 1013 18 1140
3230 0.3113953284892283 1.2009096567381674 2.0375881261841742 156 125 42 0.32244813694171331 51 1055 90 1029 72 1042
3231 0.3113953284892283 1.2009096567381674 2.0375881261841742 156 125 42 0.32244813694171331 51 1056 90 1030 72 1043
3233 -0.46121615906058749 0.72141851913412824 2.8704713881455306 12 12 14 0.90391926747566775 45 1116 90 1065 31 1204 79 1274
3234 1.0721891481449903 0.99997294715549201 1.7514640254752614 253 204 52 0.44582512516922429 30 645 38 720 95 732 89 830 11 600 90 580 14 586 24 644 66 649 72 694 40 750 88 825
3235 0.89145554802511795 1.3850381190536731 2.8058211368966135 225 210 174 0.20736133087748446 52 711 45 663 90 609 84 452 4 440 31 800 18 815 79 927 26 911
3236 1.5968851637838393 1.5711500904107016 2.6991386514292577 153 104 79 0.42268953742113691 30 921 38 893 95 790 38 768 89 894 11 866 90 727 52 356 45 564 72 851 31 917 18 987 88 956 40 883 42 962
3237 1.5292982386258438 1.530211004860804 2.704386803646345 167 124 105 0.4207567146275954 8 422 36 663 84 377 52 660 4 382 45 573 69 423 90 731 30 895 95 912 11 832 72 844 31 926 18 988 20 35 88 950 40 870 16 1079 29 952
3238 0.57558297929642033 0.99314323130397586 1.3592260087216053 15 19 26 0.65534594675233981 36 900 8 933 84 872 52 886 4 924 45 797 69 664 90 760 51 755 94 813 31 859 20 719 46 679 6 403 71 375 39 3
3239 -1.2796777540378566 1.4685646216282648 2.5665320972318759 126 84 61 0.48754950997557167 30 1087 92 1051 11 718 90 864 24 1132 66 1133 51 985 72 754 31 910 88 535 40 493 40 667 61 853 29 1064
3241 -0.52388924183101571 0.56501230423040338 1.9342310177832744 175 131 41 0.10862694167950046 45 481 72 9 40 3 88 11
3242 -0.12727152641093106 0.57688227177409968 2.1054212277653899 133 132 143 0.11710785217385478 90 247 72 18 40 22 88 36
3243 -0.33368222257966546 0.8136655612999012 1.7939117074089108 255 238 63 0.18278401766537919 90 251 72 37 88 21 40 19
3244 -0.17830741801875416 1.1388729481226305 2.1605276635947797 112 70 16 0.12362270283799039 90 227 72 61 40 54
3245 -0.17830741801875416 1.1388729481226305 2.1605276635947797 112 70 16 0.12362270283799039 90 228 72 62 40 55
3246 -0.011919208709464531 1.1514942414845633 2.0672558582233762 167 138 47 0.09849793933188776 90 209 72 76 88 78
3247 0.085658698526525925 1.1335854927052573 1.8348773002924885 103 86 21 0.37575500415823948 36 153 90 496 72 95 40 73
3248 0.085881754513910516 1.1332891757534445 1.8354197284463554 103 86 21 0.39447881808864643 90 497 72 96 40 74
3249 0.014051458233168949 1.2547936456914652 1.7798937897152924 103 120 158 0.087521403557932143 90 193 72 104 88 82 40 75
3250 0.95623720772132204 1.2941135018692727 2.8353966554222527 44 33 34 0.37950444467440747 90 465 72 109 31 534 18 554 79 639 42 317 100 574 80 592 44 173 26 633
3251 0.95535216261926637 1.2894211465264684 2.8295812395567679 44 33 34 0.25688806289477817 45 425 72 110 31 533 18 553 79 638 46 131 26 632
3253 0.12332879278422403 2.1213090183996246 2.1204698163498024 105 73 59 0.01508809089641565 90 157 72 160
3254 1.8087331922283412 3.8460684721804643 4.9815726526618018 136 130 115 0.68437104015250871 8 526 72 243
3255 -0.45997674100481933 0.67990395281804561 3.238968161457243 207 196 164 0.023502169391538926 90 547 72 279 40 249
3256 -0.92424155409696507 1.3057744640362277 2.4081609365031884 6 6 9 0.3504104362980292 90 551 72 298 40 13
3258 -0.017871350117240569 0.91682938594797114 2.3579471304453556 255 191 42 0.18972630507793523 90 518 72 320 88 328
3260 0.24141887783006299 1.225017114584295 1.9934178598572059 100 97 106 0.18056876572989988 90 484 72 350 18 416
3261 0.5198624742792074 1.3825532671626082 1.9778411168514318 15 8 3 0.20332851496167059 90 625 72 367 31 439 45 111 18 636
3262 1.1581909914289774 1.0341047804898396 1.7173055546659597 174 111 33 0.12776567671976929 90 309 72 431 88 505 40 448
3263 0.76218390241898637 1.4509786758791041 1.3945830653050579 255 232 65 0.11369007269708672 90 408 72 536 18 328 40 404
3264 0.76226494619303609 1.4486095979328766 1.3916293772582853 255 232 65 0.065335259428066006 90 407 72 537 40 405
3265 0.81248690816545033 1.43577984432084 1.4034491175281831 254 235 68 0.12159251097428636 51 421 90 377 72 542
3267 -0.24155320882482906 0.53236318579073338 2.1122543281300521 253 235 70 0.75222238045127621 90 925 72 567
3268 0.05520222228533718 0.81370877074750947 2.4387891793178622 184 189 212 0.33656823268691399 90 672 72 593 31 816 18 741 88 771 40 528
3269 -0.77098424363991436 1.675741218920048 2.3636411927283536 62 47 45 0.71695026854837929 8 1012 72 606 40 696 11 738 61 630
3270 0.35331337940057678 0.81842898813780274 2.1189859561334417 92 85 80 0.26089895975336969 90 492 72 614 88 347
3271 0.79452303844942584 1.2670798824469116 2.8698975591496705 222 207 171 0.15172189023734042 90 630 72 642 88 657 82 631 80 836 75 479 68 557 62 896
3272 0.9321078084512987 1.3194181443233861 2.8203705028276147 108 74 60 0.64823571671557179 90 604 72 650 31 807 18 830 88 675 79 635 42 314
3273 -0.041641614149581049 1.9925339043151662 2.2582954587151969 115 76 57 0.1711117635208031 90 651 72 661 88 618 84 487 40 565
3274 0.76244699523237891 0.83175571031587836 1.5143806133500353 125 98 23 0.30680117166426418 45 363 72 667 40 576
3275 0.28418405134990304 2.0174236587559302 2.2952422100525025 220 204 168 0.097659512172700039 24 772 72 685
3276 1.0718770583679322 0.99876370575526274 1.7515455190732019 255 210 60 0.32185602765321281 90 581 95 731 72 693
3277 1.1339895723810833 1.0239152083465366 1.7287336756268936 255 212 61 0.15650836168382409 90 574 72 699 88 832 40 754
3278 1.542506677468195 1.5916096107283368 2.6947796715431416 122 83 63 1.1894485721993706 90 564 72 702 31 745 18 825 88 953 79 619 42 960 82 854 100 955 80 999 44 909 23 855 75 911 26 606 68 1005 62 1101 10 1097 63 919 93 810 91 772
3281 -0.32741936157363094 1.1367730873358428 2.0405489536565065 84 72 56 0.44194557376876653 51 966 90 833 72 776
3282 -0.0274782110411287 0.98353958766742611 2.1636476010476651 216 174 53 0.15796128215202557 90 822 72 777 31 911
3283 -0.0032263200816893952 1.0526767229112408 2.1300651274345301 197 165 50 0.099661972634264268 90 820 72 779 88 773 40 700
3285 0.2491574168426981 1.1787061687362785 2.041264474433103 146 120 42 0.18528929165029137 90 805 72 792 40 711 88 785
3286 0.71041609567814867 1.2886847162837647 2.8633960009595816 236 217 176 0.12206890733211152 90 793 72 794 31 953
3287 0.08398044746734025 1.8560766810455522 2.075828495293929 102 67 52 1.2517841761583905 90 803 72 822 40 567
3288 0.79691101416772725 2.4248935386713883 2.0055183737941364 147 100 75 0.46053322194976287 11 949 72 880 40 804 61 826
3290 -0.21627707081553463 1.0425258463097402 2.1383087008032633 12 13 16 0.38191723341546835 90 912 72 921 88 767 40 697
3292 0.11573270486355154 1.2552773708383453 2.0130804435784135 210 176 55 1.3766034857339247 90 899 72 929 18 1014
3293 0.13028226281816202 1.1344392417320215 1.8508367807912083 210 176 55 0.25586613651604678 51 917 90 898 72 930
3294 0.0041820673761722091 1.2615083117224237 1.8146427837469925 73 91 126 0.30513306357257353 51 942 90 901 72 931
3295 -0.10616616085263944 0.88422514732625057 2.2420939878926678 14 15 16 1.167224920163378 90 1037 72 970 18 1102 88 1031 40 958 42 1044 82 867 100 1031 80 950 44 862 23 813 75 771 68 614
3296 0.072618914970139281 1.125528309899462 1.8753604850800101 102 78 20 1.2640685689594724 90 1032 94 1042 72 992 40 705 88 776
3297 0.15794091616332723 1.0907895207865519 1.8888436151276484 201 171 56 0.28694522156270619 90 991 72 994
3299 -0.17738124361479549 1.4011386341087264 2.0837680782443844 16 25 38 1.8505587564689101 11 1158 90 1075 72 1064
3300 0.11791183094177961 1.8288758199354305 2.1666835960159143 16 13 11 1.8314479418977223 94 1046 36 939 72 663 38 1246 95 1273 89 1390 14 1348 92 1187 24 1166 66 1161 64 1454 51 952 50 1586 83 1247 99 1259
3302 0.59903271097532862 2.3091021312106044 2.0329104960047015 149 101 76 0.14717540244697574 51 226 94 148 36 107 8 130 52 51 72 255 30 569 92 510 11 516
3303 -0.0030103484343397152 1.2287454453141289 1.8071953649722354 63 67 82 0.21851039103974051 24 579 66 571 72 346 51 678 90 658 31 426 88 331 40 299
3304 -0.69492845028631167 0.53185146200449662 1.942842061055801 255 232 72 0.64457376559926682 30 1161 38 1157 95 1200 92 1026 11 1050 72 956 14 1302 90 1046 88 957 40 884 61 835 48 0 11 3
3305 -0.41085444246982195 0.75597687374055578 1.8161217409997139 255 221 62 0.04036314937102712 90 932 72 964
3306 0.83904246424261764 1.4924433460970055 1.3495641176310347 214 128 22 0.11245921021189324 90 51 31 7 79 7
3307 0.88251994204715833 1.5221931948187206 1.3644196264217958 4 3 1 0.45300802729274703 45 7 31 9
3308 1.0720808520543228 1.6717296748734956 1.7185387190444676 0 0 0 0.38118132466241017 51 69 31 40
3309 0.5735364945068665 2.4227945124518926 2.4930813983425035 226 211 173 3.3306613618843808 94 452 31 86
3310 0.84487729956958069 0.80017505315809156 1.5982320769967546 172 138 34 0.14327025722004574 45 59 31 112 18 154
3311 0.54466269591970851 0.76997969762644392 1.8818076258858778 116 112 115 0.048467482936626165 45 141 31 176 18 188
3312 1.3700930285654696 1.5849082204580343 2.6806774972254859 235 217 177 0.30312044597566012 45 95 31 212 18 275 88 533 82 263
3313 0.05754051052270108 0.99755715004598133 2.2020018346657437 144 113 40 0.55608461846550483 90 509 31 213 88 332 40 294 79 170
3314 0.77686868867225778 1.373889663864144 2.8055533050975976 230 211 170 0.17530798377286136 45 176 31 260 42 294
3315 1.009421913435204 1.3285911117993503 2.7922532999936247 29 21 22 0.23883410986379625 90 458 31 262 18 551 88 477 42 318 82 243
3316 0.789008095305885 1.3296339218291249 2.8425001906115015 215 200 161 0.17419942812654504 90 143 31 266
3317 0.76363287387519441 1.3054941934357926 2.8603513022880009 225 209 169 0.17323992040680522 45 183 31 269 18 283 79 385
3318 -0.18297738979861181 0.67621724171862119 2.4566192409747516 254 238 65 0.16701586018721176 45 262 31 290 18 230 26 315
3319 -0.1060725146708823 0.78201954281298014 3.1312486294714033 38 31 33 0.28823819280697349 45 291 31 333 18 310 79 449 26 451 9 652
3320 0.88227642757199631 1.5750006426178436 1.3319364174966033 193 140 42 0.24346509506680741 45 329 31 347 18 319 79 464
3321 0.85069999082175918 1.4824427589937867 1.3787345507130744 219 135 31 0.12272338808100662 45 333 31 349 18 329
3322 0.66442745375889078 1.0609472137865175 1.3382734067906885 120 104 27 0.25779557935327246 45 355 31 381 18 346
3323 0.99719306083461134 1.2370739460219626 1.5595437243587864 254 231 66 0.26675464848810626 45 25 31 390 79 494 100 427 80 403 44 314 23 349 75 302 26 494 27 338
3324 0.777465806558156 0.74856179390501176 1.5558581490540453 72 71 73 0.30219343455986375 45 66 31 442 18 453 79 80 42 428
3325 -0.32529086906414079 0.68267767438835258 1.8639125926442208 255 229 70 0.025621905084826091 45 457 31 483 18 407
3326 -0.48636931159770197 0.67036158761551801 1.860155258891498 255 226 69 0.055352714614283295 45 464 31 484 18 397
3327 -0.39078143093893741 0.64981339745929956 1.88134441691912 255 227 70 0.092530255320759258 45 460 31 487 18 410
3328 -1.3089300900383307 1.4357012728889573 2.5709287363810915 2 1 1 0.25349457619137838 72 15 31 491 79 158 26 158
3330 0.60010910207231427 1.1573743077841314 1.1401841539726183 144 127 37 0.12494172846030101 45 521 31 581 18 574
3331 0.73768180764910218 0.95621613747157286 1.9371974034395072 236 216 176 0.22538788048858288 45 599 31 665
3332 0.23277182384240797 1.0637180872456267 2.1250788716160138 126 102 26 1.2120912383353832 45 840 51 622 31 696
3333 1.1955388737586041 1.6682390915933567 2.6195816924287039 232 217 180 0.040037104276297621 45 586 31 698 18 756
3334 1.1320921627291654 1.6318114367853165 2.6326590897065789 232 217 179 0.085997449589134092 45 597 31 709 18 759
3335 1.1320921627291654 1.6318114367853165 2.6326590897065789 232 217 179 0.085997449589134092 45 598 31 710 18 760
3336 1.425051418855652 1.5709069360364294 2.6963958984855689 226 213 178 0.27713867633517464 45 580 31 746 18 818 88 717 40 645 79 895 42 955 82 849 100 882 100 952 23 778 26 888
3338 1.1044355040654927 1.5565095975029055 2.6921572493829458 230 216 179 0.083530817776858626 45 612 31 748 18 790
3339 1.3652136511272703 1.5051203325101286 2.7425176358203545 80 56 47 0.49370335649240749 94 601 31 774 18 829 88 713
3340 0.90842913000872494 1.3089628708467527 2.586879607910423 229 212 175 2.2916052842191013 45 642 31 777 18 796
3341 1.0770917284134367 1.4129873380539941 2.7476340444081147 92 62 52 0.18146448164471943 45 638 31 786 79 919
3342 -0.00046612018082050808 0.81634291912841006 2.3824007358817862 255 230 65 0.44627645498511853 72 591 90 520 31 809
3343 -0.12146064560883327 0.65782324516885393 2.5059259870197845 74 52 12 2.1216788789879 4 218 31 833 18 783
3345 0.358106799043799 1.3865579929589122 2.0051868135154369 217 201 164 0.68027719651999197 45 411 31 878 18 631
3346 -0.31566611859629262 0.72633805286554498 1.8379720948011906 255 232 72 0.24422364082502346 45 860 31 897 18 883
3347 -0.33483299276353484 0.6365178340709271 1.9024583327856142 255 235 73 0.29896023401560401 45 970 31 916 18 899 42 833
3348 -0.26664698646620844 0.54092082393285634 1.9819297850771154 255 243 74 0.27302504361309038 45 975 31 936 18 922
3349 0.18174451720510346 1.2001316773473205 2.052895924193737 198 170 57 1.5394908667154614 51 915 31 1006 18 1019 79 1005
3350 -0.19075272343670582 0.85367779881634509 2.1658582078160009 255 242 72 0.27937014582737107 51 928 31 1023
3351 -0.29972843763412044 0.5875244192766611 1.9429562758522605 255 245 72 0.31301500306203722 45 972 31 1026 18 910 42 839
3353 0.38313067685648439 1.1594140397213815 2.9357623129231545 215 198 162 0.44452166037356228 45 862 31 1052 18 1049 79 1084 42 1015 100 1001 82 970 80 911 44 897 75 860
3354 0.2607773674483661 1.087301606731049 2.9655958369868363 218 203 164 0.19684452449120127 45 969 31 1055 18 1115 79 1207
3355 0.19822439908782363 1.0626132264209618 2.98776283597768 220 203 165 0.10863010559167591 45 974 31 1056 18 1051 79 1143 42 1068 80 984
3356 0.13575305126410842 1.0356380588725893 3.00983786408763 221 205 166 0.13663093460841216 45 978 31 1059 18 1052
3357 0.072444388263601278 1.0004756455645527 3.0216733314057138 222 206 166 0.13871424173676647 45 982 31 1060 18 1053 79 1146
3358 0.010908910953719469 0.971162963205629 3.040291259605937 222 205 166 0.19315810220579568 45 987 31 1061 18 1055 79 1147 42 1066 80 980
3359 -0.75264540019547876 0.72636115291142223 3.1909598334891078 217 203 167 0.29841762964315888 90 859 31 1072 18 1050 42 994
3361 0.70276700975746764 0.8520358060554305 1.4475625228409208 189 201 231 0.20771594505240312 45 928 31 1090 18 1087
3362 1.2272474188348454 1.0793015710752822 1.7199145096057635 0 0 0 0.41975202304937237 45 1015 31 1094 79 1176
3363 0.44577414748328853 1.2180641803604033 2.8389317106992151 30 34 40 0.79060120399270306 45 952 31 1128 18 1112 79 1230 42 1107
3364 -0.45652546063036958 0.70857445643380523 3.0082367366625555 11 11 12 1.2172352502157409 45 1048 31 1135 18 1116 79 1232 46 1098
3365 0.60820175414093591 1.20116002871242 1.1055461555939592 251 237 73 0.44410687681667188 45 1010 31 1139 18 1122 42 1075 82 984 44 949 23 905
3366 0.39860235714390224 1.0892007645645767 2.5496271075098234 25 24 27 2.2718641865328095 45 1034 31 1165 18 1145 42 1123
3367 0.29688742694323872 0.84378674863152603 2.1456718803486647 251 205 61 0.50774855795566942 45 1101 31 1193 18 1183
3368 0.49735050468026654 1.2082736418165281 2.6492680651304337 24 23 25 1.8333459124982858 31 1194 18 1185 42 1140 79 1271 82 1025 100 1122 44 1006 27 919
3369 -0.3821594269004796 0.56153245113405259 2.1181693010544338 254 230 70 1.4302602047450363 45 1114 31 1195 18 1180
3370 -0.458506870372697 0.72590808486187008 2.8779649457876983 26 29 37 0.62453902919545257 45 1115 31 1203 18 1186 79 1273 42 1134
3371 0.22613660298395885 0.87023570103800407 2.4850381265855672 19 23 30 2.1119159523120699 52 1204 31 1207 18 1194 82 1028
3372 -0.44766034423137402 0.50105451618731067 1.9994470276780494 254 228 70 0.2689250001793051 84 537 52 530 31 522 94 742 8 799 84 760 4 775 18 459
3373 0.16097198679299549 1.0770808377299095 2.1371798931780766 171 139 40 0.25817672957223137 84 704 94 686 52 733 45 687 51 467 31 693 24 679 66 681
3374 1.5554303960850371 1.6433575829879727 2.6603453573122779 240 230 206 1.2620820856594466 30 942 38 774 95 800 89 903 92 1088 11 876 72 853 31 720 36 393 8 421 84 370 52 359 45 562 69 33 18 976 88 954 40 881 79 885 79 1067 42 958 82 923 100 954 80 923 44 908 23 856 75 870 26 875 68 1004 62 1099 35 931 7 871 10 1096 63 918 61 895 16 1249 12 987 53 1173 3 878 29 1116 91 817 93 808 48 742 74 931 73 923
3375 1.3418641215583271 1.4397065175916872 2.7573515483674873 160 115 93 0.3903697301399755 30 864 92 853 11 786 31 934 94 602 36 687 84 673 52 686 4 400 45 814 69 435 18 995 20 46 88 1011 40 787 82 918
3376 -0.55016812758701183 0.46674796127757856 2.0115076063840855 255 236 72 0.60843115678379034 24 1014 66 1020 51 956 94 992 36 1082 8 1086 4 1099 45 993 90 948 31 946 36 986 84 1058 18 915
3377 0.78012323527535532 1.1737457741972059 2.9196434188730827 113 80 67 0.25339071368993527 94 653 36 738 84 707 52 745 4 756 45 696 31 965 90 789 72 790 88 816
3379 -1.270063698424172 1.4689251306301623 2.5524299010895546 103 68 49 1.1624588851512487 30 1088 92 1052 11 719 24 1131 66 1132 51 984 94 1020 45 894 90 863 72 755 31 909 24 630 66 635 8 1036 30 352 36 1023 84 1000 52 1029 4 1042 69 1033 20 1038 88 534 40 492 40 666 46 950 61 852
3381 -1.215996863567133 1.3584615083886358 2.669947412197804 140 141 130 1.002377463370042 38 542 95 780 89 890 66 986 51 880 64 1321 50 1466 67 1251 41 1355 98 1291 97 1216 54 1095 33 964 28 985 99 1099 83 1063 85 766 19 1230 94 926 8 1122 52 1101 90 724 90 862 72 566 30 336 92 82 11 320
3382 0.71860125029036892 1.3103686621218968 1.1838251494019467 251 157 30 0.72540691572456262 31 3 18 3 44 19 23 262 27 236
3383 0.82107573184991689 1.534785427353867 1.2946066514817378 254 253 73 0.59655349023105164 31 2 18 4 82 98 100 36 80 19 68 69 62 49 35 818 7 637 10 355 59 768
3384 -0.37291239981330554 1.7748898291359247 2.3058724355877991 93 103 103 0.14150892861811942 31 449 18 45
3385 0.07815585020047669 1.1770184904459629 1.8765112696062878 100 92 94 0.20955862429042815 31 445 18 72 79 734 26 724
3386 0.07815585020047669 1.1770184904459629 1.8765112696062878 100 92 94 0.20955862429042815 31 446 18 73 79 735 26 725
3387 0.64203940872789844 0.87341092549277621 1.4364327272531903 18 26 39 0.13636314254196175 31 67 18 74 26 43 79 45
3388 -0.099426314340988947 1.2259475485532034 2.0478953298575653 21 27 38 0.2766250270257572 31 462 18 84
3389 0.02902993984607357 1.0471886372762038 2.1630055739108283 141 115 41 0.44126703841555698 90 212 18 148 88 76 72 332 40 292 42 73 82 301
3391 0.9738812993401198 0.63161721234136359 1.5536916017989568 161 135 37 0.20584030894278993 31 456 18 186 79 530 26 90
3392 0.54215426324227378 6.8485065998732457 6.8643621603068592 228 210 169 1.3428335650068062 52 546 90 135 18 192
3393 0.013669693083684622 0.92380102749375059 2.3515684963290751 41 28 36 0.70515656534172422 31 518 18 195 42 420
3394 0.34855218680400607 0.81909464162299883 2.1216485121432203 77 70 74 0.41147632692156982 31 233 18 198 79 590 42 451 100 120 80 113
3395 -0.57607960735667763 0.52584054023226567 2.4155184520588868 125 1 1 0.70937157775345883 31 834 18 205 79 1070
3398 -0.55054276317720274 0.77417119198298412 3.0782886610354061 192 182 154 1.0054921699421184 31 845 90 273 18 282
3399 1.2961642761830106 1.4385594762096918 2.7486965040617415 77 52 44 0.027928894125906163 31 251 18 292
3400 1.2961642761830106 1.4385594762096918 2.7486965040617415 77 52 44 0.027928894125906163 31 252 18 293
3401 0.69856085281934166 1.2023352353540357 2.9035919226007363 231 216 178 0.18134916581784519 31 286 18 298 42 556 100 270 80 251 44 434
3403 0.5390530194609624 1.0742649658289536 1.2778265746611863 69 69 73 0.095545853884704476 31 367 18 326 79 8
3404 0.53619073252435512 1.0744908622426639 1.2772573944782815 69 69 73 0.40370506548200957 31 368 18 327 88 367 40 327 79 9 42 8 82 295 100 6 44 8 23 246 27 224
3405 0.88742760530643594 1.4319945067348288 1.415976764102715 211 134 37 0.043170659225084285 31 359 18 339 42 382
3406 1.1045461766372051 1.3746343384114748 1.4701309636916742 253 231 70 0.027613462545170366 31 374 18 373
3407 -0.230323321781705 0.66289244554349191 1.8855242508462167 254 229 70 0.062836327491218799 31 486 45 451 18 430
3408 -0.097187202016710966 0.92725197636052303 2.230632464698552 247 200 60 0.14829009264516479 31 507 90 521 18 478 42 63
3409 0.98878393471535353 0.63946519902996546 1.5475807082476265 255 250 79 0.066333538485611132 31 453 18 491 42 483
3410 1.1999337220768787 1.556360662689112 2.6882625161004174 121 113 97 0.26336325385240322 31 497 18 532 79 614 82 257 80 263
3411 -0.33506649977467912 0.67347762101476827 2.7567953906037621 23 28 38 0.055417362636819484 31 569 18 537
3412 1.0057587053779145 1.2566855102678909 2.8456902612110357 157 104 76 0.2391918259019834 31 271 18 560 88 224
3413 -0.11255002029071923 0.76469930749405279 3.1528889330223682 106 72 59 0.23729207997313528 31 574 18 569 79 671 46 613 26 662 9 655 65 570 6 637 71 585 39 275
3414 -0.55158767108529327 0.55803846367184984 3.2794120731669123 148 100 75 0.086768163072735785 31 579 18 571 46 870 79 674
3415 0.71586479178982498 1.412816675295562 1.2096389353164394 254 252 71 0.36462850484283454 31 343 18 573 42 580 100 332 44 473 23 481 75 245 35 594 7 625 59 395 13 487 47 784 74 806
3416 0.52002398501030733 1.0677764982472433 1.2814765381988644 52 55 62 0.51092412255975361 31 591 18 582 79 687 42 339 100 326 80 2
3417 1.4165535117496049 1.701604021905476 2.5998765688413457 232 218 181 0.023567421313900595 31 686 18 772
3418 -0.068807470964207945 0.80599710754724485 2.613697123927567 69 47 14 0.82041955993840388 31 831 18 777 100 677 44 519
3419 1.3560618225202996 1.6775755479083461 2.6250770800289756 232 218 182 0.40050123456805187 31 697 18 778 82 840
3420 0.6099359433395749 1.1599131905056286 2.5915980875739608 229 209 167 1.2320277156693735 4 740 18 792 79 1137 46 494 26 1136
3421 1.4533677068986293 1.6575868294920233 2.6466435714334597 233 218 181 0.35470124066973219 31 707 18 799 82 851 23 780
3422 1.4522082697437888 1.6545449929710787 2.6406777592159929 233 218 181 0.44035651393561376 31 708 18 800 79 870 82 850
3423 0.5445538784964884 1.2071194715699252 1.1827262557981166 142 128 39 0.4062889142954253 31 989 18 847 79 960
3424 -0.33525423089895445 0.63850635091009567 1.9021065568513178 255 241 74 0.13285977649574882 31 915 18 898 79 1008 42 834
3425 -0.20467476059298872 0.57376520772689887 1.9691094335831922 255 245 71 0.15387751526623472 31 931 18 920 42 846
3427 -0.47662510270355041 0.39572908953756319 2.0833349430822867 198 124 23 0.34412268526607626 31 959 18 938 79 1049 65 345 9 724
3428 0.73568062704801263 1.3772179117467933 2.8065085128075435 235 217 175 0.27883952993101618 31 943 18 972 42 908 44 670 100 821
3429 0.7353339038660377 1.3763543169197778 2.8067077378165588 235 217 175 0.25802034051900941 31 944 18 973 42 909 82 606
3430 -0.7836807912945063 0.76322924878134624 3.1173167281356555 196 185 157 0.6469662787830619 31 1069 18 975 42 873 80 695
3432 0.54939538129522125 1.201538702808139 1.0970737058988107 1 1 0 0.52945237173514137 31 988 18 1007 79 676
3433 0.39389883262547948 1.1156985477443364 1.4556886433945555 104 72 59 0.60284898906111783 31 1083 18 1009
3434 -0.14672043524930317 1.049420673484434 2.106033761654313 254 214 64 1.0268953274987627 31 1113 18 1020 79 1014
3435 -0.44958439792306448 0.44370577768969865 2.030549967577437 255 244 69 0.246952426712716 31 1041 18 1029 79 1043 42 837
3436 -0.049789814735288866 0.94532613259188158 3.0548754511478422 214 197 159 0.50024530582556781 31 1063 18 1056 79 1148 42 1009 100 996 80 979 62 1000 59 825
3437 -0.30556153829729571 0.82604232323093529 3.1262847865223518 217 202 165 0.38063577303632889 31 1067 18 1061 79 1154 42 1003 100 990 80 903 26 1158 45 897 7 683 65 979 9 1103 6 937 71 891
3438 1.2132554106604518 1.3690105010563611 2.7772035501439007 155 102 75 0.59023214220806508 31 1032 18 1062 88 1007 40 935 42 1072 82 974 91 846 48 763
3439 0.67777825128724689 1.0809105175789959 1.1754204714094743 255 249 78 0.8971081198884141 31 1079 18 1071
3440 0.913531206425654 1.4929467201215854 1.3608454995269017 0 0 0 0.82086263658093839 31 1077 18 1072 42 1040 79 1099
3441 0.91325304550199182 1.4987459011899282 1.3634457213443174 1 1 1 0.85301688252726127 31 1078 18 1073 42 1041 82 962 91 839
3442 0.55921180158512429 1.0295576124816521 1.3125868184577094 189 198 225 0.54501053215400352 31 1082 18 1074 79 1160 42 1025 82 987 100 1015 80 1001 44 912 23 860
3443 0.7029500814455818 0.86201931044117419 1.4530114913300469 189 201 232 0.13870789757625987 31 1091 90 972 18 1088
3445 0.19487723918061664 1.1156100134189451 2.944065106933075 43 42 39 0.49071865402423676 31 1053 18 1113 42 1067 26 1143
3446 0.017431268383727987 1.0279488571420019 2.9906955412381646 41 41 38 0.44444738288835028 31 1130 18 1114 42 1063 79 1144
3447 -0.3639281524163212 0.79749692871660371 3.1457869822622269 218 204 165 0.18172885416662346 31 1136 18 1117 79 1208
3448 0.99981788467918642 1.5086368250558284 1.4023662198518896 219 164 47 0.10033308456316875 31 1141 18 1126
3449 -0.069138884865705935 0.8831058486954857 2.3284679974077678 255 236 60 0.29097838042838886 31 1163 18 1142 42 1118
3452 -0.025619312310260135 1.2418125691752773 2.0223897138420615 28 29 30 1.5141569558827612 31 1187 18 1170 79 1260
3453 0.003106555875999568 0.81447523518930975 2.3827752884723745 255 229 67 1.9811701257568719 31 1202 18 1189 79 1269 42 1138 82 1022 100 1125 26 1267
3454 0.8103903423662433 0.89488735823179855 1.6777221462428575 132 105 24 1.4758298517968769 31 1206 18 1192 79 1276
3455 1.3945270633347857 1.5711957709255762 2.5889969804862991 150 146 128 1.1105495552155982 31 1201 18 1195 79 1279
3456 0.73185833091943842 0.92290674052132693 1.4504565297300713 70 67 54 0.31500808040313233 31 865 18 879 24 806 66 815 51 740 94 588 36 29 8 10 45 544 90 876 79 710 26 699
3457 -0.39110349931703209 0.48082167002121373 2.0180433345516215 255 234 74 0.86495880648411971 36 1078 84 1052 52 1086 4 1091 45 986 31 1034 18 927 36 968 84 942 52 969 42 842 79 1039
3458 -0.64271959349260233 0.71618807849818189 3.1880735123570947 229 214 177 0.54028036195019424 94 902 36 1013 8 1027 84 996 52 1034 52 1105 4 1047 45 916 31 984 18 993 90 852 72 742 79 1096 42 882 100 690 80 719 75 336 68 381 65 981 9 1050
3460 0.53733016913063603 0.97789272721015275 1.9276807668413518 110 80 20 0.050599829798699626 69 25 20 27 70 30
3461 0.10807644471102561 0.85648542065418831 3.0663740014118921 39 24 19 0.24982190376411487 84 229 20 208 70 269
3462 -0.75608769634451556 0.83395908143013198 2.1615115214628231 61 72 98 0.37332297121620767 8 335 69 262 20 210
3463 -0.60655146061009091 0.60760934663014443 2.5568301426967817 122 110 31 0.080357502035516004 69 283 20 236 70 247
3464 -0.063092976617009605 0.7490019117534793 3.1441718781246903 252 252 252 0.10167664007518008 4 290 20 240 70 304
3465 -0.85166016595473126 1.0178540578022819 2.4296061600652079 61 58 31 0.1172568610292883 69 603 20 273 46 251
3466 -0.85166016595473126 1.0178540578022819 2.4296061600652079 61 58 31 0.1172568610292883 69 604 20 274 46 252
3467 -0.8879759814202921 1.5815960027757898 2.4967040571408314 25 19 18 0.38703394375436706 69 310 20 300 70 345
3468 -0.5896476990872781 0.81594071534281865 3.1227065688040101 121 118 102 0.13564403064931851 4 347 20 320 46 347 70 398
3469 -0.5896476990872781 0.81594071534281865 3.1227065688040101 121 118 102 0.13564403064931851 4 348 20 321 46 348 70 399
3470 -0.79490703972148546 0.995233019342048 2.9610624227005164 76 67 52 0.076791119167466379 69 364 20 340 46 338
3471 -0.9990033453296544 1.023220239879101 2.9081512937204339 126 127 117 0.1129837035106846 34 395 69 387 20 371 70 448
3472 -1.3248902792798019 1.4868212275892265 2.5684480458149332 5 4 3 0.52859253962634856 69 389 20 377 70 672 2 698
3473 0.79797429970349243 0.62575111998211075 1.5813063749480907 130 107 40 1.7328352494799468 52 634 69 655 20 381
3474 0.51496674186323144 1.0579468137032493 1.3529548901676318 62 68 83 0.39930362354647214 69 6 20 384 70 5 32 10 55 9
3475 -0.62434032155615904 0.60031070120823482 1.9218028958686826 254 233 91 0.28781285023244779 8 817 69 757 20 529
3476 -0.60490310135546455 0.77860445403128353 2.4351475665547495 156 127 34 0.25598506316508796 69 807 20 592 70 549
3478 -0.86368908753522677 1.5822755839515981 2.4882560599199404 56 45 46 0.19863179626908475 69 609 20 638 70 611
3479 -0.52827466353714558 0.72520722354724498 3.189282789814782 114 111 94 0.19392318928102806 4 615 69 630 20 657 70 646
3480 -1.0094769188387891 1.1012285309871048 2.8848643430136129 83 90 87 0.20419436186893614 69 384 20 689 70 452
3482 0.55696237007211313 1.1989466912494013 1.2227175661089109 119 105 41 0.19614268999304532 34 811 69 658 20 715
3483 0.50087569797366571 1.0656266826152745 1.2913075055012033 32 36 43 0.22549596573437311 4 923 20 721 70 687
3484 0.74386295827306059 2.1512498342468791 2.3130191973369243 230 214 175 3.2866768742095607 51 783 20 761
3485 -0.64189033756037872 0.62073447958600625 1.9134454781197314 106 84 18 0.066861846987435442 69 761 20 781
3486 -0.79822012328110026 1.5957943045972309 2.4458762343535163 78 59 54 0.21986170585981032 69 824 20 856 70 598
3487 -0.96005750210834662 1.0959892667748643 2.6015270505217365 91 93 86 0.014443378476155771 4 1034 20 886
3488 -0.92386772884245127 1.4372427225458344 2.6286406217725764 86 95 93 0.13548480140527047 69 850 20 893 46 805 70 804 2 615
3489 -0.8451389782172205 1.2139234686147697 2.8034667584306328 101 103 95 0.1262674767442088 69 864 20 896 46 828
3490 -1.0760584776570887 1.4346370879396642 2.6228138442784723 129 132 124 0.16791902873145967 69 634 20 913 46 612
3491 -0.79301159217737538 0.77593544791669056 3.120275071059416 197 189 165 0.11546201856035503 69 901 20 916 46 865
3492 -0.82752070160199598 0.82442727303328267 3.0815316960591987 196 187 163 0.076711304442065517 69 904 20 920 46 862
3493 0.47288839667668342 1.046766945322505 1.4187737334527573 22 30 39 0.14728301525416462 69 669 20 941 70 866
3494 0.2302979832347484 1.2001616816740173 1.5379084814276975 79 97 130 0.23629984476565843 69 935 20 947 70 874
3495 0.7011732805791111 2.3341816374191602 2.0590118945692866 51 31 23 0.31805978706101418 34 865 69 951 20 956 37 169
3496 -0.52481587470523217 0.40080200287204099 2.0444615245721214 255 253 148 0.99004842922574599 69 970 20 969 70 714
3498 -0.52165556210201303 0.74342978828203221 3.1389039195260877 242 229 197 1.1443761952247153 69 859 20 1014 70 938 2 608
3499 0.86487054359469273 0.75558663749667077 1.6216131388823662 148 128 46 0.42852738933861884 69 1109 20 1041 70 966
3500 -0.89779573039870375 1.4612377297991053 2.5129623937970162 85 95 98 1.7995041542886532 8 1108 20 1127 70 782 69 838
3501 -1.083044109651899 1.1649333102131967 2.8386043800615708 126 127 115 0.27674783691882521 4 1118 69 1147 20 1132
3502 -0.63492585695292447 0.80611873554537294 2.4140194867595044 127 101 27 0.39132909933893978 69 1189 20 1152 46 1073
3503 -0.45227514771546873 0.76168179920528345 3.1340630922526627 235 225 194 0.67812320090566891 69 1176 20 1157 70 1082 2 802
3504 -0.21092065035951973 2.0071266081897616 2.2241401378912746 0 0 0 0.56838704339557655 94 969 8 1078 90 902 72 809 20 979 94 245 36 772 52 754 4 481 69 763 72 654 40 715 70 737 70 907
3505 -0.50120364313278321 0.63853769309701292 3.2701679684749791 71 68 64 0.08245832491819062 45 324 88 31
3507 0.67684930062860293 1.2330993566824171 2.8857720072370032 232 215 176 0.22471305361094376 90 153 88 150 82 446
3508 0.67653186116773789 1.2398344444843488 2.898243753590628 232 215 176 0.045172120772657039 90 152 88 151
3509 1.0348498221186617 0.98109473020074822 1.7752131789257346 183 107 21 0.065198229920939807 72 376 88 218 40 170
3510 1.1735214946751193 1.0136577200105237 1.7322406205735796 148 96 34 0.11592317137140302 72 426 88 244 40 451
3511 1.24456853572697 1.5203407347852587 2.6996021708194853 237 222 185 0.17550919418040922 36 86 88 271 82 259
3513 1.3330278326909741 1.6111020733064465 2.6505648208250574 234 219 182 0.06259133120708904 11 287 88 281 40 227
3514 1.2443301283163979 2.0911326588121057 2.2833408628852436 232 217 179 0.31205971820601192 11 520 88 283 40 232
3516 -0.18782499169167968 0.58596952339272423 2.1699717500908062 74 59 53 0.52611527189675189 45 732 88 300 40 248
3517 0.72095884187754866 0.98931653888429893 1.633572084271268 128 102 22 0.38674621597892767 38 422 88 389 95 734
3518 1.1584512620441241 1.0371146610324535 1.7228082060203982 171 112 34 0.19299483432823017 90 308 88 506 40 449 82 189
3519 -0.69102214656262084 0.62827377749856461 3.2740301154705147 227 214 179 0.28982233201266572 90 858 88 546
3520 -0.29654365708092123 0.81064603586803596 3.1126524995368281 215 202 167 0.53025956677456476 31 1068 88 567 79 1155
3521 -0.21744359825784648 1.0907771782064306 2.1279735014693668 254 222 57 0.16800774200711166 90 826 88 571 40 521
3522 0.23364932668750499 1.0178152630027213 1.9439735859760963 134 96 19 0.050737898152826866 11 563 88 606 40 550
3523 0.020436714916199462 2.0244239897915488 2.2433986578122043 125 82 60 0.13889544069479939 36 755 88 625 40 572
3524 0.00025396988219990888 0.80574042569833737 2.3594077590192377 254 228 66 0.2485434047238412 72 590 88 770 40 524
3525 0.59386319977168855 0.98698869213684615 1.3404700137207586 16 18 21 0.49717513090585896 38 869 95 891 88 790
3528 -0.21631712690478086 1.1514659651377246 2.0719990266552268 249 205 59 0.86536447690455531 18 1171 88 1121 40 1036 72 1063 79 1241 26 1240
3529 -0.42816180254391523 1.8087700500330166 2.3835270728444362 86 97 98 0.27262233884864018 52 781 45 706 88 330 30 480 38 643 95 647 89 737 14 950 92 465 11 382 24 789 66 792 51 713 64 845 50 971 67 1022 41 936 98 928 97 861 54 871 33 776 28 783 99 1098 83 510 85 789 19 934 34 706 94 741 36 802 8 588 84 755 69 578 90 677 72 632 20 594 40 300
3533 0.85292424977421677 2.4526364541138665 1.9817290214971746 100 67 54 0.54366970917183688 30 1157 38 1155 95 1198 92 1111 11 952 66 953 72 882 88 869 66 775 51 469 94 88 36 69 52 21 90 579 72 732 40 837 82 737 100 918 80 897 44 795 23 743 75 791 68 915 35 852 7 830 91 710 9 435 74 911 57 770
3535 1.4031552105509941 1.4710251218305106 2.7432975559162696 152 101 75 0.40244228057046127 30 871 92 866 11 803 88 918 31 933 18 994 40 803
3536 1.4193681328666514 1.5270269071708671 2.7216528637426753 101 68 52 0.80011720081004545 30 886 11 819 88 931 36 673 45 585 31 765 18 828 18 983 40 806 42 957 82 848 100 1012 80 997 44 906 23 777 26 901 79 913 61 731 91 758 48 645
3537 1.465855246562612 1.4990571701208015 2.7212820184707316 164 120 100 0.37361346995894978 30 881 92 876 11 820 88 941 36 671 84 662 52 670 4 389 45 582 69 426 31 929 18 991 40 836 29 951
3538 1.5972142279611317 1.5720561286959573 2.7020398744463967 152 102 77 0.51288540107461511 30 920 38 767 95 789 89 893 11 865 72 850 38 892 90 726 31 918 18 986 88 955 52 355 45 565 40 882 79 1073 42 961
3539 0.21066933695612344 0.88090684042591105 3.0377256174078235 108 75 61 0.42441594686323858 52 1136 4 1147 45 1040 31 1133 18 1121 88 976 51 905 94 959 36 1073 84 1054 52 1090 4 1102 45 981 90 904 72 919 40 899
3541 0.021697068535115376 0.916720684609313 2.319323017499233 114 61 5 1.6153619458855555 30 1080 11 970 88 1040 24 1011 66 1003 72 975 31 1126 18 1109 45 1037 40 968 79 1195 42 1049
3543 0.63154293533464834 0.94913101474385952 1.3696519385705048 188 200 231 0.43555683642321191 45 925 94 934 31 1084 18 1077 88 1086 30 1189 38 1173 95 1215 40 1012 42 1031 79 1161 82 939 100 1018 44 916 23 861
3544 -0.86103500291980806 1.5896390215021714 2.4969805165890797 57 44 43 0.13533662632656354 88 34 90 536 40 34
3545 0.029376760749441486 0.8126909678057086 2.4006641911538771 152 112 68 0.83722934603950949 88 68 40 53 79 609 26 595
3547 -0.40620785403080234 1.1860418804842758 2.1429056906320993 90 70 13 0.13702469668630415 88 44 40 264
3548 0.034962212171857715 1.0378198871699382 2.1479497470548332 128 102 35 0.11937839853775074 11 337 88 77 40 293
3549 0.59553434365370761 0.81930020651052782 1.8512713470392466 239 169 40 0.21820889739640137 88 362 40 321
3551 -0.050540096980430625 0.88979899963110676 2.2238457874375492 254 213 58 0.34953587145598625 88 579 40 525 82 483 80 405 44 255 23 265
3552 0.15134132939915859 1.148344633081946 2.0382444815418941 145 105 21 1.3399549348806687 88 605 40 551 42 386
3553 -0.0027491957732688793 2.0042392431765612 2.2838498991714196 0 0 0 0.13810872170797239 72 816 88 622
3554 0.65202633161245449 1.0022490492210432 1.3800627226126743 85 95 119 0.10066269284927329 88 375 40 577
3555 -0.6648635566376293 0.47512633403983989 1.9978926283216736 254 230 73 0.12676028386873861 11 685 88 720 40 652
3556 -0.11633400927390478 0.57810331986429764 1.8997162083050967 255 247 66 0.069634494641446665 88 759 40 685
3557 -0.1065770786756374 1.9482324003598623 2.255928401073338 93 65 53 0.063055577286961109 72 810 90 811 40 721
3559 1.1603580142419823 1.9262084510014361 2.3457263738980685 241 222 180 0.00065579451888273833 88 901 40 822
3560 1.2210839624691641 1.9616023498758544 2.3355777730209666 241 222 181 0.062222549742049958 88 925 40 854
3561 1.2210839624691641 1.9616023498758544 2.3355777730209666 241 222 181 0.062222549742049958 88 926 40 855
3562 1.4586721983959294 1.6257727649445581 2.6126197393143049 235 220 181 0.013617351798063969 88 947 40 868
3564 -0.54445734230996035 0.3690508990253723 2.146701746549494 255 233 73 0.24727019788153654 88 723 40 888
3565 0.11613601492019074 1.1451371622067161 1.8801131773560988 212 172 49 0.029475241823146047 88 972 40 901
3566 -0.18040615471657268 0.88531546160836094 2.2509793304741041 255 208 54 0.34693373117985971 88 967 40 957 91 644
3567 0.044817331189464432 0.88187396404764606 3.0403094933169363 105 72 58 0.47058815755468064 72 965 40 970 82 959
3568 0.65069586176333472 0.90255031309863765 1.4121271561651849 15 17 19 0.44168925707995904 88 1052 40 984 82 945
3569 0.65069586176333472 0.90255031309863765 1.4121271561651849 15 17 19 0.44168925707995904 88 1053 40 985 82 946
3570 0.69892279755062059 0.85443579188401786 1.443488141473019 186 198 229 0.28384951478617892 88 1088 40 987 42 1042 82 949
3571 0.58400140901526842 1.0935578620926385 1.3055821676324937 22 18 8 1.4111401951861062 88 1055 89 1264 40 988
3572 -0.3760262476889496 0.63408173928653833 2.7779632567418497 26 28 31 0.45398033171232727 88 1096 40 1001 42 1135
3573 -0.35258816424821704 0.61945489102254592 2.7339848321427631 26 28 31 0.30273998955740589 88 1097 40 1002
3575 -0.32785805523933426 0.32147155769971353 2.0000248427060421 0 0 0 0.1882302811992711 88 1070 40 1020
3576 0.98137424163298592 0.81983205753671196 1.6934028140772173 164 105 23 0.33554065081983803 88 1107 40 1026
3577 0.10432498591439435 0.92083268189309397 3.0413882217086323 141 95 70 0.31232913010608004 84 771 52 805 4 812 45 740 18 561 88 339 40 297 90 519 72 305 42 538 82 378 23 149 91 297 27 163
3579 0.017400750587001339 0.93852662473131943 2.2481223873295701 245 195 59 0.38346784749888169 94 861 45 955 31 1024 24 839 66 1009 51 806 90 821 18 935 40 530 30 602 11 552 88 589 79 1127 42 985 100 972 80 958 44 766 82 707 23 488
3580 -0.42727172074680386 0.6504184692686199 1.8751291173285849 255 233 70 0.3795969716460838 30 788 38 844 89 994 11 693 40 662 24 1027 66 1037 51 958 64 1344 50 1299 67 1204 90 939 72 902 88 731
3581 -0.30632844974045453 0.71860149117033878 1.8391668416486404 255 236 67 0.4565560864398085 30 1073 38 1090 95 1124 89 1245 14 1177 92 1029 11 957 24 1025 66 1030 67 1196 40 891 90 923 72 915 88 961
3582 0.89779786104651571 2.438206873326676 2.0029406308978035 227 211 174 0.88897660291584246 24 776 51 630 94 392 36 414 84 374 52 336 69 43 72 733 40 839 38 1154 95 1197 89 1311 92 1149 64 1264 50 1427 41 1120 54 837 98 839 87 756 99 1074 83 1054 85 1194 19 1500 72 883 88 879 77 779 82 740 100 699 80 714 44 797 23 746 75 618 68 690 35 694 7 721 59 839 10 568 63 607 43 551 58 492 91 809
3583 0.0061346563800080221 1.4375220805830926 1.8296227348686465 23 24 25 2.4351631468922084 38 231 95 209 40 92
3584 -0.87270306694568667 0.93016323221498476 2.1321578273655857 0 0 0 1.4749200110194858 88 1117 40 1043
3585 -0.51759703146596725 0.56353562146463654 1.9303865250681276 173 128 35 0.80714800308373291 30 575 38 835 95 860 89 988 14 1174 92 517 11 298 24 1023 66 1035 51 962 64 1168 94 988 8 992 84 944 52 970 4 969 45 983 69 746 90 712 72 562 31 930 18 425 20 775 40 2 88 10 14 646 24 547 66 552 45 482 72 8 79 752 46 449 26 744 61 246 16 387
3586 -1.0044524949611002 1.6091940438918153 2.4971445065049451 104 73 59 1.3103245080738701 30 372 92 576 24 798 30 1195 38 1229 95 1271 89 1388 14 1331 92 1129 51 1038 64 1458 50 1604 67 1314 41 1500 98 1401 97 1329 34 1215 94 1018 36 1164 8 1191 69 1175 90 1009 45 1043 72 969 8 1030 84 978 52 1004 4 1014 69 1014 20 1023 20 1161 88 1019 37 1013 46 800 70 794 70 1066 78 896 1 903 61 917 2 790 32 579 60 596 55 626
3587 -0.32160544660014212 1.2315521621227696 2.0770544848288321 156 166 192 0.84827665537726227 90 913 72 922 88 968 30 1093 38 1122 95 1163 89 1279 14 1210 92 1050 11 1070 64 1359 50 1509 67 1224 19 1344 98 759 97 269 54 712 33 166 28 142 87 641 99 899 83 869 85 1128 34 560 41 1107 22 1084 40 898 77 542 16 1176 12 949 53 1088 3 775 43 416 58 411
3588 -0.51991476448303442 1.7410244802909605 2.4276139815515814 33 26 25 0.62747392419890369 84 772 69 582 88 582 30 847 38 920 95 948 89 1088 14 785 92 814 11 745 24 787 66 793 51 864 99 540 83 491 85 778 19 1264 94 889 8 1094 30 846 38 919 95 947 89 1087 14 786 92 813 11 744 24 788 66 794 51 865 66 977 99 541 83 492 85 779 19 1265 41 1408 98 1276 97 1205 33 953 28 974 34 1120 94 890 36 982 90 684 90 685 72 785 20 1072 40 533 37 917 78 783 1 831 16 777 16 778 12 257 53 663 53 664 29 928 29 929
3589 0.49228768587086719 1.0936091316701237 1.2837166096756181 101 112 139 0.10256595372077348 18 8 79 6 26 7
3590 0.63697636313092276 0.9233291002345837 1.3994017951830637 13 13 15 0.067153883181588755 31 61 79 32 26 36
3591 0.12629185008872451 1.2389047662401151 2.0232305644550745 112 78 17 0.32598037065248014 31 128 79 106 26 104
3592 0.75091033206585811 0.95318019764217388 1.8427607558720296 23 20 20 0.12430162644355951 18 165 31 132 79 114
3593 0.34824784082794269 1.0720330929780322 2.1028296315538308 102 96 105 0.17101894094630798 31 474 79 151 26 153
3594 -0.060183837442044315 0.77867461109277303 2.4345197683325814 136 117 96 0.22603217592661715 31 545 79 282 26 291
3596 0.14494221912513103 1.0603274448673563 2.9874728282495258 218 203 163 0.025559499158416443 18 284 79 418 42 255
3598 0.90603874859042732 0.97410826221126734 1.6754136986242236 174 141 36 1.0585765233805915 31 436 79 526 26 723
3599 0.94036000340692216 1.33588540298083 2.8311524879705154 104 70 52 0.24098092609705632 4 437 18 549 79 634
3600 0.70142411231432611 1.3742214198834775 1.3403189656594363 154 134 43 1.6239262768797358 45 780 79 689 26 677
3601 1.1950999880400144 1.0050804931454203 1.8534093260896414 3 3 1 1.7502019543813976 31 126 79 749 26 745
3603 0.32888284240218624 1.1346575945477073 2.0920507747335861 103 87 51 0.4113229740972793 31 893 79 755 26 751
3604 -0.13911066071910477 1.0272891136362374 2.1403038378038466 152 116 35 0.13290244699443135 31 705 79 758 26 752
3606 -0.21750716291303257 0.88071887380141045 2.0968878339580841 254 240 69 0.55120452116440832 31 1017 79 1022
3607 -0.45077494857680245 0.44618159912308047 2.0314944499976169 255 244 69 0.16894985522785552 18 1028 79 1042 42 836
3610 1.3527874993473956 1.5406731142390613 2.7114459892485931 228 214 178 0.41743624979408017 18 979 79 1072 23 851 9 875 6 199 71 164
3612 -0.21523825689604437 1.0172016621954352 2.1238985500596699 11 8 6 0.016006861881312371 31 1114 79 1120
3614 1.2277180211072247 1.0817414982368088 1.7220827548147639 0 0 0 0.37146119655462295 31 1095 45 1016 79 1177 26 1176
3616 1.2394749295795537 1.158837319164125 1.6709263456015002 222 163 46 0.099109183994733063 45 1054 79 1216
3619 -0.34859356925441382 0.63007324180695601 2.3366496488508108 56 42 24 1.9276514315007345 18 1184 79 1270 42 1132
3620 -0.69551125326207919 0.60908913305529178 3.2721130262119655 223 210 176 0.38175964326661616 31 342 18 308 79 457 64 786 67 744 41 869 98 442 97 437 22 440 36 638 8 890 84 618 52 616 4 893 69 908 90 283 20 915 42 169 46 874 70 850 2 619
3621 -0.62599330530335573 0.52674759711359098 3.3480841240057835 116 78 59 0.85350564154027275 11 525 51 830 31 986 18 1005 40 496 88 548 79 1157 4 1054 88 745 42 1001 82 705 23 827 35 939 91 423 27 812
3622 -0.51164769744356564 0.42000656246478901 2.0544087970154541 255 235 70 0.51611729695538022 31 954 18 930 79 1045 24 829 66 845 90 947 36 1081 84 1057 52 1092 51 954 94 990 4 984 8 1085 45 995 42 573 46 743 100 590 80 292 44 198 26 1023 65 622 9 717
3625 1.1986844903878535 1.0031300044416462 1.8498671098419119 3 3 1 1.9510387906927458 31 127 79 750
3626 0.70817774099430086 1.4545586020512249 1.5476338945125667 167 135 34 2.0958597870528863 31 1184 79 1254
3627 -0.29508138066190481 0.89579775878013013 1.8930314064851386 254 240 70 0.081894182845629951 85 65 77 29 58 30
3628 0.44551242714258371 1.4661332878720263 2.130469144097642 3 3 5 0.42661647802688563 85 135 77 78 43 87 58 265
3629 0.39486465705724683 1.5796454833886058 2.3722955773328338 131 96 21 0.12774028937721771 19 344 77 119 43 115
3630 -0.79678611114265085 0.88661312729058084 2.2528641150095141 2 0 0 0.42218653607010848 85 628 77 322 43 60 58 63
3631 -0.53969810367747484 0.71727528238824412 1.9002140670784951 3 2 0 1.5158638489290057 85 51 77 508 53 21
3632 -0.013905801698394431 1.1908822701995982 2.0961282465999203 72 31 11 0.45965849754890853 85 115 77 534 43 64 58 65 86 224
3633 -0.65417906366495771 1.3404378883790671 2.3345854809833519 49 51 64 0.71641778159002301 54 829 77 563
3634 -0.83735836233158512 1.318344556723384 2.4578370796461355 58 64 84 0.082599760317468351 87 928 77 576
3635 -0.87439881157097321 0.99666358480083839 2.3617982959991077 2 2 1 1.429618443344191 19 813 77 691 12 950 53 1086 3 779 21 448 43 515 58 529
3636 0.32062110991338011 1.6769632942569082 2.3246184311339526 227 203 159 1.9560035972980434 99 1278 77 835
3637 0.218517534615838 2.1700329347684737 2.1350571450861318 48 32 27 1.4158952008032422 19 1601 77 837 12 1103 3 898 58 670 86 631
3638 0.67156084079893474 1.5274883997888868 1.4259745878953283 0 0 0 0.13176990913876208 83 1240 85 1268 77 844
3639 -0.86526075306564865 0.80219884479447423 2.2425394893246855 0 0 0 1.5932077753693057 19 1614 77 875 21 726 43 680 86 660
3640 -1.0828573914478892 1.4320967673984655 2.5554179312582237 109 111 104 1.741537259642751 85 1332 77 886 19 1628 21 731
3641 -0.70663866750912319 1.3085423890457644 2.3581205969485537 19 21 30 0.21886453523517671 33 333 28 330 77 358 87 261 83 708 12 115 3 112 21 293 43 273 58 278
3642 0.59253518654899584 1.2090079898535246 1.0976370125742159 151 133 52 0.98885219938306324 34 1069 37 1 56 0 49 515 78 337 1 0 55 0 60 503 1 794 2 703 70 958 32 0 32 432 25 286 5 337
3644 0.65658593039812119 0.9899946851671223 1.7969853088413668 159 133 50 0.080848898903564712 34 448 37 33 56 46 49 29 78 33 1 27
3645 0.72422697124488411 0.94437307093454592 1.8666436737660657 32 27 25 0.17458048746919491 34 19 37 34 49 34 78 34
3646 0.67313344178874879 1.0161811538826988 1.7964249662201868 49 47 53 0.13385651800732534 34 449 37 35 76 301 56 336 49 32 78 35
3647 0.72538150087803233 0.95187523118025719 1.8941232095942497 2 2 2 0.16246101605527999 34 21 37 38 49 37
3648 0.57430776821915497 1.0081539313973877 1.9044584034265208 148 123 45 0.11547124802481416 34 28 37 45 49 43 78 38
3649 -0.72533113080772305 0.70140625327112538 1.9829756030372294 105 93 26 0.32333909463426119 34 134 37 95 56 66
3651 -0.77360894287239612 0.85522630184352566 2.2334650526307778 99 0 0 0.083115379657396113 34 259 37 151
3653 -0.05962044226516007 1.7677356066326986 2.2336126374223104 2 2 2 1.8407369172484671 34 282 78 141 1 144
3654 -0.69240723623301115 0.8137957076122887 2.5946866356065073 60 41 1 0.56448456540103154 34 287 37 214 49 404 78 146 1 154
3655 -0.61033083857415993 1.0235390174248775 2.970192974266495 56 55 48 0.11748686864929821 34 344 37 293 78 244
3656 -0.7340292839252639 1.2197137665421309 2.7879282289426524 86 90 83 0.14710766094011729 34 374 37 320 76 222 56 227 49 253 78 510 1 506 55 340 60 314
3658 0.50528688154879531 1.068191740512888 1.2846919488440454 36 40 47 0.091866228598484978 34 437 37 397 49 6 78 3 1 3
3659 0.57332810843320858 1.182604621175994 1.3210281615887758 100 83 19 0.21401202664761132 34 816 37 399 49 341 78 354 1 375
3660 0.75134618436513778 0.89131346734597239 1.6232866368036392 136 110 33 0.45941488475442877 34 439 37 400 49 342
3661 0.46233256280022894 0.73081383089134933 1.8124232087239054 111 65 6 0.19340736549598819 34 445 37 407 76 24 56 31 49 345 78 359 1 378
3662 0.238732949760218 1.1710500844265275 1.5714387565598931 68 72 70 0.27617835010582947 34 455 37 414 76 36 56 40 49 354 78 368
3664 -0.67726674932851616 1.1392149032683756 2.3571007075758987 90 74 17 0.13843689659010536 34 653 37 485 49 580 78 639 1 428
3665 -0.40377723782031871 0.65524064625951295 3.2015260280564131 47 28 19 0.07771165358634885 34 655 37 507 78 469 1 462
3666 -0.45149843055873501 0.71921217072684707 3.1885007356409716 49 33 22 0.2733128520383018 34 664 37 516 56 194 49 190 78 479 1 480 32 304
3667 -0.51057512657932547 0.87285687558752556 3.0883417718597426 62 62 55 0.22160355671031629 34 676 37 526 78 218 49 206 1 490
3668 -0.55434826211214228 0.77549189404852104 3.1564162598360346 108 106 91 0.29622481921141564 34 679 37 530 49 214
3669 -0.57576170770180235 0.73646710219118772 3.1779091007500506 228 214 178 0.31272265036304342 34 907 37 532 20 1021 49 217 78 492
3670 -0.74995812023250319 1.219590283673943 2.8105172328847829 59 61 54 0.27514291589077094 34 377 37 566 49 465 78 520 1 523 60 196
3672 -1.1359868633461996 1.5186248342985365 2.5192053903462073 140 95 70 0.31681160098759603 34 965 37 606 49 320
3674 -0.60407052188596055 0.60887724940390153 2.521348792499519 108 80 15 0.13032034808149909 34 591 37 669 76 367
3675 -0.58625086251362246 0.68864570500040678 2.4919942415537255 46 50 62 0.39313030975914715 34 1026 37 671 56 386 76 553 49 570 78 627 1 621
3676 -0.71300343756169771 0.77189089749889106 3.1441194920120581 98 98 85 0.31737332014243969 34 919 37 714 56 443 78 678 1 685
3677 -0.78482036347001449 1.2419177768800311 2.7921152094727875 87 92 86 0.29520434960269604 34 928 37 724 49 466 78 683 1 683 55 450 60 438
3678 -0.95731666407022853 1.0727200888523376 2.8827327487368501 71 75 68 0.16226463738412727 34 938 37 737 78 698 49 612 1 704
3679 -1.0062486823691221 1.0462741808513207 2.9077089796621216 72 77 69 0.20173618269744378 34 763 37 743 76 612 56 600 49 615 78 705 1 707 55 364 60 342 32 324 2 515
3680 -1.0558810251730559 1.4800532030741698 2.5843151145706771 76 80 75 0.15932293638096806 34 956 37 760 49 626 78 710 1 706
3681 0.66711101071542589 0.96566067272708234 1.806211037470826 160 132 51 0.2513956960879819 34 1082 37 786 49 654
3682 0.32346487202306673 1.3078562887127698 1.6968321431787203 100 83 22 0.25925300230953302 34 1086 37 793 49 702
3683 0.17006440416872548 1.1746883565192572 1.7876458638932253 1 1 0 0.93308882611069566 34 993 37 794 49 660 78 387
3684 -0.37218942614763989 0.64896271678391226 2.4059007107509034 223 184 58 1.1815506663157349 33 614 37 807
3685 -0.20595247493914373 1.1985606987895483 2.053630746380926 238 198 56 0.15659478308571689 34 1144 37 809
3686 0.10124470133043498 2.1373130402690887 2.1416203699064971 38 27 25 0.43474471155068606 34 1035 37 830 78 770 1 636
3687 -0.11269492750303728 1.9247276064270731 2.2813208910902429 41 30 23 0.2903744123769888 34 1115 37 832 78 775 1 823 55 526 60 491 32 474
3689 0.78240421841323626 1.5379578240393412 1.3856457364385297 106 87 23 0.70829689862163436 34 1083 41 1457 37 877
3690 -0.65646979441228714 0.72787506790461909 2.4800123875186375 194 153 39 0.29118770478535572 34 1150 37 900 56 645 76 668
3691 -0.15002890011529713 2.0094114057358858 2.1774268937116923 38 28 25 0.41211737179546448 34 1117 37 910 78 823
3693 -0.80189523988375422 0.92132095660449642 2.2887194144589453 130 116 38 0.58465471879643083 34 1153 37 976 78 885 1 896
3694 -1.0280778509737356 1.1082357496666211 2.8949404859488124 125 125 114 0.2549229159418343 34 1196 37 983 76 807
3695 -0.62324201885101915 0.43362701429906975 2.1775459090873843 126 112 33 1.2515612455820821 34 1143 37 985 1 907
3696 0.23972943906154659 1.197191581567538 1.6057033895691923 76 75 83 1.278562687915803 34 1217 37 1005 49 799 78 881 1 904
3698 -0.86257136514159383 1.2996887380420037 2.567840851126352 14 17 24 1.6767541938806365 37 1026 76 845 56 810 49 825 78 913 1 925
3699 0.54015898025704889 1.2496004562916849 1.2346532222293223 141 122 35 0.32418644135862129 33 966 28 988 37 778 41 1359 98 1293 97 1219 54 1104 87 1008 34 1072 76 624 56 614 49 644 78 729 1 719
3701 -0.039345125667977245 2.0235247710909516 2.1963113370089844 85 66 61 0.27866211721259504 34 1038 37 681
3702 0.58594988314190355 1.2002888074745883 1.0862992954400517 252 251 78 0.1471413266153104 18 1 42 0 44 4 91 45 27 13
3703 -0.008623692766818505 1.2392296410340886 1.8046821878811601 101 114 145 0.12559428083924054 79 68 42 14 26 63
3704 0.54419530086044632 1.0055425419645478 1.368750830211209 130 134 151 0.059297790299915894 79 474 42 21 26 480
3707 -0.0009279133130707767 0.97305000428076238 2.2190224768492985 183 142 45 0.42984413824792866 18 477 42 78 82 45 26 186 31 222
3708 0.06767571668780549 0.87756140141021743 2.420611092808628 241 202 54 0.14840102953252302 79 265 42 136 100 127 23 78
3709 -0.63562616865434052 0.58151938679495585 3.3187690550244944 135 94 73 0.82408274649527236 18 570 42 198 100 496 80 529 44 323 26 459 91 58
3710 1.0167860866019292 0.75062745362487271 1.6988053883518874 254 254 68 0.11416219724784293 79 111 42 222 26 114
3711 0.60145901348041331 1.6248186934849771 2.6135863534421921 240 216 169 0.15295799171335445 79 224 42 241 26 240
3712 0.33070834591252751 1.1473790531193317 2.9349971914145816 217 202 161 0.00039150897403276617 79 405 42 266
3713 0.59169951908244001 1.2388147809285497 2.8858440460916608 231 210 164 0.20772478314598822 31 281 42 289 82 187
3714 0.98260691137305078 1.2652335815055376 2.8721445949371618 58 41 37 0.59550026958964775 79 398 42 322 100 579 80 849 44 443 26 640 62 918 9 1026 65 964 6 926 71 880 39 835
3715 1.3387189460999154 1.6396236496045817 2.643078164225638 231 214 174 0.1457744144450992 31 194 42 324 100 309
3717 0.88859604010644633 1.4257762828632137 1.4120264189443261 211 135 39 0.13971246175106319 79 471 42 383 26 477
3718 -0.12156380172059879 0.78952317333585031 2.3776264106260716 253 223 60 0.093699541590586508 79 864 42 409 100 418 80 416 26 841
3719 0.78232463900779536 0.72675055780610331 1.5689565514393233 176 187 215 0.068091497672992676 79 516 42 437 26 517
3720 1.1349474890772906 1.0432691238228029 1.7111365976957538 254 225 63 0.1348832910617421 18 481 42 520 82 439 44 357 23 389 27 371
3721 0.14138580178566507 0.89049140951580985 3.0395089945434721 47 36 37 0.2715311667724789 79 663 42 543 100 237 26 657
3722 0.1362984760690148 0.86804783216726566 3.0608048112232722 105 72 59 0.092087606822864265 79 665 42 548 26 658
3724 0.54623198873713874 1.1655404891068826 2.9095171055708171 141 92 66 0.36619019733707875 79 404 42 552 82 556 100 559 80 248 44 430 23 565 75 656 35 447 68 524 7 458 59 336 27 582 47 257 74 599 57 195
3727 0.5927332313045387 0.98745640829024928 1.3406058908335492 15 15 17 0.2186731381437324 40 727 42 595 100 331 44 467 82 488 23 473 75 237
3728 -0.11989969495695189 0.58442691259917534 2.0639952598116036 255 246 65 0.31326672710596931 18 667 42 610 100 623 80 629 44 471 23 241 75 507 68 577 62 631 35 593 7 623 10 687 59 767 63 502 15 445 93 516 13 508 27 486 47 539
3729 -0.10653384840399824 0.64594322215933286 2.1230874176629011 255 250 65 0.36130401671687684 18 672 42 616 82 476 44 239 23 249 27 233
3730 -0.23720955573651595 0.6305158747540901 2.481283786521379 254 236 63 0.035919671655665057 79 912 42 639 26 887
3731 -0.52958975501321648 0.69235362752187979 2.9332543739215748 131 129 118 0.91658722680004734 79 952 42 655 26 935
3732 0.95383867013465196 0.77059996272057207 1.87253736432928 239 218 174 1.4779923138592845 31 688 79 771 42 704
3733 0.59124355603755852 1.5765980105865907 2.6417904541189934 237 214 170 0.11633157123263693 79 850 42 709 26 837
3734 0.60404015345193018 1.2109622764974317 2.7865296843750178 232 214 171 1.6079438168681564 42 765 100 787 80 793 44 629 23 745 75 797 26 912 79 930
3737 0.89094536834076299 1.3944496905574115 2.8098752581116231 223 207 169 0.30902032133265184 18 977 42 929 82 767 100 851 75 483
3739 -0.10966424033176163 0.90372279069393902 3.0620097314200514 210 194 155 0.47622267021493381 79 1149 42 1007 82 892 100 931 80 904 44 894 35 660 7 689
3740 0.5430287529150627 1.3353337824542852 2.629462494523588 229 203 155 0.96878760431566258 18 736 42 1011 23 737
3741 0.58923052974086865 1.2065474141674275 2.7355518027297756 17 17 18 1.5587893475807768 31 1038 42 1016 91 361
3742 0.65314431916669713 1.1677985206415649 2.6847636956487362 227 209 168 1.6761575971499902 31 1036 42 1018
3743 0.22397877510120037 1.0555478586197005 2.3958820107455581 187 194 221 0.50118669899259016 45 851 42 1056
3744 -0.36174933390007508 0.80032690297408893 3.144007793722841 215 197 155 0.44785353536924538 79 1209 42 1060 100 1048 80 1035 75 848 62 1064
3746 -0.12941094525442237 0.79579608364554155 3.1214958109831152 106 72 59 0.92948496475808151 79 1252 42 1105 100 1080 80 1061 44 971
3747 -0.10701769672911889 0.98308379370542209 2.1850266642960521 251 201 56 0.81375280257453464 31 1117 18 1096 79 1188 42 1039 88 1033 82 866 100 1029 80 1017 23 808 75 828 26 1186
3748 -0.064705953524328827 0.91087107702784809 3.0928965321746462 83 67 59 0.2737509743455504 18 998 79 1093 42 708 52 821 4 827 31 843 18 557 100 728
3749 1.3530489486138912 1.5312162225496486 2.7072770352640694 225 211 176 0.56633393743437777 30 554 92 498 11 670 67 38 94 369 36 417 84 396 45 592 31 758 88 712 40 637 42 954 88 913 40 798 82 917 100 1011 80 921 44 905 23 852 75 868 61 576 29 593 16 597 91 625 65 815 48 481 96 619 73 594
3751 0.59941938739932099 1.102955680871369 2.6196033780842485 3 3 5 0.97330890916656676 18 808 46 120
3752 0.51499137381056304 1.1859495428561306 2.7746730735806242 13 12 16 1.1718024439386205 79 367 46 182 26 374 6 246
3753 -1.0172822431349089 1.4980469552737281 2.5645959846585069 36 29 25 0.29389884409674022 20 670 46 293 70 640
3755 -0.67008203236123975 0.7482113011442092 2.4502457347215949 190 157 46 0.40393957219096183 20 834 46 551 70 558
3756 -0.63123726202569941 0.67853441153960048 2.5451928571293179 82 57 9 0.6123837770256052 20 603 46 559 70 256
3757 -0.8067309021643817 0.9214769526541815 2.4776573236141308 47 34 3 0.53126730633227537 4 575 46 562 71 496 39 163
3758 -1.0400460139532754 1.5337757272198229 2.5386189761816329 35 23 18 0.49239422339253719 69 623 46 592 70 641 2 227 25 171 5 154
3762 0.19437629187513886 1.2367269443034035 1.5848052961903925 0 0 1 0.90745972081998649 20 736 46 698 70 492 6 419 71 387 39 336
3764 0.55207803253187671 1.2318629320998036 1.1663354342089383 143 129 47 0.44149620670147233 69 1041 46 971 70 960 2 624 60 454 32 329 25 289 5 341
3766 0.5705958685068433 0.74613945208295396 1.9134123586092446 113 126 157 1.1264661262372915 20 732 46 982 70 872
3767 -0.5148804316719181 0.68946840964106115 3.2331325875365198 216 203 168 0.29669564518721847 20 1160 46 1080 70 1068
3768 -0.49785593771926906 0.55958580438726668 1.8361353748893519 255 229 67 1.6747478300232028 79 1261 46 1085 100 1057 80 924
3769 0.57184910972583614 1.3746670162236099 1.200280796736823 131 118 44 0.1122301041778396 84 19 32 15
3770 -0.90715082486890875 1.5856330099108382 2.4565752939194212 109 77 64 0.073857848351705169 20 296 70 339 2 191
3771 -0.59022316559407073 0.83662001014928677 3.1015722660197054 75 78 73 0.18832797801003576 46 343 70 382 2 239
3772 -0.99585780998671092 1.4350213016786382 2.6343294630070107 75 75 68 0.20677078296905002 20 338 70 397 2 250
3774 -0.38983200754375119 0.68940355468021008 3.1906799230667588 169 154 150 0.54088879014899882 20 859 70 624 2 205
3776 -0.42513395818435606 0.75328839242414913 3.0840501604431414 23 20 17 0.83660677314007748 69 836 70 783 2 597
3777 -0.68452929177088317 1.0636245197429808 2.8925425987731539 113 107 90 0.03944516606103339 20 876 69 849 70 795
3778 -0.75934341162108498 1.2292578821615454 2.8020905439773571 66 69 64 0.41754178501341849 46 818 70 797 2 609 32 415
3779 -0.85558559756581476 0.88097869101471027 3.0463733155707891 154 148 129 0.24248922931185254 46 859 70 843
3781 -0.60674748681518831 0.65569857566367784 3.2245751252926795 244 233 202 0.79279333910507244 20 1024 70 946 55 347 60 324 2 693 32 418
3782 0.58994964695573471 1.2005915305819128 1.1070449851625415 147 131 51 0.25829299939726119 46 970 70 959 6 864 39 584
3783 -0.73473527073622991 0.54866497133943459 1.9486957998178931 255 234 75 0.16172633724575641 42 332 82 0 100 0 44 0
3784 -0.73437490392697402 0.54782961974706834 1.948020381633629 255 234 75 0.17833506555782441 42 333 82 1 100 1 80 0 44 1 23 0
3785 0.68469278015609669 1.4390056078927922 1.3858196751783494 255 223 55 0.016976054150743266 42 350 82 80
3786 0.58518733131604472 0.83470706008528128 1.8793905174497219 253 187 45 0.31648300381550054 42 135 82 88 44 286 23 283 75 282 27 277
3787 1.0265906034091827 1.4894549608462462 2.730876753463888 224 208 171 0.075273427370757609 18 266 82 245 23 198
3789 -0.12482703502545948 0.57197622350472721 1.969493420058545 255 205 48 0.8940449418289611 42 354 82 283 23 17 75 20
3790 -0.31945389812846647 0.83321493004001423 2.6878083002103468 254 245 63 1.4343926870631942 18 755 82 297
3792 0.31749328737574567 1.0604358258098421 2.9761282408673955 121 81 62 0.27156814547385166 18 834 42 549 82 412
3793 0.52738790424521365 1.0951850445772022 1.2643345848387975 182 190 213 0.21049959116487127 42 571 82 481 100 325 80 1 44 460 75 228 27 485
3797 -0.54608545466164848 0.35161648108371801 2.14496550698694 253 233 73 0.73509047184560872 30 779 82 688 100 9 44 203
3798 0.68236170962537646 1.3602106007637418 1.1763216041802562 253 250 70 0.34618387451649263 42 570 82 711 44 468 23 476 75 498 35 592 7 622 59 392 13 465 47 782 74 804
3800 1.1445543087368151 1.4965707564833732 2.7240719924602965 227 211 173 0.23827273137318916 42 944 82 815 100 949 44 832 23 763 91 711
3801 1.3937557309318533 1.6236924249291105 2.6651755291225845 243 224 180 0.11176896379754236 42 953 82 845 23 776
3803 0.66851970241763625 1.2011861023352146 2.903508293527794 230 213 176 0.24143590436492091 88 991 82 908 48 729
3804 1.2431766566345794 2.0794609383259419 2.2979956870122038 251 227 180 0.34064320237444851 42 892 82 912 44 903 23 845
3806 0.26452846762183613 1.0919741669014631 2.9682837492280076 221 206 166 0.084322858668540696 42 1069 82 966 100 1054 80 985 44 943
3807 -0.2440103948023318 0.93555485888171708 2.194080602195112 238 192 55 1.1118602423486348 42 1087 82 981 100 1065 44 953 23 911 75 918 68 1010
3808 0.61103863092385924 1.1961801106940915 1.1052240365506154 249 226 66 0.16816586938765135 42 1076 82 985 44 950 23 906
3809 0.99572504107853499 1.5048345739609195 1.397483440542842 240 191 52 0.25341055336016333 42 1092 82 997 91 867
3810 0.88340124749996041 1.4092139536724764 2.7974148443588134 221 203 162 1.7288207242390401 31 1162 82 1000 23 925 7 925 91 874 48 809 96 971 29 1144
3811 0.62742942305605787 0.73074847022681999 1.207249303532441 236 204 69 2.4432012920710404 30 1256 82 1005
3812 -0.068870860164719494 0.88773775890077267 2.3342066398229608 255 232 60 0.39237071503749604 42 1117 82 1006 23 934
3813 -0.31901051665977659 0.88519806883291041 1.8941128234221001 255 231 58 1.0834775894103195 82 1015 23 940 75 948 68 1040 62 1116 35 962 10 1115
3816 0.96620109767137852 1.3877015380234785 2.8007347514523624 69 49 41 1.8732041933641805 4 721 84 903 45 826 90 767 31 942 18 980 79 929 18 821 42 557 82 672 90 761 100 857 80 260 44 706 23 658 75 485
3817 0.96785385402925095 1.5862704527868086 1.3245907843836999 253 223 67 0.22047872577555591 42 612 82 528 91 465
3818 0.96785385402925095 1.5862704527868086 1.3245907843836999 253 223 67 0.22047872577555591 42 613 82 529 91 466
3819 0.73768149222118795 0.70747675333300297 1.5610325935252221 81 93 124 0.99940753602998778 41 4 76 7 56 12
3821 -0.79653526839554023 1.1364529135716259 2.450611368440851 8 8 5 0.051682003825704169 34 321 76 151 56 148
3823 -0.79714085182861705 1.3425752028149693 2.4712540318609788 57 66 90 0.094104525458902993 33 396 76 193
3824 -0.94929067751913687 1.6058466466528591 2.4673190052297889 113 78 58 0.25833505843873589 37 585 76 244 49 480 78 538 1 532
3826 0.44736174867563777 1.1388144085336267 1.1747859524638466 113 88 16 0.99196315275950242 76 271 56 4 78 341
3828 -0.62345079326281339 0.65980590596346878 2.5470721069043383 83 66 13 0.30589277006381299 34 1030 37 472 76 377
3829 0.050857606678339461 1.7556644838352526 2.1257746016369952 2 2 3 0.54111587695182217 34 606 76 389 56 407
3830 -0.64779803485555587 0.52866137388696766 3.3565892046858488 106 108 100 0.26862249619251444 37 706 76 431 49 603 78 675
3831 -0.7310942358281507 1.2436766519342524 2.7777977429468725 57 58 51 0.17140556040447052 37 719 76 446 56 593 49 461 78 512 1 510
3832 -0.67265769922786656 0.45653293603950973 2.0616021846904422 103 64 7 1.3065121695579984 37 963 76 635 56 627 78 868 1 870
3833 -0.73878408360384928 0.65894008145589034 1.9844908436462481 112 100 28 0.27096708640238176 37 799 76 639 56 631 49 662
3834 -0.30403517458701285 1.4783194492019887 2.3410295762699977 77 60 14 0.22508094727918779 77 712 76 682 43 581 58 593 3 845
3835 -0.76015360799548159 1.1650717257656822 2.8354112847084005 62 65 58 0.29445216768120491 37 722 76 699 78 679 1 676 60 323 32 308
3836 -0.40709732688782424 0.80075166793754582 3.1337324849607779 118 104 74 0.27766137132737989 37 954 76 740 56 722 49 736 78 826 1 867
3837 0.091954496600829133 1.9362307918647874 2.2998797180772947 201 187 154 0.62211445577634972 77 818 76 766
3838 -0.49007216218094696 0.48602693182026979 3.2911625077365048 0 0 0 1.3021409405813105 37 1020 76 837 56 801 49 816 60 610 2 822 25 518
3840 -0.59085364420071629 0.66452885675065954 2.4907516681926753 88 64 12 0.61626586281850126 41 799 98 731 22 793 76 106 37 144 97 235
3841 0.9982371365003383 0.64937473337895757 1.5484421950614411 205 201 67 0.81878551070776662 33 1047 28 1057 76 269 14 1239 64 1130 50 1472 67 463 41 1255 98 1179 97 1217 54 1189 87 1083 85 1197 19 1505 8 0 34 1164 36 359 84 355 37 622 34 969 56 295 49 511 78 578 78 719 1 363 70 856 55 369 60 346 32 328
3842 -0.065836878658252385 1.68103092222971 2.3168771313216658 39 49 72 2.0162478325645043 98 1408 97 1339 54 1321 33 1165 28 1184 87 1211 99 1320 83 1288 85 1319 19 1618 76 844 41 1493 22 1471 37 1010 53 1254
3843 -0.58524176965097341 0.5823455307371016 2.9971476069586189 0 0 0 1.7927646953958298 76 849 56 818 49 829
3844 0.51825085836254203 0.99709108180034289 1.3125055641775916 126 134 148 0.60351533191894602 76 5 56 8 78 342 1 367
3845 0.56406557222115838 0.99307155120914392 1.3279145526582876 126 134 148 0.64878345635416612 37 629 76 6 56 9 49 516 78 581 55 4 70 858 60 4 2 518 32 204
3846 0.53130635454714181 0.94741730201935914 1.5501038950150827 114 83 15 0.88141397542483313 76 18 56 21 49 14
3847 0.53130635454714181 0.94741730201935914 1.5501038950150827 114 83 15 0.88141397542483313 76 19 56 22 49 13
3848 -0.58129217734723282 0.54660403941407243 2.4047421157297673 137 107 36 0.13482640812376165 37 112 76 84 56 98 49 383 78 408
3849 0.0050454183162522027 1.4220383923484643 2.0144288510203525 80 92 124 0.19006468616782626 76 101 56 116 49 68 78 76 1 89
3850 -0.88372586075546233 0.97903527089165887 2.4697041702264686 15 17 19 0.25235336109498463 37 500 76 135 56 137 49 414 78 450 1 440 55 427 60 413 32 388
3851 -0.83754185621150201 1.5016980841019785 2.1204251717514944 84 70 18 0.81187543893631786 76 154 56 149
3852 -0.065590222201529255 1.7185972763843356 2.3064647263001228 64 70 92 0.055456411553602473 76 157 56 153 49 147
3853 -0.79850460108490207 1.3209055558816514 2.4061233187825213 26 29 42 0.21638588569323608 76 419 56 176
3854 -0.44187017703677223 1.7264834250073255 2.4457855031295175 71 82 81 0.52015382114467157 37 843 56 221 49 596
3855 -0.71937257966220625 1.1789270098067088 2.8249214153481073 59 61 54 0.32533274170544468 37 559 56 225 49 459
3856 -0.97852988047058198 0.99381664019737226 2.9271893618300711 130 130 117 0.31277264778404923 76 229 56 239 49 482 37 584 78 545 1 551 55 238
3857 -1.0433401746003257 1.1090122766072541 2.8771260538643144 125 126 114 0.041335379978848827 76 457 56 260 49 493
3858 -0.9760195554967932 1.599016547454845 2.479884573676908 53 36 29 0.1315509992778704 76 248 56 261 49 300 37 361
3859 -1.0672003949178963 1.5733581016546896 2.4992669454472476 133 90 66 0.011493409847851216 76 255 56 277
3860 -1.2423592596707793 1.3961875253433824 2.6501345827477683 156 153 135 0.42765118159236709 76 479 56 292 49 507 37 619 78 571 1 360 70 671 2 517 32 203 25 183
3861 -1.2814432862531664 1.4292630317481179 2.6001925104263259 66 48 38 0.087507918417377303 76 267 56 293 49 508
3862 0.53260949002079239 1.2664405202651769 1.2125676759739281 135 123 50 0.17522099560000046 76 280 56 302 49 339
3863 0.48135567222968983 0.78055853035571598 1.8005412891375574 82 75 71 0.22942030058538881 76 291 56 321 49 348 78 360
3864 0.66014026434016626 1.0068335460888698 1.7429632706874914 108 55 2 0.21510122480442662 37 409 56 328 49 350 78 363 1 381
3865 -0.42239173064903218 0.7797390767343948 1.8041712616863179 103 90 26 0.090499885947199044 76 304 56 333
3866 -0.49964865275162434 1.1551603271244586 2.0980932634246776 92 57 5 0.31332219381414528 76 368 56 380 49 75
3867 -0.41967459659321416 1.2184231550925984 2.1117429446420011 64 57 41 0.28819172030340701 76 111 56 388 49 79
3869 -0.66994785940838897 1.1405670360123235 2.3612454025594172 90 73 16 0.034180125383136181 76 390 56 406
3870 -0.83232569262833001 0.93479509310164088 2.4890042185553169 133 144 171 0.26095933216552269 76 391 56 408 78 647 49 582 1 644
3871 -0.81409183022078591 1.1259929220489411 2.4592647085619501 78 72 15 0.26618441774934315 34 323 76 578 56 418
3872 -0.71994543566110802 1.3128107825622248 2.3432939775318609 25 29 41 0.073889578949606738 76 407 56 419
3873 -0.29171028186719233 1.518004869490273 2.3559595485867297 64 44 5 0.054635620590691297 76 405 56 420
3876 -0.35436614028134988 0.68108470979443303 3.1827729608769095 43 24 15 0.26564765675665625 37 688 56 432 49 435 78 462 1 659 55 316 60 295 32 292
3877 -0.46812034806482394 1.8334425130886691 2.3377096914116136 29 20 17 0.045953345491238022 76 602 56 444
3878 -0.82627037514386314 1.0639195270571244 2.8705534138861393 115 114 103 0.39032195002645609 76 444 56 452 78 682 37 723 1 682
3879 0.64068771360658772 0.86584244416568801 1.353833586492299 154 138 54 0.97845232458868658 76 481 56 499 78 579
3880 0.55346820031472821 0.92339592969323447 1.3097112391801149 152 135 53 0.86662763733658599 76 482 56 500 49 639
3882 0.40219710379153428 1.0544148768652748 1.4800368735461642 6 9 12 0.80890771791266025 76 487 56 509 49 647 37 784 78 733 1 802 55 483 60 460 32 444
3884 0.69760014048107377 1.506071238420807 1.4281086739896163 1 0 0 0.02310977392621049 76 499 56 521
3885 -0.39040117958030773 0.79136536207018726 1.85741341109307 76 38 3 0.20620199600797651 76 307 56 523 49 535
3886 -0.56558511714844673 0.59958958535824891 2.3795750584092277 32 29 29 0.16395996891612222 76 539 56 549 49 385
3889 -0.90545259076167017 1.543311543926164 2.4876841078057188 72 83 83 1.9051029994855393 76 453 56 599 49 609
3891 -0.61359807127005417 0.40909786585623498 2.0468126088906788 192 147 33 2.0326269654418647 76 631 56 624 49 749 12 1082 77 840
3892 0.62808861998636012 1.3481313340961036 1.4938458733490929 107 69 9 0.78165905018696846 76 629 56 625 49 524 78 592
3893 0.60530727239991899 0.93694833610966355 1.8907581154019637 1 1 0 0.33162660945842554 76 713 56 628 49 657
3894 -0.25621829174883981 1.0003143819971525 2.156196046735567 11 8 5 0.27601317594150732 76 654 56 639 49 712
3895 -0.59430624178732216 0.61711899261447067 2.7196438812009838 1 1 1 1.3132407622637849 37 903 76 562 56 649 49 724 78 812
3896 -0.59912846715251611 1.0581300186002429 2.9681192271793524 99 99 89 2.0807203642820498 76 693 56 673 78 831
3897 0.47149718184602696 1.1038540544848363 1.4200929451032507 125 106 42 0.4968310636205836 37 929 56 681 49 696 78 790 1 724
3899 -0.73846728347729929 0.57699094558151198 1.9496914195278088 107 91 23 0.76870941230563528 76 714 56 690 49 750 78 844
3900 1.2858690311509953 1.9276449278526067 2.358816979750372 0 0 0 1.4288634447590627 76 797 56 713
3901 -0.83370543876162384 0.98966934433416409 2.3938693024252706 112 102 32 0.66488612857105589 76 676 56 714 49 725 37 905 78 815 1 860
3902 -0.40545984538949037 1.4508857670770958 2.3387625336568201 78 61 14 0.063799529365859559 76 736 56 718
3904 -0.44341697767610289 0.68846103140410142 3.1899819067001816 59 41 33 0.30981905168672635 76 739 56 721 49 771 78 878 1 888 60 586 32 576
3905 -0.35611420423476231 1.8824510598214994 2.3606674608356206 39 30 27 0.0078488368136510889 76 742 56 726
3906 0.15187530875773322 0.92981057600488215 1.9836147372886677 132 85 14 0.5567881649109967 76 752 56 734
3907 -0.13172105048843491 1.6262621425567478 2.1712499391640816 40 48 68 0.099417670454716153 76 759 56 744
3908 0.79602020808193197 2.3472830394953048 2.0390404459876383 201 186 152 0.29761610836973973 76 800 56 746
3909 0.96611659644147174 0.68906868864679205 1.5542598002128978 137 118 41 1.2899446496566755 37 1003 76 774 56 756 49 773 78 863 1 892 60 589 55 616
3910 -0.81442116021917155 1.3973756430281716 2.5054408490572611 47 53 67 1.9685986726023745 34 1195 37 981 56 776 49 807
3911 -0.52635744490377712 0.52485784980767147 2.3577734076264614 115 89 24 0.78174716089985108 76 830 56 795 49 812
3913 0.52503319597324871 1.4335802537670563 1.5773032429670781 0 0 0 2.1256533591148687 37 1024 76 854 56 817 49 822 78 908 1 918
3914 -1.045653727135103 1.5722784839164905 2.4917940035906172 55 39 33 0.21474127791669789 54 600 33 516 28 509 87 539 76 252 56 272 64 569 41 504 22 603 98 590 97 592
3915 0.99521849612029289 0.64436955230159143 1.5507699763597795 162 139 49 0.7878597864296879 33 0 76 268 56 294 33 1046 28 1056 37 621 97 598 34 968 49 510 78 577 78 718 10 1098 55 368 60 345 32 327
3916 0.78729237572404487 0.86976617255054922 1.3899429819486924 125 104 27 0.08830669272925068 37 390 49 0 78 0
3917 0.57583382352789114 1.0575268057819651 1.2771859177232983 154 135 53 0.46555319150690055 37 394 49 2 78 343 1 368
3918 0.7531548650102492 0.72795185325155998 1.5570244368411847 39 43 53 0.081477739034323704 37 392 49 4 78 344 1 369
3919 0.7506003258612185 0.72757814503706819 1.5572132286601843 39 43 53 0.18686557908849508 37 393 49 5 78 345 1 370 55 7 60 7 2 391 32 4 25 1 5 0
3920 0.55751174802171721 0.73452928523769268 1.9001896219623513 134 142 165 0.071542167772730272 37 22 49 24 78 362
3921 0.5816975351979996 1.3519922688401185 1.4425311669869287 94 64 10 0.38080769356548538 37 24 49 26 78 23
3922 0.62481938625542111 1.4429414170821213 1.4487908266199572 4 3 0 0.14706522180749493 37 36 49 30 78 32 1 24
3923 0.62042319549410296 0.99902277864856026 1.8530172110040892 155 130 47 0.053967512101638436 37 39 49 40 78 369
3924 -0.64214687577315233 0.61390831337839902 1.9080777025282909 114 87 18 0.08399167672349378 37 421 49 42 78 382 1 395
3925 -0.62669290378043685 0.42517128961040668 2.0809292933576122 99 61 10 0.20356468642369691 56 50 49 45
3926 0.14664862775651211 1.0660155098640345 1.8974157377055261 134 84 12 0.27611895527049862 37 75 49 52 78 46
3927 0.0095033963341075132 1.2257392885924061 1.8524166836597982 67 62 40 0.10067036714913276 37 84 49 58 78 56
3928 -0.38433072627551768 0.75563019453834213 2.3918266052688635 145 104 21 0.26089423240194271 37 117 49 70 78 89 55 283 60 83
3929 -0.74035844802904349 0.84001220877502059 2.3989635887004046 164 134 37 0.26898058912822337 37 188 49 91 78 125
3931 -0.94456884703320021 1.299633079163601 2.4080302172555377 16 18 21 0.057238114827074603 37 276 49 181 78 198
3932 -0.3840430502972248 0.75009401038591084 3.1750647544523645 39 23 14 0.19892831281330012 37 514 49 182 1 470
3933 -0.64956498693190345 1.3463167081110301 2.5589084158944249 59 67 91 1.4009189238806834 34 341 49 185
3934 -0.51289089351990946 0.55571016249203531 3.2740656249151692 65 43 32 0.37461795879545623 37 249 49 188 78 208 1 235 55 196
3935 -0.43109090919922277 0.74518307525164984 3.1791900205189205 215 203 169 0.050945256815332567 37 246 49 189
3936 -0.46145021148295523 0.70025693008152945 3.2041269858049235 39 29 25 0.52490802565093075 37 517 49 192 78 480 1 664 55 335 60 310 2 616 70 811 32 410
3937 -0.4976485849879802 0.80546813931083872 3.134076872461347 105 103 87 0.12269195439008029 37 523 49 198 1 486
3938 -0.50356643756159192 1.0050169584182227 2.9918743005049269 52 46 39 0.23740823661025701 37 266 49 209 78 216
3939 -0.57335743461206778 0.84092421357919722 3.1086244370139688 77 75 63 0.14516914500377595 37 537 49 220 78 493 1 495 55 213
3940 -0.64272771532960971 0.51857662446135677 3.3323001243992523 64 45 36 0.2101729900787711 37 282 49 225 78 251 1 520 60 336 32 321
3941 -0.6513750354724317 1.18153531424147 2.8085590480583558 53 47 37 0.23527284026271836 37 296 49 227 78 232 1 244
3942 -0.6513750354724317 1.18153531424147 2.8085590480583558 53 47 37 0.23527284026271836 37 297 49 228 78 233 1 245
3943 -0.65674430589631438 0.70658149327265907 3.1797616065167071 235 220 184 0.36378577141305835 37 543 49 231 78 503 1 514 55 351 60 328
3944 -0.70173744789461356 0.60867612885150257 3.2650943567723205 228 216 180 0.42282141648080335 37 305 49 244 78 266 1 528 32 425 55 360 60 337
3945 -0.89183624296110442 1.6180764706679329 2.4228266973199171 107 74 56 0.21595275643490391 37 578 49 271 78 268 78 521 1 511
3946 -0.83720300951344184 0.80783914254224665 3.1129788111217818 198 188 159 0.088387636625094065 37 334 49 276 78 291 1 545
3947 -0.90537993535017658 1.5933125670618462 2.4548128837840357 108 74 54 0.046227666700354948 37 347 49 279 78 277 1 277
3949 -0.9378909612065407 0.98105045758061327 2.9373119069680036 82 83 75 0.13120839483631541 37 345 49 286 78 295 1 310
3950 -1.1647378179433112 1.5218257616270143 2.5182860051423557 51 34 27 0.065296191617206539 37 384 49 324
3951 0.57704025642610979 0.98202610934734824 1.3623527445317285 4 2 2 0.18332840696492658 37 395 49 334 78 347
3952 0.57704025642610979 0.98202610934734824 1.3623527445317285 4 2 2 0.18332840696492658 37 396 49 335 78 348
3953 0.50679771235549642 1.0299256964245596 1.3836491968368323 99 117 154 0.23502152733733123 76 279 49 338 1 577 55 245 60 225 2 395 32 206 25 190 5 197
3954 0.30053951485217828 1.0267684272719715 1.5821553479815953 119 135 171 0.15683693374903096 37 408 49 349 78 586 1 584
3955 0.61386747422330601 1.2979419284774401 1.517667973147107 104 68 12 0.49851596780835566 37 410 49 352 78 31
3956 -0.57749913120507079 0.43341813476474672 2.2511129303866539 138 118 35 0.21808726306739631 37 432 49 374 78 610
3957 -0.5302691084287845 0.49301284437944992 2.4120205269292549 157 167 194 0.11129103885790043 37 657 49 380 78 613 1 612
3958 -0.28442565994899927 1.0947694261144525 2.0769952653029664 71 78 96 0.28287535312832807 37 448 76 349 49 382 78 71 1 84
3959 -0.59041607428835041 0.61385914859164858 2.4076626131573118 124 94 20 0.14532795797220424 76 354 49 387 78 90 1 100
3960 -0.43333142229604904 0.74191605679959516 2.4954422200388464 63 52 49 0.51783301769869428 37 668 49 391 78 625 1 620
3961 -0.63130353580524867 0.73476346229691725 2.6944497228115338 51 50 46 0.15687393485483617 37 212 49 405 78 642 1 640
3962 -0.83361834230676135 0.90066382053004301 2.5177261584991295 36 41 56 0.19208447046658481 37 488 49 406 78 649 1 645
3963 -0.85536720856624893 0.95016842845210825 2.4690622182923447 96 112 144 0.28150954624149777 37 682 49 408 78 445
3964 -0.86364745263487519 0.94938750891394563 2.4651467248224521 96 112 144 0.28494453917046003 37 683 49 409 78 446 1 647
3965 -0.13511794168907262 1.9942439461280601 2.1912140559080022 29 19 16 0.16211810038458849 37 497 49 431 78 449
3966 -0.43374614868418471 0.8381273771690676 3.1137712388327858 92 90 76 0.27388929434526033 37 518 49 443 78 478 1 476 55 325 60 304 32 301
3967 -0.73660074042528711 1.2681683257243048 2.7677974320677352 78 83 77 0.082879469201207867 37 565 49 462 78 519 1 516
3968 -0.78165026745074295 0.89968296615571841 3.0357290855848786 129 126 114 0.35130590803501305 37 721 49 464 78 525 1 531
3969 -0.97260210233311251 0.99338282962459212 2.9321925305829453 129 128 115 0.10089280646056548 37 583 56 238 49 481
3970 -1.0127642933108993 1.5684107175154061 2.4852526793582816 125 85 62 0.10744065643915683 37 749 49 486 78 543
3971 0.68558509730000117 0.8153096869302916 1.5026367480037652 5 5 8 0.39316751835551977 37 628 49 518 78 582 1 573 70 688 55 244 60 352 2 519 32 332 25 290 5 342
3972 0.76830384791523909 0.77954043245292615 1.6866882013692091 149 130 50 0.57467405934186755 37 630 49 520 78 731 1 798
3973 0.63974038841837388 1.4059178838736568 1.4571234574511709 105 72 14 0.18526296036532405 37 412 49 527 78 593 1 587
3974 0.4807699261244241 1.3068036473806088 1.5734487328841955 71 76 95 0.18551109778697036 34 987 37 640 49 530
3975 0.078772106214099274 1.2146678332379168 1.8032237926295738 94 88 24 0.36846564625447931 37 645 49 541 78 606
3976 -0.43243533970979092 0.91107623227391232 1.9108148693264819 87 103 137 0.38265818792118661 37 650 49 543 78 608 1 403 32 52
3977 -0.77472967223933131 0.84119207861378753 2.2943887269319769 134 104 26 0.211015040269427 37 673 49 571 60 396 55 414 32 244 2 430
3978 -0.64405848793145526 0.72662079452898531 2.6403467926247361 97 90 27 0.11060285982379674 37 481 49 577 78 637
3979 -0.81118404831988333 1.0044599774409297 2.5704209337951331 96 86 22 0.72177335540165177 37 508 49 590 78 655 1 652
3980 -0.27955292097949719 0.65913904563197756 3.2199392136283276 157 111 85 0.82507574353978241 37 833 49 592 78 781 1 830 60 535 55 566 32 557 2 788
3981 -0.80157151660292469 1.1044058897653573 2.6452206815066228 56 45 33 2.0863510044134825 37 703 49 594 78 476 1 660
3982 -0.46510548048276157 1.0037190237266307 2.9782966106970434 69 67 59 0.24604009772852992 37 696 49 595 78 662 1 661
3983 -0.72456949130939552 1.1257532137992625 2.8480694947981648 91 94 86 0.27065584731373737 37 848 49 605 78 674 1 774
3985 -1.0090714604002728 1.122970874143409 2.8591202302598728 122 124 114 0.04047839636786512 37 747 49 617 78 708
3986 -1.0103305056700695 1.5021529882530511 2.5651710290818417 34 24 19 0.1207932586392382 37 752 49 619 78 701 1 702
3987 0.94518520512118875 0.69138737041718856 1.5089892842905146 153 135 53 0.11726403498361149 37 765 49 635 78 720 55 467
3988 0.74569070619643729 0.73752553296944379 1.5774774473735449 34 36 41 0.51363330851441324 37 770 49 643 1 796 55 473 60 456 32 438 2 625 25 354 5 517
3989 0.72654954429802598 0.97945626223708215 1.5310325411777213 134 111 44 0.49754149525125474 37 779 49 645 78 730 1 799 55 481 60 459 2 708 32 495
3990 0.23997261171696005 1.0649143930333571 1.5043124055730608 238 204 71 0.13560574461250097 37 873 49 648 78 791 1 805
3991 0.57494504496548271 1.2667880566586633 1.463861710972395 94 66 10 0.24832494362254631 37 636 49 649 78 585 1 583
3992 0.15530297054209546 1.2010289580005336 1.7284473625126646 158 121 38 1.6484300070124682 34 992 37 883 49 659 78 793
3993 0.67046115320593491 2.3242864928462486 2.0644962813576844 92 64 53 0.19382322410263123 37 901 49 675 78 766
3994 -0.79069060700060545 0.90972330653910105 2.4554181612401109 105 95 28 0.42348361826839404 37 826 49 676 78 768 1 765 55 512 60 481 2 569 32 468 25 326
3995 -0.94288856569950996 1.0722971751737291 2.4113924762062307 55 65 87 0.1536674028969329 37 836 49 681 78 777
3996 -0.69545678816097523 0.79336359261483091 2.654466714426325 100 93 27 0.6569827458391686 37 829 49 726 78 817 1 862
3997 0.81674493427832284 0.73683916706625729 1.6890981383554262 146 124 49 1.5588514591771396 37 959 49 745 78 864 1 893
3998 0.50252495478503501 1.2816221736799935 1.2953600601836217 129 118 49 0.24244265706369381 56 683 49 747 1 801
3999 0.050187659553574619 1.1534068685014758 1.823938127852774 203 175 62 0.23022773001334434 37 939 49 751 78 846 1 848
4000 -0.55783820920000915 0.53980342489688071 2.4961110939940654 0 0 0 0.66284247717775724 37 951 49 757 78 808
4001 0.61385475575916482 0.99413592573350384 1.8507066772983427 156 129 46 0.26281714414102492 37 961 49 778 78 866
4002 -0.59371895163380228 0.57990457385165184 2.440139367166497 123 0 0 0.17616688559572613 37 968 49 786 78 871
4003 0.4247729967628287 1.1156841973516245 1.7910487932238364 0 0 0 1.2494664669375699 37 1014 49 808 78 897 1 911
4004 -0.64458605522799828 0.86902180135409557 2.3901114850297751 159 124 34 0.74196292816191611 56 788 49 813 78 894
4005 -0.92226334106001895 1.0404732410382775 2.3812233902650624 93 85 20 0.81978288136597266 37 1019 49 814 78 895 1 909
4006 -0.38079513355839373 0.94310735253736822 3.0050697570179534 0 0 1 1.570412142424034 37 1021 49 824 78 912 1 914
4007 0.22237205482753641 1.9805837463337377 2.1137327299264612 213 195 156 1.6447083973476482 56 819 49 827 78 915 1 920
4008 0.22237205482753641 1.9805837463337377 2.1137327299264612 213 195 156 1.6447083973476482 56 820 49 828 78 916 1 921
4009 0.028406758107555684 2.2476135543292188 2.1786001384219875 0 0 0 1.326738707558399 56 821 49 830
4010 -1.3051507501123001 1.4804220679830582 2.5738863944725781 54 36 29 0.41913778541123992 34 417 37 620 49 509 76 618 56 605 78 576 1 571 55 367
4011 -0.98158106637495812 1.6006567465282526 2.4781452224993679 49 35 30 0.29616200111583924 34 782 37 362 49 301 64 567 41 501 22 600 98 587 97 588 54 598 33 509 28 503
4012 -0.66179383874205899 0.62156942755388622 2.5826144051900224 53 52 57 0.31931738790013969 34 257 37 476 49 573 76 116 56 394 78 632 1 629
4013 -0.73725816847798298 1.2045267794644181 2.3617047140040293 33 36 49 1.3237235491638242 34 1239 37 1025 49 823 76 850 56 813 78 905
4014 0.033441104321522218 1.8669701936572223 2.2344867907625918 1 1 1 1.9109529146843238 56 155 49 145 33 361 76 158
4015 -0.98210707678821729 1.0506616579102153 2.9107510352480817 80 82 75 1.7643986782731214 33 774 28 408 34 764 37 744 76 613 49 616 56 601 67 1163 41 1339 98 1270 97 1200 33 1036 28 950 34 1061 94 787 36 881 8 907 84 847 52 863 4 882 69 1035 20 1034 78 706 1 708 55 365 60 343 2 514 32 325
4017 0.5986095085408627 1.1561858913679826 1.3287487824010962 120 103 26 0.38060603644253704 37 398 49 9 78 9
4018 0.26588902950003018 1.0475212926482778 1.5835398849198898 88 80 73 0.072847271646250641 49 20 78 20 1 19
4019 0.55027410093289053 1.4012177015340139 1.3992038592745177 94 65 9 0.094363746915104019 37 26 78 26 1 18
4020 0.0047062125391716591 1.1999348267014687 1.8513483639904018 123 98 22 0.29556389003865097 49 56 78 55 60 60
4021 -0.37875462679995497 0.74953608606931077 2.4140577829074434 22 21 23 0.37567683666143509 49 72 78 92 55 92 60 86
4022 -0.79059024234100916 0.87796550645811378 2.2602291278253954 115 92 25 0.071081875230048705 49 82 78 102 1 122
4023 -0.70651421680899251 0.82355432516719207 2.4090533803517111 132 94 19 0.0028753384134246884 37 181 78 120
4024 -0.74035844802904072 0.84001220877502081 2.3989635887004064 164 136 53 0.26898058912819733 37 189 49 92 78 126
4025 0.14239054449674096 1.8278901428748233 2.1799242158245189 3 3 4 0.090166712368795573 56 138 78 132 1 133
4026 1.4409354637434155 2.4657699913769728 2.4180012376964601 230 212 175 3.5414115527925727 37 155 78 133
4027 -0.091658500836039589 1.9723848635700028 2.2221348252439403 29 19 15 0.34877724366783747 37 491 78 154 1 159 34 296
4028 -0.22007386713441576 1.7977954146362409 2.3959192864915577 2 3 4 0.041544209434157084 37 241 78 168 1 174
4029 -0.41430531909510226 1.8504631805096312 2.3206011399362114 33 24 23 0.090907596052476572 37 258 78 187 1 189
4030 -0.41663294434563464 0.68101154765388416 3.1764955023829122 119 89 74 0.5989608487733552 34 292 78 188 1 215
4031 -0.88254850141880725 1.2075244395142852 2.5001490850195882 68 58 11 0.067790295003423359 49 178 78 192 1 205
4032 -0.87341270184634268 1.2108521062646511 2.5044455079868784 68 58 11 0.20340896670763312 49 179 78 193 1 206 60 147 55 160 32 134
4033 -0.36088500173014904 0.83234240704919615 3.1194803037345813 186 173 141 0.66404317934143986 49 183 78 195 55 188 60 176 32 161
4034 -0.86610803162776284 1.1930670032603641 2.5620958896497803 10 11 8 0.23736023678136928 49 186 78 202 1 219
4035 -0.49388515392882443 0.92243127861006247 3.0456154518302219 84 89 82 0.11381518933606559 37 260 78 214 1 234
4036 -0.52064873981119353 0.73422478229926758 3.1874710039313738 115 108 87 0.08913614587988021 37 262 78 221 1 241
4037 -0.54065307812871599 0.78741541806604143 3.1518585941603603 102 98 80 0.13511799429010293 37 270 49 213 78 229
4038 -0.61629051051281636 0.75517975001263127 3.161400954050213 100 97 82 0.21904113134311839 37 283 49 224 78 246
4039 -0.67713840005274484 0.59576740811668316 3.273555487373855 112 107 89 0.10125829763779616 37 294 78 256 1 281
4040 -0.67713840005274484 0.59576740811668316 3.273555487373855 112 107 89 0.10125829763779616 37 295 78 257 1 282
4041 -0.77948919005242367 0.87924963157959724 3.0587887145536894 81 82 73 0.12845655131981285 49 264 78 276 1 534
4042 -0.8090650585301562 0.79422407222005265 3.1216446039189347 101 99 86 0.30054009754799732 49 269 78 282 1 300 70 465
4043 -0.80526549397693581 0.79479364614620884 3.1224801487454656 101 99 86 0.094253938711965649 49 270 78 283 1 301
4044 -0.94311388338270319 0.97992934298514045 2.9347237061435107 80 83 76 0.060118822671750505 49 285 78 294 1 309
4045 -1.0147824306178244 1.6046447254886544 2.4737004357948238 121 82 60 0.16899761411177341 37 591 78 310 1 308
4046 -1.0111769122013345 1.0964423190230543 2.8802296726166339 79 83 79 0.041192781885421415 49 311 78 315 1 332
4047 -1.0485126444586161 1.5160146310557869 2.5566818798183895 162 160 141 0.15036920675524795 37 377 78 320 1 329
4048 -1.0093223871791612 1.5509062006855647 2.7407992159217889 94 92 82 2.4752398611853064 34 412 78 336 1 361
4049 0.94842585293721493 0.67622949470420302 1.5551333270660308 131 102 25 0.22949422380170628 49 331 78 338 1 364 2 383 25 188
4051 0.76114501055003192 0.95004393031114176 1.6818284336362339 107 63 6 0.12713139464416756 37 402 78 358 1 377
4052 0.6976694381823465 0.9376438692574004 1.7692468391266287 151 120 38 0.27392083185261246 49 25 78 361 1 379
4053 0.47377275545402564 0.81129731410453898 1.8576608427593604 137 105 26 0.078140147058627388 49 351 78 364 1 383
4054 -0.56062733294154699 0.39034744675171029 2.2007584397438298 145 121 36 0.2722466856477212 37 80 78 391 1 597 32 358
4055 0.018562825738388414 1.1696074832007934 1.857601491337094 89 48 4 0.12635594002632808 49 372 78 393 1 402
4056 -0.47995204375262596 0.61188247542074636 2.3357438343502421 4 3 1 0.55299385257305611 37 445 78 405
4057 -1.0579881850209334 0.73811224243196882 2.1979519390456463 121 1 0 1.0366057433154894 56 108 1 419
4059 -0.81135728278288077 0.96403334013986963 2.3809585283327261 111 99 30 0.25275465968110167 49 399 78 434 1 149
4060 -0.77991567277733465 0.94494081313897549 2.446007595308199 97 62 8 0.21951556775069198 37 217 78 437 1 429 60 106 55 117
4061 -0.023725696995097922 1.9109097857400252 2.301210163537311 208 194 160 0.97719524463898266 37 679 78 448 1 436 55 564 60 533
4062 -0.29338255063782887 1.0725095766084303 2.9589813650389294 86 77 67 0.089634377019709 49 180 78 465 1 456
4063 -0.38543166160305675 1.0360206459829424 2.9651756311459554 81 73 66 0.061598211863875658 49 441 78 472 1 464
4064 -0.53416523888136258 0.5659000668620322 3.2593156590153827 64 43 32 0.17099238142907416 76 182 78 481 55 331
4065 -0.46835951801920755 0.64472232358816517 3.250386296500539 50 34 23 0.087762356008209808 49 445 78 482 1 485
4066 -0.52040351659352613 0.97475784343334448 3.0087729024907794 82 86 79 0.08786847693312673 37 528 78 486 1 487
4067 -0.5460719030758926 0.61346830145664411 3.2592475764681952 51 35 25 0.16618011218971523 76 424 78 488 1 494 60 192 55 212
4068 -0.66478959431706586 1.1513622834880806 2.8266765596174217 88 89 81 0.14354350976715163 37 707 49 452 78 495 1 669
4069 -0.59021698064221106 0.7995027771621519 3.137416973866932 178 170 145 0.060657339989335257 37 538 78 497 1 499
4070 -0.6526144765331986 0.76920877625198181 3.1510257530877843 165 159 140 0.13507664686155438 37 550 78 509 1 517
4071 -0.69980809312589776 0.93730528912592803 3.0280645506613677 121 120 107 0.17415316297606606 37 717 78 518 1 679
4072 -0.74728942251814323 0.82858570135176735 3.0998205131610752 89 88 79 0.073204940755340717 49 255 78 524 1 529
4073 -0.855283893655719 1.5704023083198329 2.5112429065341701 32 21 18 0.16714265824929955 49 281 78 531 1 677
4074 -0.82635169463627167 0.82593413658325987 3.0827833275624292 191 181 154 0.04786124747400624 37 567 78 533 1 539
4075 -0.78992197165944467 1.1533931019360444 2.9393983166893842 108 110 101 1.487071804252847 34 746 1 548 37 577
4076 -0.91047391205890138 1.4122615694796845 2.645286767614802 61 69 68 0.12358365364897468 49 479 78 539 1 696
4077 -0.93960975799927027 1.5663715898204031 2.5089022124315066 34 25 22 0.066493364334761884 49 484 78 540 1 291
4079 -1.2818694077683828 1.4486939191722736 2.5438725762174248 143 99 75 0.08536449297625813 37 618 78 568 1 568
4080 -1.2396192657587985 1.4248920909420757 2.608764696706559 173 167 146 0.15405555315062541 49 328 78 570 1 569
4081 -0.6047075713667599 0.48071942689504893 2.1094821027742592 39 35 35 0.26273844566186222 49 539 78 607 1 63
4082 -0.28423340333697861 1.1241404144803009 2.1072534758419681 83 63 30 0.3245950533097457 49 560 78 616 1 408
4083 -0.59863136162325659 0.66520417492244766 2.521980422420762 117 102 27 0.14143483566270185 37 672 78 628 1 623
4084 -0.61470343812691708 0.58804109891916234 2.6785417114680703 23 23 25 0.64154937742053864 49 396 78 633 1 820
4085 0.40429240323859311 2.1294936032748302 2.2164158615680303 201 181 143 0.17607114216270423 49 412 78 635
4086 -0.64522906270127556 0.72588981573212907 2.6398801751986598 97 90 27 0.086793827320571906 49 576 78 636 1 631
4087 -0.64926618337280051 0.76249140124096304 2.6405540996340724 65 47 6 0.20346271853272468 49 402 78 638 1 637 55 421 70 760 60 407 2 574 32 382
4088 -0.79602174150303606 0.87336330222699832 2.4938826201580011 55 61 77 0.46197604235261081 49 578 78 641 1 638 55 419 60 405
4090 -0.79906332774744115 0.9665989557796093 2.4434374061455926 116 99 26 0.19322920102374122 49 581 78 644 1 639
4091 -0.83654154366946853 0.90068463606362459 2.5169191055877524 34 40 53 0.078797309648296079 49 407 78 650 1 646
4092 -0.63237748712514563 0.49042556283926891 3.361338398023114 1 1 0 0.33547987893771003 37 540 78 673 1 775 32 492
4093 -0.85349104309936275 1.3391080255826209 2.7151628049202832 98 101 93 0.21582640384609367 37 731 78 687 1 694
4094 -0.91642796757500988 1.5413409363465564 2.5303521572924428 38 25 21 0.037231231647689551 49 477 78 689 1 690
4095 -0.90530802761578666 1.1794575881335001 2.8121402941672984 113 114 104 0.014121245127944554 37 734 78 693 1 699
4096 0.66398386993710279 1.0854097879299227 1.1968842936401223 149 135 52 0.17179157044923068 37 769 78 724 1 713
4097 -0.56346291185408315 0.47572703391022719 2.3097367512603539 136 115 32 0.28591708516864878 37 800 78 754 1 742 55 496
4098 -0.57331148595010339 0.67239015049842943 2.8876931421552765 15 17 19 0.63127916762180292 49 679 78 774 1 770
4099 -0.69022490781019241 0.70373312269494515 2.8019952490825073 94 109 139 0.5647879305424216 49 678 78 776 1 771
4100 -0.50188893547561353 0.83794439607969406 2.9094561816500106 84 74 45 0.40539099599394829 37 911 78 778 1 827
4101 -1.1531557394149339 1.3192702751250496 2.6981676805996853 127 129 120 0.13130709907490204 37 863 78 787 1 790
4102 -0.69277698803009891 1.1662695397072191 2.2845066297041123 100 88 23 0.97320277898095642 49 767 78 813 1 762 37 213
4103 -0.81304904799864963 0.87414590146878846 2.5586116718448415 108 98 30 0.45493337258805394 49 728 78 818 1 822
4104 -0.74793015114604255 0.88131454256632624 2.5882566357985888 108 98 30 0.791974847444601 37 907 49 729 78 819
4105 -0.95435481816573497 1.023807356915005 2.4013470348094383 89 104 135 0.056017288262754893 49 730 78 821 1 825
4106 0.95638881982985491 0.68989476154254059 1.5595143878815219 129 108 35 0.93577894184801647 49 772 78 862 1 891 60 588 55 615 32 581
4107 -0.4344616593459264 1.1330558368245314 2.1062579312107363 209 163 40 0.3256972116947992 37 970 78 869 1 878
4108 -0.4344616593459264 1.1330558368245314 2.1062579312107363 209 163 40 0.3256972116947992 37 971 78 870 1 879
4109 -0.61497154557259848 0.57930575874233958 2.4293544506239915 105 0 0 0.28835206627667198 37 969 78 872 1 881
4110 -0.76641981095042289 0.82702518771725164 2.2446771351510661 103 0 0 0.059228179222547174 37 973 78 873 1 882
4111 -0.18589394016086783 1.0791077430522482 1.9979589331334691 146 108 26 0.88398288716608475 37 987 78 882 1 872
4112 -0.56758004877417711 0.79333777914324932 2.8455221944214255 59 70 94 0.69519219547554767 49 815 78 888 1 900
4113 -0.38292659010217356 0.48208075728666983 2.0294530966946374 251 222 71 0.42384830803737894 49 800 78 892 1 905
4114 -0.53886342693187061 0.60466841733118581 2.213130901631664 0 0 0 2.145565179676383 37 1008 49 818 78 901
4115 -0.789885478208043 1.1184394943048697 2.1725897044316693 100 89 27 0.52089639382997854 37 1018 78 904
4116 0.59321074551607633 1.2008587131997732 1.1974127843694771 128 111 46 1.4686724765276546 49 820 78 906 1 915 70 1098 55 631 60 602 32 591 2 803
4117 0.56564791762170785 1.1964272505726841 1.2020502258842092 128 111 46 1.1968594036872933 49 821 78 907 1 916 55 632 60 603 32 592
4118 0.50117496391090677 1.0833552266538566 1.3579132679102208 126 104 32 0.71285768600519051 34 7 37 11 78 351 41 550 98 42 97 623 64 612 54 925 33 544 28 531 87 10 34 815 55 247 60 227 32 208 25 3
4119 0.47409378996087986 1.0490218440709291 1.4156991872459848 7 10 15 0.34276333896073952 41 1011 34 818 78 583 76 625 56 506 49 519 1 578 55 378 60 358 32 339
4121 -0.020060262106896366 1.8265251077526952 2.2444787711025516 2 2 5 2.6870572619239477 37 216 1 148
4122 -0.9094007173264288 1.1252563937283715 2.3717744471229811 10 10 8 0.45798362044595026 78 452 1 165 55 134 60 124
4123 -0.70601220369506423 0.82765193923748581 2.6999495976433017 90 101 130 0.52199349850554022 37 492 1 168 55 146
4124 -0.9373757006888187 1.2986013579172855 2.4325780955456562 47 59 83 0.059761882459689511 78 201 1 216
4125 -0.59099575717246566 0.54501065362941903 3.2783722075501949 61 38 29 0.31882416848840178 78 224 1 249 55 211 60 191 32 175 2 294
4126 -0.94032854994720771 0.94750320689509371 2.9656933739724427 138 134 118 0.35480086396391408 78 301 1 319 55 235 2 507 32 195
4127 0.6606491155144395 0.8049616793599369 1.6056744737494522 6 9 13 0.16075536957578851 78 353 1 374 55 380 60 360 32 337
4128 -0.35524381327700105 0.74935412202715179 2.3710503549525592 60 59 70 0.19326765833232096 78 411 1 410 55 86 60 82
4129 -0.69077032817879147 0.69870745101722753 2.5789703196424161 101 56 7 0.73334236633032546 37 480 78 134 1 427
4130 -0.77643694936583441 0.94588857005088967 2.4469182141290942 93 58 7 0.20460351139364963 78 438 1 430 2 120 32 100 55 118 60 107
4131 0.016085593322299963 1.898273631813812 2.3167332525401236 35 32 25 0.56010288881091097 37 224 1 435 55 152 60 139
4132 -0.41752358783128479 0.8654680742077705 3.0516579166982849 6 5 5 0.45903629337545504 78 470 1 463 2 472 25 345
4133 -0.55296333879316595 1.0549502578151493 2.9466949689372632 58 54 47 0.41430564683944004 78 489 1 491 60 308 55 333
4134 -0.72324415803341013 1.2478963180497291 2.7817153118676452 48 48 40 0.17431451083160504 78 511 1 509 55 205 60 188 32 166
4135 -0.72830843904459541 0.78379051354435836 2.4280733184984205 165 133 38 0.19421497732062365 78 431 1 626 55 289 60 266 32 88
4136 -0.68431220895571487 0.6251972537530156 3.236744294185542 229 216 181 0.48559257890341057 37 705 1 678 55 354 60 330 32 422
4137 -0.71029068650691052 0.6764840651161701 3.2006133161716241 229 216 181 0.56827446766585288 78 513 1 680 55 356 60 333 32 423
4138 -0.7597504574434939 0.72258097351251172 3.1570425929013339 208 197 167 0.18126906290440287 37 716 78 522 1 686 55 456 60 445
4139 -0.83681104361888969 0.99989439447458184 2.9229003416881292 125 122 109 0.23443086734765259 78 526 1 687 55 349
4140 -0.81926227164110121 1.220915245720601 2.8126521528946897 102 103 95 0.38499357293266989 78 686 1 693 55 453
4141 0.58487615594844111 0.94874715584662495 1.3984455105047899 93 97 117 0.53140808667685691 70 965 1 718 2 707 32 441 25 357
4142 0.14871637132759769 1.4227184377812716 1.9684239602304128 1 1 0 0.3942247364875221 78 802 1 744
4143 0.060048600726295004 1.7294817597110081 2.0717690673192206 40 37 34 0.040635235246492596 78 809 1 755
4144 -0.66935064682808565 0.78576962284081997 2.723709602761339 62 65 71 0.32397469088268832 78 820 1 824 55 560 60 530 2 742 32 527
4145 -0.67911247372593619 0.5662696065172742 3.3198498961305329 102 104 95 0.33972557304505979 37 847 1 838 60 539 2 756
4147 -0.66802897864864708 0.72874380832526675 2.4858265995544118 235 193 55 0.66002798695787768 49 86 78 429 1 425 67 719 36 615 8 609 84 280 67 360 36 306 52 261 69 285 20 602 34 622 37 175 46 555 70 564 6 191 71 162 2 435 5 76
4148 -0.87087242759912487 0.85560804089008002 3.0737959068495115 172 165 142 0.12744420871627943 37 575 78 541 1 547 56 234 49 284
4149 0.62521611310718339 0.90059460061623409 1.4337984793953802 10 11 14 0.47158509270375959 34 1070 37 868 56 613 76 623 49 694 78 788 1 797 20 1043 46 974 70 963 6 866 71 801 39 760 32 437 25 355 5 461
4150 -0.40577835443525845 0.76729153063038669 1.8050642386330689 247 231 71 0.24773254971841158 82 270 100 2 23 5 75 216 35 13 7 10 91 239 27 212
4152 0.94452208992804243 1.6168341182040513 1.2871085890763156 249 234 75 0.28289834225788774 18 6 82 382 100 54 80 36 44 270 23 500
4153 0.95078064346976643 1.6074769139111136 1.2863310567550532 249 234 75 0.57168913862528048 82 383 100 55 80 35 44 271 23 501 91 671 75 544
4154 0.45583816834978474 1.2454172318135661 2.8503562830553015 14 13 14 0.070007674795894606 42 271 100 241 80 242
4155 1.1850297976160591 1.5814406814313327 2.6713168261657332 231 213 172 0.19468929356147044 82 255 100 302 23 447 44 445 75 488
4156 -0.58064213627272743 0.51609323489186221 1.971862894510962 255 245 65 0.082361579066790869 42 563 100 321 44 192
4158 0.59483707768153593 0.98643527104234963 1.3396443762408072 13 13 15 0.10255139755111534 82 487 100 330 44 466 23 472 75 236
4159 0.07557622724087372 1.2364141052075128 1.7603430907205642 115 120 140 0.12007844964757915 42 585 100 339 80 309
4161 -0.045582195082347628 1.1266145020921687 2.0891445392797832 221 182 61 0.18959015251163791 42 607 100 374 80 380
4162 -0.23610221863379771 0.67699789741413874 2.4564419237310764 252 219 61 0.37418014622373907 82 480 100 414 80 110
4163 -0.10474283073838163 0.7608543788394192 2.4057198106246052 254 227 62 0.29054010473225578 42 417 100 423 80 114
4164 1.167642709426612 1.0181829765375034 1.7193621590483295 166 107 34 0.21561066918489583 18 665 100 480 80 146
4165 -0.4632249129673196 1.5496429451026286 3.1482600537163505 23 17 13 0.69917241308933897 95 571 100 482 38 568
4166 0.027063446535056448 0.99305000826949508 2.7365343449504453 16 14 12 3.3641468661251563 82 334 100 494
4167 0.40574982908972235 1.361760932134044 2.4655869575036609 248 198 49 0.18953422451874447 42 188 100 497 80 503 44 363 75 372 68 399 62 723 10 759
4168 -0.36316079023330555 0.68211388538822759 1.8602870976834356 255 246 66 0.058519421634128786 42 565 100 585 80 283
4169 -0.44828329270314576 0.44592012494461064 2.0311451865546628 255 247 64 0.12354783798048892 42 576 100 594 80 293
4170 0.5950526561101438 1.0341327572895298 1.333205065013515 173 179 196 0.38276787763137587 42 594 100 605 44 744 23 701
4171 -0.26160570679477729 0.53611875249757246 1.9783146442918462 255 251 66 0.10569254375031625 42 591 100 607 80 616 44 215
4172 0.7119120284260434 0.81624892336385091 1.4782762296677385 16 16 17 0.36634909886888273 88 800 100 627 80 306
4173 -0.52181919736918336 0.49530941285444191 2.413758381700339 194 191 212 0.30550883443242138 82 470 100 628 80 369 44 230 23 238 75 248 62 115 10 97 27 19
4174 -0.097149612351394396 1.1085727491021322 2.1081801629750681 231 189 59 0.27299240465791652 42 604 100 633 80 644
4175 1.0268946949732136 1.3050111031965004 1.526183581229634 3 3 0 1.0758003048233096 31 857 100 656 44 523
4176 1.1051713367664513 1.3862461293469606 1.4773120114392686 252 207 59 0.15636669231298148 79 701 100 658 44 529 26 691
4177 1.1051713367664513 1.3862461293469606 1.4773120114392686 252 207 59 0.15636669231298148 79 700 100 659 44 530 26 690
4178 0.32757065227199583 0.98633149264456488 2.3487390716421728 172 127 27 0.67793248662988914 79 601 100 682 80 451 44 333 23 330 75 337 26 827 68 368 35 362 7 164 59 479 10 736 27 336
4180 0.33583025366123359 0.95507531190733841 2.3735840518743689 210 213 234 0.25326408537002615 79 1061 100 689 80 696 44 783 75 572
4181 -0.5699429933326472 1.4954211724882922 3.177197515864143 25 19 17 0.9394690402609065 95 786 100 694 38 758
4182 0.74446678456000004 1.8241088399272942 2.4352009961408192 251 226 176 0.32123124235520045 79 772 100 729 80 550 44 594 75 445 68 506 62 571 35 470
4183 0.50496018479300053 1.1349849128391496 2.9274213629256525 114 76 55 0.87366302147497621 79 944 100 800 80 808 62 847 35 430 10 283 63 267
4184 0.63302890036606463 1.274808058095755 2.8728605702662771 228 212 174 0.10366483951269434 42 790 100 815 44 657 26 922
4185 0.726387087270146 1.2714762351020206 2.8359748382321555 244 221 174 1.1045451221598166 42 916 100 832 80 825 44 675 23 609 63 754
4186 0.42205691070289736 0.79862014591564467 2.080528424315625 10 11 12 0.22210085307658142 42 881 100 906 80 875
4187 1.2821010516885587 2.0184547800005097 2.3357448976956054 250 226 178 0.24761914153117298 42 894 100 943 80 912 44 825
4188 1.2641611650598383 1.4254656161734514 2.7562386887034847 151 100 70 0.18676669565858636 79 925 100 951 80 920 44 836 23 768 26 909
4189 0.65065314812353037 1.0107151561552281 1.3525459863673808 4 4 3 0.72155443031483257 82 944 100 958 80 925 44 848 23 704
4190 0.59483990727748737 1.4068683123610843 1.3771636205324962 255 253 62 0.45901802606033326 82 884 100 961 44 854 23 817 75 820 68 859 62 624 35 871 7 849 59 910
4191 -0.26297884260061771 0.64435975152925862 2.481501163565992 254 236 62 0.80892908764853011 79 1203 100 973 80 960 44 866 75 830 68 875 62 965 35 819 7 795
4193 1.0971507200867252 1.2218123049877485 1.6089365201338626 255 231 63 0.71034760121613005 95 1239 100 1044 38 1189 44 936
4194 -0.35034098476359171 0.78849155281868166 3.1326085214474753 213 196 157 0.54129347877054912 42 1059 100 1047 80 1034 75 847 68 965 62 1063 35 881 63 838 17 987
4196 0.76189258008528182 1.2540777157141432 2.8557693910461515 225 207 169 0.77560975503139085 82 999 100 1081 80 1065 44 975 23 924 75 931 68 1020 63 974
4197 0.27146071931759908 1.0744465461489658 1.5212192516162093 241 204 66 0.34630630091166914 42 1112 100 1084 44 979 23 929
4198 -0.51111296262339789 0.67598824832569471 2.5851293691939712 148 143 149 1.7346865517134413 75 962 62 1159 68 1059 35 977 59 1076 10 1147 15 887 63 1003 93 856 13 1068 47 1025
4199 -0.3265025927910547 0.50733787114000839 1.997707056198579 255 246 67 0.29202708151675327 45 979 31 1030 18 924 100 603 79 1034 42 587 80 614
4200 -0.063605385109909651 1.0219257299080822 2.1281746107007109 24 25 26 0.83431660575715627 51 1062 90 997 18 1134 31 1154 42 1036 100 1027 72 1028 88 1034 40 963 82 931 80 1015 44 924
4201 -0.11177601305107809 0.8904684196862086 2.2436366942764052 17 19 22 1.0632421929963582 18 1101 42 1043 100 1032 90 1036 82 868 80 951 44 863 23 814 75 772
4202 -0.54189892804325823 0.50602923507792719 2.3700300752934829 255 242 62 0.24368396677133913 42 31 100 39 80 55 62 92 10 89
4203 -0.17551734598661781 0.55148962993758299 1.9842457831924749 255 209 48 0.18510515155729373 100 338 80 16 44 217 75 17
4204 0.099552026974780675 1.2386918541742589 1.7463231242105055 14 12 10 0.049605655634732293 79 63 100 26 80 25
4205 0.98848582135069873 1.2814910621359437 1.5328863452195893 202 136 37 0.08948247367978239 100 100 80 82 44 66
4206 0.33152479772516541 0.86488019702217733 2.059590065116347 157 114 25 0.10132563871000232 100 101 80 92 44 279
4207 1.0611365855986323 1.2455982375329422 1.5821907430810283 1 1 0 0.23264445802872755 100 436 80 95 44 329 75 313
4208 1.0611365855986323 1.2455982375329422 1.5821907430810283 1 1 0 0.23264445802872755 100 437 80 96 44 330 75 314
4209 0.39420678685144195 1.0105043592781873 2.1741002195918266 244 176 49 0.32288113264860963 100 134 80 138 68 351 35 129 7 155 10 411 59 193 63 544 15 481
4210 -0.29498189379713824 0.71960888910166643 2.7165494463873352 19 18 17 0.20016506784493138 100 128 80 156 9 612
4211 0.88203962954004045 2.4317939731252793 2.0054500802531909 230 216 181 0.30717876338844829 100 168 80 189 44 389 75 173 68 213
4212 0.46674535844292708 1.3087885532912982 2.3485134800152259 252 187 45 0.15509615183789716 100 175 80 190 75 134
4213 -0.36062843653871446 0.79363061418912073 3.0064752775486947 12 11 11 1.1762314632176027 100 169 80 209 68 164 35 149 7 180 59 255
4214 0.42282370189162433 1.2027382708209027 2.5304283693086442 34 26 18 1.9759909782815228 82 136 100 209 80 221 75 148 35 199
4215 0.6584847824567357 1.8855530506680407 2.3954077026371738 235 218 179 0.048348794746994814 100 213 80 228
4216 0.1427801111214865 1.06026484310911 2.9908504121890034 211 195 157 0.069018879621963722 100 228 80 238
4217 0.44112012218781671 0.98798124241186192 3.0036354290347265 151 99 71 0.071065660436585742 100 254 80 250 68 226
4218 0.9574346866651442 1.4658321783172377 2.7542432228315645 225 208 170 0.041658753369829986 100 283 80 253 44 172 23 193
4219 1.218480977969989 1.5614905734478144 2.6742501062118977 232 217 178 0.16083599720226457 100 577 80 261 75 490
4221 1.2941183229603694 1.5434203497984358 2.7041261210166825 100 65 49 0.16585106496133878 100 310 80 267 23 213
4222 1.3676980146881226 1.595657853051287 2.6846323638142606 238 218 174 0.17518863921171737 100 315 80 270 44 186
4223 1.4926774578064577 1.6603397202377772 2.6523336387532055 228 213 176 0.051781003965080508 100 318 80 276 44 189
4224 -0.72921387674730487 0.57881923720575912 1.9233979665405181 2 2 1 0.28595830873554989 100 320 80 278 27 208
4225 -0.42152723326100272 0.64734788100530039 1.8737921810109093 255 242 61 0.11155447644861058 100 322 80 281 44 195 75 217
4226 0.7144253393369191 0.81485051543038667 1.4776165339851168 10 10 10 0.34805362746290247 100 626 80 305
4227 -0.14844445514343074 0.61080322444992763 2.0400679138454496 255 245 61 0.31646391697035975 100 34 80 323 23 239 82 285 75 243 68 271 35 297 7 350
4228 0.74830846608422885 0.7335608683882493 1.5553503505121917 30 35 44 0.34767702462995892 100 636 80 329 44 498 23 487
4229 -0.54504965456600685 0.47321162650606086 2.3200451366083223 253 236 61 0.27032021633272924 100 33 80 342 44 10 23 15 75 28
4230 1.0319601103267337 1.1878876879648028 1.5985004612898346 254 235 60 0.28271675617328518 100 434 80 411 44 324 79 504 26 506
4231 0.5907174012980394 0.89421389677630758 1.9806966064466631 177 116 26 0.34512196907946863 100 123 80 426 62 421
4232 -0.21887327606290738 0.64731087323247238 2.5124781040865716 11 13 19 0.25986324310170072 100 107 80 428 68 108 62 428 10 415 63 555 15 498 93 566
4233 -0.21743372767087041 0.64627941802685795 2.5119556621914878 11 13 19 0.26525286750394456 100 108 80 429 68 109 62 429 63 556 10 416 15 499
4234 0.43354907305752749 1.0216275265187613 2.1538226204299136 93 90 100 0.18738045141379145 100 454 80 437 44 69 75 319
4235 0.36592539200246721 0.9950851663982534 2.2978874925538819 27 27 33 0.10735426426636212 100 153 80 447 62 447 68 363 35 136
4236 0.33197301680771502 0.98285178009146068 2.3465644762883646 163 118 23 0.61242745678938415 100 683 80 452 44 334 23 331 82 349 75 338 68 369 35 363 7 165 59 480 10 737
4237 -0.39418369516157586 0.65603939016779866 2.907064320175313 15 14 13 1.4002192707525214 100 463 80 467 75 312
4238 -0.47151932291341631 0.64762097532484397 2.9760732778068832 11 8 8 0.28947037063846986 100 467 80 468 44 56
4240 0.35792544254557296 1.0559945680299989 2.5410457995342997 23 19 15 0.18478861971733948 100 508 80 513 44 361
4241 0.53724943525068036 1.648517103500045 2.5420758970400366 252 228 173 0.1611239739335677 100 525 80 542 44 402 23 406 75 428 68 476
4242 0.54579183774594742 1.1708378336347727 2.7372763677356065 5 4 4 1.6073526310051862 100 548 80 570 75 438 35 684
4243 1.3124760637463582 1.4665609141600227 2.7509111691395667 151 100 71 0.41064074308696152 100 881 80 598 44 730 23 773
4244 -0.35251071634520909 0.87303170253953832 1.8112555587346046 2 2 1 0.44865726356203667 100 584 80 603 44 736 75 752
4245 0.56514840121293575 1.3188529678367635 1.2892006569449481 255 171 25 0.57638469271277515 100 328 80 604
4246 -0.29692315755763415 0.58438406934957876 1.9391455369887445 255 247 63 0.12027526933684952 100 598 80 609 44 209
4247 0.62441563929812183 1.4318721970369701 1.3558680410072113 255 172 25 0.28831831271840758 100 611 80 617 44 482 82 501 75 516 68 578 62 622 35 306 59 765 10 679 13 797
4248 -0.19475835617498868 0.56096991878036273 1.9600256129862608 255 252 63 0.16541050318293563 100 610 80 619 44 459 82 467 23 237 75 234 68 264 62 335
4249 -0.08821465368160572 0.7617037424821167 2.2917290596249136 254 218 58 0.34202365048411754 100 647 80 655 44 256 23 44 75 275 62 665 35 321 68 324
4250 -0.54378826540077085 0.60523513973154108 2.629604490058294 254 199 54 1.5809183582867341 100 644 80 658 44 758
4251 -1.1917836689926058 6.4499544967749269 2.5447720442368449 250 196 53 2.1740160640973825 100 634 80 669
4252 -1.1917836689926058 6.4499544967749269 2.5447720442368449 250 196 53 2.1740160640973825 100 635 80 670
4253 0.36829571629322816 0.78930481997504975 2.1570335367676279 196 200 224 0.12792808826245705 100 438 80 671 44 297
4254 0.36829571629322816 0.78930481997504975 2.1570335367676279 196 200 224 0.12792808826245705 100 439 80 672 44 298
4255 0.60351101325992107 0.94625043988727331 2.0346321617932408 94 90 100 0.41629059691698372 100 457 80 675 44 321 23 103 75 311 68 626 62 674 10 714 15 462 63 530
4256 0.019077999186634331 0.77164064532447119 2.4447111982010883 209 211 232 0.25791409892230271 100 441 80 677 44 292
4258 -0.10893247549040622 0.80391619132402048 2.5444491350061988 188 105 15 0.24921432280667635 100 670 80 680 44 511 62 696 10 739 93 573
4259 0.021300800202206292 0.82040559949459424 2.4835651292882659 220 139 32 0.65166481171319812 100 448 80 686 44 57 75 561
4260 0.30149403225256577 0.93910902868846846 2.3802165982863892 31 32 31 0.52734492430322144 100 686 80 694 44 533 23 509 79 858 75 782 26 840
4261 0.57605576375472156 1.2766841911697686 2.200153072902336 40 36 30 0.51634224065444989 100 695 80 697 75 582 68 376 35 162 10 438 59 232 63 397 15 328 93 376 13 232
4264 0.51477125175260641 1.3035049449014406 2.2962530895077604 235 173 44 0.68887792139153226 100 701 80 713 44 541 75 586 68 650 62 984 35 650 7 682 10 988 59 811 63 819 15 679 93 690 13 843
4265 0.42743740901077987 1.4358453701102347 2.4600463635422494 248 185 49 0.4294127180517826 100 500 80 722 44 551
4266 0.39606180128368795 1.5943802684317621 2.5810336422170272 243 213 163 0.73676337251467916 100 715 80 729 44 560 75 601 68 445 62 754 35 678 7 438 63 464 15 404
4267 0.90719155918672956 1.9602867627022746 2.3188713415775482 231 217 179 0.52027493378428702 100 732 80 739 44 611
4268 0.52641349450910513 1.4113876876624987 2.6321780691510557 239 212 163 2.1643860106121799 100 733 80 745 68 687
4270 0.53660553022080848 1.5393985162338399 2.6585663136403954 249 223 171 0.12367420108180249 100 742 80 750 75 627 68 702
4271 0.93634666409328582 1.9085303959362891 2.3801071167808803 252 227 177 0.14649514098209029 100 754 80 751 44 631 23 619 75 667 68 744
4272 0.60189776124853156 1.5667509574602483 2.6414786869089597 248 223 173 0.11744382348551889 100 751 80 756 44 600 62 815
4273 0.60302733783611573 1.5649336845034156 2.6402972833395659 248 223 173 0.14583443856622572 100 752 80 757 44 601
4274 0.61415785667840794 1.136039092204616 2.7137753286780906 13 12 13 2.1644223070188477 100 939 80 784 9 885
4275 0.61214498746375456 1.3163071057659994 2.8389911754471346 249 225 174 0.11010710585383245 100 799 80 805 44 645 23 577
4276 0.677108024664138 1.3442895392290268 2.8199955431998238 248 224 174 0.093896977707578391 100 809 80 812 44 660
4277 0.47086729996640075 1.0267897131508534 2.9930757269352415 154 100 71 0.55073953200094372 100 812 80 819 44 636 62 603 9 919 65 841 6 824 39 736
4278 0.70863477643335859 1.2977734308461291 2.8617681149573437 244 221 172 0.1991721521654195 100 833 80 826 44 676 23 610 75 686
4279 1.1422364768707514 1.6321811435241615 2.637739896816079 251 226 177 0.15035281293986638 100 856 80 839 44 715 23 676
4282 1.0070115004753695 1.2805066182153317 2.8091163613477206 149 99 71 0.40216347044396256 100 869 80 847 44 713 23 666 82 677 75 723 68 819 62 911 35 737 7 728 59 353 42 826
4283 -0.34937031674335756 0.42243548212392423 2.0690933709571442 255 228 65 0.35685322799902441 100 889 80 862
4284 0.42261930028621253 0.8350411368628099 2.1240890270754038 255 198 44 1.3782387365831223 100 911 80 882 44 776 75 555
4285 0.43535407205951732 1.0316001165335558 2.1915229659846096 239 170 44 0.2031711895720123 100 675 80 890 44 528
4287 -0.2721421853119691 0.71653389673898749 2.6831688518075985 23 16 7 0.45075189051656456 100 978 80 892 44 772 75 841
4288 -0.16684124944764467 0.73461328064832276 3.1698497868130513 148 97 69 0.49089725058465966 100 933 80 905 75 592 68 672 62 757 35 654 7 686 10 546 59 521 63 702 15 591 17 813 65 985
4289 1.179552575444585 2.0274847362170494 2.3036474422416116 240 221 181 0.18782802888137012 100 940 80 908 44 817 82 794 23 756 75 800 27 780
4290 1.1788511851175825 2.0298760061761776 2.3048878960967825 240 221 181 0.14308922360846585 100 941 80 909 44 816 82 793 23 755 75 799
4291 0.45917660006371913 1.0166846393619706 2.9849398673108958 165 103 70 0.52133385836796886 100 942 80 913 75 796 68 919 62 1008 35 848 7 826 59 955 13 960 47 923 74 771
4292 1.2070498245293786 1.3770541524016238 2.759844189445694 152 101 71 0.70034674213261738 100 950 80 918 44 834 75 865 68 975 62 1014 35 892
4293 1.1650655189747854 1.3293194420848253 2.7980481512595983 115 71 51 0.67161986815149799 100 880 80 919 44 728 23 449 75 805 35 891 7 870 74 781
4294 0.69042488545986003 1.4546338024160115 1.3604408361080103 255 227 55 0.23832926994979245 100 962 80 928 44 857 75 823 68 579 62 627
4295 0.69051676882989865 1.4559162212710723 1.3599071619512322 255 227 55 0.18851878170209244 100 963 80 929 44 858 75 824
4296 0.63796694988391889 1.3436232344254344 1.4454796757980941 242 231 57 0.46584640491940715 100 967 80 931 44 923
4297 -0.13516488619430927 0.53748954934433668 2.0212547511230445 255 245 63 0.18005883840038164 18 936 80 933 62 938
4298 -0.23494688018801657 0.95470570697153656 2.2073328695180749 242 191 52 0.74527201958172473 100 1025 80 943 62 951
4300 -0.25239605345664839 0.78010641565809991 2.331340972454869 132 98 40 1.2820494351970786 100 969 80 952 44 488 68 867
4301 -0.1492749826298749 0.78880936719197059 2.3551670602313615 121 87 17 0.64530039459633293 100 903 80 956 44 502 75 542 68 618
4302 1.0557517458067738 0.77669296889787054 1.6830323785247374 226 163 42 0.43050570635183633 100 913 80 961 44 782
4303 -0.12212875065480681 0.70095240264352288 2.4393779349046461 255 239 60 0.52550705288546795 100 975 80 963 44 869 75 833 68 946 62 1049 10 1043
4304 1.0499625499473089 1.3858304235356478 1.4531550897420367 0 0 0 0.079894979965770274 42 990 82 900
4305 0.84593323679162835 1.9488632819351128 2.3544362638601002 230 215 178 1.4125331533171288 100 998 80 977 44 898 63 660 65 937
4306 0.5735922935929838 1.0464037903318888 2.9549344252594287 71 47 40 0.89953984548871724 100 1004 80 990 7 866
4307 0.67348194681937812 1.1481344687388588 2.9384525023928574 74 49 38 0.86817045804688531 100 1006 80 991 44 901 23 843 75 862 65 1032 17 984 9 1100
4309 -0.032500941433561435 0.87244156516027194 2.5715456394215388 255 235 63 1.3031155790926419 100 979 80 1030 44 878 23 829 75 893 68 1012 62 1121 35 920 7 889 10 1131 59 1040 63 991 15 873 93 846 17 1067 65 1124 9 1157 39 974
4310 0.50851998146010868 1.2886014762476516 2.5909838002756187 42 38 31 1.7307082065535171 100 1049 80 1036 44 895 23 893 82 969 75 905 62 1094
4311 0.50059893621171325 1.1765974930742678 2.7222590417702359 137 128 137 1.9101585043966482 100 934 80 1037 44 802 75 858 68 999 62 1096 7 862
4312 0.72815377203324005 1.1867609551628489 2.9243524086838337 83 57 48 0.20629320134336893 100 1007 80 1038 44 902
4314 0.42860330992557677 1.2557258532198154 2.8459157018531838 124 110 85 1.732560931581631 75 946 62 1114 68 1017 35 948 7 930 10 1111 59 1033 17 1037 65 1094 6 1040 71 1003 39 943
4315 0.26642553946127667 1.0816514156881556 1.5257780985104898 232 190 57 0.37681254385995677 42 1111 80 1067 44 978
4316 0.45945652085282407 1.0454688090220983 1.4877315243744242 20 14 7 2.1949242683806531 100 1085 80 1068 44 981
4317 -0.15388580406063723 0.77194797585871766 2.3666380412729313 91 69 43 1.0012545967361277 100 1091 80 1077 44 987 23 933 82 983 35 935 7 914
4318 0.27918621787692588 0.83431126081529006 2.1114679187855128 246 206 64 0.34464080806036712 100 1094 80 1079 44 958 23 876
4319 -0.46454740467937128 0.67910155458613719 2.9713363052985899 58 57 53 0.49618931732089705 100 1097 80 1083 44 963
4320 0.85051898769839152 1.3107452951585234 2.8598582936249577 111 74 56 0.68996304939333208 100 1101 80 1084 75 947 68 1036 62 1129 35 951 10 1113 93 805 17 1040 65 1095 6 1039 71 1002 39 942
4321 0.92402534843619077 2.3858549506590832 2.0873415539922031 209 196 163 1.2696013038153975 82 1030 44 1011 100 1121
4322 -0.14939004357467237 0.96553644164175656 2.9727291991198053 16 15 16 1.2985402704053639 80 1090 23 935 100 1109 75 952 68 1048 62 1142 35 965 65 1137 9 1199 27 910 44 996
4323 0.5171387006867898 0.74706212756082002 1.7901110121844266 239 206 69 1.3973360292393673 100 1114 80 1092 44 995
4324 0.34482419459189417 1.0644588147952818 2.3535781393369999 183 140 37 1.2030120522216037 100 1117 80 1104 44 1002 82 1020 23 952 75 951 68 1057 62 1150 59 1054
4326 0.58794185386557007 1.1978298368945666 1.0851057481387956 255 255 83 0.079260123880345354 42 1 44 5 27 14
4327 0.52980860955168896 1.0045406853651551 1.3571907921318034 129 137 162 0.31260703221199648 80 4 44 11 23 26
4328 0.63165852831452807 1.5627765821235096 1.2774307751317759 0 0 0 1.6918145237392554 42 9 100 334
4329 -0.46984944786427713 0.79126437729010379 3.0290400436933944 14 13 12 0.095706426743860581 100 160 44 67 27 94
4330 -0.37524399655756457 0.76685037261154609 2.9946033466609125 15 14 13 1.5773552555930728 100 475 44 73 68 161 62 214 35 147 7 178
4331 -0.62536904195163112 0.59801740509914547 3.292942342095758 216 200 161 0.36934968615033048 100 185 44 79 75 105
4332 0.28882977771754437 1.2042174887396018 2.6070764919229119 20 20 23 1.8232468949800438 80 216 44 126 35 191
4333 0.39310783082162815 1.1817933772317255 2.5289309399962554 34 23 15 1.6870323684029753 82 132 100 203 44 130 35 190 75 143
4335 0.64323055318116662 1.8149402953806462 2.4541822858174882 235 216 176 0.19468746707586115 100 221 44 152
4336 0.45921969263137041 1.1495282000376801 2.9431001169062081 139 93 66 0.25117457896795065 82 171 44 159 23 177
4338 -0.84777793943717994 3.9268148395916378 4.7412178178476614 229 211 172 0.7998129866440441 100 251 44 161
4339 -1.0031350645346733 4.1842534801162845 4.9344652832199962 229 211 172 0.91219237555348964 100 252 44 162 23 187
4340 0.95828550217574648 1.4642265705989399 2.7533212163686405 226 209 172 0.033994233391721751 80 252 100 282 44 171
4341 -0.71178048830262541 0.61440137557057772 1.9074900577092238 253 233 75 0.48948023548843494 82 687 44 191
4342 -0.17760146315821526 0.55226500711867532 1.9853437019823343 255 210 49 0.20414798405216408 100 337 44 216 75 16 62 25
4343 0.61886953443100556 1.3487609155843636 1.416668251948723 255 251 64 0.45357740434435834 80 15 44 242 23 486 75 257 68 280 62 37 35 305 7 358 59 153
4344 -0.17199904843033803 0.90024848527103729 2.2514511432825404 252 199 50 0.19834238902585841 82 478 44 247 23 263
4345 -0.108170074837994 0.7115891473674103 2.2424758494867487 254 220 57 0.40571211565001641 100 642 44 248 23 39 75 262 27 43
4346 0.68436009100666073 1.3845080509167842 1.4516938968832673 255 241 62 0.050649847929793511 100 355 44 250 23 273
4347 0.51335289452995381 0.75621512398246804 1.8719525045408276 246 196 51 0.21909822459822839 100 650 44 274 23 271 27 264
4348 -0.01405292135531978 0.79119533832696143 2.4965115630256536 147 146 163 0.19484260222440208 100 446 44 295 23 74
4349 -0.4197302591315572 0.76485269182938087 3.1852085604068914 220 201 157 0.067574242156135736 100 503 44 343 23 96
4350 0.48009108749916662 1.2052327494945543 2.6253800067866839 27 25 27 1.5417766636530423 80 545 44 401 35 672 75 599 7 431
4351 0.26489096443825227 1.1343401652584342 2.9369843366675927 26 23 20 0.1192767327701291 100 541 44 407 75 425 35 242
4352 0.56624335156796779 1.2926484639673845 2.6333563624570697 240 213 162 1.5971651726933012 82 432 44 411 75 792
4355 -0.30843110888873054 0.7140740906865275 1.8350406727460846 255 241 68 0.22307426572442152 42 832 82 690 44 457 23 464
4356 0.6557775805572954 1.4292369555936624 1.379748656423855 255 222 53 0.3582413367334415 82 722 44 487 23 490 75 520 68 283
4357 -0.24928320329757411 0.75463104907761336 2.3655906721961153 173 176 195 0.17274201546319967 100 643 44 494 23 478 75 535
4358 0.77600376489768241 0.7277906536833737 1.5677122101576422 183 192 218 0.30030835097920011 80 339 44 501 23 492
4359 -0.32508023181387063 0.70658574014770148 2.6990205703925354 37 28 16 0.36035943904651019 100 668 44 508 23 489 75 554 27 266
4360 1.0274754598419511 1.5020702123893657 1.4056641144325093 253 210 59 0.081637684390551468 100 646 44 517 23 513
4361 1.025342157626107 1.3035904213684364 1.5308306217083147 2 2 1 0.11600599096614926 100 657 44 524
4362 -0.26024483680946836 0.92151719354140282 2.9740406601208305 150 143 156 0.33125196013049391 100 922 44 535 27 334
4363 0.94664062123014059 2.3834217994643772 2.0547221117704497 253 228 178 0.071789676830175189 82 613 44 575 23 587 75 630
4364 0.94653843971925156 2.3838321699702392 2.0548826320870202 253 228 178 0.081951816075600245 82 614 44 576 23 588
4365 0.59150973791646733 1.6868835457487965 2.5329061982204228 254 230 175 0.072913779803141524 100 726 44 581 23 546
4366 0.59150973791646733 1.6868835457487965 2.5329061982204228 254 230 175 0.072913779803141524 100 727 44 582 23 547
4367 0.67247982007718365 1.8009844346015629 2.4502587141656145 238 219 176 0.16846598622928666 100 723 44 585 23 554 75 626
4368 0.80458881878192778 1.8586195838824002 2.4191729137326923 250 227 177 0.2997699359647385 79 767 100 735 44 605 23 584
4369 0.45038217342718639 1.0406176698618939 2.9311383035172143 164 105 74 0.91394834948180526 100 789 44 614 23 740 42 1020
4370 0.66896139168960012 1.2438709122174703 2.7734578917741075 248 224 175 1.7062923374377936 80 804 100 798 44 644 23 576 26 908 79 1076
4371 1.4609523209844109 1.6534378206527858 2.6446569298698042 249 226 177 0.14450098896829675 80 854 44 732 75 748
4372 0.50904101219162212 1.0393016743659624 1.2869170354872912 1 1 1 0.73006649116664135 42 966 100 587 44 740 23 791 75 754
4373 -0.56181372488718451 0.49379060234586208 2.3932117846119012 3 2 1 0.4154475623638838 80 940 100 625 44 745
4374 0.88911918619925789 1.512929615049051 1.3822188483166096 1 1 0 0.10939274805933687 100 898 44 769 23 830
4376 0.77121466331358257 2.3705162241722144 2.0435076631931537 226 209 173 0.33169509323785767 82 735 44 794 23 738 68 685 7 717 10 547 59 838 35 690 13 870 47 857 57 691
4377 1.2504208692356653 1.9438787641355031 2.4034997681844001 245 224 180 0.087517505101009238 80 811 44 827 23 762 75 804
4378 -0.58973836884672159 0.3758573656237027 2.0774712681076184 255 227 62 0.29241725098971094 100 956 44 839 75 808 35 799
4380 -0.49866991436563218 0.50398302500427472 2.4189052616481161 174 182 205 0.94255496736995303 80 942 82 693 44 849 23 790 75 818 68 934 62 1075 35 870 7 851 10 1079 59 973 10 964 63 933 15 751 93 658 27 797
4381 -0.52529682033747616 0.54273970353284651 2.5467853762042547 255 209 59 0.3280689000817224 80 953 44 856 23 798
4382 -0.60419181723874027 0.64966504181416462 2.755204051249001 0 0 0 0.26660461434613519 82 861 44 865 23 864
4383 0.43449427759487874 0.79666616379636657 2.0677886620563606 11 11 12 0.39015085380692649 79 1191 44 872 23 716 75 835
4384 0.19107004417810977 0.82982953206382659 2.4335002909159416 190 144 33 1.2706160547790954 100 982 23 724 27 814
4385 0.57725101540982215 1.1046883273300079 1.3017946988425864 6 5 1 0.85478900215291764 82 989 44 913 23 799
4386 -0.28895031375355751 0.74996573056030946 2.398070521337448 156 158 176 0.36992326029675354 100 1033 44 926 23 805
4387 -0.65256049607399358 0.62019834218683256 3.2699804950190767 214 201 167 0.42390151906037088 80 1033 44 935 23 878 75 896
4388 1.1366270190722358 0.8267365030845597 1.6605453182483427 255 253 71 0.19554491217556416 82 904 44 937 23 837
4389 0.16385534532303325 0.84608624179627656 2.2292582701894581 126 81 12 1.2179963340398976 100 1071 44 959 23 822 75 837
4390 1.0021380976143399 1.5083317890909447 1.3942659716599175 223 163 42 0.38763862622439238 80 1013 44 962 75 888 35 877 7 883
4391 -0.32147194786152294 0.86441430696883614 3.0661715145048025 19 19 19 0.92392774688172019 79 1231 80 1060 44 967 23 880 82 951 75 927 62 1109 35 945 7 922 91 791 47 975 74 926 57 845
4392 -0.71724404782436835 2.5730287394075066 3.4309667304953715 96 73 52 0.86139973391074254 79 607 44 969
4393 0.67678217663008822 2.3306959325227483 2.0694060720139005 89 63 54 0.36396564466487824 82 998 44 972
4395 1.0657736588819067 1.302612812805269 1.5486453668090927 91 56 43 0.52415061722652845 100 1095 44 988 23 946 27 903
4396 0.38400694909629113 1.0664904127136361 1.4067352483667421 0 0 0 0.1542435725584676 100 1104 44 992 23 908
4397 -0.17178313399079842 0.76260585644464784 2.1655544937582314 255 231 62 0.79003456455653576 100 1112 44 997 23 954
4398 -0.23932121856544017 0.72307401706882724 2.5446725751079691 242 192 45 0.46400481263050691 80 1102 100 1116 44 1000
4399 -0.56947708247621265 0.65908393351049033 3.2070362363431468 236 215 168 0.71218897839496198 82 1018 44 1004 23 956 91 890
4401 0.6918264244044281 0.82126361437652495 1.460504289717852 191 202 232 0.25941194465333073 18 93 42 66 44 31 72 133 88 136 82 69 75 31 27 38
4403 0.82528357229882199 1.4811299526870216 1.3657238647688779 255 233 63 0.26560160069936306 42 364 100 360 44 261 51 118 72 548 31 10 45 9 18 324 88 452 40 430 82 361 80 322 23 284 27 79
4404 0.83905952416348173 2.4050876985327694 2.0229796639588331 228 210 173 0.66785700382440161 100 698 80 709 44 559 51 642 72 729 88 862 30 1155 38 1153 95 1195 89 1309 14 1137 92 1148 11 1045 64 1267 41 1130 40 807 82 738 23 744 75 610 68 686 35 691 7 718 91 808
4405 1.0096468498219975 1.2777113551938775 2.8039495986978222 149 99 71 0.22511713113952894 100 868 80 846 44 714 79 937 42 825 82 678 23 667 75 724 26 923 27 666
4406 0.56236683368065465 1.1912088245189696 2.7243244944453004 15 16 18 2.0277769191834012 90 987 79 1228 82 1009 88 1058 40 1013 23 939 100 1100 44 974 91 870
4407 0.077329714520891629 0.8499344579622744 2.4351316053703442 28 28 31 1.0049213411576845 52 772 45 455 72 316 18 733 31 813 88 592 51 909 45 961 90 823 40 531 79 1065 42 664 82 717 44 877 100 912 80 891 23 718 75 775 62 694 35 825 7 666 59 937 13 936 27 741
4408 0.98442777618340849 1.3511137032476801 2.7874141480023855 87 59 48 0.72448476958797259 84 1138 52 1160 4 1166 45 1062 31 1164 18 1147 42 1108 46 1065 82 1001 44 945 100 1055 80 1040 23 898 75 907 91 875
4409 -0.17290492994008835 0.35505197377927089 1.6152028911653735 251 229 74 2.24683962591729 79 1109 23 1
4410 -0.34731109507954411 0.86663707968819403 1.8227157753166545 3 3 1 0.66179147755657841 44 3 23 13 91 242
4411 -0.555439654429286 0.50612926306933792 2.394573708452763 1 1 1 0.18464018548595418 44 16 23 18 75 35
4412 0.63909490800765978 1.1837916669186848 1.1126659571607149 255 252 74 0.10853692728063784 82 36 23 23 27 15
4413 -0.028959680795807796 0.96020066985825459 2.093068137308792 30 23 15 0.1060514545019853 82 33 23 41
4414 -0.32850234940155587 0.67275296028645515 2.7655474617980462 24 23 25 0.21803779264027323 44 287 23 60 91 51 27 69
4415 -0.13050666137546965 0.92887275742955167 3.0406202661923794 22 20 20 0.12913653955260387 44 123 23 115 27 135
4416 1.1371930558891368 0.84857536210163542 1.6958881033952156 255 192 47 0.3367282687684881 44 115 23 142 75 322 68 613 62 655 27 133
4417 -0.82224258868265454 2.3151640584315119 3.9584772433892534 28 22 16 1.0619883578196569 23 164 26 411
4418 0.49234270955122639 1.3431080577456851 2.6227369060061534 32 28 22 1.191903824378018 42 242 23 170 75 420 44 567
4419 1.2358173625175624 1.0354299565246556 1.7652246440379413 255 230 61 0.037220981898809062 44 140 23 171
4421 -0.2333570436442779 0.74029065986613585 1.8235457092478022 255 247 65 0.16929021247440748 44 458 82 465 23 231
4422 -0.25273772120114668 0.52970830066587848 1.9710513026374812 255 249 65 0.2358117033871994 44 214 23 234 27 12
4423 -0.62526256347649967 0.61449277574958028 2.6792415590832981 2 2 1 1.0961650978656201 44 244 23 254 68 620 62 678 7 371 35 616 63 565 15 329
4424 0.56685730143687196 1.330911494521906 1.2936644121753853 255 176 26 0.47683042869966813 82 53 23 260 7 624 59 900 10 942 13 907
4425 0.57540491135752725 1.2987564833651848 1.3816006335421624 255 251 64 0.32727500572255219 44 236 23 264 75 247 68 270 62 23 35 300 7 355 59 140
4426 -0.076136650610176285 0.88176908930044073 2.6474006116490649 18 14 11 0.30599815914306094 44 309 23 297 27 307
4427 -0.23035323234066321 0.91584952912345574 2.9952445588778875 17 16 17 0.075386092972348287 44 344 23 329 27 343
4428 1.103001914137441 1.0886883512361061 1.6718661021121246 255 240 60 0.10128303336747781 44 349 23 378 27 360
4429 0.38829957402869103 1.1097232572533038 2.9457384427983411 135 89 62 0.18618282267676714 82 423 23 409 75 183
4430 0.76143466103967672 2.3595247373365695 2.0348670090053917 220 202 164 0.38661681153192323 44 376 23 410 75 163
4431 0.83898107318066439 1.3600652826893518 2.8240620674547325 223 203 160 0.18548534887031196 44 436 100 565 23 437
4433 1.4277527902019378 1.5595707446596268 2.7251490440640578 138 90 63 0.089784655870027832 82 265 23 460
4434 -0.13209206349582489 0.59132071982769852 1.943812398817178 255 246 68 0.28259141426260381 44 461 82 472 23 465 75 240 68 266 62 336
4435 -0.13882180519860818 0.59345484946431992 1.9888400861797093 255 208 49 0.35296139603478832 44 741 23 466 75 759 80 864 68 857 62 937 35 590
4436 -0.064837762170455684 0.73955289774619493 2.2084046691430346 255 244 63 0.23136478858511683 44 492 23 479 75 531 27 247
4437 -0.020436734998331662 0.89396907705659945 2.3094220127277771 255 212 52 0.17321015462615705 44 273 23 491 75 289
4438 0.13590405199479119 0.94781649737637663 2.5027521278452602 202 156 36 0.26595621905928707 79 285 23 503 26 296
4439 0.95913848342076935 1.599267960638453 1.3274699777361465 253 212 61 0.078566347424056895 44 506 23 505
4440 0.95913848342076935 1.599267960638453 1.3274699777361465 253 212 61 0.078566347424056895 44 507 23 506
4441 0.51350004288989692 1.3429258141379035 2.7390137424830381 231 207 160 0.35040918003646698 44 417 23 540 75 794
4442 0.81624747113710172 2.3313710917160417 2.092902339936904 248 225 176 0.19583313579177411 82 575 23 557 75 614
4443 0.82583063760035436 2.3192515580140793 2.0874426249022613 248 225 176 0.19959178798776953 44 392 23 558 75 615
4444 0.6320138752614517 1.6453352477132124 2.5841187979072568 253 226 174 0.18538752706769351 44 595 23 559 75 637 62 807
4445 0.73864568230595729 1.3734516544820796 2.80126105820962 245 223 175 0.030984728684544802 82 607 23 612 75 683
4446 1.2221721062990618 1.9760101301524016 2.3492692730693081 253 233 181 0.11391483203221005 44 695 23 672 75 715
4447 -0.42514442460974688 0.40080729311383112 2.0840536131110676 255 242 66 0.22026964895412893 42 968 23 693 75 753 68 853 27 708
4449 0.39260380438245945 1.0217002547875311 2.2852454977802035 255 228 57 0.26167714926001184 82 728 23 729 35 830 68 638
4450 0.99538547819993317 1.9357210546872106 2.3552429328123057 242 222 178 0.074424315312395614 44 810 82 763 23 749
4451 1.2504208692356653 1.9438787641355031 2.4034997681844001 246 226 181 0.087517505101009238 44 826 23 761 75 803 80 810
4452 -0.63332220924600446 0.68166947491447893 2.2585725817995597 255 241 67 1.7486809479936332 44 738 23 783
4453 0.5522355137735212 1.3308950878629475 1.3315736618888296 255 252 63 0.74303945839648933 44 846 23 806 75 815 68 856 75 761 62 618 35 869 7 846 10 345 59 967 13 970 47 933 74 871 57 794 91 788
4454 -0.11792899200234649 0.9945872819840389 2.1873750908259755 253 202 51 0.31313078989787224 82 865 23 807 75 827 44 929
4456 -0.13582829751208736 0.8268552475139439 2.2836911226999299 255 229 59 0.52463963600277019 44 956 23 913 27 880
4457 0.37963165679854072 0.91136140536954358 2.1924371689008439 255 229 58 0.55483540373168183 44 965 23 918 27 884
4458 1.1626402312326283 1.4537177840381572 2.7567939272510467 107 71 55 0.62402562397310446 82 1002 23 926 91 877 40 1019
4459 -0.63556322117155706 0.52633873193786151 1.953375287728863 255 230 72 0.49865163586133621 44 991 23 927 75 912
4460 -0.47407861022946113 0.49467753848236728 2.2976392322213832 255 209 54 1.441010608895603 82 979 23 928 75 933 68 1024 62 1119 35 956 10 1116 59 1020 63 979 93 834 13 1001 27 896
4461 0.94897282149368556 1.267921767321559 2.8500369203208078 107 72 58 0.20789374103220953 4 152 31 538 18 556 42 559 79 643 82 454 23 440 100 575 44 441 75 486
4462 1.1853646041989931 1.5808539891675739 2.6717964891804264 141 130 103 0.2852946006995003 80 590 44 444 23 446 82 254 100 301 26 307
4463 0.81780042799721531 1.3015614461636777 2.8473605967302071 77 53 45 0.50736957739729927 36 931 84 910 52 930 4 961 45 842 90 779 72 801 31 949 18 984 88 417 79 1080 42 930 23 637 84 911 52 931 4 960 45 841 31 950 18 985 88 418 79 1081 42 931 46 915 82 751 100 947 80 916 44 689 44 822 23 638 75 703 62 899 91 684 61 648 65 960 65 961 17 790 9 1024 9 1025 46 916 6 927 71 881 39 722 48 532 96 683 73 658 81 624
4464 1.1068293628895172 1.5647208358387279 2.7015508400301118 236 218 176 0.27537479022165989 45 611 31 747 18 789 23 675 100 863 80 842 44 718 75 733
4465 -0.57069635812074537 0.52174392180673468 2.5220469609611906 1 1 1 1.3281589462562122 100 1026 80 947 23 697 44 749 82 8
4466 -0.065752017953077529 1.0246990639074376 2.1330248863287156 30 25 15 0.40380691259075757 42 1037 100 1028 80 1016 44 925 23 869 30 1176 38 1175 95 1224 89 1337 11 1069 88 1035 90 998 72 1027 40 964 82 932
4467 -0.58182546665475843 0.35354847393518063 2.1231499938052085 1 1 0 0.79246512705404026 42 575 82 268 23 220 75 220 80 296 7 4
4468 -0.59462131737922164 0.6542493004863198 2.3120370211431149 0 0 0 1.7562236512079674 44 977 23 904
4471 -0.88339719288154572 1.6370735011174882 2.405030145151827 29 20 17 0.18056895411650123 37 729 49 610 78 680 1 500 76 611 56 597
4473 -0.39757954869217321 0.60308230806998919 3.4122023527153007 0 0 0 1.6180262500477074 42 1141 79 1275 82 1019 23 951 80 1106 100 1123 44 1005 75 959 26 1276 65 1155
4475 -0.16135596615871892 0.58569755232171505 1.9838063341264822 255 207 49 0.47038910447521537 23 16 80 18 75 19
4476 -0.13603868619294865 0.56513308798062956 2.057578055315322 254 239 60 0.13268468216554158 44 17 75 30 35 57 59 149
4477 0.83270361127855985 1.5647436113720989 1.3039973920341832 6 5 1 0.33180692908888071 23 77 75 57 68 293 62 56 35 315 7 639 10 357 59 422 63 315 13 502 47 803 57 100
4479 -0.035452777821703987 0.77594525058432973 2.3899097139267371 233 196 87 0.33270614848077967 80 124 75 69 62 430 68 344
4480 0.39342730672044146 1.0102399432321769 2.1743920927328291 250 179 41 0.28566986899971736 80 139 75 87 68 352 62 435 35 130 7 156 10 412 59 194 63 545 15 482
4481 -0.00031195154872245705 0.85626246082963664 2.6060248940750332 25 16 4 1.493903577773068 80 459 75 95 68 643
4482 0.40906706498980139 1.0219172508510768 2.3260075738902652 186 182 195 0.43827566515942712 23 114 75 106 68 371 62 188 35 364 7 398 27 345
4483 0.41910363877572376 1.1000549292569275 2.3701735886468693 255 235 63 0.23477282250290599 23 124 75 113 35 156 62 195 7 182 59 231 13 233 27 356 47 834 57 469
4484 0.48689176698579623 1.2826827267266181 2.2946325452977212 235 166 40 0.30820389739241177 80 175 75 125 68 165 62 469 35 171 10 449 63 406 17 334
4485 0.82376733536475788 2.3945633351118727 2.0225066532363956 230 211 172 0.26033172005705418 80 177 75 169 68 212 35 263
4486 0.91305624636007143 2.4987395957292238 1.9266965595058902 106 74 63 0.55126729534176899 80 172 75 170 68 465 35 693 7 515 10 545 91 608 13 639 48 701 74 787
4488 -0.46926356428479871 0.39222150339144735 2.1590027579876709 255 212 56 0.38028460185333274 44 6 75 232 62 339 80 304 35 38 7 32 59 409
4489 -0.45836552088296456 1.002189462821351 2.1902788877282209 167 175 197 0.11228392285593347 23 245 75 251 27 231
4490 -0.016746603781392394 0.73989872729649075 2.6329120206058465 20 17 15 1.6790939634454052 44 310 35 358
4491 1.0833175890481974 0.8509309526367923 1.7657501942618925 255 254 67 0.11612149463909054 23 377 75 329 27 355
4492 0.53397497545861128 2.3283160204142064 2.0351521808801114 105 74 63 0.16598839452060554 23 388 75 369 68 185 62 222
4493 0.83308531054405932 1.4637362375224763 1.325534569513054 255 227 59 1.2420009580897837 80 624 75 532 62 345 35 817 7 636 63 20
4494 0.81540098997597754 1.4879154237507837 1.3251517703618652 255 227 59 0.38443200318961029 80 625 75 533 68 288 62 346
4495 0.33596325408288163 0.94086280811892542 2.2698992301939733 253 220 58 0.27287158115963173 23 315 75 566 68 634 35 354 59 474
4496 0.55933362644041185 1.2474154078108188 2.1788115321343753 227 165 41 0.53508296879599493 80 692 75 580 62 707 63 811 10 981 15 670 93 681
4497 0.48873242561558145 1.3361400743359255 2.3554813727979664 246 181 44 0.62841285618031706 44 548 75 589 68 658 62 987 10 990 59 813 63 822 15 681 93 696 27 376
4499 0.48485953094488787 1.2488525547239064 2.665360597643875 27 26 23 1.2187628155160202 44 405 75 602 68 684
4500 0.47321417014902872 1.6114787297987208 2.5548583367991933 252 223 171 0.46351944581454935 23 399 75 607 62 760 10 563 63 652 27 401
4501 1.1866382787774223 1.3713093589361902 2.7569603780736718 152 101 71 0.48510167564663736 80 596 75 741 68 834 62 611
4502 0.54422726647651054 1.297101476965655 2.780728090510471 214 195 153 0.38544822501038895 23 549 75 795 44 425
4503 -0.19484936097320738 0.65940484260950039 2.4559833659405941 255 232 62 0.39208499512031075 80 1024 75 831 27 807
4504 1.3166091040217742 1.9875994450095897 2.3958271283130812 249 227 180 0.4740072622461397 23 847 75 863 68 974 35 929 7 907 27 829 74 949
4505 0.17420639303728069 0.97904973002860918 2.5103487984180832 221 165 38 1.5827619454899173 23 508 75 897 68 1013 62 1122 17 1054
4506 1.2343083511117161 1.1757378447633515 1.6690690023892767 223 170 47 0.054490700421160318 80 1029 75 902
4507 1.0632242802075957 1.2825259643645046 1.5561549133025239 2 1 1 0.88706870375451863 80 1050 75 920 68 988 62 1038 35 912
4508 1.0632242802075957 1.2825259643645046 1.5561549133025239 2 1 1 0.88706870375451863 80 1051 75 921 68 989 62 1039 35 913
4509 -0.26299086649297487 0.89040115414716103 2.9427173550452541 151 144 156 0.43909597441434223 80 1059 75 926
4510 0.54668681799753571 1.1146555910839944 2.9604383099578913 104 69 51 0.56508932662886646 80 1064 75 930 68 1019 35 950 7 924 65 1096 9 1161
4511 0.40582966602749004 1.121034225735388 2.7083497366774658 119 117 133 0.72250387402524074 80 1091 75 944 68 1049 62 1153 10 1139
4512 0.27416410556432924 1.1013958651396853 2.5725358162528007 34 25 14 1.7781064167420439 80 1098 75 958 35 973 7 940 59 1071
4513 0.53174641166114833 1.1676769399854081 2.9197887760870325 104 68 49 1.06746156851823 42 553 82 557 80 249 23 566 75 657 52 939 4 968 45 954 31 1050 18 1054 88 802 42 1021 82 734 68 525 35 448 7 459 59 337 91 677 47 258 57 748
4514 -0.47368890179464529 0.40352670483751951 2.1394972427364483 143 74 7 0.017459454136089445 80 11 75 12
4515 1.1431882206537269 1.1396910946532057 1.6584928785785025 0 0 0 0.2171850531963101 31 79 26 74
4516 -0.20879151096096624 0.56466780335313238 2.2301473968731855 20 15 13 0.34766678736203632 31 547 79 245 26 243
4517 -0.054095568213050636 0.73338688895654502 2.9373630414514595 208 190 147 0.8720921423667819 42 229 79 441 26 442
4518 -0.59310149787025379 0.57306328525910288 3.2959156555436069 106 75 60 0.24940495679378247 42 206 79 959 26 667
4519 -0.17847915651458129 0.66465677858489736 2.4631683647466676 255 236 62 0.19988415184197225 42 422 79 901 26 878
4521 -0.54175095669198159 0.6841723791758102 1.8465298300198696 254 231 73 0.17224879721847161 42 828 79 990 26 1105
4522 0.51818774627094399 1.2267849709532626 2.8663965632009329 220 205 165 0.11248662173249808 31 279 18 281 26 630 79 637 42 551
4523 0.98785495970833959 -0.93082340276172648 0.88372911264521514 249 227 70 0.32961828151735995 79 78 26 53
4525 -0.54713098534603233 0.3421085711995111 2.1412952361794115 254 236 70 0.062853280428772751 75 7 68 24 7 7
4526 0.56546472981928342 1.3729328435542385 1.3073545723909821 255 196 37 0.1117966211995544 75 32 68 50 62 19
4527 0.12331351487813509 0.9607955462322032 2.407101577114096 237 177 42 1.0745075904764059 80 152 68 137 62 186
4528 0.85675203094915453 1.300857443425792 2.8137864294203188 102 70 53 0.32670657915817242 75 482 68 233 44 437
4529 0.80991759670303975 1.234128881890453 2.8826236159201155 102 71 53 0.53349941435599035 75 196 68 235 62 297 35 534 74 608 47 325
4530 1.1563508120138648 1.9280818783365479 2.3995983840141983 207 182 137 0.27344700928591686 75 199 68 236 35 274
4531 1.1563508120138648 1.9280818783365479 2.3995983840141983 207 182 137 0.27344700928591686 75 200 68 237 35 275
4532 -0.39203976650255318 0.55517848574449713 1.948242986646751 255 234 64 0.08760322177221859 75 222 68 254 7 9
4533 -0.29672347372806746 0.58199106792215582 1.9363962567762072 255 246 62 0.18242791142436143 75 225 68 257 62 328 27 216 23 228
4534 0.58415800876788837 1.3301297583568061 1.3997429878642511 255 254 65 0.28248003909258124 75 252 68 276 62 35 59 412 13 500
4535 1.0782173754992765 0.84863983543495547 1.7712633625974559 255 255 67 0.69197764546633411 75 330 68 334 35 339 7 372 59 419 10 359 13 130 47 118
4536 0.5582608891416595 1.3742118149306963 2.2197057299179743 13 12 13 0.39249168138844226 75 130 68 382 62 468 10 448 93 387
4537 0.44991628597141209 1.3017218448840542 2.3528419619667842 246 180 44 0.44926792912769647 75 353 68 388 62 714 35 376 7 194 10 749 63 575 15 680 93 582 17 674 65 454
4538 0.5783492987866149 2.2670685504313752 2.0723437125686299 106 76 65 0.35652538341316153 75 595 68 416 62 228 35 398 59 544
4539 0.51017348138595497 1.2260842780679881 2.7324409360112698 123 119 132 1.1981023220665927 80 764 68 481 62 788
4540 0.005445340707182539 0.7827555417993225 2.4508368515214465 200 203 226 0.1656163863622811 75 557 68 629 62 691 10 731
4541 -0.10408729740744857 0.80316890886353187 2.5456631557059022 213 122 19 0.30490476845306996 80 679 68 633 62 697 35 349 10 738
4542 0.37227731584685952 1.0825740101140908 2.2250173520962635 236 170 45 1.0139790930070325 75 567 68 635 62 698 35 827 10 975 63 391 15 500 93 674 27 333
4543 -0.43461525055994499 0.79694578390269921 2.9900350381524108 147 138 149 0.40424435516799423 80 715 68 648 62 986 63 903 15 819
4544 0.46358146123715099 1.3723434743426022 2.4141855082573334 249 184 45 0.53058520401502396 75 591 68 664 62 993 35 662 27 542
4545 0.42920466154742681 1.2166663681333594 2.6242197814684918 21 16 15 1.6311300315934303 80 735 68 675 62 740 59 951
4546 0.56147758648919677 2.2072351322319061 2.152688149480217 239 217 175 0.13548841416086149 75 597 68 676 35 685 7 710
4547 0.62241947758861305 2.237383741105857 2.1349216941549227 234 216 178 0.12132157655002088 75 598 68 679 35 686 7 713
4548 0.62953294595007803 1.6461368853146277 2.5841355334284324 254 226 172 0.11337956999909847 75 636 68 713 62 806
4549 1.5985649981106693 1.599529264259866 2.7380688794491435 218 189 147 0.30418136110780269 75 214 68 850 62 932 35 798 7 778
4550 -0.56842957686204776 0.56947808870307215 2.5548241308805419 254 232 64 0.70947436590482149 44 240 68 865 62 955 35 606 7 638
4551 -0.5874235339916829 0.59747495175460974 2.6618098810042352 2 2 1 0.62833250907707061 23 702 68 876 35 615 75 537 59 793 27 237
4552 -0.55255005816531533 0.65378811953359928 2.7703026275145022 1 1 0 1.9773903419334475 75 832 68 885 62 977 93 688
4553 0.53305383064011425 1.2795785160249045 2.2326660986472757 229 167 40 0.37364259900054692 75 583 68 898 62 983 10 987 63 815 15 673 93 686
4554 0.66684067717640716 1.2051209045257281 2.8998006650092849 228 212 174 0.39677709453464188 80 988 68 920 10 847 65 965
4555 -0.1273090671860897 0.75302356073387589 2.490448001392787 255 217 54 0.81147479612042817 75 773 68 948 62 974 10 1045 63 806 15 668 17 886
4556 -0.060676204535971771 0.78437943085878703 2.5096029528571151 168 163 179 0.5057759435496797 75 840 68 951 62 1084
4558 1.4035606709745834 1.5398122916884405 2.7373672918074132 146 97 69 1.3516789486385345 75 909 68 1002 62 1098 10 1094 63 952 7 908 93 807
4559 1.4691720333195333 1.5555471276730144 2.7180098806317301 131 87 63 0.6894808988435932 75 910 68 1003 62 1100 10 1095 93 809
4561 -0.48152903269711383 0.49165754493932134 2.2977490231340973 254 207 54 0.6937351103536209 75 932 68 1025 62 1118 10 1117 93 835
4562 0.35075541737212029 0.92891450915363039 2.2063520449413394 255 219 57 0.74049878748276832 75 939 68 1031 35 960 7 917
4563 0.49207374434260764 1.2720885348773809 2.2715359624395437 190 123 24 0.81050453321649507 75 941 68 1032 35 943 7 918 10 1118 59 1041 13 1039
4564 -0.37476799241282938 0.53147454007874517 2.1674581036730283 0 0 0 1.2898710632070591 75 949 68 1041 35 953 7 909 10 1124 62 1135 59 1019
4565 0.04405525996445931 0.84332939561361231 2.3378768068455624 255 230 63 1.2070288268296676 80 1096 68 1047 62 1138 35 958 75 937 7 915 10 1128 63 988 15 871
4566 0.4047221021207712 1.1277303124455091 2.7156266056206579 130 123 134 1.570929104192883 75 945 68 1050 62 1154 35 961 10 1140 59 1061 13 1058
4567 0.86000944206691243 2.4667138945892053 1.9421156508633213 105 72 62 0.76084148847687472 100 156 44 138 23 418 75 167 68 451 100 685 80 700 44 557 23 548 75 608 62 237 35 459 10 239 63 172 93 178 65 69 9 96
4568 0.63325055550192411 1.1965902043251035 1.14296130052206 255 195 43 0.59967727022584449 68 250 62 1 35 586 10 326
4569 0.65284975687497115 1.302383218323627 1.1990704247060551 255 154 23 0.24169660399656859 75 22 62 4 35 49 10 14 59 60
4570 0.65284975687497115 1.302383218323627 1.1990704247060551 255 154 23 0.24169660399656859 75 23 62 5 35 50 10 15 59 61
4571 -0.15742150447481706 0.56045236100222151 1.9951319000478589 255 246 62 0.02824406360549879 68 45 62 30 35 48 7 51
4572 0.83370495583069004 1.5652457369539312 1.3036994744571044 1 1 0 0.35598499979258796 68 294 62 57 35 316 7 640 10 358 63 316
4573 0.81883742660664116 1.4859771498040351 1.3645440445724273 255 244 61 0.11940168945081531 75 60 62 61 27 78
4575 0.61798400208567861 0.9397745198619728 2.010704133620393 218 160 49 0.58836363992476026 80 131 62 159 63 74 15 47
4576 -0.15793365208142021 0.67677233463942021 2.490008189894489 188 110 18 0.32219976933488098 80 129 62 169 10 417 63 553 15 496 93 356 65 693 17 660 9 826
4577 0.3580688316273688 0.95468105530004266 2.2278563914591625 254 225 58 0.16924921847119015 68 128 62 179 10 132
4578 0.5567027957561409 1.3719597861141053 2.191842988375543 149 136 140 0.29418802305933689 68 379 62 194 35 372 7 408 59 810
4579 0.175986016463443 2.1215766741538395 2.1142771262105962 107 76 67 0.40223157516582475 68 166 62 196 10 184 63 145 93 158
4580 0.2288015256248192 2.1569713138072393 2.1004489864291194 108 78 67 0.10167646918604868 68 171 62 198 35 382 7 429
4581 0.29079589145876195 2.1874875303921275 2.0822860554509122 108 77 66 0.10869600965192695 68 173 62 202 35 384 7 430
4582 0.35583239512743364 2.2138230785606563 2.0646967223482875 105 74 64 0.10286962016200511 68 175 62 205 35 386
4583 1.309246199768785 1.5771565199920738 2.6982681012347736 191 171 131 0.68923390373498405 68 246 62 306 10 319 59 754 13 765
4584 -0.25931988595324479 0.53194332223001728 1.9760241422182205 255 249 61 0.016073793992604321 68 258 62 332 35 35
4585 0.35408559152670932 0.94354916695427538 2.2451755450047979 180 107 22 0.32400760789564959 68 129 62 437 10 419 63 551 15 485
4586 0.35132646064912104 0.94435273364629702 2.2452178198661219 180 107 22 0.21217053710585887 68 130 62 438 63 552
4587 0.37753965418007318 1.0379044690754244 2.201938944235184 172 99 16 0.29355544554314922 68 133 62 439 10 424 63 379 15 301 93 351
4588 -0.45661504314150236 0.64607935708416919 2.7803736475101193 159 163 178 1.7362181763879012 68 355 62 445 35 344 7 150 59 477 13 541 47 158 74 159 57 147
4589 -0.45759768203855522 0.64443897006969841 2.7806195042748061 159 163 178 1.7804321264117238 68 356 62 446 35 345 59 478 13 540 47 159 74 160 57 148
4590 0.51590070243515984 1.2151022284275537 2.1820749786974316 232 167 41 0.20297378934872637 68 372 62 449 35 370 7 176 59 485
4591 -0.47781055629097713 0.69939762651380832 2.9319112410337715 8 5 6 0.38598247923757917 68 143 62 464 63 584
4592 0.49077641448120513 1.280185789873302 2.2631198413162612 159 94 14 0.35208627386214542 62 467 10 446 15 332 63 401
4593 -0.49465179324576203 0.73345621806177663 2.9741229677523067 10 7 7 0.44329406354322454 68 373 62 473 63 596 15 533
4594 0.15155822135287345 2.0627389797628215 2.1996606764925399 150 96 67 0.18735497859353714 68 389 62 475 35 381 7 428
4595 0.21937362365966145 2.0909158827397554 2.1800597955447873 151 97 69 0.2992312429433584 68 656 62 478 35 664 7 695 10 487 59 529 63 422 93 170 13 590 47 622 74 772 57 509
4596 0.52857801421263995 1.340908612218805 2.3190238749761209 127 75 11 0.39124904429564777 68 655 62 481 59 503 63 574 15 517
4597 -0.62860863091193608 0.52538940290344982 3.298934618495025 154 106 81 0.65409196809655823 68 387 62 504 35 367 7 177 59 505 15 414 10 494 93 458 13 261
4599 -0.26959293944378127 0.75168081376311058 1.9157591672132335 87 56 32 0.73297689345957562 68 576 62 621 35 588 7 621
4600 1.1162794533598512 0.78499275685994652 1.661967665649519 255 198 49 0.53660968178018864 68 603 75 304 62 641 35 612
4601 1.0964984479723983 0.78709326039537186 1.7073600378305804 255 197 51 0.91334166830524599 68 610 62 647 15 430 63 495 93 274
4602 -0.63031503850720016 0.62082472503963115 2.6795505579949355 1 1 1 0.41482908771865751 44 243 68 619 62 677 10 974 93 685
4603 1.195085327862899 1.0027554672567871 1.8129423430611737 253 197 52 0.47612357869739802 68 359 62 684 10 959 63 783 17 842 39 338 65 875
4604 0.43306900799510145 1.0199829073963735 2.1540628012080356 94 83 87 0.10161294706171242 68 354 75 320 62 690 35 131
4605 0.41535600650765758 1.2197153624089476 2.1697623797254426 201 132 28 0.041648438366034102 68 364 62 700
4606 0.33714606883776405 0.98663309880075656 2.3182066109930415 254 203 59 0.22023834214172885 68 365 62 701 59 212
4607 0.55008166472156184 1.2119264910056942 2.1502391937152234 86 80 86 0.25859976441528626 68 370 62 702 35 365 7 175 10 432 63 393 15 314 93 365 13 219
4608 0.33040680192944266 0.95853462086245211 2.3772769203307238 200 202 223 0.26026247772908717 68 641 62 706 35 643 7 676 59 806 10 741 17 332 65 455
4609 0.1431610018531442 2.0375926979027192 2.1708613075307288 88 50 32 2.1333834713440774 68 903 62 712 35 655 10 755 59 821
4610 -0.34796492038327204 0.78327400335112762 2.9032409830726511 144 136 147 0.14410550937830072 68 374 62 713
4611 0.24561459418374948 2.0646956523450473 2.2436969542921488 237 212 167 0.16420109464430807 68 662 62 720 35 668 7 699
4612 0.37118623365434439 2.1216103119718177 2.2076173788999931 233 211 167 0.17135043368811906 68 669 62 722 35 673 7 702
4613 0.47496366931202616 1.1223497333155539 2.5711176501649584 26 22 19 0.56290519116211724 68 909 62 730 35 665
4614 0.36858660235965435 1.4069614967823907 2.5445739220226664 214 153 34 0.2814505881227759 68 671 62 732 10 999
4615 0.44682647259650177 1.6548522960381655 2.5172486519098936 251 222 168 0.15287622313332905 68 680 62 751 10 774
4616 0.53095167902657248 1.2148574874992972 2.6847838013289302 21 21 21 1.7562048807084523 75 431 80 559 62 774
4617 0.60682154107699682 1.6679353494641975 2.5250426119249729 254 230 174 0.13658195971902029 68 691 62 781 10 585
4618 0.49000890268716762 1.2547967995240443 2.8812722083722329 223 203 159 0.075708231839153858 68 731 62 839 7 711
4619 1.2480905630679671 1.4230102133601903 2.7629617080225004 151 101 75 0.15559713745877246 68 840 62 925 35 780
4620 1.3172592703525319 1.4463032235144391 2.7414774734104213 151 102 74 0.29476205391923976 68 843 62 927 35 856 7 834
4621 1.3273882897800258 1.5483180681482849 2.7159214526607807 223 209 175 0.45694602000485496 68 846 62 929 10 320 13 416
4622 1.5973355812934988 1.5954005178389024 2.7404981923308478 217 186 144 0.84040107204297565 80 277 62 931 63 856
4623 0.34215756178436635 1.0715079827261607 2.6487517886355407 119 115 127 0.60558038187677266 68 668 62 995
4624 -0.29369983422742663 0.72776206564325752 3.1581637239565317 100 66 49 0.73962404370489032 68 966 62 998 10 513 63 472 17 808 65 982 9 1044
4625 0.37289341718606833 1.0169417168071324 2.965382463848214 109 70 51 0.79776591870260727 68 972 62 1005 35 888 75 906 7 863 27 869
4626 1.1586971185985098 1.4772281096599975 2.7115246151588526 227 214 178 0.34869993552983686 68 923 62 1013 59 998
4627 1.4302588497667705 1.5684534323603538 2.6834462788056732 226 213 178 1.4223048562102072 68 927 62 1015 10 1012
4628 0.58232417253862401 1.2148517589419088 1.1022647675975761 254 246 72 0.90095685505918144 68 928 75 914 62 1017 35 858 7 839 63 955
4629 -0.4345868681597076 0.54821002662612173 1.9230323715020585 192 1 0 0.18989130913870875 68 977 62 1019 7 841
4630 0.93382848581327227 1.6088915391113685 1.30902893187939 253 225 68 0.98007132193622426 68 937 62 1028 35 909 7 880 63 925
4631 1.0569795379237432 0.77688408390148378 1.6917507200324067 229 165 41 0.34281690962930073 68 938 75 839 62 1030
4632 -0.04608527807881653 0.84728625114037159 2.2923687107432333 255 241 61 0.37034324770728694 68 944 62 1046 10 969 63 797 15 480
4633 -0.19852550448039327 0.65546249471156004 2.4627737114335773 255 237 62 0.095707440590899917 68 945 62 1048
4634 0.12243847215423127 0.89443101198608088 2.3870015972971665 242 181 46 0.61776504340057481 68 887 62 1054 35 826 59 800 13 532
4635 -0.35147150505074809 0.70577983315821458 2.7027104190295383 27 20 11 1.44002676229815 68 886 62 1055 35 631 10 983
4636 0.33389784093101721 1.1533010169534434 2.2654232941598957 15 9 6 1.1253850655002222 68 995 62 1057 35 937 7 928 10 1086 59 1039 93 739 13 1038 47 1005 74 942 57 863
4637 -0.28016205876467354 0.9059160566453861 2.969029966390782 156 151 164 1.0764019170253845 68 962 62 1061 10 1092 68 961 59 985 63 947 93 758 15 821 17 1038 15 844 65 1075 9 1135 6 1016 71 986 39 945 13 953 47 953
4639 -0.62539548513483334 0.66697980841505544 3.3127383524832412 150 103 79 0.52141798530364059 68 997 62 1092 59 986
4640 0.3185084991754592 1.1596430035969176 2.7883353891830343 137 127 135 0.4932156281944664 68 971 62 1095 10 1109 63 970 17 1035
4641 1.3551726090568359 1.4990345933804883 2.7518764378489302 133 85 60 0.46793744838176066 80 996 62 1097 63 951
4642 0.40162162863377121 1.537677777028335 2.5340464035178223 106 83 61 1.512022654375343 68 1016 62 1111 35 926 75 856 7 901 10 1108 59 1047 63 906 13 1044 47 1013 74 947 57 855
4643 0.3906681303031474 0.96592689874876558 2.9958665367375805 108 71 53 1.0054796273860294 68 1018 62 1115 59 1032
4644 0.47340509519132851 1.2919409792626646 2.2755296772063098 185 119 24 0.28590424043359791 68 1033 62 1123 10 1119
4645 0.57655079077039639 1.2086914039701619 2.8933960644050107 221 205 167 1.7209275991030526 68 1052 62 1127 10 1093 59 1034 63 973 17 1057 47 1016
4646 -0.28588998610442973 0.87510323502754594 2.2403290064679426 255 247 63 0.67599878493160259 68 1046 75 950 62 1137
4648 1.0422803556715821 1.4003912743857441 2.7924915945545168 109 73 56 0.92828811404106859 68 1054 62 1143 17 1056 65 1126
4650 0.49078392198024529 1.2526475500324499 2.6108437499344901 92 94 101 1.807734980403316 68 1064 80 1099 62 1152 59 1080 63 994 75 960
4651 -0.3606461310294134 0.66197661317009171 1.9480069809342022 255 230 65 1.6505424381467528 68 1066 62 1158 10 1144 93 854
4652 -0.61477663423442253 0.61116677596226909 2.9487717499888895 0 0 0 0.94117598794763402 68 1060 62 1160 63 1004 15 888
4653 -0.54589266052474816 0.5717618322050938 2.9388772045076696 0 0 0 2.0190186815506164 68 1061 62 1161 35 979 7 949 59 1079 63 1005 15 889 74 971 57 881
4654 0.65937550593712446 1.1103248144965592 1.140093404640047 152 148 46 1.5812426393080201 68 568 62 614 82 938 44 840 23 792
4655 -0.59416547021989485 0.37866230555025576 2.060994349462375 252 237 73 0.25619870404532191 68 253 35 4 7 336 59 394 10 347
4656 -0.34253133158588683 0.80796919977566772 1.7987848398296951 253 242 72 0.074971127674046026 68 17 35 27 7 24
4657 -0.34253133158588683 0.80796919977566772 1.7987848398296951 253 242 72 0.074971127674046026 68 18 35 28 7 25
4658 0.55388100355754177 1.3171686995836729 1.2783813264186128 255 163 22 0.41118905685211271 62 7 35 56 59 99 13 114
4659 -0.17948012030381269 0.55655191371009349 2.1035153114018108 252 206 62 0.21777095341920369 68 275 75 244 35 60
4661 -0.44227234669270427 0.62835009988752499 2.7974494415496931 3 3 3 1.7314089188794388 68 132 35 124 59 213 57 149
4662 0.5276538949148718 1.238782332122438 2.2027256237975168 186 113 19 0.25804837066494746 62 456 68 151 35 151 10 434 59 224
4663 0.50839771336278361 1.4287987475744754 2.1032957262765803 21 15 9 0.34478260031926827 68 148 35 154 7 184 10 144 59 488 13 543 47 577 74 547
4664 0.53912916080936091 1.207003236068084 2.5739469832727537 21 20 21 0.11704587227941876 68 198 35 223 7 228
4665 0.53912916080936091 1.207003236068084 2.5739469832727537 21 20 21 0.11704587227941876 68 199 35 224 7 229
4666 0.5487580582435676 1.1808450175876841 2.7262254581566858 127 123 136 1.1745933502303212 75 176 35 244 7 258
4669 0.31288667808131709 0.89635368968035856 2.2261654284710257 254 222 57 0.32652242992833475 68 628 35 346 7 148
4670 -0.56515661943592588 0.94636433196967606 2.8174639971389688 0 0 0 2.3467355968642956 62 451 68 639
4671 0.46230733529630574 1.4836569801659876 2.4648158353785212 162 155 167 0.97147918767450658 68 673 35 387 10 998
4672 0.51012049241900392 1.2361739872403477 2.7551471859876955 33 30 25 1.3319598103824655 68 216 35 406 7 437 59 543
4673 0.5361530784481624 1.6486598232682621 2.5419053254369222 254 227 172 0.21390255911220263 68 475 35 415 7 447 59 558
4675 0.4493464221232028 1.2657699499311603 2.3010731720129245 228 166 40 0.43393814758053351 68 902 35 648 7 681 59 945
4676 0.12162128511159763 2.0045881660468163 2.2779240773793767 224 203 163 0.089576003052104891 68 657 35 663 7 693
4677 0.14651526344115784 1.411826841120164 2.7621135939280204 0 0 0 2.1170119472559419 75 388 80 728
4678 0.18470136978109905 2.0338218814680267 2.2599809157629722 227 206 166 0.08344583608675811 68 660 35 667 7 696
4679 0.31076195809345186 2.091028946488052 2.2237566955197861 230 209 169 0.1020981668687156 68 666 35 670 7 700
4680 0.40674295486964446 1.4445326331482853 2.5417144424772973 254 194 49 0.63140810717003415 62 997 35 671 10 1061 93 754
4681 0.51783939508418608 1.1322191658489977 2.745432951861452 14 13 14 2.1330999785772207 75 617 100 545 35 680
4682 -0.54210666182749234 0.36006075690568684 2.1449864001326429 253 206 59 0.33867933572101594 68 930 35 800 59 901 13 920
4683 -0.51010715623120895 0.51481544516478073 2.2567374458755496 252 183 39 0.10220739032744479 68 858 35 805 10 956
4684 0.13550574348650657 2.0830874914752342 2.1164563908072047 101 71 61 0.10359940070881314 62 711 35 839
4685 0.74511629186204387 2.3175796234857375 2.0652453796688053 107 70 52 0.43241573674986528 68 912 35 850 59 956 13 962
4686 -0.43903188180675906 0.54403135943675229 1.9168667787577678 202 1 0 0.57302470218660073 80 1044 35 860 27 873
4687 -0.14860110510329247 0.68860311120003603 2.023538028602947 255 212 55 0.53880310169838397 62 942 35 866 7 845
4688 -0.45395429477887839 0.60161198927481419 1.8657381465103293 255 230 68 0.43271703179651877 62 1018 35 894
4689 1.1853449937498359 1.2570950993410894 1.5830274107974016 255 230 65 0.19428126649543764 68 991 35 917 7 885
4692 0.35568094552199819 0.92483245662331648 2.2011676124446793 255 235 61 0.30996839707737123 75 938 35 959 7 916
4693 -0.1930578434504483 0.63702320071958807 2.102304420964261 255 238 63 0.996036725602227 68 1043 35 963 7 933
4694 0.20226380620866161 1.1062328036311522 2.8738118026202115 14 13 14 1.5063177587060332 68 1051 35 966 7 937 59 1062 65 1136 9 1198 6 1075 71 1032
4695 0.56641385411680001 0.80163017211700904 1.8659449018302445 254 202 51 0.44161780440095622 68 82 62 107 35 102 100 99 75 63 59 159
4696 -0.25176401089211459 0.87748335147962009 2.9347022649037346 70 64 68 0.95929339236060929 68 1034 35 941 75 925 80 1058 7 920
4697 -0.40130363852680656 0.5320442824376016 1.941131652408628 223 1 0 0.12121865903041266 44 2 7 5
4698 -0.46379551864286706 0.56355743148372639 2.4280049374677453 115 91 70 0.40778522506505949 35 90 7 111 59 450 13 822
4699 0.0032999806593830478 0.77298549064076971 2.4527807616746169 205 207 228 0.18964212604613093 35 122 7 146 59 472 13 210
4700 0.51050700399308491 1.4284363046190227 2.102882892680384 27 23 17 0.34499122266425936 35 153 7 183 59 487 13 542 47 576 74 546
4702 0.6523159756577801 1.400623631436605 2.2732879261526882 28 27 24 2.0825348713235194 35 194 7 205 47 587 13 559 59 513
4704 -0.030380997359510956 0.93762067854452036 3.0671596086941841 218 197 152 0.20995422689282661 23 136 7 215
4705 0.54034073635813407 1.4839352968479691 2.3573429710212133 29 26 22 0.64172809442901602 35 209 7 222 10 478 59 275 93 128 13 575 74 580 57 489 96 477 29 262 73 447 81 545
4706 0.54576698349073705 1.4812107974596067 2.3569674011488142 29 26 22 0.69086971662700514 35 210 7 223 10 479 59 276 93 129 13 576 74 581 57 490
4707 0.56447018694947848 2.3221971746168966 2.0052335862449233 2 1 1 0.16168466411032359 35 238 7 271 74 286
4708 0.45305943575278945 1.4301862634653988 2.7320891057675367 245 216 163 0.23162829831123299 35 252 7 277 59 329
4709 0.56798077659410828 1.3608085949275961 2.1553873040112848 36 32 23 0.3453644619767347 35 161 7 405 59 489 13 544 47 578 74 548 57 470 96 455 73 420 81 409
4710 0.49982054391455938 1.4675318411239802 2.1476197523345824 34 30 22 0.2425876898893439 35 166 7 406 59 491 13 550 47 580 74 554 57 476
4711 0.044714308071686699 1.9929705069278318 2.2282182184191739 131 85 60 0.13402212591699528 35 377 7 419 59 520
4712 0.03608702344625065 1.9373048567268281 2.2995102956528108 184 166 130 0.42583584231075006 35 181 7 422 59 523
4713 0.64047439690786456 1.6426445771643705 2.5812259610402437 253 226 172 0.18751563499829516 35 457 7 476 59 597
4714 -0.097808324551481848 0.75695146737358487 2.5227338670122967 254 219 54 0.53228348680207904 35 630 7 661 59 797 13 937
4715 0.13220038059769998 0.88661744763233163 2.336771447277517 191 129 26 0.13400132532484965 35 632 7 662 59 795
4716 0.29955001669556741 0.93332398158105301 2.3901490979576372 20 20 23 0.4782721605650046 68 640 7 674 59 804
4717 0.30932986950698621 1.2099893432172868 2.2574983468784096 173 106 19 0.29678402364888007 35 645 7 677 59 941
4718 1.2766207740404891 2.0088948970617859 2.3360072119859039 254 233 180 0.24113274731685616 35 765 7 754 74 797
4719 0.10809525736774829 1.8754786588446215 2.2580027366321187 27 25 21 1.5103684009390048 35 837 7 814 59 987 74 945
4720 1.1899083917378275 1.3768730467746033 2.7706944587902389 158 103 73 0.4181694200252718 35 893 7 833 59 959 7 745
4721 1.5742177869958018 1.6026455484470428 2.6781124820018007 151 101 73 0.63121423337864579 35 857 7 837 10 935 68 567 59 964 13 996 47 959 74 912
4723 0.61676236387634775 1.2321178825084276 1.1860163381699393 255 198 43 0.74838411881358846 35 863 7 843 10 938 93 503 13 966 47 931
4724 -0.11690552096809777 0.57539521639550861 2.1580444716041409 197 200 221 0.53267014912443 35 901 7 873 59 1004
4725 -0.11690552096809777 0.57539521639550861 2.1580444716041409 197 200 221 0.53267014912443 35 902 7 874 59 1005
4726 0.23734003477039989 1.7544225435719167 2.2756088184543795 33 29 24 1.3805235716118927 35 883 7 898
4727 0.35702644440105297 1.3816686531205891 2.7259715901457526 42 36 27 1.2864829600480319 35 886 7 903 59 1014
4728 0.46852073294377949 1.275918577429165 2.2733938624536374 196 125 23 0.48812076705613006 35 944 7 919 59 1042 13 1040
4729 0.52585933488077885 1.575036591727687 2.3715688549578089 255 221 60 0.27985548515031528 35 947 7 923 59 1030
4730 -0.50364444722378343 0.90788702311618652 2.3174471517466619 253 225 59 0.54000987150713453 35 970 59 1069
4731 0.50885289403049749 0.7535511034918978 1.7575089637956154 251 247 65 0.10211468040955489 68 279 10 36 63 309
4732 0.6708025764712372 1.4084800025013617 1.3160341746991691 255 147 18 0.13381141585603307 68 58 10 38 59 144
4733 -0.061566619684776523 0.55446467763704765 2.1437541191399854 204 207 231 0.83470713583805067 62 78 10 66 63 59 15 38
4734 -0.50431811660547043 0.59386602358031249 2.5664612947999816 113 89 75 0.42435695946659113 62 156 10 128 63 377 15 309 93 363
4735 -0.50431811660547043 0.59386602358031249 2.5664612947999816 113 89 75 0.42435695946659113 62 157 10 129 63 378 15 310 93 364
4736 0.062180982990521286 0.81239706567925551 2.439056390342385 196 200 225 0.37710232702884205 62 440 10 140 59 201 63 394 15 82 13 212
4740 0.40528516888129568 1.3953084486629321 2.5056176830368204 72 62 66 0.11599177186113203 62 233 10 198 93 435
4742 -0.12890445202043563 1.3651866952473921 2.7145601865884186 78 70 74 0.8243631789321646 56 184 10 209
4743 -0.12890445202043563 1.3651866952473921 2.7145601865884186 78 70 74 0.8243631789321646 56 185 10 210
4744 -0.1278818943665751 0.74712822213939545 3.1998732020014948 99 60 43 0.61921198406071953 62 273 10 260 59 292 63 259 15 203 93 469 17 570 9 370 6 365 13 281
4745 -0.26864806069002767 0.90326957067176827 1.9737942021991473 161 89 16 0.31902035264152478 62 348 10 363 93 319 63 332
4746 -0.28556945836752573 0.61825872721594721 2.5243084847991915 182 101 13 0.40126580393541172 62 161 10 409 63 382 15 493 93 355
4747 -0.28769127557865087 0.61661479003105835 2.5241438526892934 182 101 13 0.16728032545572624 62 162 10 410 63 383
4748 0.49894578743992046 1.2734332158250101 2.2641674502952407 158 84 10 0.37375199231132994 62 466 68 378 10 445 63 400 80 461 15 331
4750 0.50407435620697982 1.363268142528592 2.3522444071694668 173 97 12 0.43076248070205886 62 218 10 463 93 584
4752 1.1051796520659061 1.3249896176143405 2.856071409972023 100 61 44 0.49741407729160947 68 245 10 664 93 629 17 565 65 245 39 199 13 733
4753 -0.41813261445071059 0.54209886801787022 2.3677191344800295 25 24 23 0.28448766644082196 62 649 10 707 93 336
4754 0.32097668814138269 2.09924723021027 2.1859273364294536 98 61 41 0.05224886615338499 62 988 10 767
4755 0.81614464886557336 2.310136605469201 2.1456121847633072 252 225 173 1.7994132827630889 62 758 10 782
4756 0.33178413746213831 0.9607003116636228 2.2854509802914764 253 195 52 0.23986062768387767 62 976 10 972 63 884 15 769 93 671
4757 0.8156424801803589 1.3070925570853535 2.8475398700816057 109 70 50 0.25184234695274993 62 1010 10 1004 59 997
4760 -0.013030980904331893 0.79459947935265862 2.4180158627253316 211 202 201 0.53819998061642094 62 1105 10 1084 59 1011 63 939 15 810 93 787
4761 0.52163808764740272 1.3855026402863089 2.0741322576424919 202 148 45 1.5999154221332927 62 1086 10 1085 59 1026 63 886 15 772 93 788
4762 0.5028133089407133 0.77066962931675564 1.8097396949103988 237 193 70 1.2363982216465068 68 1027 10 1122 93 844 15 863 63 985
4764 0.20345734267301194 0.96659419091986443 2.3731088164991427 71 41 15 2.1003465905091629 62 1140 10 1129 63 989 15 872
4766 0.62207473348725839 1.1722954899163289 1.1442753931341665 213 111 12 0.70129487862488205 7 3 10 1 59 0 13 4 47 1 74 0 57 0 96 292 29 387 73 0 81 234
4767 1.0286457334377026 0.7565116459811192 1.5681880982119023 254 240 61 2.1283952862415325 7 88 59 52 13 16
4768 -0.22691713896620985 0.74132429820454315 1.8761809231229867 175 100 17 0.16244857376732486 10 46 59 139
4769 -0.13906023529932948 0.60593407473646566 2.040216807203286 255 245 60 0.1130327299228588 7 351 59 152 13 150
4770 0.61164793401466022 1.2240975497509705 2.0994569323821888 16 16 21 0.2130558082227981 7 400 59 214 13 213
4771 0.34493618711592233 1.1029149707639077 2.2856665207182147 122 67 6 0.54883253302913015 35 143 59 215 13 538 47 157
4772 -0.045598351740607286 1.0179369399580813 2.559827334064749 74 64 66 0.46199748438408045 10 447 68 144 59 229 63 410 15 340 93 104
4773 0.2606028184683763 1.2390522698590509 2.3407555971860088 103 73 49 0.073699473760824641 7 179 59 233
4775 -0.42396195005929999 0.84339222826278304 3.0396436974817158 12 10 9 0.59963124089818198 10 199 59 262 15 171 93 176 13 262
4776 0.61613229142168846 1.2117886844287393 1.0927524639380402 254 251 78 0.35050789762465268 10 0 59 370 13 0 47 774 74 803
4777 0.61598030082055211 1.1492678079098777 1.1680222726748934 207 117 16 0.51882801288192515 10 3 59 372 74 363 96 296 73 270
4779 0.71974616897275956 1.3889080699213106 1.2263097259193692 254 158 26 0.14504573756808736 35 298 59 396 13 488
4780 -0.10926786040365077 0.70968821374859503 2.1324519080078428 255 237 65 0.23840135752529346 7 357 10 79 59 437 13 170
4781 -0.12597861787517345 0.65910611776548789 2.1931387847599426 253 214 55 0.058505824204927247 7 109 59 439 13 172
4783 -0.54493400245435319 0.57637436962547872 2.534487548359071 254 243 62 0.60254651052728569 10 404 59 459 15 484 93 354
4784 0.20326892444333003 0.94109510959714915 2.3811814661511934 194 148 34 0.51013769456992653 7 671 35 357 59 475
4785 -0.62922512294346788 0.54321669988724008 3.366822853529793 218 186 146 0.62368581927902744 10 771 59 515 17 930 65 853 9 664 13 585
4786 0.46504648486198447 1.5039376173156613 2.4674403808720586 235 163 36 0.42650201519044345 7 238 59 530 13 860
4787 0.56344450059939888 1.5942057449204579 2.6171858063937772 205 178 131 0.17127835762158788 7 285 59 583 13 613 47 284
4788 0.7846369582148216 2.391288247480543 2.0145054822085648 98 57 37 0.58432759854796701 10 539 59 590 63 440 93 457 65 371 17 341 47 658 57 528
4789 1.2962459069472159 1.9864849729163179 2.3638458036935499 221 188 140 0.27513651383956855 10 660 59 744
4790 1.285272098413007 1.9952483051119911 2.3647007516854908 221 188 140 0.45709184931711155 10 661 59 745 47 759 57 704
4791 0.94544313410886605 1.6128684993864018 1.2974184000199485 251 219 59 0.17085299426025508 10 686 59 773 13 801 47 806
4792 -0.41100396678990497 0.54879238335151281 2.3588279610241818 18 16 14 0.27693236964882345 7 633 35 811 59 782 13 816
4793 0.33938460625005923 1.1599356773043241 2.1598627505623313 125 74 12 0.11887381028300815 7 670 59 801 13 831
4794 0.39780671786227068 1.0606906865284327 2.2313694324902436 253 180 42 0.21678137770400807 7 395 59 803 13 832
4795 0.27537882421400722 0.93450054458935572 2.3981840794868052 22 23 24 0.66085317367446306 7 675 59 805 13 836
4796 0.47490959064436816 1.4955321742412839 2.094048684104584 14 19 27 0.35827822383347524 7 404 10 745 59 808 13 940
4797 0.45058532381750194 1.3712045577835983 2.4109367476317929 247 182 44 0.30971741921112722 10 993 59 816 93 699
4798 0.41720113720504809 1.4239319292839574 2.4925060927722082 251 185 46 0.11300712120551089 7 694 35 669 59 823 13 855
4800 0.35440498018292266 1.1906745791708573 2.189320024878084 192 125 23 0.10094443864959679 7 807 59 938
4801 0.29540508474524152 2.1090209306564001 2.1911036409773343 100 61 39 0.36654500342973728 7 822 59 952 74 853 57 753
4802 0.76314278938053393 1.4524041633517255 1.3328709237755663 255 212 45 0.6207371351295552 7 854 10 1019 59 970
4803 -0.023759391756838638 0.80476438874046219 2.5124257190894586 204 125 45 0.38205036203206344 7 801 59 978 13 982
4804 1.5888237772589395 1.6028120273646365 2.7383136715134904 230 202 159 0.43810107085756667 10 1066 59 1000 93 768 47 960 7 838
4805 -0.58684945165443259 0.39570924742352076 2.0915012525705392 255 243 65 1.8008062290291695 10 1099 59 1001 63 957 15 834 93 771 13 919
4806 1.1384808052359221 0.82256237499716645 1.6743768090461117 255 251 76 0.53039404746701524 10 1016 59 1003
4807 -0.19412744194692075 0.72314834812969475 2.193332239070549 254 215 51 0.71813002113936497 7 911 59 1038 13 1033
4810 -0.34427712686742729 0.87299675225940998 3.0099656231192968 157 156 171 0.43176910770413168 35 157 7 188 59 511 62 227 10 491 63 638 15 548 93 600 13 264
4811 -0.25015516618675021 0.63679186176733094 2.5222294409862305 255 206 54 0.3514274320209117 10 133 63 102 15 76 93 79
4812 -0.116969176160613 0.76399049304078293 2.4491103944331694 65 61 72 0.20275614386444038 62 171 63 104 17 329
4813 0.41569842721236266 0.99694762127720349 2.3818548361835901 53 43 44 0.63608781616367649 10 149 63 122 15 87 93 374
4814 -0.20174508260869295 0.85515785233579555 2.6170211642426087 108 53 2 0.013726180925285394 10 153 63 128 15 93
4815 -0.1447916640817061 0.88056858381269698 2.6019178234085207 1 1 9 0.4535592420126463 10 156 63 130 15 338 93 577 17 113
4816 0.29626677768113291 2.1825897422954466 2.076661492380619 102 68 51 0.31249070006081237 10 190 63 148 13 285
4817 -6.5103554573410394 4.8359402552474213 2.6506657891626646 76 63 62 0.73446177021264913 10 201 63 158 15 117
4818 -6.5103554573410394 4.8359402552474213 2.6506657891626646 76 63 62 0.73446177021264913 10 202 63 159 15 118
4819 -6.6377285647243722 5.0133022677573607 2.8110564123565385 76 62 62 0.7652422937726584 10 225 63 181 15 136
4820 -6.6377285647243722 5.0133022677573607 2.8110564123565385 76 62 62 0.7652422937726584 10 226 63 182 15 137
4821 0.31128785924468039 1.0764743975942377 2.6800632644556965 68 58 59 0.50147329528835727 10 193 63 196 15 375 93 425
4822 -6.6129867361852908 5.136289128376867 2.8658962348812076 77 71 78 0.66148597683569021 10 240 63 198 15 154
4823 0.38147208521363557 1.2524745826434076 2.8210578853191737 5 3 4 0.37233045290291733 10 269 63 254 15 418 93 209
4824 -0.50383135351503805 0.38911783699312652 2.1869391003329466 75 58 56 1.2072584550318828 62 27 63 320 15 239
4825 -0.11784873708243859 0.55169899021655544 2.0851354168701124 67 54 55 0.83555506420368841 10 361 63 324 15 245 93 298
4826 0.59893227165303464 0.7445079713384628 1.9313632291095906 43 36 37 0.95072828040442681 10 60 63 327 15 244 93 287
4827 -0.50328648337546056 0.50953254279831917 2.356552914218911 165 91 13 0.83258894557114782 10 84 63 353 15 273 93 332
4828 0.40391244856482433 1.2280652639054015 2.1313244471034283 199 130 29 0.67761618782498856 62 184 63 386 15 305
4829 0.38001300997771004 1.2151266501860658 2.1435697687488502 116 58 8 0.63413776721622861 62 441 63 387 15 306
4830 -0.19234051370683133 0.67136263202122182 2.5052650574623501 253 212 55 0.39459178183443561 10 421 63 389 15 313 93 361 17 333
4831 0.4836419305135467 1.2843365830997666 2.2943505706886271 235 170 42 0.14218941967656157 10 450 63 407 17 335
4832 0.44033863805063161 1.3408510904501068 2.3828496980010949 131 70 7 0.42792259841938185 10 464 62 484 63 414 15 343 93 409
4833 0.5286533347702268 1.4059509374256656 2.3790435594158352 161 153 162 0.42873473033975129 10 754 63 420 15 347
4834 0.57680671743352663 2.3412484533810254 2.0037019042680857 150 100 72 0.44240337329269891 10 499 63 423 93 171
4835 -0.12753000570399478 0.95299003740832189 2.7911297533126218 132 72 7 0.28557498882892085 10 179 63 433 15 365 93 423 17 465
4836 -0.090947687656256326 0.96640961536930658 2.790017538096436 217 150 35 0.34277809034914736 10 182 63 436 15 370 93 429 17 471
4837 -0.22210680362034974 1.3672459849403662 2.687878431153631 113 69 7 0.23501414823913222 33 722 63 444 15 377
4839 0.44639348930653294 1.1309106466507395 2.6548105476479895 76 63 61 0.13533551012468598 10 207 63 449 17 427 9 239 65 163
4840 -0.45190231896950794 0.79792216921398051 3.0293999033819912 20 18 15 1.3204388543295464 10 483 62 485 63 453 15 391 93 447
4842 -0.09992298814485033 0.52458580051004455 2.0266227616695298 255 247 63 0.95704345880648767 10 354 63 499 15 233
4843 0.55005893843851184 0.7419592702104183 1.8474656578837398 46 38 40 0.63847763684285441 10 684 63 500 15 432 93 507
4844 0.3378747618752414 0.89813360828870248 2.2002546666183842 143 86 16 0.51208126654064723 10 406 63 539 15 477
4845 0.3378747618752414 0.89813360828870248 2.2002546666183842 143 86 16 0.51208126654064723 10 407 63 540 15 478
4846 0.42991238555271749 1.0224990403519447 2.1538371635094795 56 45 43 0.23329534793014725 62 689 63 542 17 300
4847 0.36649479457313483 0.98946668253041647 2.1846692114515167 126 93 21 0.28194733965767238 10 723 63 543 15 293
4848 -0.149773241772615 0.67339521467929297 2.489079302997768 167 93 10 0.41875871016975025 10 418 63 554 15 497
4849 0.45081453025367774 1.22732064978838 2.1286612963733238 94 49 6 0.68062242698077879 62 443 63 558 15 495
4850 0.36372112384585403 0.99689009849695287 2.2964553826094591 32 30 29 0.34300823952388249 10 734 63 561 15 504 93 568
4851 0.069656984260825408 0.84871457386804783 2.4384467787331863 34 33 35 0.15319116832952376 10 977 63 564 93 680
4853 0.35803462139328307 1.0673823031042255 2.6543823617696782 145 138 148 0.17116859893251427 10 762 63 600
4854 0.40906760373446172 1.2373602547279672 2.7965041218168825 133 125 135 0.44436631083266043 10 779 63 682 15 570 93 610
4855 0.52503216028129929 1.2035128505280583 2.1798558946183202 232 167 43 0.5351070513341436 10 740 63 808 15 666 17 644 65 381
4856 0.39423379024104249 1.0327136913116648 2.2864552658265147 255 227 59 0.29128079632253029 62 1058 63 809 15 667
4857 -0.65446209055262605 0.67511970075852545 2.7485576715187627 1 1 1 1.9598432859292092 10 1046 62 1053 63 816 15 677
4858 -0.11920215689979512 0.8474359881993343 2.5714009638380051 255 228 61 0.9395840202815281 10 982 63 817 15 674 93 687 17 678
4859 0.051894603390926775 0.99241391260938461 2.7166028581587418 201 140 32 0.43926864081974648 10 992 63 828 15 785 93 750
4860 -0.245882259824102 0.87163623697700821 2.8764894488268222 142 130 141 0.43771350217429983 10 994 63 831 15 686 93 704
4861 -0.14717894610798754 0.95290275434252203 2.8299144611571196 212 149 35 0.358956627600024 10 757 63 832 15 689 93 705 17 914
4862 -0.44326980295713597 0.65653066330849674 3.1769820827108588 232 214 171 0.73524224357787082 63 837 15 559 17 928
4863 0.35078407778748416 2.0783434661614573 2.730111256602314 240 219 173 0.22996500834366435 10 1006 63 851
4864 1.073615567141917 0.77051312343361877 1.6884156997683837 221 160 43 1.7387456488499697 10 1015 63 857 15 729
4867 0.38602407005008726 0.97570167468332669 2.2454436422697786 255 223 57 0.29188663433959694 10 1044 63 883 15 767
4868 -0.026443598788538077 0.96568879113870154 2.4970449968721091 69 54 48 0.78831655581039373 10 984 63 889 15 813 93 790
4869 0.44244988547531239 1.2658858418947598 2.2924834355581898 231 165 40 0.4670558623568134 62 1060 63 891 15 777 93 743
4870 0.35817788083591262 0.980277985204971 2.4223242491210231 68 62 64 0.42484213547296662 10 986 63 892 15 774
4871 -0.5745472687126123 0.71277301767801848 2.75419451500284 218 172 46 1.1241191711415639 10 1048 63 893 15 778
4872 -0.044355260810162438 0.95711630972301642 2.600631313091871 237 178 45 0.30215060066396898 10 1052 63 895 15 781 93 746 13 988 59 981
4873 -0.48290165290727827 0.67905407615062341 2.824239654121655 14 11 10 0.98414661128387826 10 1050 63 896 15 782
4874 -0.34560222542352326 0.83736594758802319 2.9999991281380263 116 100 102 0.78192091588386348 68 904 63 905 17 978 65 1031
4875 0.3905994330583516 1.2057746624344861 2.7942948896263107 129 116 121 0.69333148666681288 62 1066 63 911 15 824
4877 0.51816327708011978 0.70265663035332881 1.8315216746107006 255 198 54 0.67527382421295046 10 1017 63 921 15 732 93 720
4878 0.51816327708011978 0.70265663035332881 1.8315216746107006 255 198 54 0.67527382421295046 10 1018 63 922 15 733 93 721
4879 -0.031086284162835816 1.0733548597565088 2.5447684488953533 152 144 149 0.96549794478821804 10 1088 63 941 15 780
4880 -0.26149006059139995 0.77963094134458499 2.8079432931899722 131 119 126 0.39448287715663516 10 1054 63 942 15 815 93 795 17 1019
4881 -0.17147752745350739 1.0772178831093306 1.9481602052195555 1 1 1 0.97296602804812271 62 1155 63 986
4882 0.49230576191108621 1.0466716831127056 1.9706797687128577 101 79 61 1.3689779906305823 10 1146 63 996 93 855
4883 -0.3348679082973085 0.83978947514018398 2.9104732230842516 146 137 149 0.66436850909959289 10 1138 63 999 15 880
4884 -0.62777562153010724 0.74176917715788537 3.2147596222434398 235 220 178 0.6494722889268093 10 1153 63 1007 15 891
4886 0.351135204533922 1.1383570079752754 2.2161882825852715 19 9 2 0.23598108143595245 68 361 15 79 93 366
4887 -6.5549354779862306 5.156283642182018 2.7666442365360631 78 62 60 0.80318579880484242 10 231 63 187 15 141
4888 -6.5549354779862306 5.156283642182018 2.7666442365360631 78 62 60 0.80318579880484242 10 232 63 188 15 142
4889 -6.7364216827143402 5.1714262943201419 2.9696953680805107 77 61 62 0.76300785841970276 10 249 63 204 15 157
4890 -6.7364216827143402 5.1714262943201419 2.9696953680805107 77 61 62 0.76300785841970276 10 250 63 205 15 158
4892 0.61474780477070412 0.93783789254595318 2.034891882976011 47 37 31 0.43476200031665257 62 675 63 531 15 463
4893 0.46226726038968041 1.3130886181470338 2.3229116977132303 104 58 7 0.47039460414967765 10 454 15 516 93 398
4894 -0.0049732269260467461 0.85478207483378688 2.5507764901264163 255 231 61 0.27832353477663957 10 1049 15 776 93 741
4896 0.28885012360568002 1.0414003307546225 2.250152731774993 254 196 54 1.3746955145479769 10 1149 15 878 93 852
4897 -0.62777562153010646 0.74176917715788504 3.2147596222434398 157 112 87 0.64947228892681208 10 1152 63 1006 15 890
4898 0.42265098224711373 1.3349770353149486 2.4098119602433878 251 191 45 0.36941875639893301 100 488 80 488 44 359 75 359 68 393 62 719 35 379 7 199 59 510 15 521 10 751 63 578 93 585
4899 -0.59610476997792061 0.71447864666628091 1.8868121512349305 87 52 9 2.352136148727515 11 7 30 296 61 1
4900 1.0032626232121946 1.3262975297308457 2.7992974571538318 25 13 9 0.21395563075115692 92 233 61 208 16 198 48 167
4901 1.158205268116244 1.3995415522986641 2.7584084442259904 41 21 15 0.16232072899673111 92 250 61 221 16 217
4902 1.3456420751892939 1.5054021607215831 2.7218751186535197 58 39 30 0.26710295591697591 30 253 61 236 96 260 73 228 81 458
4903 -0.3579964445164871 0.75206994515101078 1.8326700944184926 115 76 13 0.23642069142277342 92 314 61 248 29 58
4904 -0.3579964445164871 0.75206994515101078 1.8326700944184926 115 76 13 0.23642069142277342 92 315 61 249 29 59
4905 -0.3024209810226417 0.90563914073266538 1.8951954093960361 254 231 64 0.070875745505473306 92 320 61 257 16 404
4906 -0.46029790449375835 1.7085305260474373 2.4706786747192235 71 81 83 0.32966828335302673 92 604 61 322 16 775
4908 0.97739421442500007 1.3367509268344868 2.7928559036438951 103 72 60 0.21956986551244731 92 469 61 354 48 283
4909 0.94422136889361463 1.4018765762388337 2.7796532520759207 224 209 173 0.14004688015349345 92 473 61 357 96 494
4910 1.0056171939529563 1.433426851793328 2.7617157398365397 212 199 165 0.11937452542088973 92 479 61 361 16 549 29 572
4911 1.1152957420975631 1.4252759094614877 2.7331654669910841 150 99 71 0.28550436617246894 92 485 61 365 48 176 96 496 81 573
4912 1.0886793638860059 1.4451205563150455 2.7540675851657062 52 31 20 0.37986371495798982 92 486 61 367 48 175 96 500
4913 1.1674914517352624 1.4288172324481976 2.7468854128745437 106 73 60 0.22980720971336163 92 489 61 368 16 220 48 288
4914 0.88594886372393489 0.85536426103233532 1.7330844660788203 255 218 71 0.48219832887566005 92 561 61 422 16 407 29 641 48 517 96 537 81 491
4915 1.0677059186914022 1.0111227809699683 1.7566334510369457 255 214 53 0.76406634882457658 92 796 61 433 48 360
4916 0.36363302575682099 1.7820634462144074 2.4689279826004924 239 214 164 0.13320073152109116 92 846 61 513 16 836 29 715
4917 1.0665753309536785 1.4626852491222426 2.7494882346504159 211 198 164 0.28071815431470548 92 488 61 553 16 563 29 580 96 615
4918 0.84412894390982551 2.0128295615105189 2.3224704324505345 226 212 175 0.10574925667846299 92 508 61 582
4919 1.5367548255062813 1.6201342889671089 2.6543968366409825 227 213 179 0.2080304610173615 92 507 61 589 16 624 29 608 48 489 96 626 73 602
4920 0.89292066118618263 0.95299368086770309 1.7450098785773616 255 239 77 0.45218533471338457 92 780 61 622 16 712
4921 -0.23255356250247053 1.8756755281088699 2.3368485033928792 58 41 35 0.15139948759327229 92 826 61 641 16 1071 29 934
4922 0.080321152787585962 1.9065246669106175 2.3518054513422872 193 177 142 0.36644199914199288 92 654 61 651 96 678 73 648
4925 0.99673698580127879 1.4879248408403303 2.7299452037461909 227 211 173 0.93452474831886423 92 839 61 657 48 558
4927 1.0497510919155209 1.5162348007341657 2.7140763723674612 240 220 176 0.14499696974200599 92 848 61 665 91 699 48 574
4928 1.2815189444574226 1.4170135843529985 2.7594422286340747 161 104 73 0.61869328124611433 92 847 61 676 16 807 19 807
4929 0.93284643938630041 1.9033307226264586 2.3831610075548846 251 228 179 0.10785777881742625 92 934 61 734 16 911 48 588
4931 1.1098808788210164 2.1361050374859034 2.2580403774942295 245 224 177 0.12793336611569192 92 1002 61 817 29 1002 48 679
4932 1.2184854498330377 1.3758263271314828 2.7668806503173839 160 101 69 0.26555393707578895 92 1081 61 888 16 1067 53 948 29 1073 96 938 73 920 81 718
4933 -0.86733683685328922 0.80007827930279884 2.1149201111762213 0 0 0 1.3043063972652655 30 1281 61 1006 29 1177
4935 0.68165660735142364 1.1633739406641723 2.9212937561155066 53 34 29 0.33425161676777232 61 172 16 170 29 266 48 134 96 200 73 168
4936 1.3396646444272382 1.4805864464944902 2.7225870838030599 152 103 78 0.21512228915905568 30 251 16 232 29 317 96 255 73 221
4937 -0.51159133938620738 0.49219308692352659 1.8467003499181853 1 1 0 1.4819996133905833 19 1281 16 383
4939 -0.32258572103829897 0.7850155775444263 1.8210625216355221 254 231 60 0.18716065663211578 92 316 16 398 29 74
4940 0.67370190151804255 1.2749757674244961 1.0433567856014914 218 126 19 0.15974280443552696 89 873 16 411
4941 1.0091668106696743 1.2671418600149524 2.8240363909035868 151 101 77 0.27529475635562306 61 499 16 503 29 525 48 542
4942 1.1334485890220007 1.3702726812535666 2.7374390762372411 42 21 12 0.084366807692673837 19 198 16 529 12 134 53 197 3 144 29 559
4943 1.1038841350425472 1.378672170763392 2.7385891449861783 149 102 77 0.30147380856087186 50 158 16 532 29 304 96 495 73 466
4944 0.0046345820265262429 1.9540571525007644 2.3147427281118098 192 172 133 0.17275164550802735 19 686 16 603 29 711
4946 1.0345345247484197 0.79009940067728368 1.6768220720269902 200 118 11 0.32072656406091737 92 341 16 686 12 754 53 847 3 601
4947 0.69367056307908592 1.3922459608943079 1.1881848270329964 114 91 23 0.17853714840478721 92 595 16 732 29 649
4948 0.97931862770950551 1.3928454105121271 2.78249191033284 50 30 19 0.2709248454106073 92 828 16 794 29 704
4949 0.2975281327843971 1.750799570745379 2.4897896603113989 221 200 155 0.37914568874202148 92 838 16 820 53 972 12 636 3 495 29 705
4950 0.83905896406862002 0.96995201935045861 1.698095743663514 255 241 65 0.20640659462162833 61 857 16 1012 29 1032
4951 -0.896324583243159 1.0106018342770391 2.3805887346788239 1 1 0 0.29131524703731415 92 545 16 1021 29 903
4952 -0.2494486481195011 1.1769670268969274 2.0699066104524109 247 205 57 0.44848757432788849 38 1117 16 1028 95 1160
4953 0.62123888674016681 1.7610585156514864 2.4694054577874733 247 221 171 0.25270588634765695 61 887 16 1078 29 946 48 731
4954 0.7440366758186242 0.71661548413265874 1.533244833749295 1 1 1 0.27854989341845277 61 909 16 1143 53 844
4955 0.62897962778519367 2.2411077285521728 2.1397608875006755 245 219 169 0.11885924730338326 92 1144 16 1204 53 1036
4956 -0.34771810055563118 0.51869294841911329 1.8927495661771994 253 226 65 0.15566996020539031 50 1565 16 1212
4957 -0.77080361402461151 0.66665632410090203 1.938561290703221 0 0 0 0.57292801630395984 38 1164 95 1207 16 1216 29 1025
4958 -0.93151862979455913 1.0622106556438236 2.3934695164576456 58 63 77 0.35485929562858898 92 1118 16 1226 29 1051
4959 -0.39860572500735658 0.44932847166906215 1.8227506826283206 0 0 0 1.0489784596797151 19 1620 16 1304 98 1420 34 1236
4960 1.2482392239372153 1.5399337804449322 2.6915802558451172 232 217 180 0.78480990489317004 30 1131 92 1084 11 1023 61 890 16 1191 50 1056 54 697 87 643 99 674 83 650 85 661 19 1078 77 114 12 583 53 956 3 203 29 1074 48 734 96 939 73 921 81 688
4962 -0.71232172754820078 0.47385095172832692 1.9783232330010112 2 1 0 0.7300552666127722 61 382 92 308 16 385 38 1081 95 1117
4963 -0.72594991777599682 0.67527957113766257 1.9549577423212583 27 23 25 0.27813012921801594 77 274 12 29 53 26 3 32 21 423
4964 -0.77089074632603283 0.96196722745688379 2.2453164642178374 106 95 30 0.56955190930339727 16 76 77 331 12 76
4965 -0.27661724253093767 1.1799193006333779 2.0666182505690558 252 212 54 0.18442328224989832 77 69 12 82 53 112
4966 -0.7675463881746275 1.2764150255920339 2.3713603893057535 25 28 36 0.11977172640831424 77 353 43 270 3 108 21 291 58 275 86 409 12 113
4967 -0.45922841260763042 1.4243069484918141 2.420090741265942 55 32 2 0.21713870416307537 77 384 12 131 3 126 43 294 58 451
4968 0.8054473570952283 1.3034886510470918 2.8470913074022826 60 39 25 0.38009583123366431 16 505 12 138 53 195 29 520
4969 0.38746756356956635 1.5937572898588472 2.365308477161689 132 96 21 0.14912582396573795 83 146 12 149 21 102
4970 0.015257395277593256 1.6766119598950879 2.1823604416855265 38 39 50 0.10871038564869226 85 215 12 151
4972 0.071633707512906208 1.7914748995411256 2.2600022535322717 62 68 89 0.18018523665350461 77 171 12 245 43 162
4973 0.86912378945518831 2.5000509560642206 1.9541364047215659 109 81 71 0.19166914667579013 77 262 12 436 53 841
4974 -0.78511670938109457 0.9810541967381855 2.2579422233648252 30 30 36 0.15625469384417054 77 541 12 499 53 566 3 388 43 249 58 256
4975 -0.86319467091683022 0.99570274768764921 2.3166637151729197 2 2 1 1.0776290233433465 16 425 12 505 53 105 3 657 43 78 58 417 29 425
4978 -0.39777185668484466 1.4542915126053968 2.4018481805057528 57 34 3 0.20862325642848598 77 388 12 559 58 452
4979 -0.83975840822914305 1.4374698770983934 2.4550034133825784 4 4 5 0.15642088602102694 19 869 12 568
4980 -0.4705883380161448 1.7038559800423323 2.4149414110954699 0 0 0 0.88774111526604227 33 940 76 441 56 220
4981 1.2220787653083989 2.1038349410223218 2.2775247001800283 126 113 88 0.3468193564741392 16 671 12 725 53 797 3 558 29 623
4982 1.2231256541544282 2.1032475782084488 2.2812963519761014 126 113 88 0.20398649943656846 16 672 12 726 53 798 3 559
4984 0.62732514333516665 1.2224028420004802 2.0736447138417917 1 1 1 0.33107875207585274 77 521 12 807 53 903 3 82 58 520
4985 0.63131457026731885 1.2652265473951239 2.0754197372638616 157 158 169 0.31578747609807883 77 318 12 811 53 906 3 654
4986 0.093723478031920868 1.3842289742424163 1.9908530454253239 12 10 12 0.086341302073763351 77 544 12 816 53 911 3 658 58 410 43 415
4987 0.32668789276229321 1.5728905202277585 2.3010226093844275 123 96 22 0.36025334611543797 85 165 12 834 53 943
4988 0.36370214819782054 1.5709336031521526 2.3660988447199856 96 44 4 0.24315766307854206 77 569 12 838 53 946
4989 0.43250961658722886 1.6864722737793378 2.5057766306234206 234 209 161 0.18209706665668671 77 585 12 856 53 962 3 480
4991 -0.61623223165882834 1.4072992731468201 2.4510336568251754 57 64 86 0.24495901457340966 77 770 12 976 53 933 21 640 43 529 58 544
4992 0.11319458242023345 1.35791246524784 1.9479529815806238 121 98 24 0.37829808123476943 77 756 12 1022 53 1160
4993 -0.64932979190166484 1.1432893364768659 2.3217743886480364 98 88 25 0.92559532304102343 77 763 12 1026 3 836 21 663 86 595
4994 -0.23537550994588868 1.2560616641504792 2.3005064802244122 8 3 1 0.47052153544125502 77 695 12 1028 53 1094 3 837 43 519 58 534
4995 -0.24970901893719649 1.5681282830457706 2.3877708083365601 86 74 19 0.17010606907261752 77 811 12 1034 3 849
4996 1.1261448391943112 1.0695604157949425 1.7200380617653024 255 232 63 0.62643458093054838 16 1262 12 1050 29 1134
4997 -0.29919359003457396 1.3140411966563703 2.3249015810463085 107 74 14 0.70290776071084016 77 765 12 1067 53 1200 3 869 21 628 43 617 58 630 86 560
4998 -0.1769198075918326 1.5456541231571608 2.2942830853593956 75 60 15 0.10063341899634484 77 808 12 1069
4999 -0.048422969525538165 1.6384175408550528 2.1658711267274562 45 50 68 0.13272396146259116 77 833 12 1100 53 1202
5000 0.32860535162738386 1.719700201237885 2.4227425415606176 91 77 61 1.1831627202959274 77 812 12 1101 53 1215
5001 0.095789096522606906 2.1173235371664672 2.149077025063046 36 25 22 0.88854648138779602 77 861 12 1114 53 1221 21 708 43 657 58 669 86 630 33 1132
5002 -0.68065178605010301 1.4064802246101553 2.4473822037828148 37 42 58 1.4268472990395258 77 880 12 1126 53 1252 21 728 43 682 58 702
5003 -1.1449590977127377 1.6503208350589575 2.6070843568229263 0 0 0 1.8378937807077498 77 882 85 1328 12 1129 53 1243 86 663
5004 -1.0101308325556375 1.2470502526267202 2.4697574469509389 0 0 0 1.441975789307548 12 1133 53 1260 3 938 43 681 58 701
5005 -1.0529805691375984 1.4631557526438725 2.5667305392179021 126 130 122 2.1155435066590327 77 887 12 1135 53 1262 3 934 43 684 58 704
5007 -0.50128748605580986 1.3999664910588807 2.3838381965026292 78 64 15 0.81986725963833695 33 1068 28 1092 87 1064 99 948 83 918 12 973 77 807 76 764 83 1230 3 842 21 671 43 620 58 632 86 599
5008 0.70634200635348465 2.3302341672710112 2.0576098222497974 105 70 53 1.0631150658060986 30 1250 38 1203 95 1252 89 1366 14 1286 24 1115 66 1115 51 1011 64 1368 50 1523 41 1310 98 1242 97 1026 54 1041 87 759 99 775 19 1498 22 1307 94 1036 36 1038 8 1049 84 1010 69 950 72 1018 40 996 23 895 75 904 68 998 62 1093 35 927 7 905 59 1016 61 966 16 1207 75 929 35 949 83 774 10 1063 29 1123 91 876 65 1002 17 965 48 798 47 981 74 930 57 820 96 960 73 948 81 740
5009 1.1975093915931294 1.4654891582843772 2.7398306798613756 98 67 54 0.39452985173857491 68 1001 100 1010 62 1070
5010 -0.33480492583312166 0.82154815165608219 1.7871838460787917 255 242 71 0.10054962107074104 12 451 53 23 3 28
5011 0.29055631460118619 1.0665662471360788 1.5122544284913102 253 226 62 0.56874359873551061 12 757 53 27 3 606
5012 -0.31480991310581657 0.945889636707965 1.9078483228114533 95 71 13 0.071716606897802973 12 49 16 63 53 66
5013 -0.71210059368658662 0.90762011088952443 2.1716110121945387 79 55 7 0.23861990548558643 12 61 53 91 3 65
5014 -0.86428474720103132 0.98508964900993701 2.3184542617942423 2 2 1 0.56744121662150082 12 504 53 104 43 77 58 416
5015 0.09751989785478514 1.5077027369499678 2.023346430101165 89 88 97 0.2428739022626506 12 107 53 149 3 97
5016 0.44861355544812936 1.4590247281539233 2.1402159116645296 3 2 2 0.19411582885820286 12 109 53 153 3 101
5017 -0.69120434644480455 1.4231652282340619 2.493198992037315 58 68 92 0.19283839541428091 12 570 53 175 3 135 43 153 58 152 86 311
5018 -0.89646679556324538 1.4664328528036408 2.5554427618561637 94 102 102 0.19680301321517849 12 188 53 198
5019 0.93959922522246164 1.4048982719328698 2.7736038504230165 226 211 175 0.11815816351074762 19 228 53 216
5020 1.1959906765988031 1.4185455941309197 2.7431083212263614 53 28 19 0.1494698552901253 12 145 16 221 53 218 3 161 29 579
5021 1.178167611342702 1.4667361429563657 2.729694054967049 102 70 54 0.22462778202612962 16 226 53 236 29 312
5022 -0.027707614791359754 1.7174289092669555 2.2745171856920718 29 33 48 0.15146332981770802 12 208 53 249 3 155
5023 1.3274284148838087 1.5182677551448907 2.6991147532842144 57 33 20 0.29761110865335239 12 168 83 114 53 250
5024 0.034987102546135705 1.7545338337084597 2.2504401403720311 31 33 45 0.054429572298672534 12 219 53 259 3 165
5025 0.034987102546135705 1.7545338337084597 2.2504401403720311 31 33 45 0.054429572298672534 12 220 53 260 3 166
5026 1.1981985491723459 1.5596924095268561 2.6948479948968411 109 100 82 0.35631252752771098 16 594 53 266 29 589
5027 1.568711423947446 1.6137694870746566 2.6585949948194849 77 47 30 0.35670846489489161 16 625 53 276 3 239 29 609 96 526 73 498 81 464
5028 0.65662623680791965 1.8340977581272107 2.4336014828018833 106 95 75 0.16335376348730168 12 258 16 253 53 313
5029 1.0957180685596641 0.81411523038217437 1.6542134669882018 169 100 14 0.35605500110978255 12 441 53 515 3 335
5030 -0.43909222073043686 0.65823968899370511 1.8682237918902764 254 222 54 0.26353582003308895 12 15 53 518
5031 -0.75511091770390559 0.72235042417804252 2.0507436649728565 108 94 28 0.14287506485176849 12 467 53 529
5032 -0.66525641767065247 0.7563020073531983 2.0793582879825339 131 84 18 0.16888189937137413 12 472 53 533 3 367
5033 -0.08714267210255261 1.1804994865517471 2.1542517663144976 71 36 2 0.1457832893655561 12 508 53 575 3 395
5034 0.26690076655932854 1.2802207830282084 2.0710201069233558 63 24 0 0.2744566696400178 12 509 53 581 3 391
5035 0.41256216411167834 1.4060109898838191 1.9955515377292838 27 29 38 0.21511386685033579 12 513 16 476 77 333 53 587 3 397 43 413 58 408
5036 0.51196511364423825 1.4482185238110321 2.1233054718439326 147 140 148 0.070851875714876653 12 103 53 595 3 405
5037 -0.88874711176805055 1.2821867466400734 2.461350524544399 3 3 3 0.60995792622137102 12 542 53 597 43 446 58 448
5038 -0.89390087482232616 1.307467851766607 2.5193870190145491 3 2 3 0.15509952861328502 12 550 53 601 43 451 58 456
5039 0.29430586930078012 1.5524982488893053 2.293640846379263 67 38 4 0.047705256851435639 12 553 53 614 3 438
5040 -0.82456632401557706 1.4137068901138181 2.5833373232867189 1 2 3 0.22142567295360252 12 845 53 615 3 456
5041 -0.21067146651942126 1.5526553912541774 2.3331577968303834 60 39 4 0.051765058227454849 12 565 53 617
5042 0.0091081427186339298 1.6947085525350147 2.2023675770740447 56 67 93 0.14293641492802797 12 578 53 628 3 448
5043 0.37323368021513464 1.6050218845146111 2.5566142551545687 89 68 47 0.2904376700961982 12 589 53 643 3 212
5044 0.23589727644585265 1.7301401744718146 2.5017215469216323 186 167 127 0.12005682992909732 12 633 16 569 53 678 29 550
5045 0.20041431678791968 1.7727444310826062 2.4715272777774082 206 185 143 0.16891303659230061 12 649 53 694 3 501
5046 0.87489024427748452 2.0062778591378621 2.3240669735108788 131 116 88 0.054468556224641244 12 707 53 770 3 542
5047 0.92114501868748577 2.544798034535253 1.9435861475178344 36 23 20 0.22451023907052814 12 437 16 382 53 843 3 738
5048 0.26001011577722877 1.145433505066545 1.5302025563923793 27 28 37 0.047860158296319621 12 765 53 865 3 613
5050 1.334434479299295 1.0609370565165737 1.7339865493126438 248 224 64 0.44726115089115248 16 1174 53 869
5051 -0.66901578210357138 0.88675975758309555 2.0967185760289326 13 11 14 0.15696633633272561 12 788 53 878 3 637
5052 0.79584411546347389 1.5823089528065295 1.3571765444552797 103 85 23 0.050844572864915748 12 787 53 893 3 758
5053 -0.39725127978591696 1.1667704722758467 2.1111077613722045 65 67 83 0.48611046786126438 12 502 53 901 3 88
5054 0.58459224608825899 1.2950908787518971 2.041628779521087 21 14 2 0.227498837661857 12 812 53 907 3 389
5055 0.10454194223455683 1.4825500740118351 1.9908012541252103 92 92 106 0.18518219220502885 12 524 53 919 3 400
5056 0.45113687738059322 1.4708567246965094 2.0211447947443606 6 5 8 0.26494382188614635 12 959 53 921 3 662
5057 0.48596480537082404 1.4779069206905224 2.125438633863022 14 15 18 0.86365467829799936 12 530 16 480 53 923 3 670 29 684 73 427
5058 -0.8541971726688139 1.2970294933444182 2.4825452036691145 48 53 72 0.30597273214010706 12 972 53 925 43 582 58 594
5059 0.4785653603003347 1.5103276817897484 2.1447905788513602 152 148 160 0.16863093162942211 12 822 53 926 3 671
5060 0.32657953829011399 1.5546920805591504 2.26845959815022 118 95 22 0.22703130726663909 12 827 53 937 3 794
5061 1.2767842664370646 1.4364768071562057 2.7445786142615876 153 103 77 0.25734036187440545 12 572 99 894 53 951
5062 1.1322460444228941 1.4540918795814599 2.7408367221638406 78 52 40 0.76594911266469745 50 1326 53 952 3 463
5063 0.69390435627794955 1.9233861646506418 2.3716653349102907 126 114 88 0.21318926968180699 12 865 53 990 3 709
5064 0.90217836068698598 2.4366069087983737 2.0208006840948105 231 217 184 0.0938407445632395 16 1211 29 1086
5065 0.22298145935228925 1.091228615085591 1.5179144788902257 99 86 25 1.1972029730259208 12 1011 53 1054 3 744 43 555 58 566 21 540
5066 0.22332772358084968 1.1031145557495441 1.5124753181887998 99 86 25 0.45093302052575773 12 1010 53 1055 3 743 43 554 58 565
5067 -0.24043511967533376 0.83149466153158502 1.9181735124818828 254 210 57 0.24169365081285224 12 774 53 1059 43 23 58 223
5068 -0.28997498593276266 0.90130976907775362 1.8961296402138852 255 240 74 0.20126839815168082 12 779 53 1061 3 627
5069 -0.22128226466348833 1.0940406814690908 2.0877171147859355 255 228 59 0.39244815176329706 12 800 53 1080 3 642 43 56 58 59
5070 0.21402428064910287 1.3510962704060263 1.9705989177845158 107 87 24 0.65457416810026614 12 948 53 1089 3 832 43 504
5071 -0.88388264172033937 1.0967141031321519 2.4496216238115887 0 0 1 0.5416180352618355 12 962 16 1027 53 1093 43 523 58 537 29 911
5072 0.37508136761151678 1.4942777566448442 2.150195897752516 111 90 22 0.28876180549939723 12 969 53 1098 3 790
5073 -0.82661615331616733 1.3588560934729124 2.5430168227518619 54 61 82 0.15594293136556558 12 1032 53 1102 43 626 58 635
5074 -0.87512489410771666 1.4938192772045089 2.5962654997743368 79 89 92 0.75147438936264732 12 850 77 723 53 1109
5075 -0.64516879689783502 0.68024888935681382 1.8962950961357961 85 47 4 0.35140291030493065 12 1008 85 1248 53 1137 3 823
5076 -0.37916650279125552 1.2384044346471201 2.0943663264441978 53 58 80 0.31507785271104194 12 1063 53 1158 3 833
5077 0.19092490322291225 1.4209156498153108 2.1883167814401787 61 50 38 0.53212099050125772 12 967 53 1166 3 840
5078 1.2050193922281827 2.0774734344476302 2.2936540523934883 147 135 109 0.30589718926087234 12 994 53 1175
5079 0.33265205174941048 2.2489827864624394 2.1018892270531753 36 26 23 0.14135227732396688 12 1043 53 1177
5080 0.48915968547500505 1.1430017523963349 2.0899511192577425 0 0 0 0.73830881277323013 12 1061 53 1193 3 829
5081 0.1947604062462209 1.3610222424733431 2.0950752193992708 6 4 3 0.44980807592511701 12 1023 53 1197 3 834
5082 0.1947604062462209 1.3610222424733431 2.0950752193992708 6 4 3 0.44980807592511701 12 1024 53 1198 3 835
5083 -0.93477953398859159 1.5771845622549103 2.5522305532296476 44 30 26 2.0069781287613053 53 1206 43 590 58 604
5084 0.84148820240905775 2.478611076660783 1.9763189423850502 40 26 22 0.34569712399691527 12 1080 53 1209 3 883
5085 0.91104969569158689 2.506116665574734 1.9668714257007529 46 30 24 0.4352272334235181 12 1081 53 1210 3 885
5087 0.1666517754879395 1.7315760178547506 2.3649433161395779 61 60 61 1.3357727153735952 12 1120 53 1244 3 923
5088 -0.67762937180833149 1.4263579023592601 2.3966447343152297 62 70 95 1.8597374342948456 12 1125 53 1251 3 932
5089 -0.33683907434035959 0.53399808035531071 2.0642022543906626 194 157 42 1.3122613691413119 16 1311 53 1257 3 943
5090 0.51163480313226195 2.2723439220604664 2.0715132449397546 35 21 17 0.28504772497801828 77 493 12 748 53 1037 64 477 50 643 85 803 54 458 99 515 83 780 19 955 16 668 3 729
5091 0.35238289359442648 1.5299613352902397 2.2044815053057332 115 94 23 0.28945000708902047 77 702 12 971 53 1101 54 1150 87 1046 99 1150 83 1131 85 1141 19 1352 3 792 21 585 43 524 58 539 86 503
5093 -0.7364715604856964 1.2992676549405746 2.366595384309802 58 61 80 0.15922012940010261 77 360 3 113 21 473 43 274 58 280 86 413
5094 -0.18370804198489563 1.6323840561957128 2.2860495491061923 9 8 9 0.051851158989925455 12 162 3 139
5095 -0.055849097660544342 1.6759574490734221 2.2585686374231733 25 26 36 0.037151360335657697 12 169 3 140
5097 -0.74920503658206627 0.65156298640244903 1.9301484812903777 110 96 29 0.67065996235570347 53 15 3 344 43 375 58 213
5099 1.3459379301845653 1.0431327396372396 1.7510909098900727 249 227 66 0.19813102934284127 12 31 3 346
5100 -0.53963130193324294 1.2022780849520229 2.3243308497656101 40 17 0 0.37889871833009697 77 85 3 406 21 457 43 429 58 429 86 395
5101 -0.41785135403125817 1.2652450484995417 2.2912575854154866 2 1 3 0.4932372192617695 12 106 77 344 3 411 21 462 43 431 58 431 86 501
5102 0.061136657456897024 1.7827487850793828 2.284129454995564 63 70 90 0.3052375190087398 77 443 3 468 43 325
5103 -0.38995188892946675 1.8549128068623044 2.2170465014912386 3 4 6 1.3727683065091087 77 727 3 481
5104 0.43557156885612686 2.2861988585106854 2.0798383717170794 100 68 50 0.32126238850107197 12 908 3 585 21 216 43 203 58 203 86 179
5106 -0.6949680512224653 1.701728200472133 2.3882578140836683 71 49 39 1.1721743566939182 12 1075 3 852 21 644 58 553
5107 0.55069822217758424 1.2475133955481148 2.0561194613130858 179 129 36 1.8908434097058726 53 1196 3 861 21 659 43 612 86 593
5108 -0.62803539337917758 1.2167075253532418 2.3752343476076172 3 3 4 1.9099955741676993 12 1119 3 921 58 684
5110 0.088959570328170368 1.5664204678994533 2.1876432509710169 12 9 7 0.8489511712808212 12 1124 3 930
5111 -0.73215288684261326 0.97866079007517015 2.3285558831714059 102 86 24 1.4294536858454965 12 1142 3 937 43 687 58 707 86 666
5112 0.20241744008718046 1.9541496863162149 2.2938319579907747 217 199 159 0.87470377017432599 99 1322 3 925 33 1161 12 1137 53 1263
5113 -0.99533657078774707 1.0233719351728683 2.4113268299976545 87 103 138 0.11405104218521872 77 83 21 85 43 95
5114 -0.40673465605747905 0.53791720932839693 1.8790282415152073 244 1 1 0.34853913452204399 3 15 21 221 43 207 58 210 86 10
5115 0.35528092369156888 1.4772957124621755 2.1483036518439058 111 91 25 0.33985620697763991 19 244 21 271 43 258 58 268 86 244
5116 -0.078607888574502835 1.6398078144190891 2.2430414875974081 34 24 4 0.18319408410911689 77 398 21 301 43 291 58 292
5117 -0.078607888574502835 1.6398078144190891 2.2430414875974081 34 24 4 0.18319408410911689 77 399 21 302 43 292 58 293
5118 -0.56050648539083647 1.4559738614333135 2.389290592424647 9 8 9 0.05746027716150922 77 136 21 325 86 288
5120 -1.0005514660397965 1.5943867508045269 2.4862034973520806 119 82 63 0.2269850560946936 77 645 21 395 43 189 58 195 86 338
5121 -0.86460256256364887 0.9152401728565589 2.3233144107079924 110 118 142 0.35357769438357861 77 72 21 440 43 74 58 72
5122 -0.60433284181047997 1.1689705516566311 2.3424326871277974 3 3 3 0.25159640468132227 3 404 21 456 43 428 58 428 86 394
5123 -0.47715924579916469 1.2312287363679049 2.3098587792083345 16 9 5 0.36421434360856803 77 86 21 458 43 430 3 409 58 430 86 396
5124 -0.52046113882054379 1.2384582669848061 2.3313577642836631 76 63 14 0.14479281806038671 3 416 21 465 43 436 58 436 86 400
5125 -0.73746832792306649 1.3012999233243649 2.3637131604491404 57 61 79 0.14666852885176096 77 359 21 472 58 279 86 412
5127 0.90581872459054558 1.9617239573484522 2.3498483114867463 233 217 180 0.32293896769779551 77 601 21 499 58 188 43 343
5128 -0.42575659723410747 0.51673148125843638 1.8729047462238544 211 0 0 0.10805761933834085 3 741 21 538 43 482 58 497
5129 -0.98315540323950257 1.0351383748355993 2.413506004553382 68 85 119 0.23360717086993188 19 1349 21 584 43 518 86 558
5131 0.074929542689839035 1.9381441117625098 2.2669875677891658 211 189 145 1.7760347336587341 3 516 21 597 58 194 86 516
5132 -1.2292221896384612 1.519448237304164 2.5305703389229004 69 47 37 0.12203103918025278 77 728 21 601 86 585
5133 0.90324418302792586 2.5121814230926742 1.9667250847763158 36 24 21 0.45074033843260985 77 780 21 605 43 599 58 612
5135 -1.1672049755476113 1.5481224100955695 2.5153327680229092 62 42 34 0.25978821817260045 77 729 21 649
5136 -0.032129911503412011 0.87594872003820679 1.9801272878903782 17 12 11 0.26745707420193437 99 1244 21 656 86 616
5137 -0.42948252745599569 1.472020774610949 2.4531204467683763 87 75 21 0.19635753429236069 77 810 21 673 43 624
5140 -0.22061088025180292 0.62268701320728037 1.9949024135563158 192 146 36 1.9864298099064561 77 878 21 718 43 678 58 698
5141 0.49801474676355323 1.1378122901920915 1.825740205153445 104 89 27 1.0228517347254722 77 874 21 721 43 672 58 695 86 662
5142 0.48089948817758982 1.3861436229786046 2.2755285170076016 111 92 24 1.9430139731274778 77 876 21 724 86 661
5143 0.12785480800372681 0.74807520254625881 2.2473762414063829 1 1 1 0.42683415521951201 83 1302 99 1334 21 725
5144 0.75204401584499392 1.5036556857444763 2.3236562042991871 0 0 0 0.076847372951485443 3 946 21 730
5145 0.42406776779247601 1.4424031186627548 2.0261419195549175 113 93 24 0.41671980686961985 33 859 28 117 21 574 99 881 83 854 77 689 12 954 53 918 3 660 43 511 58 526 86 491
5146 1.209666151789982 1.5623658294225449 2.6830206655612354 106 94 73 1.0535282929134984 54 119 87 119 83 658 21 118 50 824 98 183 54 116 33 173 28 145 87 118 99 680 83 124 85 666 19 828 86 109
5147 -0.42452251173256289 0.81184759978716026 1.8427795730672827 1 1 0 0.35054171460916655 21 17 43 9 58 214
5148 0.53461183788134592 0.88187899494767874 1.862527573850935 124 90 19 0.15710165898854347 77 18 43 10 58 17
5150 -0.54080757397728718 0.743335275364434 1.9923087776106829 249 186 48 1.1960364232391303 77 27 43 26 58 29
5151 -0.27859025156439987 0.94296705836382078 1.9418333561264733 252 238 75 0.057165141066355403 77 294 43 31 58 231
5152 -0.51500801156837728 1.3553256390732213 2.3785514038933107 36 25 2 0.48857906311125887 21 97 43 108 58 112 86 271 33 703
5153 -0.73748412380152073 1.3155738519613833 2.3934893900083876 20 20 20 0.050748860279479557 21 295 43 109 58 111 86 272
5155 -0.72104004653584208 1.382070094883737 2.4779609011742481 20 17 20 0.06326168283630737 77 145 43 138
5156 -1.0817563968885469 1.5372834905988584 2.4883066024003035 126 125 115 0.55426155692030721 12 588 43 181 58 190
5157 -0.38972063651714317 0.96529440849193915 1.8816029447320517 63 72 96 0.10862951819520016 21 234 43 221 58 227
5158 -0.78507183543235848 0.97220560852874904 2.2656662110227375 22 19 24 0.070491857791384435 21 575 43 248 58 255
5159 0.4099030301100729 1.5872562129172123 2.2275715094761539 77 81 97 0.067571013980173789 77 351 43 271 58 277
5160 -0.86156664199099986 1.2725339330448997 2.4498299992413344 42 46 61 0.13854019807567852 12 120 43 281 58 284
5162 -0.71190475862777969 1.3498875649671989 2.4137236170816494 23 17 16 0.10587805791126265 21 308 43 284 58 285
5163 -0.014956750651088153 1.6720668374003407 2.2281967520357822 40 25 4 0.038775443331132468 77 403 43 297 58 295
5164 1.3045157860047383 1.6631094529326791 2.6366839592752633 232 215 174 0.088378662218998857 77 579 43 321 58 328
5165 -0.84243704190594171 1.6092048869373046 2.4264886366945912 70 49 40 0.19114341860392417 21 376 43 341 86 177
5166 -0.77248838736994596 1.7125273652221837 2.3628895532634178 36 25 22 0.10748620445564012 21 385 43 352 58 345
5168 -0.63825519416986998 0.69151676618940872 2.0325679665881156 1 0 0 0.48023015482204912 77 278 43 386 58 507
5169 -0.36957037054014369 0.95994084968348103 1.8455466336453024 50 39 35 0.11749422134391592 77 515 43 387 58 376
5171 -0.64687358077805091 0.76791067563666782 2.0490904303213244 2 2 0 0.63175300274282586 77 291 43 391 58 509
5172 0.046168054191172994 1.138080192239967 2.0259535041796468 2 2 1 1.6134502698158826 21 563 43 400 58 56 86 544
5173 0.16969953659073525 1.3358275545578067 1.9633635809572656 79 53 7 0.12343530034159995 21 430 43 407 58 402
5174 0.39579590770295603 1.4290751901459469 2.0610895315043396 70 33 2 0.12956050241399117 21 438 43 419 58 414
5175 0.41646427919817991 1.3388409163680142 2.2277863973867209 62 29 1 1.971591329190159 12 519 43 423 58 424
5176 -0.35262090245723804 1.2938666291636745 2.2718319244555927 22 10 4 0.34706387538565814 21 459 77 345 43 432 58 432 86 502
5177 0.3260528493165778 1.5125936837641214 2.2490553816938221 71 30 1 0.14430954874883725 21 467 43 439 58 440
5178 -0.68314878241336474 1.3539909956164637 2.3727952299350874 61 67 88 0.24122636371631478 21 475 43 442 86 507
5179 -0.74473415974910884 1.3387385648472687 2.4122748197633817 57 67 91 0.11203422778040958 21 479 43 445 58 447 86 418
5180 -1.2620227301859099 1.4602573342969072 2.5602536926121129 111 70 46 0.21365406630025208 3 693 43 473 58 482
5181 0.8540783257387603 2.4736194100216022 1.971673147341783 49 33 28 0.11299315062618702 77 660 43 479 58 493
5182 -0.39265349937194316 0.75011965183958362 1.8048503528371198 253 221 57 0.97492080787928292 21 542 43 485 58 500
5183 -0.57148351505283412 0.64784156288447137 1.9237795900801165 82 47 5 1.0521939358301557 77 739 43 487 58 571
5184 -0.75594712905702022 0.75724356344420363 2.1018459251361712 103 91 26 0.041856264077899497 77 677 43 497
5185 -0.82293895416915064 0.92824485365388509 2.2658851195420207 105 93 28 0.067221526033675913 12 943 43 505 58 522
5186 0.13568228119107215 1.4047955863515427 2.0003440616109867 118 94 29 0.45352529988808704 21 573 43 508 58 524
5187 0.40426005679901439 1.4676032053592734 2.0831580351545398 113 93 25 0.33018327629983951 21 577 43 514 58 530 86 496
5188 -0.88668735562964773 1.3344895457689374 2.5495470578092849 3 3 3 0.33977068214080353 12 837 43 533 58 460
5189 -1.0407556657737131 1.5957385654085274 2.5025758612894529 51 34 27 0.12798931533231464 21 603 43 544 58 556 86 527
5190 0.74113100640201024 1.5320254410730836 1.3823618833471629 105 93 26 0.46905028909914676 21 612 43 558 58 616 86 535
5191 -0.31470255721777474 0.90606524203696337 1.8904905845834565 159 148 127 0.065125740989665629 77 742 43 559 58 574
5192 -0.17278554000554361 1.2574959504614938 2.2065751662680566 84 69 18 1.1089284033061766 21 578 77 693 43 572 58 585
5193 -0.3918373336288859 1.3062200500154086 2.3096399159561023 81 69 16 0.10511038063337642 21 627 43 575 58 589 86 559
5194 -0.42882443633520001 1.4200958756785624 2.3742203886090358 79 63 16 0.24710270124222897 3 843 21 635 77 766 43 579 58 591 86 569
5195 -0.36435975660335362 1.4455778346044794 2.3616842245394207 77 60 15 0.2117622903087451 21 636 43 580 58 592 3 844
5196 1.1354083293736899 1.3532281327170257 2.7506490915852946 75 45 30 0.20135096088638313 3 874 43 583 58 595
5198 0.92735819717974022 1.622525635593441 1.3055270453887875 104 91 25 0.47957457217377453 43 604 58 570 86 534
5199 -0.19148592285777769 1.3178260507949653 2.3321120572661256 79 59 10 1.3405191041245015 21 629 77 801 43 618 58 629
5200 0.083022029032018663 1.7267344084837006 2.1404078690245898 40 44 61 0.86893765791022015 21 669 43 622 58 634 86 566
5201 -0.93676072361638352 1.0728384400208679 2.3794750518106786 61 68 92 0.7068329817426956 3 867 77 830 43 644 58 655
5202 -0.93676072361638352 1.0728384400208679 2.3794750518106786 61 68 92 0.7068329817426956 3 868 77 831 43 645 58 656
5203 0.11030107518633271 1.4609245947159906 2.261906042418353 8 7 8 0.64614717688490486 21 687 43 647 58 660
5204 -0.076255458713941834 1.7281379084394335 2.3626618576263549 53 61 81 0.33626402056489085 21 692 43 653 86 624
5205 0.13861492456136848 1.8351979896631101 2.2593894491629745 9 6 7 0.66189401952938054 21 691 43 654 58 664
5206 0.028650470828784337 0.87805011081966966 2.1715889346152148 0 0 0 0.3603864313568364 43 665 58 683 77 864
5207 -0.22915668434767392 0.67430869976132657 1.9610262174493867 158 110 19 1.0657524394093956 21 719 43 679 58 699
5208 -1.0422727133359808 1.4903342712865884 2.5380404578619955 126 129 121 1.2400758948674098 3 933 12 1134 58 703 43 683 53 1261
5209 -0.9670106057840665 1.0883097229151395 2.4199079326671349 1 1 1 0.41968690989459545 77 699 12 521 43 435 77 555 21 586 58 435
5210 -0.98340807391500096 1.0309258464724393 2.4141184694716675 85 103 141 0.5652162455076033 53 118 3 92 43 517 38 728 95 747 89 852 19 1348 21 583 86 557
5211 -0.34691033812043892 1.3220503908157266 2.1792752019213077 103 93 28 0.46418047354867259 12 965 3 783 43 574 77 800 21 625 58 587 86 556
5212 -0.22259019406173611 1.2961496025484887 2.0786582396344238 9 9 12 0.78006653230123713 12 1098 16 1264 53 1213 3 893 43 615 41 1306 98 1228 97 1245 54 1147 33 1060 28 1080 87 1098 99 1147 83 1126 85 1129 34 1019 77 758 21 660 58 624 86 548
5213 1.3164331168289931 1.0557784241222252 1.7444153241143829 165 114 26 1.5757424242587867 3 345 43 603 53 868 12 30 30 1245 38 1216 95 1260 92 1170 11 1120 24 1135 66 1134 51 1039 64 1387 50 1475 94 1069 45 1056 90 1012 79 1218 31 1150 61 956 16 1173 58 569 29 1093 96 922 73 931
5215 -0.30660863316074977 1.2934852491263165 2.260218153650388 65 47 11 0.13809027143305599 43 97 58 88 86 73
5216 0.08946658366067714 1.3828717309705012 2.3124720128671208 9 8 8 0.66321174820985884 43 101 58 97 86 254
5217 -0.49969567608218024 1.4747577743289293 2.222289586763488 9 7 8 0.22043230898614827 43 105 58 105 86 98
5218 -0.80763140255116739 1.32085622392881 2.4658810053891917 19 16 21 0.070071982982498573 21 323 43 118 58 121
5219 -0.70316781067040535 1.3959678783441727 2.4446789816792611 61 69 94 0.12371029054504883 77 141 58 135
5220 -0.056870122123084316 1.6781693997639706 2.2602304658322128 28 21 23 0.040763953244905199 43 135 58 139
5221 -1.1408018623853733 1.5164674841617898 2.4938630686597238 131 127 118 0.71026722056093661 12 209 43 345 58 187
5222 0.37394766553490189 2.1133052533539964 2.2258886186607554 107 76 63 0.43939467007476329 43 199 58 201 86 170
5223 0.30176210596467773 1.2986098397437338 1.6271721705910869 99 83 22 0.044411098765553367 43 219 58 224
5224 0.071852292474218704 1.7115002751170854 2.1686570772839291 60 65 86 0.074809815408380567 43 448 58 290
5225 0.0086135082967866341 1.6946224696499017 2.2101867864509255 61 67 90 0.062115178180506089 43 449 58 298
5226 0.0086135082967866341 1.6946224696499017 2.2101867864509255 61 67 90 0.062115178180506089 43 450 58 299
5227 -0.26735449147030832 1.5079559688974291 2.3735792522961439 32 7 0 0.051525272843539541 77 394 58 301
5228 -0.42307258927974334 1.8577961491125146 2.3046919428506287 80 89 86 0.59865240645869755 43 357 58 348 86 337 21 388
5229 0.32807556601976173 1.2715809894988053 1.6930922587900308 3 3 0 0.016856463779252741 43 389 58 378
5230 -0.45818598397415833 1.4235358714897224 2.420106952006738 41 26 13 0.27473139988404849 43 293 58 450 86 428
5231 -0.66146887001871846 0.69016641889513319 1.8885165560320518 87 51 4 0.5162415045466453 21 609 43 488 58 502
5232 0.40226056220349349 1.5424484755284988 2.2199743422575064 54 31 4 0.5368709242124754 21 466 58 540 86 397
5233 0.4071133623879441 2.2399299887858874 2.0744343762867019 40 26 22 0.22602155530697679 43 547 58 559 86 455
5234 0.20443413716656017 1.7663818460166869 2.4860750867762764 190 171 130 0.23300913419021851 43 631 58 601
5235 0.21674499333012265 1.8487435316079206 2.1862436454004786 189 166 125 1.5528844965682009 43 652 58 636 86 646 21 707
5236 -1.1346516227391819 1.4872489818050971 2.5245952392593929 121 122 113 0.51028922368555685 3 808 43 629 58 638
5237 -0.15555246435439685 1.8929622401770254 2.2572982562199035 1 2 3 0.7568678061947246 21 678 43 630 58 639 86 576
5238 -1.2783146625230262 1.4591015760475574 2.6220868634148595 69 62 56 0.09761604295511174 3 909 58 681
5239 -1.2783146625230262 1.4591015760475574 2.6220868634148595 69 62 56 0.09761604295511174 3 910 58 682
5240 0.37764429234719571 0.94772708443465026 1.6738333622101069 110 92 24 0.31168518250616106 43 669 58 692 86 656
5242 0.10741294600461081 1.959783130642194 2.2536020736172842 201 185 150 2.1062272959749597 21 694 43 632 58 602 50 1614 98 1411 97 1341 97 1354 28 1174 87 1204 99 1313 83 1282 37 995 78 875
5243 -0.59254600884776132 0.65869851356492792 1.9462046663161099 0 0 0 1.6748241792322673 83 43 86 20
5244 -0.38394608036454353 0.92780046287428652 1.9486912919503883 0 0 0 0.042933797644742928 21 235 86 42
5247 -0.47422113880778688 0.5097560518197165 1.9382326377482963 1 0 0 0.40468694358800467 58 11 86 468 43 6
5248 -0.24133768867822725 1.9347151968905796 2.2636529842363484 50 37 32 0.32884372157572828 21 600 86 524
5250 -0.69753985430877941 1.139273514848167 2.4159890113215488 26 25 25 0.66424892095372357 21 705 43 646 86 642
5251 0.14165781891689322 1.1563506427487193 1.9808149863686066 79 65 15 1.8322266919026786 77 884 86 665
5252 0.49682919314285373 2.318025082763064 2.0572485604161588 63 46 38 0.4237939626991416 77 659 21 393 86 178 3 734 58 205
5253 0.064122181632090228 1.3799331897420331 2.0123733080597814 101 90 28 0.46874891317761797 85 895 19 1073 77 339 21 258 58 258 86 227 41 1068 97 704 54 991 87 878
5254 -0.77148144891305459 1.3192547076764161 2.4278502410476293 21 19 23 0.15022875101181732 21 304 43 283 86 281 87 736 99 732
5255 -0.33653594021571864 1.9057599302937915 2.3292236738721033 39 27 25 0.059963101549736886 58 608 86 580
5256 0.94217523459517727 0.71874384661008028 1.5617189358145194 127 66 6 0.55014808681462801 61 30 29 22 48 44 96 309 73 278
5257 0.90654709098216013 0.85157437213714149 1.7492305928075493 170 101 16 0.69477458861715891 16 62 29 167 96 92
5261 1.255825959562346 1.3744238433527196 2.7909973446676415 3 2 1 0.16234445329085642 61 223 29 309 73 209 48 179
5262 1.1775126688182864 0.86181881803004845 1.5432786878840985 7 6 2 0.82222696682129071 92 369 29 409
5264 1.107289243190051 1.5459132146934831 2.7029174368450422 242 222 176 0.53017889082168568 61 680 92 664 29 762 91 709 48 587
5265 1.6010159501534875 1.6000974323105155 2.7135096542292714 226 200 157 0.50217786408407616 16 266 29 861 96 860 73 843 81 689
5266 1.0757509351875447 1.2892542459939416 2.7958484142055147 110 76 63 0.33433579076032771 16 1063 29 935 96 910
5267 1.0522974300997245 1.9677932215713962 2.3485022299253004 244 219 169 0.093643900229607877 61 894 29 1079 48 738
5268 1.1150145697198408 1.9972342376175141 2.3303063104171438 246 221 171 0.092603261214455043 61 896 29 1080 48 739
5269 1.3899479181581214 1.6468247337329815 2.6998350323827345 233 218 180 1.7927981516426663 16 1318 29 1180 96 988 73 972
5270 1.3946129534772591 1.6371007069697459 2.6920444034243523 233 218 180 1.3371884171758119 29 1181 96 989 73 973 81 773
5271 -0.31473307358698266 0.84824137078605077 1.849757986477629 254 231 61 0.53626619200585668 30 801 38 857 95 878 89 1012 92 752 11 712 61 605 16 1000 29 882 50 118 85 594 19 763 77 22 12 771 53 860 3 619 43 14 58 18 48 499
5272 1.193414297824051 1.5230714984970701 2.7081688348346886 227 213 176 0.3485926839803945 30 544 92 494 11 495 88 706 84 98 94 377 52 414 4 105 45 409 69 81 31 501 18 538 79 617 42 824 46 95 82 686 100 872 80 595 44 725 23 685 75 491 61 372 16 584 53 252 29 585 50 179 19 236 91 607 48 472
5274 0.51150493734209634 0.68720107124020646 1.8323211252729705 253 205 61 0.94518257783519521 15 229 93 6
5275 0.51150493734209634 0.68720107124020646 1.8323211252729705 253 205 61 0.94518257783519521 15 230 93 7
5276 -0.069540963893301902 0.55534517602019773 2.1684411494777134 68 49 47 0.72654602876251118 10 70 15 259 63 334 93 31
5277 -0.48119381911899728 0.5045571390470569 2.4549497373690241 80 63 61 0.58238835889273965 15 59 63 81 93 64
5278 -0.016295474804461568 0.76745644280846637 2.4733032527325536 78 60 61 0.48009138988238687 15 317 63 113 93 84
5279 -0.58142202680132005 0.58898555635455363 2.6362842477848334 95 82 84 0.65667165238288405 15 318 63 106 93 86
5280 -0.58142202680132005 0.58898555635455363 2.6362842477848334 95 82 84 0.65667165238288405 15 319 63 107 93 87
5281 -0.12448052393284081 0.79855229349896939 2.4977728759025992 159 127 110 0.26489088007906231 15 321 63 114 93 88
5282 -0.35850164473945861 0.70629987673317707 2.8227178149251335 85 66 62 0.097283469625291663 15 103 93 112 63 144
5283 -0.29685043179675952 0.73843927283634714 2.8084379885872894 82 64 60 0.13781273127015894 15 104 93 113 63 146
5284 -0.27736063361377911 0.76198066928941455 2.8139813212808296 155 150 161 0.35470534196599929 15 108 93 114 17 147
5285 -0.26236171421423959 0.80152404285772438 2.8263543033774416 145 140 152 0.21780149636457888 15 114 63 156 93 122
5286 -0.48868131850519037 0.71882799478149806 2.9031066184402468 119 106 110 0.80440968559847636 10 166 15 358 63 151 93 125
5287 -0.24015423899618821 0.80560999904521491 2.8499172343973034 83 64 61 0.16456503368998396 15 360 63 166 93 132 17 482 65 533
5288 -0.15748558567670465 0.87219745297838769 2.8549622489477375 28 26 27 0.11360844383390019 15 135 93 143 63 186
5289 -0.44123770599665396 0.75473947708911326 2.9527811941983697 80 64 61 0.52025274083287154 15 132 63 174 93 144
5290 -0.25611107124484978 0.8519297170994613 2.9083285678117692 82 64 59 0.36328894153768393 15 146 63 194 93 153
5291 -0.25611107124484978 0.8519297170994613 2.9083285678117692 82 64 59 0.36328894153768393 15 147 63 195 93 154
5293 -0.3276529388349691 0.86103672425471234 2.9818291930119316 78 61 60 0.56158041727006247 15 161 63 211 93 168
5294 -0.3276529388349691 0.86103672425471234 2.9818291930119316 78 61 60 0.56158041727006247 15 162 63 212 93 169
5295 -0.40613719694981459 0.83521167283862086 3.0182523588507499 162 158 172 0.70114208766481934 15 169 63 213 93 172
5297 0.9922486646325922 0.77407768919282638 1.728773751187193 253 192 57 1.2827671270725718 15 228 93 275 63 28
5298 0.96744292674450594 1.5971213173738923 1.3070446595830603 251 230 63 0.28922865647466628 10 952 93 286
5299 -0.18404681486139002 0.56335115760138033 2.0972449916563694 252 204 82 0.88976532482285697 15 447 93 299 63 507 17 854
5300 -0.51998907143152917 0.39252146784608105 2.222076962864119 253 197 57 0.8557574263636949 10 54 15 448 93 301 63 503
5301 -0.46679098401166425 0.46967680330558709 2.2174302036616362 238 170 40 0.88718785401705758 63 328 93 309 15 39
5302 -0.11360266555090619 0.66776886326310825 2.1694533506549054 164 84 12 0.20258417101606807 10 370 63 348 93 320
5303 -0.45867894131746451 0.5191278390735371 2.4339661052542536 189 185 199 0.61433135129435978 15 279 63 363 93 341
5304 -0.323973725667352 0.7840529742651301 2.6547473093356708 23 17 17 0.69314765408723633 15 336 93 389 63 126 17 115
5305 0.53809983720917809 1.3663300212980825 2.3332046284343768 161 152 159 0.067858573428887445 10 462 93 404 13 565
5306 0.41235302814846558 1.3741977056596824 2.4421151713853937 143 69 5 0.56403311189108396 10 475 63 424 93 419 15 356
5307 -0.49205283608483996 0.7073839457704999 2.9264406658673638 9 6 5 0.43330635779088039 10 167 15 119 93 421
5308 -0.12742598402014735 0.95291073208761223 2.7912310879284896 150 78 7 0.34451299325663409 15 366 93 424 63 434 17 466
5309 0.31128785924468039 1.0764743975942377 2.6800632644556965 83 63 59 0.50147329528835727 10 194 15 376 93 426 63 197
5310 0.41497658247932956 1.1132954889163444 2.6598951912706803 152 146 161 0.68549511160972854 63 614 93 430 15 538 17 692
5311 0.41497658247932978 1.113295488916344 2.6598951912706807 152 146 161 0.68549511160970733 15 539 93 431 63 615 17 693
5312 0.21810129390956215 1.0519832381644247 2.7502780146896275 30 27 28 0.10621530974883192 10 205 93 436
5313 0.47984815237230738 1.2190284966304519 2.6923569631182462 76 59 52 0.59020925677652503 15 401 63 234 93 450
5314 0.44540703775698243 1.2216227395329264 2.7280776106578353 151 142 152 0.69562291315589586 15 405 63 664 93 453
5315 0.87763313979141422 2.4842947362405892 1.9193359046930831 1 1 1 0.6048087950101817 10 528 93 455 17 331
5316 0.54047458874741738 0.72907379098876524 1.8821252217427473 250 198 77 0.6954349619747392 15 623 63 774 93 508
5317 0.75712631121920027 0.96420170196756949 1.7854568078051056 32 26 24 0.21173852257432832 15 443 93 512 63 508
5318 -0.46206739513220374 0.61726075205054498 2.5818954641679088 254 195 54 0.47339460428964181 15 502 63 559 93 570
5319 -0.046785845542655954 0.89157176710781771 2.5856008922396807 123 58 3 0.15350094591376742 15 95 93 578 63 132
5322 -0.33926952187814441 0.88503477875400682 1.8038188679724798 1 1 0 0.57893881452383344 10 1022 93 644
5323 0.49962006531213432 1.231280828449612 2.2348944956429802 228 167 46 0.69536690450713345 15 672 93 684 63 813 17 655
5324 0.39486335409990586 1.3665229027428021 2.4730236565276211 231 171 42 0.45202452699870643 15 527 63 826 93 701
5325 0.46119238307034571 1.0768389326840075 3.0000017818400697 100 62 45 1.7535139305553884 15 798 93 713 63 913
5326 -0.43684804154604839 0.7104032577014664 2.852618571153541 125 112 119 0.30157530317831799 10 1053 15 783 63 897 93 747
5327 0.46297201611049088 1.1499591560980651 2.6055399068023264 152 147 159 0.95496361139778418 15 791 63 902 93 751
5329 0.074559622129176162 1.0899445744593312 2.7759367148394363 211 153 40 0.37464911927036232 15 820 93 798 63 945
5330 0.4464862046404004 1.155497238150653 2.2662185758833711 141 81 17 1.0051339186390851 63 990 93 845 15 856
5332 -0.13491101436488948 0.9570701119085302 2.9736304600170347 18 17 17 1.7069132137642091 63 997 93 849 15 876 17 1085 65 1138 9 1200 6 1083 71 1042 39 997
5333 0.27623342109595489 1.1709089201200316 2.7022648625509751 106 96 102 2.2241069585871966 15 882 63 1001 93 859
5334 1.1024628100965153 0.82977552558549783 1.7185667840678613 111 80 21 1.5524148921228851 15 613 93 631 10 1020 63 861
5335 1.1024628100965153 0.82977552558549783 1.7185667840678613 111 80 21 1.5524148921228851 15 614 93 632 10 1021 63 862
5336 1.3186799786736507 1.5657528486141976 2.6725879127099881 117 105 81 0.72342368701355231 93 767 10 1121 63 975
5339 0.36981547437559603 1.0939113051061067 2.6839453810889906 145 137 148 0.61890433779849729 15 149 17 148
5342 0.78333940739344532 1.2775660433049427 2.8900702833901883 51 35 32 0.12188123484102237 10 659 17 205
5343 1.0107927934366538 0.73404009868863984 1.7134531764258283 166 119 23 0.52479741122385193 15 426 17 246 65 304 9 394
5344 1.0293288919658885 0.8558298475567393 1.8322688075512386 226 165 45 1.1388113049099517 15 241 17 263 9 47
5345 1.2304832608210281 1.0216399984391702 1.8187720778204601 2 1 1 0.12571743506695743 63 523 17 267
5346 0.036362153533206279 1.4121962238886374 1.8447710485536324 24 24 28 1.7219165337004634 10 392 65 332 9 417
5348 0.38625290339465207 1.0976128680086092 2.6636414600609757 62 57 61 0.44344472095552379 15 381 17 429
5349 -0.29493011699057209 0.73700078763957577 2.807844583727122 55 52 57 0.19956286996022821 15 105 63 147 17 430
5350 -0.30721159888388633 0.77695113783416636 2.8649799599327781 67 59 54 0.18375233731275328 63 164 17 488 15 121
5351 -0.10088162963849734 0.81905121439090689 2.5104136365399485 247 164 35 0.1958193318809911 15 510 17 672 63 568
5352 0.48532826238558036 1.9236330891616695 2.6672110298067517 237 216 169 2.0683830382902073 63 746 17 757
5353 0.48532826238558036 1.9236330891616695 2.6672110298067517 237 216 169 2.0683830382902073 63 747 17 758
5355 1.0612656273448773 0.92565319763892839 1.8255070563057474 254 198 54 1.3821715725736394 15 629 17 937 65 877 39 339
5356 -0.24777187530176006 0.63013539201134194 2.4784331220934734 255 241 62 0.47880754108067863 15 662 17 961 65 934
5357 0.094484963812942413 0.85232591367880195 2.4288354761888047 24 23 25 0.64717038987666398 15 773 17 964 65 932 9 1010
5358 -0.012527132485757072 0.86020840075516536 2.5483236766964406 255 241 63 0.16262174016639955 15 775 63 890 17 966
5359 -0.15450665695825208 0.91303655791513305 2.7727713584450662 209 147 35 0.45496866432331684 63 898 17 969 39 920
5360 -0.076053885888665199 0.75955801506121023 3.1737689568391847 77 52 42 0.47865068172490483 63 731 17 990 65 986 9 1046
5361 0.33306832045502449 1.0489734036495413 2.6297200903133326 123 113 122 0.88831646716921664 15 816 63 944 17 1017
5362 -0.10874657467322289 0.89065650898149629 3.0750788974760952 105 71 52 0.69675343693219072 63 912 17 1023 15 796
5363 -0.42476389440308504 0.75732567261057471 3.1373753732215679 169 150 114 0.5744541644115212 63 948 17 1024 65 1078
5365 1.1375054187580345 1.0214903886116613 1.679206804395214 255 198 54 0.98024136846401078 15 884 6 1098 71 1052 39 1000
5366 -0.26072000118226091 0.65783454647384532 1.9322944400282145 255 219 57 1.1476544074310397 63 998 17 1089 65 1145 9 1212 6 1087 71 1047 39 988
5367 -0.42303834245724975 0.51161536980319011 1.8725445477347094 236 1 0 0.94060092993153577 33 974 28 995 99 817 37 791 53 846 29 375 16 995 76 707 56 685 49 697 63 491 10 676 93 506 6 707 71 662 17 581
5368 1.2928640272151766 1.5238373967934178 2.7136170530021873 101 69 56 1.3454076021046237 10 1065 63 917 94 372 36 427 84 79 52 400 45 595 30 874 92 1082 11 799 88 886 84 884 52 898 4 941 45 808 69 692 36 688 31 1022 45 938 18 1046 40 788 79 1204 42 1071 46 730 70 149 82 837 100 1056 80 1041 44 835 44 976 100 1082 23 850 68 924 62 924 35 855 7 835 10 929 62 1071 59 961 63 764 61 573 61 891 91 811 65 951 9 1093 17 915 13 758 59 888 48 736 27 788 47 877 74 862 73 894
5369 -0.34766134801937087 0.89897416364508909 1.8356509202576163 180 186 210 0.47060397704683776 23 14 91 18 48 194
5371 1.1050218189264547 1.3819295788527943 2.7386589761300564 148 99 75 0.18491285340389652 82 459 91 579 48 449
5372 1.1400619899388369 1.6251619748949355 2.6384878080040552 249 226 176 0.10465500091882098 11 804 91 716
5373 1.3529685528342421 1.6610836463750949 2.6194578675675975 246 225 179 0.70330032810709719 11 847 91 757 48 651 61 751 96 810 73 805 81 577
5374 -0.31362144053063123 0.66008907751063117 3.2273754948464566 149 101 76 0.59688134126835368 42 1104 82 952 91 787
5375 -0.39306582485239733 0.46747027996106966 1.8244856184853759 255 238 60 0.79637367564944084 75 751 91 818
5376 0.89957704471470767 1.5122917384034913 1.3773502380056517 1 1 1 0.059614250693746602 82 961 91 838
5377 0.60373106146908251 1.2080513145654059 1.1222463018233197 255 246 75 1.7357282670862209 23 949 91 858
5379 -0.60595960855886211 0.36556458454722385 2.0944896099231443 254 234 73 0.29700870765733267 90 288 18 175 91 3 42 6 100 5
5380 1.3932283401536905 1.6137269846704017 2.6583511731204434 237 220 180 0.56591640918429842 30 909 92 906 11 836 88 933 40 835 91 761 92 688 61 750 48 652 96 817 73 808
5381 -0.42831328781125333 0.71089981822424086 3.2082501342252683 84 59 50 0.97516214149586289 42 694 82 314 91 439 31 1138 88 1024 36 1090 8 1101 84 1072 52 1099 4 1157 45 1004 69 1098 31 1074 18 1002 88 557 79 1156 42 1061 82 947 100 989 44 887 23 832 75 786 26 1160 62 733 68 659 35 647 68 906 7 680 59 268 91 833
5382 0.68776691531920675 2.2691457737651182 2.1167686690528815 231 215 177 0.43392513274823463 30 1148 38 1151 95 1103 89 1307 92 1103 11 922 61 937 16 1205 29 1082 91 690 23 736 75 600 68 681 35 687 7 715
5383 1.0948734255183015 0.80311097875273507 1.6954695829941639 255 198 52 0.109626980183246 17 249 65 29 9 24
5384 0.75989480642081664 1.0106016102908359 1.8270357680709175 206 143 34 1.009631128824088 17 25 65 42
5385 0.019631243180731738 1.1617762586091145 2.0610817891252498 169 140 42 0.020053326019377565 17 289 65 61
5386 1.2364912405628976 2.0994419652350156 2.2756379103817457 234 219 184 0.095671713271013425 17 131 65 97 9 139
5387 -0.44684972539322015 0.61189822838147789 2.561577195221687 249 189 50 0.44616184605183867 17 84 65 128 9 227
5388 0.51241744802791755 1.1461431044680499 2.6392360151481262 80 81 92 0.095422991511565899 17 146 65 160
5389 0.31920156453565585 1.1026284801130599 2.7389107101514458 82 83 97 0.43889064134630268 15 394 65 193 63 224
5390 0.42523013315581432 1.2347298548012098 2.7942985099517794 129 128 143 0.029631744224113535 17 536 65 216
5391 -0.42690700727950243 0.7366874446666668 2.9517086566971793 78 79 91 0.072420331158272941 17 533 65 242 9 326
5392 -0.42690700727950243 0.7366874446666668 2.9517086566971793 78 79 91 0.072420331158272941 17 534 65 243 9 327
5393 -0.37894072396594175 0.81529508850730859 2.9947107232966981 77 80 93 0.022830534527650746 17 172 65 256
5394 -0.37894072396594175 0.81529508850730859 2.9947107232966981 77 80 93 0.022830534527650746 17 173 65 257
5395 -0.38608648154733727 0.8478907818479875 3.0220543393921884 158 154 169 0.18413375760012193 17 553 65 261 9 336
5397 -0.19320708670111117 0.74494280237365906 3.1717539728523838 148 99 70 0.23412516526807758 80 236 65 284 9 363
5398 0.33795254404415831 1.0819290438569651 1.5098139408801539 1 1 1 0.39258003511675582 79 706 65 294 71 379 6 407 39 325 6 690
5399 0.78940682645002713 0.7137635259238484 1.5875827074241817 27 23 18 0.13131641105473443 17 239 65 296 9 10
5400 0.23791629437529002 1.2284870417779563 1.638143529350768 2 1 1 0.1962430441695181 17 258 65 305 9 687 6 423 71 390 39 346
5401 0.98704275217761772 0.78318588657680555 1.7663234965542822 255 197 53 0.49326288612136598 17 586 65 311 9 39
5402 1.0799815801679196 0.83073100901885477 1.7820322979185856 170 122 25 0.61192077360741459 15 435 17 257 65 314 9 42
5403 0.60848545705974288 0.94167211703732834 2.0325136399517842 59 60 70 0.073047003556971649 17 614 65 350 9 430
5405 0.55335525034556277 1.2014645254233858 2.1478167034350686 68 70 79 0.081670620894975093 17 309 65 375 9 450
5406 0.074446908607074577 0.9618730021187043 2.213669096748176 217 164 46 0.21790407519561464 17 304 65 378 9 485 6 105 71 92 39 109
5407 0.52574035485654758 1.2070892404043345 2.1771332957662435 232 167 42 0.041707084541730111 17 643 65 380 9 120
5408 -0.11874741673437264 0.78773758779589242 2.3782347022616732 253 224 61 0.086876890039821339 17 321 65 435 9 777
5409 0.019136926103348616 0.8204569599856687 2.4137519631270887 124 76 11 0.18501071058304688 17 75 65 458 9 561
5410 0.019136926103348616 0.8204569599856687 2.4137519631270887 124 76 11 0.18501071058304688 17 76 65 459 9 562
5411 0.34422311969920538 1.1374514885712437 2.7620978624753367 159 154 166 0.24089173811888687 17 506 65 521 9 610
5413 -0.36157016651935353 0.73606022119688819 2.8792687506687709 78 78 90 0.080808669978530978 17 490 65 541
5415 -0.24441185378041111 0.83458166033186698 2.9078583264830185 82 83 95 0.084645890768745902 17 524 65 547 9 316
5416 -0.3676507008973452 0.77209682125385048 2.9373856852222766 81 82 93 0.13376995728063271 17 531 65 552 9 640
5418 0.98007332677080028 1.2624312956572592 2.8594499713809127 49 30 22 0.27789040806349413 80 265 65 556 39 488 17 559
5419 -0.73204700027141745 0.91762392206366872 3.0126506451911972 127 125 113 0.35462980404722494 17 545 65 557 9 924
5420 -0.79258023121043841 0.89408705856715798 3.0320704481924552 138 132 116 0.073356000151745204 17 174 65 560 9 644
5421 0.38174767641138824 1.0310196124184126 1.5213465213958675 117 126 152 0.3503113752485067 17 242 65 593 9 950
5422 0.19953238163641088 1.211287684514937 1.6237380228733767 108 118 143 0.33560466560961988 65 599 9 686 6 699 71 657 46 897 17 256 39 603
5423 -0.16024696963942273 0.68119268474546102 2.4904642157206531 163 105 28 0.24960515932328975 17 661 65 694 9 827 6 791 71 723 39 690
5424 0.50688352969663086 1.3573162713293427 2.4379711634504986 69 63 65 1.9891830203136702 80 901 65 696 9 179
5425 -0.22063248865317645 0.64122706382845185 2.5121101526722498 28 26 23 0.18967847985548045 17 663 65 697 9 843
5426 -0.22584996517974593 0.65345039609413191 2.511717660180659 28 26 23 0.30252861334987541 17 664 65 698 9 844 6 793 71 727 39 694
5427 -0.18907713220352307 0.67698552371254839 2.511032967945471 255 205 54 0.62114752234491677 15 501 65 699 6 523
5428 -0.28087962140115891 0.60780680761070727 2.5258053733389505 158 101 30 0.26383662692980603 17 665 65 702 9 852
5429 -0.28691214613667199 0.62133552978730655 2.525436448864578 158 101 30 0.34186384815973025 17 666 65 703 9 853 6 798 71 730 39 697
5430 -0.50992657472647118 0.59603316637747927 2.5656001373970181 67 67 74 0.33430039569869047 17 667 65 707 9 871 6 802 71 738 39 700
5431 1.443929929413045 1.7056043229073712 2.6243336139506703 231 217 180 0.28630125622233227 17 539 65 783 9 845
5432 1.4147644372741386 1.5477316442631841 2.6892324745298484 226 212 177 0.11619376120096794 17 550 65 810
5433 0.48937322985443521 1.2726300054404811 2.7748102951502505 34 31 25 0.42810193728560375 17 749 65 814
5434 -0.79989386444677113 0.9951837636133013 2.9248841362780507 136 127 106 0.10172099073609325 17 733 65 822 9 915
5435 1.2694008600261577 1.4499601377544402 2.7588375830446763 151 102 77 0.080937427418839511 17 789 65 824 9 603
5436 -0.36172379558136719 0.86009101677024002 3.0432647794385193 11 10 11 0.11111106268642752 17 791 65 839 9 929
5437 0.93552781940050733 0.67815193121369688 1.6521441536413517 149 124 34 0.059348341903062492 17 822 65 862 9 952
5438 0.14425687136924689 1.2311115876773315 1.6890833573710013 16 16 18 0.46282506134112528 79 971 65 868 9 953 46 898 6 883 71 820 17 837 39 777
5439 0.14536460319922304 1.2344252421062034 1.6880349934867374 16 16 18 0.3968730565172191 65 869 9 954 46 899 6 884 71 821 17 838 39 778
5440 0.66512613782542074 1.0036943364491213 1.9250549808733195 222 160 41 0.18878306653160604 17 942 65 887 9 964
5442 0.4217327549505076 1.1262047075704793 2.6820750110499305 141 134 147 0.17399132608621229 17 970 65 948
5443 0.41839817092418546 1.1410658129875373 2.6829314957053363 141 134 147 0.39580601342678823 17 971 65 949 39 826
5444 1.2481611940054698 1.5334825627622499 2.6847106077604019 229 215 179 0.27969475096932106 17 767 65 950 9 1016
5445 -0.17046793896694878 0.74810383637557376 3.1724083515091208 150 99 70 0.092757642490574846 17 812 65 984 9 1047
5446 -0.19080006340219599 0.66671892160827806 2.4655529618736129 255 241 61 0.51893873502890242 17 960 65 1014 9 1087 6 915 71 869 39 810
5447 0.49025483349262644 1.1392961888164153 2.6129582575545016 139 131 144 0.5871932880066526 17 1018 65 1020 9 1090 6 973 71 941
5449 0.62516049604101342 1.1192463112329634 2.9600854283314666 67 42 32 0.31604955690520348 17 986 65 1033 6 985 71 951 39 885
5451 1.3332728931544007 1.0371071189258003 1.7563567901427222 255 228 70 0.8507316205152784 17 936 65 1044 9 1113 6 694 71 651 39 600
5452 -0.43137423081105736 0.79842883355301952 2.986980903805267 127 118 127 0.12601986588295977 17 1022 65 1076
5453 -0.52687235689710854 0.55539865650999953 3.2763357939854134 68 48 46 0.99877279785388295 17 1027 65 1079 9 1137 6 1017 71 1008
5454 0.26812312245456016 1.078973082273696 1.5156415739829061 234 193 59 0.27268951332210439 17 1029 65 1080 9 1139 6 991 71 958 39 892
5455 0.26600452920776818 1.0899610903346497 1.5141475218085905 234 193 59 0.058470499937060973 17 1030 65 1081 9 1140
5456 1.2492947490759025 2.0586101895996975 2.3376852523648766 163 147 116 0.69513251529276143 17 1034 65 1089 9 1154 6 1030 71 1019
5457 0.57389280371562967 1.2205198389983527 2.6642121528794331 9 9 10 0.72311926156115225 17 1021 65 1093 9 1160
5459 0.075461586330244759 0.9425319532544677 3.0914370813511516 78 51 38 0.45872758692999194 80 1062 6 1046
5460 0.98708397455074659 0.86741357966945865 1.8151411341521588 255 196 52 0.39892889720100522 17 1061 65 1106 9 1183
5461 0.061892066675291381 1.1774998922373221 1.8266692992990572 191 145 34 0.86534642717517407 17 1043 65 1108 9 1168 79 1257
5462 0.058538983650882725 1.2044929051609015 1.8199396934713288 191 145 34 0.43682060527803096 17 1044 65 1109 9 1169
5463 -1.3342143062392571 1.5869772953198777 2.622414367479232 136 125 102 1.4767617691697521 79 1025 65 1123
5464 -0.30450699956774852 0.69637059728622386 2.6109577896474137 255 196 52 0.75935438561327973 17 1066 65 1125 9 1195
5465 -0.39200077176996462 0.70054447451099999 2.7535933248865381 57 56 61 0.16919356555225462 65 1146 9 1210
5466 -0.23475696876138211 0.70215664337707573 3.1846693364591645 154 101 72 0.52942848442003532 10 535 62 544 63 473 15 419 17 814 65 987 100 724 80 746 44 356 9 1049
5467 0.046131907054653996 0.84569946839515941 2.3997653202105029 253 196 51 0.39198763606518378 65 452 9 181 39 126
5468 -0.16176408905745515 0.68500474475348094 2.466222155636252 255 232 67 0.29591178964106751 65 107 9 198 6 140
5469 1.0328230060895345 1.3124344258979816 2.7935338590786567 41 25 18 0.23996278251433051 65 228 9 270 6 228 71 192
5470 0.14790996689274294 0.86649736420879497 3.0622798865463614 106 71 53 0.065225071157118897 65 272 9 341
5471 -0.14288519113627055 0.75765231521962584 3.1641078558942253 50 32 26 0.33309095148678158 65 283 9 360 6 642 71 327 39 278
5472 0.76331110362094556 0.74622093001964684 1.5479524208589108 34 39 49 0.18914640502695945 65 7 9 389 6 405 71 376
5473 1.143525701349777 0.65892452706208215 1.6906671760788035 2 2 0 2.7246236532422476 65 863 9 392
5474 1.195786356471463 0.99560805736985425 1.6560408716194928 2 2 0 0.87942967176674669 17 254 9 393
5475 0.31949632047612009 1.2569595068614934 1.8677867143637554 194 133 29 0.11723979289736351 65 336 9 416
5476 0.30774218234445938 1.2396402318510356 1.8975423959926487 134 83 20 0.093434600080706948 65 342 9 418
5477 0.42930585747892003 1.0249094686284079 2.1542913300571196 81 79 83 0.12252989748207509 65 369 9 454
5478 0.36541113928345037 1.0052732309888066 2.2974743375236386 31 29 27 0.14950541718967775 65 671 9 517 6 481 71 444 39 421
5479 -0.31781888762556776 0.71121228971543371 2.4035027557342801 84 85 99 0.36427144563621267 65 441 9 564 71 118
5481 1.0485035180811679 1.2818295444689649 2.8175177819815058 49 28 20 0.23569242863476414 65 550 9 615 6 544 71 499 39 476
5482 0.67177828878698898 1.1493113377830846 2.9305591069597501 48 31 25 0.23987339056031232 65 834 9 630 6 571 71 237 39 504
5484 0.035433775740493063 0.7984280712841485 2.3117870252508448 83 67 15 1.8087732992710674 65 923 9 762 6 905 71 857
5485 0.40909274698609083 1.2389565260480904 2.8294487970612985 8 7 8 0.32037884646510661 65 825 9 905 6 816 71 748
5486 -0.32090715128643427 0.89247695902533353 3.0340141010177022 7 7 7 0.12176536700922511 65 836 9 927
5487 -0.82874421730096026 0.88335039817921446 3.0309751292842901 130 122 105 0.46815314110224476 65 831 9 928 39 749
5488 0.9587638051785089 0.65374499172427403 1.5875645926023141 150 123 34 0.31688633940667749 17 819 65 592 9 948 6 678 71 636 39 585
5489 0.16619727886496036 1.2159036555819589 1.8667148768426756 200 172 60 2.1969480353883273 46 390 65 883 9 963
5490 -0.24843765733639733 0.64758637528452012 2.4839309086446426 255 239 62 0.57872833089696907 65 935 9 1014 6 918 71 871 39 812
5491 0.51377952042585029 1.2226127374042111 2.6729216634900141 125 121 133 0.24319221890289128 65 947 9 1018
5492 0.40462701013651997 1.2024741696904331 2.7864339371349081 120 112 121 0.046439852422058253 65 952 9 1023
5493 0.21216383015173859 0.95849281068154546 2.9740603465776201 218 202 164 0.89913543884167546 65 970 9 1035 6 828 71 764
5494 0.15135667412988579 0.92654302917476095 2.9916603678611451 221 204 164 0.87750717558494373 65 973 9 1036 6 832 71 766
5495 0.090274356574488998 0.89491372515574341 3.0083280991684331 220 203 164 0.9442740273207495 65 974 9 1037 71 768 6 835
5496 -0.43430107956959657 0.70244839450719321 3.1967648883642288 53 37 32 0.8101445307902535 46 1020 65 851 9 1051 6 941 71 896
5497 0.48480964234517587 1.0825142209968674 1.3229364352210347 0 0 0 0.53565531355367124 65 855 9 1055
5498 -0.023651584487918455 0.78664441446187938 2.4007012246014989 255 202 60 0.52030849702638249 65 1010 9 1081 6 909 71 865
5499 -0.54735793288258239 0.54954801506450657 2.5538637113166662 255 225 63 0.34992316834684201 65 1017 9 1091 6 975 71 942
5500 1.433408601553616 1.5379429644676492 2.7260527547790128 72 44 32 0.10319860455780096 17 981 9 1092
5501 1.0027526540933387 1.3528724238921743 2.7761766549852518 74 47 33 0.26406659588870085 65 955 9 1094 6 808 71 743 39 712
5502 0.79473768991030191 1.2216426103694746 2.9111452456283686 86 58 47 0.011288696938516685 17 983 9 1097
5503 0.72903763516461262 1.2838149226660218 2.9332874510886242 74 49 37 1.1469561571727962 65 1077 9 1098 39 884 6 983
5504 -0.45999727296088305 0.80200440573672394 2.9913368203225041 136 123 130 0.01635105590859507 65 966 9 1102
5505 -0.37144520930091668 0.79882468176487764 3.1421428073987232 220 205 168 0.18865989702900318 65 1035 9 1104 6 938 71 892
5506 -0.24949164212737637 0.75619860685843276 3.1448421227999197 38 24 18 0.30582643433734918 65 980 9 1105 6 988 71 955
5507 -0.58690853452686809 0.62780723020248297 3.2505673480786856 220 208 173 0.43722557643333637 65 1038 9 1108 6 989 71 900 39 758
5509 -0.46874814495183403 0.61101388219963804 2.5287147198607416 255 229 65 0.41960745613628869 65 1015 9 1131 6 971 71 937 39 871
5510 1.4842466322490346 1.6284843643395805 2.6436267889011162 231 216 176 1.8495505202208242 17 1036 9 1132 6 1013
5511 0.30066400656626824 1.1784182508130097 2.8062122580605373 166 160 173 0.83899224235623426 65 1027 9 1134 6 979 71 945 39 881
5512 -0.40708618786750761 0.6400976793455565 2.5669394570925896 77 75 84 1.222885027801885 65 1091 9 1158 39 938
5513 -0.40708618786750761 0.6400976793455565 2.5669394570925896 77 75 84 1.222885027801885 65 1092 9 1159 39 937
5514 -0.41383633611514636 0.77102026923733458 2.9834589978341648 143 136 147 1.33154391845304 9 1162 6 1058 39 964
5515 -0.41212508381073842 0.7480200786613147 2.9794051358266387 143 136 147 1.4018618924781592 9 1163 6 1059
5516 -0.6818815289577268 0.52983525805509768 1.956295015055042 255 233 60 0.30916070804114615 65 1084 9 1174
5517 -0.6818815289577268 0.52983525805509768 1.956295015055042 255 233 60 0.30916070804114615 65 1085 9 1175
5518 -0.46789346234059698 0.58689547346413373 1.7612320446846963 0 0 0 2.0076240835946715 65 1144 9 1211
5519 -0.56190278688079842 0.47241676343558547 2.0127497236909604 250 213 62 1.5628025706681232 65 1149 9 1213 6 1100 71 1054 39 989
5520 0.54330437103132345 1.1007179132623857 2.967168732584804 70 48 39 0.5691544574159203 17 216 65 264 9 318 79 653 44 160 23 182
5521 0.15359420748646996 0.93307912986111685 3.0585264585250762 66 45 36 2.2444001838630729 17 1025 65 1099 9 1164 4 1174 18 1149 79 1233 46 1076 26 1232 6 1044 71 1005
5522 0.67013904625175336 0.79200626881468994 1.5992019177829302 158 162 186 0.32526444176987551 9 13 46 4 6 6
5523 1.0964722458785752 0.84655065326287893 1.7286088949460132 236 172 46 0.085455994814294944 9 395 6 16 71 15 39 18
5524 0.36467630680054203 1.2426858238150453 1.6532711505976818 174 133 33 0.39538934399525505 9 37 6 36
5525 -0.11240496166275642 0.82609314128573119 2.3504002117960825 81 47 4 0.20357886522122595 9 164 6 125 71 106
5526 0.58787002709023428 1.2013953266602722 2.541352174854572 231 214 174 0.84172349233107457 46 492 6 158 71 133
5527 0.80472347625439722 1.3027891750154084 2.8499815046754007 52 34 23 0.1520025133504305 9 289 6 253 71 218
5528 -0.49844796664288288 0.74463150834765268 2.7467503456642208 25 19 7 0.19359887084720404 9 286 6 271 71 239
5530 -0.24944125620792082 0.84383982868250784 2.9070721583533428 63 67 81 0.27760029663933289 9 317 6 310 71 285 39 239
5532 -0.90130860340862851 0.88431523946432244 3.023387373958438 162 142 113 0.17587948682273408 46 357 6 358 71 334 39 279
5533 -0.20510268491418582 0.72652782100054158 3.1805067184874178 62 40 30 0.36699838083638653 9 367 6 360 71 331 39 284
5534 -0.20474903342489667 0.73071701039213455 3.1814827777532084 62 40 30 0.38895969249698731 9 368 6 361 71 332
5535 -0.63964598594271327 0.83411246317863319 3.1031074925511026 122 116 100 0.44984520707850367 9 354 6 366 71 336
5536 -0.68569139989172578 0.70926535990307271 3.1917246547299212 119 118 104 0.39672426561274365 9 375 6 386 71 353
5537 1.0076176911363834 0.64616616740860522 1.5577794065278183 254 204 58 1.124271857103778 17 1028 6 402 71 0 39 316
5538 0.23615292051133294 1.2240201869601293 1.6392762112480512 2 2 1 0.25107696102826971 46 383 6 424 71 391 39 347
5539 0.40171901868810989 1.2559553287396381 1.7939605590889034 54 54 62 0.2128750540383951 9 406 6 436 71 401
5540 0.36506264281189088 1.2476273188358784 1.816623502276185 191 130 34 0.27736739210914518 9 408 6 438 71 402
5541 -0.16789478186441215 0.55959170035844341 2.1608779692414481 93 85 81 0.33368722364098036 9 456 6 457 71 426 39 72
5542 -0.33050080941440974 0.64767529083082409 2.3243904322783995 254 220 57 0.62168185322017389 9 158 6 489 71 100
5543 1.0523406858589817 1.3979385449985458 2.7257311125385506 232 215 176 0.71033306587492084 9 880 6 536 71 494
5544 0.43417562338042726 1.2135218408660982 2.8150807186428644 8 8 9 0.30364635160644876 9 618 6 560 71 517 39 494
5545 0.3666497940887396 1.208165785930192 2.8135437100917646 140 134 150 0.20129218554005779 9 282 6 562 71 518 39 723
5546 0.65063084924789383 0.79565978387336067 1.6166938415174597 25 25 26 0.19945957563900796 9 677 6 685 71 642
5547 0.64785855316308893 0.78407184334853952 1.6184786165109584 25 25 26 0.53326642400226743 9 678 6 686 71 643 39 9
5548 0.85439116273560956 0.79230586693351546 1.6500998926029107 123 102 26 0.56578724720457851 9 680 6 687 71 644 39 592
5549 0.85439116273560956 0.79230586693351546 1.6500998926029107 123 102 26 0.56578724720457851 9 681 6 688 71 645 39 593
5550 0.39236414390709357 1.2545472139686753 1.6755675920557473 3 2 0 0.23977060803670502 9 689 6 703 71 659 39 352 71 395
5551 0.39236414390709357 1.2545472139686753 1.6755675920557473 3 2 0 0.23977060803670502 9 690 6 704 71 660 39 353 71 396
5552 0.7003610097655486 0.9815428348793015 1.8880246593011853 195 136 35 0.28869868191531689 9 702 6 708 39 614
5553 -0.82851034428337111 0.82173967681091598 3.0800423803649828 188 178 151 0.17949452013509784 46 861 6 858 71 610
5554 0.81854870737346597 0.83507367540052746 1.6561074446781183 138 117 34 0.20634205387580379 46 686 6 871 71 809 39 764
5556 0.74859649476978352 0.94501498986165766 1.8712840403431139 86 85 99 0.15011824403762139 9 959 6 882 71 819
5558 -0.3674537873785389 0.82936292216158269 3.1390554141663016 220 206 169 0.7130502752469382 17 805 6 939 71 893
5559 -0.65491180332175947 0.55757047124206416 3.2681763837444637 222 210 175 0.18720274263518391 46 968 6 990 71 901 39 847
5560 -0.42489236355423604 0.56211118184680442 1.9169573941428524 246 1 0 0.41973818082057801 9 1146 6 996 71 963
5561 -0.052829363238082849 0.78919366870503771 2.4639708872582453 136 114 91 1.0247123858649683 9 1085 6 1011 71 981
5562 0.51039623167992854 1.2006012558228389 2.5453042369175218 25 23 20 1.6825147096644806 65 1072 6 1012 71 982
5563 -0.090602373372411282 0.7749800844238971 3.1501617697624642 38 24 18 0.9879618823541827 65 1101 6 1047 71 1006 39 922 17 1026
5564 0.40535210114369807 1.1082466918575933 2.684409852764432 127 125 142 1.6604202910875991 9 1196 6 1072 71 1029 39 976
5565 0.32530853730753789 1.1773266640318785 2.7413922377714561 79 85 103 0.76388892015101184 65 1143 6 1074 71 1031
5566 0.21171388817700146 1.1972265040499683 2.8697295969860388 14 11 10 0.4206090512408075 17 1070 6 1076 71 1033 39 979
5567 -0.53488795699377134 0.62300191411153627 2.6617490043206158 248 188 50 0.61127695321960285 9 1205 6 1082 71 1039 39 984
5569 0.700411211156724 0.82185262715641039 1.4577166951486191 150 152 161 0.086472914826806926 6 2 71 2 39 2
5570 1.0076575214856489 0.75372037762039856 1.7055577716186587 159 114 21 0.065689728989846652 6 11 71 9 39 11
5571 1.1112243663788062 0.82577980640078408 1.7066830114151079 167 111 17 0.043704903494694157 6 12 71 10 39 13
5572 1.1112243663788062 0.82577980640078408 1.7066830114151079 167 111 17 0.043704903494694157 6 13 71 11 39 14
5573 1.0949534510751411 0.84402370057935239 1.7293913400671979 234 170 46 0.061218783328121869 6 15 71 14 39 17
5574 1.0937017470165202 0.82467648742705524 1.7944923603246692 174 124 23 0.084244457481326099 6 21 71 19 39 23
5575 1.0937017470165202 0.82467648742705524 1.7944923603246692 174 124 23 0.084244457481326099 6 22 71 20 39 24
5576 1.0753832579232838 0.85142292035888856 1.7768375907327807 170 119 21 0.045349677884460378 6 19 71 21 39 25
5577 1.0753832579232838 0.85142292035888856 1.7768375907327807 170 119 21 0.045349677884460378 6 20 71 22 39 26
5578 0.25424518424805087 1.0577303800596429 1.5691877188674201 217 174 46 0.097687367230025857 6 18 71 23 39 22
5579 0.3565293431356657 1.0561115485716379 1.6051745555215406 111 112 126 0.1565078405934141 6 23 71 25 39 28
5580 0.88512764660173571 1.0484740224272697 1.7471784871160172 130 90 20 0.23983818627730402 6 27 71 31 39 335
5581 0.53523034311751916 0.74601601636832249 1.8427659070845983 68 72 89 0.069689895876209371 6 422 71 33 39 331
5582 0.32913691973400422 1.2037033886613104 1.6538787990786983 116 70 8 0.12414628373868497 6 33 71 36 39 34
5583 0.28249461459825675 1.2180875019283581 1.6888871447202107 104 66 7 0.029094178198974641 6 38 71 41 39 42
5584 -0.57688741227035079 0.33587661877799624 2.0871227535775461 255 242 66 0.13614922784668179 6 68 71 57 39 50
5585 -0.14650670407784111 0.54475303747548887 2.1415212156555032 92 91 100 0.1731720365338483 6 78 71 62 39 64
5586 0.20299579891591996 1.2676990985857348 1.9808902481509936 152 115 29 0.17243438377429496 6 80 71 66 39 92
5587 0.59929916146451967 1.2299838045944889 2.0989629586063292 224 162 42 0.96050606194316912 6 462 71 68 39 790 71 841
5588 -0.5986972258587232 0.41889211930762538 2.2185339066821523 3 2 1 0.29361650458653571 6 470 71 81 39 83
5589 0.52238068460505094 1.2103141138824329 2.183680930683169 231 168 44 0.059698412147821393 6 99 71 85 39 414
5590 0.39140916388361213 1.0110870160362118 2.3112294123300647 251 196 52 0.41180756314297606 6 484 71 97 39 425 9 759
5591 0.067312617589080984 0.84138451708192863 2.4001274964570456 148 88 7 0.1052167998593793 6 131 71 109 39 125
5592 -0.71267313336213178 0.84254102701437628 2.2661872894683031 123 76 12 0.14536150023112648 6 501 71 112 39 430
5593 -0.52263855792617397 0.47645792071193638 2.4480289928989256 163 160 176 0.079938522384399982 6 141 71 122 39 122
5594 -0.52263855792617397 0.47645792071193638 2.4480289928989256 163 160 176 0.079938522384399982 6 142 71 123 39 123
5595 -0.5027284471533453 0.49075423391378575 2.4557130980072639 63 67 83 0.02486269452434918 6 514 71 125 39 439
5596 -0.23191275116933124 0.62730065877776675 2.4880697857075003 254 229 66 0.17867831455344371 6 150 71 130 39 136
5597 -0.45496853191175235 0.58857818738585166 2.5353942974413899 252 224 64 0.12093879920108508 6 182 71 155 39 148
5598 -0.63534887727330169 0.669440072669089 2.5219010073639998 150 123 34 0.16400705017893538 6 201 71 170 39 153
5599 0.33645627242812182 1.1494326648316513 2.7613462850873174 161 154 167 0.043277563535903445 6 248 71 213 39 478
5600 0.33645627242812182 1.1494326648316513 2.7613462850873174 161 154 167 0.043277563535903445 6 249 71 214 39 479
5601 0.91787461099642009 1.2539696208042308 2.8890332507341414 111 76 61 0.19431268748186895 6 257 71 221 39 210
5602 -0.2219489993264217 0.17044478780790698 2.8481039638580086 212 149 34 0.33687850071944614 6 563 71 230
5603 -0.93233067285858906 1.4481279974773014 2.5999071045583393 72 70 60 0.13487490243987255 6 274 71 247 39 218
5604 -0.92667568704972414 1.4348255634115286 2.6245503161128405 91 98 96 0.11310445666567437 6 576 71 255 39 223
5606 -0.38766344666654601 0.73509958848569223 2.903900008434686 137 129 140 0.06680364994215432 6 315 71 291 39 237
5609 -0.65427233723882805 1.0669493931777723 2.8836554313353102 87 75 59 0.094441170796425042 6 324 71 306 39 260
5610 -0.37993575993816681 0.8049372524654852 3.0411263491795397 15 13 15 0.035817179669472274 6 341 71 317
5611 -0.86320619585958425 0.95839008268680648 2.9408531072498101 150 138 112 0.16536669400554393 6 342 71 320 39 268
5612 -0.67155891208354102 0.69643879447081691 3.1780700306282146 227 213 177 0.12548528050783933 6 662 71 351 39 294
5613 -0.68692424300813926 0.69934905855202134 3.1900613331420073 118 118 103 0.051117480905220482 6 385 71 352 39 296
5614 -0.56597984279993319 0.67051554266797864 3.2337461016834403 224 210 173 0.079185719416026784 6 387 71 354
5615 0.97106353541613077 0.65246757586927551 1.5356788188180042 177 151 54 0.085590916562667221 6 401 71 373 39 1
5616 0.63074460179774727 0.91400508189700347 1.3827340512344344 152 153 157 0.04543670493983127 6 1 71 374 39 317
5617 1.0192616616725481 0.727408834931346 1.6956094105381729 255 209 56 0.19188982324877712 6 406 71 377 39 322
5618 0.90316184931297594 0.70101031902610877 1.7135920021940509 154 122 36 0.30761786294375032 6 689 71 378 39 594
5619 0.33812301174523779 1.0849843499024061 1.5083079014892993 1 1 0 0.42389624433645795 6 408 65 295 71 380 39 326 6 691
5620 0.23067354214205404 1.0601931458968121 1.5498591354373465 111 71 9 0.11693419299438255 6 410 71 383 39 21
5621 0.94134077294826057 0.8655282093597978 1.828795467715902 123 84 16 0.10271057585034239 6 418 71 385 39 332
5622 0.31303886362964978 1.1496414577986429 1.6153886688899191 50 47 48 0.051684507851397589 6 415 71 386 39 333
5623 0.54126111859201476 1.2251770408965701 1.6411060429137025 41 43 51 0.065922711693102598 6 420 71 388 39 344
5624 0.95367907645596617 0.95667890995734239 1.8220697928129341 138 99 23 0.17070448680251241 6 31 71 389 39 342
5625 0.53894837284854957 1.2507930860382923 1.6797156335340975 181 124 33 0.049049156477209054 6 425 71 393 39 612
5626 0.46940565548962987 1.2634305641295072 1.6988568511092916 181 131 36 0.029206707817448163 6 428 71 398
5627 0.40832443247641736 1.224886802663421 1.7699983754669353 192 133 35 0.10870799510051425 6 435 71 399 39 360
5628 0.18725219062506385 1.0239193479521946 1.9373857014503995 139 88 11 0.32964117591506009 6 61 71 406 39 59
5629 -0.15315092516906731 0.54946265942666661 2.0850093870344075 66 67 81 0.045032390817104327 6 448 71 409 39 370
5630 0.556912177719326 0.9818037059435033 2.0647493546798983 102 58 6 0.0501708422100599 6 449 71 414 39 388
5631 -0.60305055196689195 0.3550327392207292 2.1238897060291557 241 190 50 0.16333065584459364 6 451 71 421 39 369
5632 0.26257697985619888 0.86587690266780848 2.1848744032673824 113 68 9 0.11215693866703086 6 464 71 430 39 399
5633 0.23655496144759325 1.0975951500469991 2.1429421826251942 124 97 24 0.15237161497764937 6 744 71 433 39 409
5634 0.34707844928019177 0.93757231007177855 2.2487890233028009 166 103 16 0.046074413758890077 6 473 71 435 39 413
5635 -0.55769034431675013 0.83497708901198553 2.1504131362278751 147 123 33 2.36964212525081 6 476 71 438 39 412
5636 0.25087401040170021 1.06873745595915 2.218627079765322 28 19 15 0.14193071841785457 6 477 71 439 39 671
5637 0.33699541811547351 0.99043810441020064 2.3283795332519297 252 196 54 0.048725634120965505 6 485 71 447 39 427
5638 0.31046625252144727 0.99394753421433302 2.3322280552214192 103 61 8 0.1721876237982608 6 487 71 449 39 117
5639 -0.12162099955225655 0.81206187320615997 2.3046682057231331 112 72 10 0.19792275422897143 6 486 71 450 39 420
5640 0.33617750933306739 0.95861809322918634 2.3813214058702381 205 207 230 0.041807534370428799 6 495 71 456 39 435
5641 -0.015223661322884881 0.75220379854430441 2.4492840634434563 186 190 213 0.13670903263529932 6 505 71 462 39 440
5642 -0.55005721694759391 0.48978301074572417 2.4314024392549203 79 80 99 0.17581253356857585 6 508 71 463 39 432
5643 -0.71742147836118975 0.87299231600483873 2.3354721094237969 54 53 58 0.090439463819825108 6 788 71 467 39 688
5644 -0.80345355702517263 0.8839024283598832 2.3219039899917533 160 122 28 0.15794728900800978 6 515 71 470 39 442
5645 -0.80345355702517263 0.8839024283598832 2.3219039899917533 160 122 28 0.15794728900800978 6 516 71 471 39 443
5646 -0.50072885258930466 0.51928426520202164 2.4732699720548772 158 156 172 0.13686608983631243 6 522 71 475 39 441
5647 -0.54487801857623042 0.58661946291540812 2.4790063684709747 153 91 25 0.24286391354251716 6 525 71 478 39 691
5648 -0.055195554502410774 0.86772323312487254 2.5347708708843784 187 112 16 0.2024451205668524 6 528 71 481 39 152
5649 0.58072596620865258 1.0956946837998549 2.6154617510216878 7 6 7 0.41610151817258118 6 799 71 482 39 455
5650 0.61807566237729528 1.0829739730294892 2.6490189405223492 231 207 161 2.8463100507205517 9 879 71 483
5651 -0.07585462569882602 0.7953702573238195 2.5735805314554372 254 237 59 0.11443110173349365 6 529 71 486 39 156
5652 1.601895915426339 1.6076870675288615 2.7416358528165286 220 190 149 0.21351917033373577 9 600 65 538 71 488 39 707
5653 0.54453529036587778 1.2441768369666479 2.7054609287590208 9 7 7 0.055562357650465112 6 541 71 498 39 469
5654 -0.62250230709822774 0.5696169207485704 2.6356552742596011 79 86 107 0.086003440095613504 6 234 71 504 39 166
5655 1.018764868123428 1.2734329453672861 2.8455413478037999 150 98 69 0.084758251616911792 6 812 71 506 39 718
5656 0.89583085488201897 1.330816008579806 2.8193153479008277 49 32 25 0.068737671958053692 6 813 71 507 39 483
5657 0.47742368000711266 1.2136778217702664 2.7826574717253516 5 5 6 0.40446807512360744 6 549 9 611 71 512 39 484
5658 0.57207646932483547 1.2609244254540286 2.8240895694512309 233 214 172 0.12156098305977522 6 557 71 516
5659 0.73667208953045116 1.1815805535749073 2.9125212880401032 46 31 26 0.067172666356913005 6 818 71 521 39 501
5660 -0.13131374258106229 0.90557795470460001 2.7979098851399522 132 77 10 0.037228918219893395 6 568 71 524
5661 -0.74366195311223116 0.92953571108719879 2.6724968331609844 2 1 1 0.46415845052106652 6 819 71 526 39 195
5662 -0.98132247919984539 1.5216135678358331 2.5337212291193008 41 27 20 0.3477187992299528 6 565 71 527 39 495
5663 0.47412610071239319 1.3036996099213505 2.8682613653305471 19 18 19 0.48957834868353461 6 820 65 828 71 528
5664 -1.0269546385386881 1.4994119302457032 2.5446441715457908 40 27 21 0.28498884715096429 6 566 71 530 39 211
5665 -0.65647948632993736 0.70835129479571068 2.7415710786821377 109 111 126 0.18360744807148954 6 572 71 531 39 482
5666 -1.0502784933703992 1.4404910285844066 2.6112974360779275 101 101 88 0.1556990736948716 6 580 71 536 39 507
5667 -1.0454625577073446 1.3804944936980263 2.6540331852618468 121 125 118 0.15230000174427513 6 587 71 544 39 234
5668 -0.95196840759883306 1.3618289559342132 2.6806211795797465 112 114 107 0.12866103887621858 6 590 71 546 39 517
5669 -0.85870836257182304 1.3201195815762246 2.7107914781750022 102 101 89 0.070008473227455792 6 593 71 549 39 518
5670 -0.77954711124517628 1.0676841709477178 2.8635462658731092 119 114 98 0.11201766264604733 6 614 71 564 39 539
5671 -0.61693017910874193 1.1269299347162596 2.9133128098712389 71 67 56 0.32714107700258471 6 617 71 568 39 744
5672 -0.65000749295511873 1.0273546435654655 2.9449583294417945 115 111 94 0.061728402591322833 6 623 71 575 39 550
5673 -0.71145232975478667 0.99021514428560764 2.964291836766602 128 122 103 0.11964930144111674 6 629 71 580 39 556
5674 -0.51559565419711806 0.88202570937634417 3.0628463169952145 70 67 60 0.14599303645248621 6 852 71 587 39 562
5675 -0.19314128306353198 0.69945348094000326 3.1672528594870877 147 97 68 0.39214405977251232 6 647 71 593 39 280
5676 -0.53788387789590952 0.83736002151232469 3.0965395654645911 101 102 91 0.063900084415900116 6 651 71 597 39 571
5677 -0.7965290493729541 0.88117219564401306 3.0369177482591723 145 135 113 0.10227423905125128 6 644 71 602 39 567
5678 -0.23654535053712786 0.71372781863459855 3.1808923560185303 148 98 69 0.1744543828583521 6 854 71 604 39 573
5679 -0.37108165484599603 0.68538631300773145 3.1735820165367037 39 27 24 0.11036563465225606 6 857 71 607 39 287
5680 -0.56289498535758997 0.75756237299337803 3.1556379347271108 113 112 98 0.039778894134652673 6 659 71 611 39 289
5681 -0.69812680135035043 0.58984564113153282 3.2701773469035111 223 211 175 0.07896033220001232 6 668 71 624 39 581
5682 -0.64066373659775744 0.47837879827825192 3.3382970078529861 73 50 38 0.045209405866853652 6 669 71 627 39 582
5683 0.93071114034249181 0.68643677862546759 1.5093147537908878 187 156 51 0.054783182015460931 6 674 71 631 39 315
5684 0.55603571245847039 0.98992414919760563 1.3266545052229246 137 148 179 0.027443693653112524 6 677 71 633 39 318
5685 0.50288005373149114 1.1765414137861332 1.2751123313025339 138 127 51 0.36243037811619044 6 679 71 637 39 4
5686 0.90410942168731445 0.73142640689108807 1.5709445559737394 151 135 53 0.34872808679272477 6 681 71 638 39 588
5687 0.93054851355248114 0.68145889041874341 1.6496619364838074 152 124 39 0.090937969825896428 6 683 71 639 39 589
5688 0.27695765452820897 1.0455395074276972 1.5933299104656229 94 84 78 0.11090729968732164 6 692 71 649 39 597
5689 0.51425105256127945 0.75960661582344491 1.873910772932218 244 193 53 0.091988323086876336 6 702 71 658 39 602
5690 0.53620352247629588 0.75324708955522324 1.9088243771207758 102 101 110 0.16383378409877428 6 706 71 661 39 605
5691 0.66531442432632382 1.0127211719961899 1.9199750578788817 222 160 42 0.27523850105219738 6 886 71 664 39 620
5692 -0.48651912903625411 0.38344195355964344 2.0887295732211029 174 120 24 0.1462536828251384 6 719 71 668 39 361
5693 0.15508983962912321 1.3034733201222901 1.9385977498715918 1 0 0 0.037672959689538744 6 725 71 670 39 649
5694 0.15508983962912321 1.3034733201222901 1.9385977498715918 1 0 0 0.037672959689538744 6 726 71 671 39 650
5695 -0.52045671409797944 0.37048392115110296 2.1911733693742717 69 65 63 0.020507251728340972 6 735 71 675 39 628
5697 -0.18951671724147851 0.54755225590919987 2.2015933734074027 175 180 205 0.11362451729410923 6 739 71 679 39 391
5698 -0.53772898524432 0.38652453772908085 2.2237223417781977 254 197 54 0.093986208864763054 6 745 71 681 39 643
5699 0.35199725285547412 0.87671606277383596 2.2320527024955603 252 191 52 0.31628755438785455 6 897 71 684 39 662
5700 -0.10100836188759441 0.70239166756309024 2.2228674546751885 171 106 21 0.10774496476633706 6 748 71 686 39 658
5701 -0.49717463732550665 0.7975210650741299 2.1436611104326975 160 95 15 2.3781605090894034 6 750 71 687 39 663
5702 -0.49717463732550665 0.7975210650741299 2.1436611104326975 160 95 15 2.3781605090894034 6 751 71 688 39 664
5703 0.27679591969255918 0.89582455261315175 2.2411759149498152 114 73 12 0.17514557077017048 6 752 71 693 39 410
5704 -0.70516401509937077 0.74188629822681162 2.1622424632152626 126 79 21 0.1171792646330222 6 760 71 698 39 665
5706 -0.083709123589002732 0.74759649759958413 2.2716240959728551 178 109 19 0.085217464755841951 6 762 71 702 39 668
5707 0.29492044429271203 0.95375309476499281 2.2862398094356466 112 71 12 0.10629548219792051 6 766 71 703 39 674
5708 -0.70895583294426867 0.78594708733139051 2.2233947431468333 55 55 63 0.071746782328800496 6 773 71 710 39 673
5709 -0.72801971314281011 0.80385531560182732 2.2544454370716047 196 138 33 0.070664807022348827 6 779 71 714 39 677
5710 0.11957689147405831 0.89302161279115277 2.386322266429834 235 178 46 0.37411444279400802 6 781 71 715 39 683 9 1006
5711 -0.11462499277231065 0.71827584519047771 2.4902928299992464 254 197 54 0.11442995847898647 6 790 71 722 39 814
5712 -0.22982639612389852 0.63338029939041929 2.5166366075957107 34 30 26 0.021586128518429597 6 792 71 726 39 693
5713 1.4899655503462781 1.7417588513979203 2.6011232024385138 228 204 161 0.51683510163096724 17 750 71 728 39 461
5714 1.2842977199598506 1.506150987017884 2.7184003756768007 65 41 31 0.16835375508166794 6 801 71 735 39 467
5715 -0.79105330979760524 0.90287902740244874 2.4455941149274398 115 119 135 0.21075242465631647 6 800 71 737 39 701
5716 0.50650097879643485 1.1888915122891179 2.6737262815942633 127 121 133 0.12001342253579246 6 803 71 739 39 706
5717 -0.83864042506116399 0.90203494225114778 2.4897959888140662 94 112 146 0.14306802950393116 6 805 71 742 39 165
5718 -0.60787523896076334 0.65464873904910914 2.6665282382633939 89 73 13 0.45239683682092535 6 814 71 745 39 824 71 882
5719 -0.63626218965933234 0.63117292389490687 2.6694537939196072 110 106 118 0.19011033324380947 6 553 71 746 39 705
5720 -0.656108926460644 0.66066249080834705 2.7040703100973444 159 144 154 0.25336354731211091 6 564 71 750 39 708
5721 -0.94451366804024772 1.4963262732910685 2.5601760093509722 104 111 109 0.28905593586462869 6 817 71 752 39 496
5722 -0.25192504656893877 0.82148053574781832 2.884093777385659 145 136 147 0.031509884618682538 6 826 71 761 39 731
5724 0.22449750133095125 0.85263841085394299 2.9973773765747276 117 77 55 0.73786823578759453 6 831 65 840 71 765
5725 0.074232931216045669 1.0267889063622742 2.9853862825473008 19 18 15 0.2808380708560605 6 834 71 767 39 739
5726 0.061491669890230166 0.99132587249593795 3.0222396465222343 219 201 162 0.019293640121944618 6 836 71 772 39 542
5727 0.036536811201336131 0.37414404486563396 3.0743404914730403 40 25 19 1.8941431043515422 6 837 65 847 71 773
5728 -0.74349662925832005 1.0201674934085407 2.905119047047569 132 123 102 0.22423143112404184 6 842 71 776 39 544
5729 -0.80417612983646125 0.98920965481549694 2.9240573801499283 142 131 108 0.14845364693235388 6 844 71 782 39 548
5730 -0.80417612983646125 0.98920965481549694 2.9240573801499283 142 131 108 0.14845364693235388 6 845 71 783 39 549
5731 -0.52296012572230421 0.94025694940793447 3.0020134557063129 69 71 65 0.29511818790210603 6 847 71 784 39 746
5732 0.59216798614884092 0.96654038219306238 1.4074037381756845 95 107 134 0.10062922123274459 6 868 71 804 39 761
5733 0.37286575968589764 1.0416018482911227 1.5274774310121735 147 157 182 0.18676161052519377 6 872 71 810 39 596
5734 0.57970844994931592 0.79937133942393124 1.6901802116754221 28 27 28 0.11825037368158582 6 874 71 811 39 765
5735 0.40093373213741701 1.0809653914365165 1.5579911975353626 0 0 1 0.2279164080745478 6 875 71 812 39 767
5737 0.74498349897471994 0.93731095617441662 1.8731047106319034 94 93 107 0.046916133108635176 6 881 71 818
5738 -0.69733619038884787 0.50678473588647677 1.956401497615736 229 169 38 0.12670481705124892 6 951 71 828 39 776
5739 0.57439138831170311 1.1119794495099902 2.088303432743055 1 1 0 0.23259394420824001 6 894 71 838 39 859
5740 0.20565900465827863 1.2258555885337945 2.0222906380365337 83 56 8 0.16827674800144576 6 895 71 839 39 656
5741 -0.13298264282255245 0.6744000033465295 2.2093315864817051 247 185 49 0.089493441945004373 6 898 71 843 39 785
5742 0.19400933485515706 1.0114656922995771 2.2090368807589971 175 134 32 0.12597095980585435 6 899 71 847 39 800
5743 -0.11458270549089242 0.73209238753364603 2.2531639661329259 254 197 53 0.073516003541351529 6 901 71 850 39 794
5744 -0.5124814218714413 0.81851724782474322 2.1778886161240387 254 199 55 2.3735591758009771 6 903 71 853 39 798
5745 -0.099976243758652092 0.76760865229364283 2.3063856617844412 254 198 55 0.042263505722408078 6 906 71 860 39 802
5746 0.10206701863351851 0.85163679547855076 2.4351332399585912 44 38 35 0.2360801499327182 6 911 71 866 39 809
5747 -0.73468539943881639 0.84290227434030784 2.3075988375760659 187 138 32 0.047325850931194208 6 914 71 868 39 808
5748 0.010645048862384876 0.86954700887136693 2.5127933593969543 131 112 89 0.39301543308494197 6 919 71 872 39 817
5750 -0.97820413757472735 1.0181175119291397 2.4242501106709682 106 112 135 0.078862958599362029 6 922 71 874 39 821
5751 -0.97820413757472735 1.0181175119291397 2.4242501106709682 106 112 135 0.078862958599362029 6 923 71 875 39 822
5752 0.68443327555234179 1.2004057566975408 2.895023087684192 229 213 175 1.1472204856527759 6 928 71 883 39 726
5753 -0.51985927290619138 0.57902535925859844 3.1662589659312732 221 208 171 1.8852951503380482 6 940 9 1106 71 895
5754 -0.62230603948122765 0.50247881401807104 3.3621353163069783 212 182 142 0.22705986925365221 6 946 71 902 39 891
5755 0.71070011681425616 0.84178892223602608 1.6262414987091081 143 112 27 0.62902909950072383 6 947 71 904 39 848
5756 1.1533481697989454 0.86828225444276408 1.7328313252747802 254 197 55 0.1273100900338888 6 948 71 905 39 851
5757 1.0243473390419475 0.77305629170390322 1.7571490180161322 255 198 55 0.12075593144845169 6 949 71 906 39 850
5758 0.73185044544973188 0.97857371238984758 1.6665932044509999 150 125 37 0.54658459526447523 6 993 71 907 39 768
5759 -0.47619030654880501 0.64961688585826338 1.859082361556579 253 215 52 0.10688561336278468 6 950 71 909 39 608
5760 -0.27076094667343348 0.54158291089610422 2.0220528410369636 255 199 56 1.4967979569050538 6 887 71 911 39 616
5761 -0.5847492281762513 0.36106233959556211 2.0907216793528343 255 213 57 0.080863838369736055 6 952 71 914 39 852
5762 0.60387657818581486 0.98409484596169017 2.070711333592389 226 169 46 0.094266684029133255 6 953 71 915 39 855
5763 0.2038326410743688 1.2688336060060457 1.9464724403083535 155 117 30 0.071833518285670417 6 892 71 916 39 784
5764 0.31501724706231399 0.82498840249270711 2.1915013867369693 95 84 78 0.1658882456554272 6 1002 71 919 39 901
5765 -0.74244221013563982 0.73771361330459928 2.1197861440469112 154 125 31 0.055828948719831628 6 956 71 921 39 862
5766 0.21168753291747802 0.92538296161070532 2.3605136022825941 157 124 32 0.36777713016947056 6 961 71 925 39 867
5767 1.2658958794409458 2.2710254220726744 2.1949149099105503 2 2 1 1.102712068144569 6 1027 71 926 39 816
5768 -0.76276068418295562 0.85733698148908366 2.2558906476820693 118 0 0 0.30879199726964818 6 963 71 927 39 805
5769 -0.76276068418295562 0.85733698148908366 2.2558906476820693 118 0 0 0.30879199726964818 6 964 71 928 39 806
5770 -0.82053631986226527 0.92657328087634971 2.266460090912374 137 118 37 0.1187280785511237 6 912 71 931 39 868
5771 -0.3237232142362883 0.58632834540264789 2.5071409870923089 255 226 58 0.080722890214321261 6 966 71 932 39 869
5772 -0.73892429353026146 0.82318530215452135 2.3913209810445717 165 134 34 0.097439192206959888 6 967 71 933 39 815
5773 -0.87653964811879226 1.0463197092576113 2.3452374085931886 0 0 0 0.061993001232790966 6 968 71 934 39 873
5774 0.48743447212537416 1.1374673680628842 2.6151854912818151 136 131 143 0.096511921862417749 6 972 71 940 39 877
5775 -0.64817847327767075 0.5281399594377657 3.3057371682677572 93 64 48 0.22306582434453248 6 945 46 1023 71 957 39 890
5776 0.76702485443902513 0.89708963380286211 1.7023869805408589 110 69 11 0.061167105190480416 6 992 71 959 39 924
5777 0.41712478194751651 1.283872250491539 1.6198515176513657 0 0 0 0.28213428721012829 6 994 71 961 39 895
5778 0.41712478194751651 1.283872250491539 1.6198515176513657 0 0 0 0.28213428721012829 6 995 71 962 39 896
5779 0.15459224813836547 1.2321548885600078 1.9144541860350688 0 0 0 0.32990272917617164 6 998 71 966 39 899
5780 0.15401574320182732 0.85720837429779584 2.3011989569951208 106 62 8 1.755789391017661 9 1123 71 973 39 903
5781 -0.11411506478933829 0.7225266876963008 2.4306749429094747 255 225 60 0.12876897144078145 6 1010 71 980 39 909
5782 -0.80245049018008752 0.90934700438306315 2.5277321697635009 82 95 121 0.27104536673686108 6 977 71 983 39 878
5783 -0.85860566402294891 1.1507493928091515 2.4988032923898973 4 4 5 0.52066662821059728 6 978 71 984 39 916
5784 0.30632591560023792 1.1907683589962648 1.6765514924204239 179 135 36 0.17370889752921689 6 1020 71 990 39 925
5785 0.30166909430385302 0.83717939698936628 2.0922174605202395 240 204 66 0.30387571668927044 6 1021 71 991 39 926 9 1176
5786 0.33222554395702197 0.91793065702113141 2.2505846074818123 186 125 27 0.4201985322116677 6 1025 71 993 39 933
5787 -0.59811795446519778 0.54137119396186617 2.4476241255548374 123 0 0 0.10716121090309672 6 1033 71 996 39 959
5788 -0.59811795446519778 0.54137119396186617 2.4476241255548374 123 0 0 0.10716121090309672 6 1034 71 997 39 960
5789 0.41158463830342118 1.2194708770114582 2.8549563693104223 9 8 7 0.50997753725424044 6 1041 71 1004 39 944
5790 0.47148239165849209 1.222815132207745 1.7017531314440382 164 114 31 0.21757693980266943 6 1051 71 1009 39 950
5791 0.19873376633911594 1.1797615275261335 1.7573314898128087 0 0 0 0.69689247251287778 6 1052 71 1010 39 952
5792 0.19873376633911594 1.1797615275261335 1.7573314898128087 0 0 0 0.69689247251287778 6 1053 71 1011 39 953
5793 -0.2414852650655207 0.63298430587769849 2.1356908699335051 0 0 0 0.62359473810434962 6 1023 71 1012 39 929
5794 -0.2414852650655207 0.63298430587769849 2.1356908699335051 0 0 0 0.62359473810434962 6 1024 71 1013 39 930
5795 -0.60684128923315661 0.92191330501164082 2.1109873104421677 0 0 0 1.6924046648374442 6 1026 71 1017 39 932
5796 0.58739871038539138 1.0985778809048632 1.2170076850442308 132 108 39 0.36676473604010917 6 1061 71 1022 39 946
5797 1.0029581691391665 0.6838654838485011 1.6245139023604589 255 198 55 0.16973739421416068 6 1062 71 1023 39 966
5798 -0.72630918799053534 0.7768809857047585 2.1519162818918298 164 124 32 0.38426016673099356 6 1067 71 1026 39 969
5799 -0.6615653885234476 0.68789791329202232 2.5960853482651669 81 87 96 0.64719872355063435 6 1073 71 1030 39 975
5800 0.46920392399632427 1.0527998558338425 1.9026408455449193 0 0 0 1.1081026142185577 6 1079 71 1034 39 967
5801 -0.51362345930216302 0.47863898178550079 2.3494890756757072 254 201 54 1.0895306911140659 6 1080 71 1036 39 970
5802 0.65636061827179704 1.3704740082991829 2.3986282364888289 198 176 135 2.0167766533420592 6 1091 71 1038 39 961
5803 -0.34640022518499314 0.74485647994106363 2.9362032954662234 154 146 158 0.71856613130705027 6 1084 71 1043 39 995
5804 -0.34640022518499314 0.74485647994106363 2.9362032954662234 154 146 158 0.71856613130705027 6 1085 71 1044 39 996
5805 -0.37596196591792008 0.6740876374045105 2.747866662759328 50 50 55 0.66485210369587133 6 1095 71 1050 39 985
5806 1.0642070315824101 0.87105236655363549 1.7419666081860801 255 197 52 0.26057122176290115 6 1097 71 1051 39 999
5807 0.898206348289184 1.0608366773382629 1.8879486401651828 0 0 0 0.37002648269487298 6 1099 71 1053 39 1001
5808 -0.76226609467687945 0.77871255701262221 2.3961422909442711 147 125 36 1.0038981267619105 6 1092 71 1055 39 991
5809 -0.20718644665340152 0.69261872675138492 2.5660041646215719 255 196 53 0.350928762091818 6 1093 71 1056 39 1003
5810 -0.53052219843800974 0.66213301547945158 2.9285496133978723 6 8 13 1.2158392207438937 6 1096 46 1125 71 1058 39 1005
5811 0.11507695413979521 1.0168777395988484 3.0998725599285719 100 65 49 1.4928891250708087 6 1103 71 1059 39 998
5812 0.46824459764236653 1.2140041549078673 2.7462224898105658 133 126 136 1.012328157609637 17 975 65 1023 9 1022 6 810 71 744 65 523 39 828
5813 -0.37068030790505763 0.64738443953489122 2.6419200439519672 150 113 25 0.10812172527870567 6 925 71 876
5814 -0.59671178787860546 0.51953409462445765 3.3105004039291144 149 101 76 1.8257757183159897 41 1172 98 1086 97 1027 54 738 33 695 28 684 87 659 34 900 22 1117 69 1108 4 1122 11 526 51 829 31 987 18 1006 52 1109 20 1028 88 746 42 1002 79 1158 70 948 82 706 76 185 56 201 44 884 23 828 35 940 91 424 88 549 40 497
5815 0.60433473357500134 2.3423825354913816 2.0105520812859727 147 98 70 1.0736242857349994 30 1249 95 1277 89 1368 14 1289 92 1180 11 1094 24 1119 66 1118 51 1015 64 1370 50 1528 67 1214 41 1313 98 1245 54 1167 33 910 28 929 87 951 99 1086 83 1064 85 1195 19 1499 94 944 36 1040 8 1050 84 1014 52 1052 69 1054 72 1017 20 957 40 995 61 965 16 1251 53 1131 29 1121 91 845 75 854 68 968 62 991 35 887 7 864 10 1001 59 954 13 961 47 928 74 908 57 819 96 959 73 947 81 739
5816 -0.42994634482957717 0.54659595985195242 1.9148060323795419 213 0 0 0.67807181412659401 30 1223 38 1204 95 1253 89 1371 14 1297 11 1098 24 1146 66 1152 64 1445 67 1321 41 1464 50 1568 19 1548 34 1177 38 1205 95 1254 89 1372 14 1298 92 1152 66 1153 24 1147 51 1070 64 1446 50 1567 67 1322 41 1463 98 1337 97 1264 54 1239 28 1059 87 1124 99 1240 83 1217 85 1247 19 1547 34 1176 22 1435 94 1093 31 1159 18 1133 79 1223 42 1078 100 1059 80 1045 44 948 23 902 30 1222 92 1153 11 1097 88 1071 36 1179 8 1204 84 1145 52 1166 4 1194 45 1072 69 1184 90 1043 72 1020 20 1167 40 999 51 1069 94 1092 36 1178 8 1203 84 1144 52 1165 45 1071 69 1183 4 1193 90 1042 72 1021 31 1158 18 1132 20 1166 88 1072 40 1000 79 1222 42 1077 82 976 82 977 100 1058 44 947 23 901 61 947 61 948 16 1213 91 852 91 853 65 1045 9 1147 68 978 7 842 48 776 48 777
5819 0.6027692639814094 0.94630917742331211 2.0345690811582897 57 57 66 0.058568444380003748 6 66 39 62
5820 -0.45197549631799405 0.7402624837349322 2.708555426237913 21 14 9 0.51279275454150763 6 561 65 157 39 184
5821 -0.064124121098643183 2.9595935524802375 2.4072617647129775 61 62 76 1.4060617312614352 17 153 39 231
5822 -0.29379984461470177 0.84616973049337219 2.9401662232368113 154 147 157 0.65113348147380534 9 323 39 253
5823 0.086964302130765128 0.86118434802222787 2.3025315555386885 89 46 3 0.37770887962220528 17 311 39 418
5825 -0.31252547546037662 0.82224287484581726 2.9235454316697713 68 67 77 0.57650538053625677 9 320 39 524
5826 -0.31581538873504467 0.81921275599989463 2.9209632848456333 68 67 77 0.11002873457126677 17 528 39 525
5827 -0.37595007928352103 0.76400322748816896 2.9380026994003257 67 67 79 0.18740833275555541 71 296 39 529
5829 -0.58256224147600955 0.92275109828118973 3.0237493131100468 118 113 97 0.079701508053039771 6 631 71 790 39 559
5830 1.3333428013555102 1.0379869581659482 1.756414978686974 247 193 55 0.77376670075662612 6 693 71 650 39 599 9 1112 65 1043 17 935 71 814
5831 -0.74513105726152506 0.59963559729347182 1.9601651180038109 124 111 32 0.27670034212158456 6 444 39 619
5832 0.070986130086562169 0.95110441038833193 3.0615061354061699 54 35 25 0.5087935420582379 6 987 17 802 39 842
5833 0.51989261804528553 1.016517180692488 2.6247951118759878 10 8 7 0.38705647738402144 71 999 39 940 6 1036
5834 0.32630776373075193 1.1199387105745011 2.7227961256222306 79 80 93 1.3884921433983044 17 1093 39 986 63 1000 15 881
5835 0.32757030818579047 1.139936586576747 2.7252130956284164 79 80 93 0.63396387408983257 17 1094 39 987
5836 1.533033176911379 1.6929834498687579 2.6503940370392702 228 214 177 1.3242941569344406 6 969 71 873 39 704 17 774 9 596
5837 -0.37272879345535453 0.78193984534642802 2.9357940678129473 75 76 89 0.24011917704104527 17 532 65 553 39 528 6 321 71 295
5838 -0.51806379187837925 0.39168532192336958 2.1840474309953151 69 67 71 0.31201477818805395 6 736 71 676 39 629 65 354 9 737
5839 -0.25142053416996579 0.82477554811611098 2.8834492941226602 145 137 148 0.10181692383695606 6 827 71 762 39 732 17 725 65 542 9 635
5840 0.33272199936355423 0.96381244368139141 2.2827368837695636 254 198 54 0.074652954704844676 17 958 65 924 9 994 39 801 6 765 71 700
5841 0.19593248049868872 1.1309004529549356 1.5524953865457598 0 0 0 2.152811414901012 6 877 71 813 39 894 17 994 65 1040 9 1111
5842 0.54700083508160313 1.269974258073945 1.3360114627573687 226 110 10 0.12473320126733778 59 114 13 118 47 98 57 83
5843 -0.5137750208698928 0.50104416053533574 2.4141446234213113 225 225 243 0.13932625983073169 59 440 13 183 47 135
5844 0.53307671243779109 1.44868719097009 1.9583730770006689 2 2 2 0.9235975289434486 10 733 13 215
5845 -0.45709769659017879 0.68294036530657287 2.8838152275289559 11 9 8 0.05130993435766687 59 226 13 240
5846 -0.50639288743153055 0.79282883406367877 3.0127996476545755 13 10 9 2.1295040233888405 10 474 93 437 13 257
5847 0.51449531483733491 1.3095461707319367 2.6371734141636631 42 36 28 0.10739367303088497 13 277 47 211
5848 -29.67369286304794 5.9026657154721525 8.3577864317018733 102 66 48 1.1032718357889784 35 2 13 392
5849 0.61277888957709759 1.1460227198575259 1.1678385349070712 214 117 13 0.48644265397643238 59 371 13 426 47 391 74 362 57 608 81 469
5850 0.43220915827597284 1.0791746721700299 2.1858152470302303 153 90 11 0.19865828969103833 59 205 13 530 47 570 74 535 57 461
5851 0.38559066392827374 1.0877092309582836 2.2373610582717016 151 90 11 0.20015542192830177 59 210 13 533 47 572 74 167 57 648
5852 0.38724897027403204 1.0947755384160425 2.3074027763489191 254 189 46 0.17135657477548896 59 486 13 539 47 574 57 465 81 404
5853 0.49774474462796486 1.4665050983288095 2.1485523171571455 14 11 11 0.1224094059355904 59 492 13 551 47 581 74 555
5854 0.45971071304484573 1.5326954673521904 2.128393447083627 157 151 162 0.16030393993693939 59 493 13 553 47 582
5855 -0.45935713941689804 0.63547587197055977 3.1951739044501717 242 222 175 0.99358747344045517 93 180 13 580 74 183
5858 -0.57859667946793991 0.73202701630919997 3.1752417278949845 224 205 162 1.0062963450152047 59 1044 13 1010 47 974
5859 0.98911752784183393 0.65667880054565198 1.5621820354089546 255 237 71 0.95782927955089214 93 811 13 1014 47 982 59 1017 74 914 57 706
5860 0.98395427178609396 0.65879743458823192 1.562767856943539 255 237 71 0.63327625806902221 59 1018 93 812 13 1015 47 983 74 915 57 848
5861 0.23184521275777834 1.5016467096498858 2.6289280762632519 137 99 68 0.87811031144611873 59 1013 13 1027 47 978
5862 1.4032126546008123 1.5620371233433701 2.6628318597608964 238 218 176 0.56510970710413577 59 1049 13 1045
5863 -0.40665006831219053 0.58627832562891224 2.0191212058784358 249 193 44 1.5573573932560565 59 1073 13 1061
5864 0.77546660242440302 1.4943229015355424 1.3424579494149045 255 208 45 1.8214921418515377 59 1074 13 1065 47 1023
5865 0.77546660242440302 1.4943229015355424 1.3424579494149045 255 208 45 1.8214921418515377 59 1075 13 1066 47 1024
5866 0.40281669159736017 1.3502422795718896 2.3938839511983749 252 188 46 1.974232941135224 59 1077 13 1069 47 1026
5867 -0.54131356960597099 0.56806084899527143 2.499663407209991 4 0 0 1.4981756274167437 62 408 35 93 7 362 10 720 13 198 7 114 59 453 47 823 74 516 74 823
5868 0.47162544312601878 1.3043277486042697 2.3234174390033799 164 90 11 0.43965482227078451 62 476 10 453 63 408 15 515 93 397 13 241 68 169 59 241
5869 0.23298021825524989 2.0921288131970872 2.182071875389946 153 96 65 0.36780535225364352 61 222 48 151 96 214 73 464
5870 4.3611190402253439e-05 2.6576335243515321 3.6899091104297623 247 223 173 2.8271374260556454 11 281 48 184
5871 1.0340728848603586 0.71653030920298622 1.7184412053413731 249 249 88 0.067308828697642875 91 450 48 216
5872 0.81034129531175658 2.4543347855191988 1.9364194590629011 152 101 73 0.20372225554576406 88 265 91 227 48 291
5873 0.79336755757678867 1.9812078060564973 2.3261794590388751 227 212 175 0.30336003458963673 61 579 48 464 96 618
5874 -0.11453205630849048 2.2625302521437445 5.2401797868939743 226 212 176 1.535260098172083 92 505 48 477
5875 1.3361696117445523 1.5401773825449598 2.7281520226733229 224 211 176 0.89997356833642961 91 624 48 480 57 786 74 863
5876 1.4791722880401708 1.5910207923392852 2.6665111775408521 227 214 179 0.25079276243185566 61 585 48 487 73 600 96 624
5877 0.7777156643078994 1.4112693536372301 2.8452196027471546 244 221 174 1.6597865243159626 91 686 48 533 96 692 73 670
5879 0.8164043532639923 2.4837955783118564 1.9253065524695285 1 0 0 0.33829628820973739 91 702 48 672 57 763
5880 -0.33072671865545877 0.92803519817893643 1.840146706737616 190 196 220 0.31976270100459508 91 774 48 706
5881 1.0324554076056551 0.78898589555790888 1.7310458300238196 255 252 80 1.9017282860541285 91 862 48 758 96 865 73 847
5883 -0.47136402283788753 0.4358447283980123 2.0629341280963369 255 234 71 0.72206437609916918 91 893 48 821
5884 1.1198613022233221 1.4007956340485253 2.7426353601996438 119 77 54 0.38850303658271029 92 835 61 656 16 1066 19 1065 53 950 3 457 29 944 48 562 40 624 91 700 96 911 73 890 81 687
5885 1.054336167656803 1.4280488846015555 2.7592131768015631 76 50 35 0.90716699873963869 99 675 83 651 85 906 19 1075 50 1058 77 361 16 800 92 834 61 654 29 712 48 561 42 943 88 834 82 797 100 948 80 917 91 696 74 624 96 711 73 701
5886 1.1348938035152243 1.4510394228076311 2.7426898362130827 81 56 46 0.8153697211697335 92 844 61 661 48 575 100 578 80 264 44 446 84 418 52 423 4 113 45 626 31 780 18 819 88 845 42 827 42 947 82 684 23 444 91 705 74 784
5887 0.21312480929813174 1.0796273719886356 1.5144479700534879 239 205 61 0.24804089609272592 23 240 75 15 27 18
5888 1.1285419971901429 0.81123757638339034 1.6770537732428066 255 249 69 0.09206662034462279 44 107 27 125
5889 -0.24157498903278035 0.70318897392453772 3.1752972308114371 145 98 73 0.19124657764986339 23 109 75 139 27 129
5890 1.0196801430028619 1.4132256587356733 1.7586028918620922 214 196 157 0.43539414716643188 44 121 27 157
5891 0.95599896092101089 1.3397129583866287 2.7754678410909506 93 63 52 0.0011724171718132141 23 192 27 199
5892 -0.30914199680572813 0.91353852841646288 3.040642672525919 16 15 16 0.15881404460651941 23 317 44 341 27 335
5893 0.55403164788070836 1.2721014457250919 2.2089112516099254 234 170 41 2.2931623793748459 44 536 27 368
5894 1.0501012099054403 1.9441246761393718 2.3145077167314829 232 216 179 0.10277661729913087 23 435 27 454
5895 1.3544015944919288 1.9296373697355225 2.4300055557780307 248 227 179 0.15544414905499493 23 848 75 864 27 830
5896 1.0958862309906128 0.78250568377870766 1.6317804123233857 255 253 78 0.14744096050332214 23 883 75 889 27 857
5897 0.23474745091314955 1.1690947342325064 1.5677898149743026 56 66 86 0.082237315511050235 1 28 55 31 60 29 32 38
5898 0.23063617745964157 0.82333637259780246 2.1208067126446917 124 73 11 0.43835004084780893 78 50 55 57 60 251
5900 -0.89412191542124986 0.88231360186067898 3.0377480586454637 97 88 68 0.29456875529515408 1 312 55 240 2 371
5901 0.75152990071582282 0.74094362857524076 1.6224538289372463 143 122 46 0.2282641250663992 1 575 55 246 60 226 32 207 25 191
5902 0.18881811517824035 1.2262506384917726 1.63793197554604 20 22 30 0.30986978988937819 1 35 55 267 60 246 32 44 2 36
5903 -0.51578549489032777 0.54473116667323085 3.2494495970508424 162 114 86 0.52299283211644154 1 662 55 321 32 407
5904 -1.2907882667867836 1.4362422558297967 2.5983064673199863 65 47 37 0.43620692820865326 70 472 55 366 60 344 2 516 32 326
5905 -0.63778272734544006 0.72874801711683102 2.6420738839342488 97 90 27 0.19326235259870864 70 757 55 420 60 406 2 572 32 379
5906 -0.67188641706092056 0.94001803850362609 2.726213553951792 4 4 5 0.67347300819438927 1 656 55 432 60 419
5907 0.95539994192124189 0.67188401973225709 1.609880720843704 146 128 48 0.31440341696259461 1 714 55 469 60 347 2 622 32 434 25 352
5908 -0.66417406680237501 0.77689616035599818 2.6768891935440347 99 92 29 0.55064092761215133 70 917 55 521 60 485 2 736 32 472
5910 -0.82964282390656785 1.419781746882286 2.6514002817394915 82 88 82 0.29979267181526975 70 935 55 535 60 497 2 750 32 536 25 401
5911 -0.67802344423996785 0.62812498731704414 2.5905184512226103 92 63 11 1.0997839421878173 70 1041 55 555 60 521
5912 -0.76335734932537569 0.88470576782308574 2.5390513504705283 87 98 124 0.25276507072748178 1 767 55 559 60 526
5913 -0.65359605670952936 0.72788548708480938 2.4778578874304298 183 147 38 0.045068188092688276 1 859 55 584 60 555
5915 0.24278629657766343 2.343954705159017 2.1702323954085823 0 0 0 1.4666248755191575 1 924 55 639 37 1029 78 917 60 611
5916 -0.76631867137967835 0.73431027401322102 2.1243547453530689 95 68 13 0.16011626834860709 1 86 55 64 60 67
5917 -0.51205283776573995 0.87451361535969852 3.0880952487371514 67 69 63 0.098216665079821644 1 489 55 202 60 186
5919 0.50046978608239279 1.0659095096765252 1.2899633732513893 31 36 43 0.07523381171791349 55 5 60 5 2 4 32 5
5920 0.50674578758890521 1.0680428809874072 1.2883469812343362 31 36 43 0.13305874064614964 55 6 60 6 2 5 32 6 25 2 5 1
5921 1.0165468586251942 0.74682347138879845 1.7278869664996876 0 0 0 0.57851931490767938 70 7 2 12 32 18
5923 0.66025246381665537 1.4861522050362115 1.2985434490477257 4 3 1 0.14680144789343183 55 260 2 23 60 23
5925 -0.61012703812734081 0.57508904182852538 2.3828691846707484 121 101 28 0.10998111207593209 55 80 60 77 2 83
5926 -0.59380002827566492 0.60403650365001083 2.4826223960125096 156 109 29 0.27889142600386108 55 286 60 263 2 93 32 243
5927 -0.78808526966455406 0.8569792667022641 2.2990459228812647 104 80 19 0.29659854307993327 55 98 60 91 70 233 2 96 32 81 25 78 5 71
5928 -0.62187067141356134 0.61606611807471279 2.5477615661709541 99 77 11 0.26054110595828972 55 103 60 93 2 103 5 75
5929 -0.88805139206066741 1.0058603120369658 2.4322304642275667 91 108 142 0.19988669884988208 70 584 2 132 32 103 55 127
5930 -0.50216795193334851 0.6738644661351163 3.2274370595756645 104 101 86 0.2795001554165002 55 207 2 244 32 170
5934 -0.68263363147713518 0.58867320952054647 3.2734537224000575 108 106 91 0.016881453362463383 70 458 2 365
5935 -0.87365410570146573 0.95420457037665374 2.4631727623178898 95 106 131 0.40920274235816806 70 765 2 445 32 262 25 240 5 277
5936 -0.73703447015091039 1.2681624120445145 2.7689500129159672 80 86 81 0.14318664534566966 70 621 2 483 32 408
5937 -1.0462428382471907 1.5494949792731845 2.5263417286685463 121 84 67 0.84746483139128337 55 231 60 210 70 638 2 486
5939 -0.65367084153626354 0.60607474530655325 2.6323350157187431 42 42 39 0.30828408057974072 70 751 2 566 32 376
5940 -0.68308118628297021 0.68152329999677241 2.7027979780604978 12 12 14 0.087492154632027558 70 585 2 580 32 385 55 423 60 409
5941 -0.89596166331288352 0.97225866209161205 2.4679582024914972 12 12 14 0.17670826717077978 55 426 60 412 2 582 32 387 25 331 5 420
5942 -0.54007027411984398 0.75221231218456619 2.820070963906546 20 31 47 0.13566351102933127 55 305 60 282 2 585 32 271
5943 -0.97745992419244188 1.5814817040974769 2.5133060329636598 112 80 65 0.70770789791979516 60 329 2 607 55 353
5944 -0.50476616551367359 0.70328984491360802 3.2179093401154781 221 208 173 0.21246512051025004 55 342 2 617 60 319 32 310
5945 0.61138831303118313 1.1622862560037508 1.2226595025886291 138 124 67 0.30520485006143672 55 468 60 453 2 623 32 436
5946 0.39227506405611756 1.0353683157283537 1.4799222198749618 23 29 39 0.40367465071876446 70 969 2 634 32 445
5947 -0.83467517455695672 1.171284000650828 2.5086062572817958 100 113 140 1.9501571586438031 1 657 2 661 32 480
5948 -0.86909698675641245 1.4595288955007262 2.6047517989986582 63 71 69 0.29672918096225137 70 936 2 673 32 486
5949 -0.52141172972185856 0.5146911960494065 3.2880456336966781 1 1 0 0.69690520024335967 70 1014 2 686 25 446
5950 -0.65016867359432173 0.52438072793458868 3.3565166966582578 103 105 95 0.50945204414905676 55 539 60 501 2 699 32 493 25 449
5951 0.60102469459731078 0.95569943098105015 1.3943775655562678 96 103 124 0.41706691506574067 70 964 2 706 32 440
5952 -0.7765551245358604 0.84838590652907242 2.5994959124496808 106 97 29 0.72822660803478156 60 528 2 738 25 430 5 542
5953 -0.78098869670341253 1.3779938642968104 2.6883167051245263 66 69 65 0.29868633703735226 55 534 60 496 2 749 32 535
5954 0.56634425858373982 1.3186764222740079 1.1570005153501535 0 0 0 0.66521328256960921 55 568 60 505 2 757 32 494 32 538
5955 -0.93856433848233212 1.5091755653952725 2.5820813171632442 117 123 118 0.77059723723775042 70 1067 2 771 32 559
5956 -0.4208269133750851 0.88903209851113552 2.9972526808998339 6 5 4 1.4474644594552815 2 824 32 599 55 637 60 609
5957 -0.85008483425455028 1.3322053683515829 2.569355639431937 8 8 9 1.4437883494462354 70 1095 2 825 32 602
5958 -0.59720351819560913 0.53174437253879936 2.3775557877875713 48 34 5 0.19397159483886331 78 75 1 93 2 81 55 74 60 70 70 199 32 69
5959 -0.65319338380776337 0.55269096357632896 3.3018980812131034 60 40 28 0.80611584834075789 67 378 41 391 34 330 37 285 78 506 1 521 55 355 60 332 2 513 20 363 70 468 32 317 25 350
5960 0.93970593483923137 0.67674552489139717 1.5486566443035352 130 104 31 0.65446315791851328 34 419 56 6 78 339 1 365 2 384 4 913 69 912 20 694
5961 0.22851345103366266 1.0741342275452015 1.5452890717459768 96 53 4 0.29027650613348854 76 292 56 511 49 523 37 637 78 588 1 586 55 388 60 368 2 528 20 735 70 699 32 352
5962 -0.67757343797723013 0.77529160736392511 2.6710323993967338 99 92 29 0.87292113346256683 1 766 55 522 60 486 2 737 69 1000 20 1000 70 1004
5963 0.7390500946016797 0.7244162849147987 1.5603342795832469 34 37 45 0.04333568547314897 2 390 32 3
5964 -0.75775815111669786 0.56741667468493828 1.9525448852737095 102 87 21 0.29577453670716164 60 31 32 42 55 263
5965 -0.59438484257345359 0.35873653754215445 2.1474263628362054 97 68 15 0.094207523345367458 55 36 60 35 32 45
5966 -0.60172699861759471 0.39966059724656261 2.2055374963736369 98 71 17 0.054022705667519322 55 44 60 44 32 47
5967 -0.60012501388736972 0.53884865621100853 2.4286655548412792 111 1 1 0.38538517219159357 2 85 60 80 32 73 55 282 25 221 5 64
5968 -0.79502527512552579 0.87348345625059221 2.2627295734402453 115 92 25 0.10050778480374833 55 287 60 264 32 79
5969 0.019955203385123771 1.6491939179019219 2.0392452402277779 0 0 0 0.091104517729619319 55 107 60 96 32 86
5970 -0.81649565081107911 0.92300870318121386 2.350255591086996 67 66 74 0.15779203218188145 55 292 60 270 32 91
5971 -0.7178709080095329 0.79385080858325308 2.6078566031366548 84 97 124 0.21604288652081408 60 275 32 102 55 297
5972 0.34428734411168249 2.1427354786696662 2.1735727832493428 42 25 17 0.31174850391388814 55 301 32 104 60 278
5973 -0.85701694837457709 1.2202730068930074 2.5055392637209954 61 54 13 0.15510273508312072 55 161 60 146 32 133
5974 -0.56474719539127138 0.79430999978787031 2.8913251310618184 8 8 11 0.061209194310638197 55 167 60 152 32 143
5975 -0.56620170406016024 0.79144380947058302 2.9096221564481182 75 62 13 0.056823353856150775 55 168 60 158 32 145
5976 -0.85653258272720489 1.1954422911547853 2.5681052958370945 7 7 10 0.099939893319587747 60 160 32 147 55 170
5977 -0.85952357736358187 1.2151245935779569 2.5749389777603438 88 74 19 0.11128222447562645 55 172 60 164 32 149
5978 -0.70082352630045364 1.2626945454528673 2.7839340669931389 44 44 38 0.10261071757638557 70 357 32 167
5981 -0.64804677934078636 0.67137657097706349 3.2232165238231407 119 113 92 0.012975933961147147 2 499 60 206 32 187 55 226
5982 -0.64706038762461993 0.67169788799184182 3.2234757836936359 119 113 92 0.0097487228424393835 60 207 32 188 55 227
5983 0.6707955099349997 0.77807551315253787 1.5812557411804176 117 132 168 0.28653712262546271 2 394 32 205 25 189 5 196
5984 0.72035665804138382 0.78448065620452279 1.5989533171211421 133 116 66 0.26604868619764727 60 8 32 209 25 295 5 353
5985 0.24836048122168694 1.037515183598275 1.5910450454027896 90 83 78 0.14513523318669092 2 402 55 256 60 237 32 215
5986 0.23477450077211703 1.1829398701790976 1.5395685876213152 83 99 132 0.096200288285991406 55 262 60 243 32 216
5987 -0.76147616220341385 0.59457215033959387 1.9860027759849939 92 72 17 0.10390641266929712 55 265 60 378 32 221
5988 0.43295407789121904 0.99104278248622413 2.0836090998254506 162 127 36 0.19313123307587041 55 272 60 252 32 226
5989 0.082415220086602292 1.3013490206964107 1.8720270566912334 1 1 1 0.057809488327984992 55 277 60 256 32 229
5990 -0.80043323827317858 0.96084480710965126 2.437883438547809 115 98 28 0.55822839627446397 2 571 55 295 60 274 32 259
5991 -0.75245270110014695 0.73513842088734938 2.7863001704410504 22 24 32 0.060762394127285492 55 307 60 285 32 274
5992 -0.88870289238943656 1.1711492944651904 2.5134979184482638 12 14 18 0.97549028792652326 2 460 32 275 25 135
5993 -0.44686942067720814 1.0428328666958353 2.9647576920534258 53 50 43 0.32544955141519344 2 474 55 319 60 300 32 295
5994 -0.89088607620355975 1.591906021647765 2.4754976707175018 18 12 11 0.15311213543701416 55 330 60 307 32 296
5995 -0.45553986791955947 0.83173202035676552 3.1101554485035958 82 82 68 0.13381981665867823 55 324 32 300 60 303
5996 -0.55580497398230233 0.53289890193106992 3.307643373933062 156 107 82 0.099248430938137053 55 215 60 194 32 313
5997 -0.82908503236470465 0.80974587205287685 3.1129421784701061 187 178 150 0.054692835104453934 55 363 60 340 32 323
5998 0.57831599023106994 0.99309872738673688 1.364184860707951 21 18 14 0.3142295576231906 55 371 60 350 70 689 32 330
5999 0.55944095314946263 0.98636055280717017 1.3690728200136857 21 18 14 0.16280713851791362 2 520 55 372 60 351 32 331 25 291 5 343
6000 0.66257607600465751 0.94689049650107715 1.4506862625341723 113 96 41 0.31301021796908801 55 373 60 353 32 333 25 292 5 344
6001 0.73107173376143497 0.92498085329156077 1.4934621606747429 67 60 52 0.15293958049710357 55 376 60 356 32 334
6002 0.66289335867053423 0.8047419681548641 1.6051255010965322 16 22 30 0.077097039551623905 55 381 60 361 32 338
6003 0.24571491751702418 1.0780674280921019 1.4984386405492243 240 207 69 0.16454672110630289 55 385 60 365 32 347
6004 0.33687535774289445 1.0432484127012198 1.5543797502366774 129 142 175 0.13039402227995286 55 386 60 366 32 348
6005 0.33687535774289445 1.0432484127012198 1.5543797502366774 129 142 175 0.13039402227995286 55 387 60 367 32 349
6006 0.21237762675153851 1.2224382094083888 1.607606710786752 94 110 144 0.13493138754726167 55 394 60 375 32 354
6007 -0.58361783713928495 0.42566142317822125 2.2606815206049324 139 116 31 0.31526278376054667 60 382 32 361 55 270
6008 -0.79215644541778218 0.86507556151489529 2.2741806050660611 122 87 24 0.55964426758322339 60 397 70 547 32 373 25 319 5 262
6009 -0.84500741497740361 0.92956430883421171 2.4898666844683315 90 107 142 0.19850953239720653 55 425 60 411 32 384 25 329 5 411
6010 -0.68519350674340929 0.68071987913879128 2.7025878587484544 13 14 16 0.081638645405162996 2 581 55 424 60 410 32 386
6011 -0.70414607797932749 0.74280208455685848 2.7618950640455733 98 110 140 0.29045004307246791 60 488 32 390 55 523
6012 -0.20362916827937919 1.9358120030526142 2.2714849057904947 32 23 18 0.19845739068955051 55 433 60 420 32 393
6013 -0.49628197822190212 0.92129143550059545 3.0445865032866468 85 89 82 0.13142954028520745 55 326 60 305 32 405
6014 -0.55019536478262576 0.99528595276845366 2.9804605127855841 59 59 53 0.13885333512866335 55 328 32 406 60 306
6015 -0.56385347979148914 0.88463789875129129 3.0629004150643979 116 114 98 0.10109755541525739 55 338 60 313 32 411
6016 -0.61205810274859129 0.71706410436581736 3.1918533474729838 228 214 177 0.43792323912036746 2 694 55 350 60 327 32 419
6017 -0.7531548969572478 0.7102641937775912 3.1898089928468205 215 203 168 0.080850921872686748 60 448 32 427 55 459
6018 -0.85928965142206715 0.85985051614082575 3.0729337895881224 167 160 136 0.066552833684145232 55 460 60 341 32 428
6019 0.70453856790105363 0.97970611260274709 1.2842551414535883 147 131 49 0.054648100418718822 55 463 60 451 32 429
6020 0.62340072213184072 1.0724990393963911 1.212966246189974 146 132 49 0.10919796630657898 55 464 60 452 32 430
6021 0.7838528959716673 0.6945401855948321 1.5903410714319861 148 132 47 0.11389720208245406 55 470 32 435 60 455
6022 0.54938415498300786 1.2773835581474915 1.2122089360615185 137 124 47 0.48797224225595159 55 474 32 443 25 297 5 352
6023 -0.14594555659083941 0.86017239839992232 2.2760092010647943 10 6 3 0.074448278810406596 55 501 60 469 32 461
6024 -0.2855593339069607 0.8516913091246715 2.2998831417693371 242 192 49 0.41225993893306195 2 728 55 411 32 464
6025 -0.79407807630214566 0.89201718383911865 2.3445956982173244 115 110 81 0.33447474391568699 55 510 60 477 32 466
6026 -0.9860125042180119 1.4049179190606476 2.6470183996477146 113 117 110 0.40365446327163684 55 538 60 500 32 490
6028 -0.5694427933995202 0.70792551744596155 2.7522621515890937 114 101 30 0.29887251744797477 55 520 60 527 32 524
6029 -0.59279591164311007 0.66905841177294012 2.7847907901329454 21 19 18 0.76627783487696954 55 585 60 558 32 526 25 392 5 423
6030 -0.50790659564884633 1.6986363190678428 2.447406917595095 73 81 80 0.20241580567934378 55 611 60 584 32 554
6031 0.70796268220244951 0.73493412926265989 1.4982184934151024 141 123 55 0.28609423514466242 55 593 60 564 32 560 25 480 5 572
6032 0.62271203654548024 0.80250602679641037 1.444332937798017 138 125 64 0.22962875245547118 55 594 60 565 32 561 25 481
6033 -0.60161435436657629 0.57751752261241629 2.4388101469994181 101 0 0 0.25383773760557105 2 796 55 603 60 572 32 566
6034 -0.79077636145643249 0.93061395795347301 2.3923186250134316 48 39 29 0.1897953599670312 55 606 60 578 32 569
6035 -0.37263264369947902 0.81186499850769178 3.1499021593898457 187 174 139 0.11794496437857804 55 613 60 587 32 577
6036 -0.45471192717716669 0.5868035815700402 2.5246660654301203 163 124 30 0.48994776704662274 55 605 60 575 32 586
6037 -0.70440213831113285 0.87511158324742144 2.3514326326749333 153 117 28 0.33866112299378132 55 623 60 595 32 587
6038 -0.82725635219912319 0.91660271242401425 2.2833522608694401 125 113 34 0.17332648633135306 55 621 60 593 32 588
6039 0.2810370546118347 1.3500139631430867 1.6108704995425525 0 0 0 0.049392161926656429 55 634 32 593 60 605
6040 -0.1264529573984248 1.4799491470742463 2.7592248151712742 45 33 22 0.6997500794687167 55 640 60 612 32 598
6041 -1.1166350389663375 1.4486387310214333 2.6252369596464593 129 131 123 0.52037738873701789 2 827 55 643 60 615 32 604 25 522 5 628
6042 -0.7199779157314824 0.8583702012051353 2.5618242913379503 67 51 8 0.335253515133285 49 122 78 643 1 641 60 408 55 422 32 383 69 602 20 618 46 576 70 761 2 575 55 515 25 391 5 496
6043 -0.60811143465708484 0.55130089427376106 3.2857051466698084 151 104 81 0.45725336678506046 41 372 34 316 37 269 78 234 1 257 32 184 70 446 2 315
6044 -0.85996801591852601 1.6092880071131046 2.4262275998860425 31 22 19 0.55708834500567772 8 622 4 559 45 252 20 635 70 600 2 466 32 288 34 757 37 574 49 463 1 498 55 186 60 174
6045 0.51546154538635658 1.0914209412107123 1.3104272728447157 48 45 30 0.92700422930462556 34 1167 37 958 76 778 56 760 49 744 78 838 1 841 55 541 60 504 32 442 69 1044 70 861 2 627 25 358 5 462
6046 -0.58890607173518583 0.6355783708248387 3.2518522023221244 108 105 88 2.61848292810128 60 197 32 179 55 224 32 186
6047 0.35271783061692097 1.2493084753766364 1.2715658196513266 124 112 40 2.1837500306137803 2 10 70 13 32 16
6048 -0.53806434648636892 0.6159804119981348 2.413942048668213 125 57 3 0.10365131422689396 13 194 47 141 74 130
6049 0.63150141831663686 1.2703672133967141 2.0921746823928937 58 52 41 0.17003246703084562 13 217 47 156 74 172 57 146
6050 0.5067369405756017 1.4363874766957732 2.0560883689437746 59 55 45 0.27338867963724461 13 225 47 160 74 545 57 467 96 454
6051 0.45517132525524717 1.5443400951619868 2.1547457507025367 7 7 6 0.20500271549075244 13 244 47 174 74 189 57 158
6052 0.44417203747425904 1.2822795536427007 2.6386875348901198 40 36 30 0.94807548390648255 13 270 47 202 74 203 57 185
6053 -0.043978225849318153 1.975531935875386 2.2509095994727399 128 80 55 0.14378283099092254 13 273 47 209 74 585
6054 0.009280813874899603 1.9963946005846729 2.3014103312335856 219 197 155 1.740869733010413 59 525 47 225 74 594
6055 1.3502399968102841 1.5328752042931202 2.7440851113871525 121 79 56 0.9582676057257995 7 330 47 389 74 701
6056 0.53526819833918282 1.2611477830693967 1.3589942346618376 255 224 50 0.45635464814451787 13 124 47 503 74 466 57 408 73 393 96 425 81 85
6057 0.66878977650828386 1.3969766747325163 2.2608978552352217 5 3 4 1.6980553899290298 7 206 13 560 47 588
6058 0.46099541443030967 1.5663523401541941 2.1731405787341376 167 162 172 0.02915687947560586 13 561 47 590 57 482
6059 0.96941884717444815 0.70765084599988048 1.5275353620450891 175 107 19 0.42956415143545412 13 778 47 777 74 716 57 267
6060 1.323819299777846 1.5406814835013838 2.7267647030491311 226 211 173 0.40960781127915896 59 364 47 881 74 793
6062 0.82573890081034351 1.3033990778870106 2.8448255584360571 99 64 45 0.71260171800405503 13 963 47 929 74 909
6064 0.37183690172264305 1.3584596285131434 1.7657032789887408 177 117 27 0.34991984644385804 13 976 47 966 57 803
6065 -0.10117467737031458 0.6867707849312652 3.1593521001607332 146 94 67 1.8257226035627339 13 1064 47 1009
6066 0.49115497233286071 1.5855211586237912 2.3768925376156482 255 223 60 0.56123946917222234 13 1024 47 1010 74 953 57 864 96 955 81 757
6067 0.29582582249158701 1.7177168330596628 2.3541956527450556 3 4 5 2.0105974406386338 13 1043 47 1012 57 872 74 963
6068 0.42490602147658241 1.1168087983500929 2.5366481577722801 28 33 42 0.53442297233393621 13 1062 47 1027
6069 -0.25353895998882203 0.82509953563890459 2.730421634105948 22 18 17 1.2000898061229366 13 1054 47 1019 7 936 59 1056
6070 0.91244904614247491 0.9442273316477956 1.6224390584189607 0 0 0 3.3842225316090127 7 853 59 906
6071 -0.61387927536284215 0.57812614441740473 3.274970181483579 69 49 35 0.69773246588408833 41 384 98 403 54 235 33 699 98 851 28 693 87 159 34 678 76 425 56 208 49 447 78 496 1 502 55 220 60 203 32 314 70 660 2 497
6074 0.78994895074447591 1.2273407030412178 2.9036020438805275 84 58 50 1.0306229038227421 79 943 46 511 94 652 36 737 84 701 52 739 45 694 90 632 72 641 31 822 88 655 79 1085 42 940 82 749 45 847 90 787 72 793 100 1008 80 1039 44 904 23 844 26 929 91 509 48 390
6075 0.38620387076778856 1.0336722617117413 2.2672785278673233 255 212 60 0.031033726581142701 47 154 74 162 57 143
6076 0.38849532972007322 1.0341044126989167 2.2664694207984848 255 212 60 0.025130789709135341 74 163 57 144
6077 0.51260485405965872 1.252898635238048 2.567322721483114 38 43 51 0.080496861131433353 47 193 74 196 57 177
6078 0.5051782651789245 1.2754927227023642 2.5950508836570831 35 32 29 0.14630995657785617 47 198 74 201 57 181
6079 0.25110167210420753 1.4747439936394859 2.6857868133193432 216 188 141 0.075501090949898972 47 238 74 213 57 193
6081 1.1967707069839597 2.1299782762377615 2.2759545813076789 249 222 171 0.2394988746808174 47 387 74 360 57 597
6082 0.50207567779246087 1.4461840621883217 2.1287095840925345 141 135 142 0.20098706250902845 13 545 74 549 57 473 96 458 29 473 73 428 81 531
6084 0.48214302148774285 1.1853800685512186 2.6532765919875292 42 43 49 0.71014508677450239 91 152 74 582 57 492
6085 0.56707095942510999 1.2928323331045581 1.3810850858030492 255 251 64 0.15669075695324508 47 510 74 720 57 614
6086 0.58814809925860434 1.6708259641402297 2.5629489244194859 214 185 137 0.097273943425349521 47 631 74 775 57 688
6087 1.2591652886513824 2.0107874365795291 2.3395396168095277 253 232 179 0.35894424112301504 47 879 74 796 57 702
6088 -1.5461148118651937 1.8360862600370826 4.6380772357859543 152 94 63 0.28966367620396449 91 306 74 801
6089 1.564559143958171 1.6175701302997625 2.6825084090920872 152 94 63 0.75994438045385404 91 628 74 802 57 599
6090 0.53883774416342323 1.2912727805965165 2.2060842592985139 81 74 67 0.74047256528985317 47 950 74 835 57 740
6091 0.45043348320690385 1.4248558430549885 2.7289264672967506 224 199 152 0.2969577392226731 47 853 74 851 57 683 73 647 96 674
6092 0.94289388666322738 2.5006938347625076 1.9618224077681115 110 68 48 0.1032148503901511 59 841 74 860 57 696
6093 -0.07257965360425106 1.9389788927921756 2.2378332188232348 92 58 39 0.30147268663672011 47 920 74 905 57 815
6094 0.12977668189309943 2.0901632812773729 2.1125091094353663 105 73 61 0.81846325131191267 13 955 74 907 57 816 73 651 96 908 81 713
6095 0.33968290132459517 1.0166989314859252 2.9650473207746262 130 86 62 0.14869527901618462 91 864 74 927
6096 0.57977736675700831 1.2722716686487154 2.1079672408598005 64 58 47 0.11031624151872139 47 992 74 941 57 837
6097 0.491131282211547 1.5874981484176789 2.3762773016000582 255 221 60 0.60884049217777869 47 1011 74 954 57 865 73 942 96 956 81 758
6098 0.44216665076750616 1.3373609440779066 2.7265638187398573 42 37 26 0.6304593523520502 47 1014 74 955 57 867
6099 0.39618156587127801 1.2177286178770628 2.8515678711225405 26 22 18 0.52277290690851386 47 1015 74 956 57 868
6100 0.39525182097776385 1.3113141611548635 2.7450046987942378 30 26 18 1.78918457426629 7 942 35 975 74 967
6101 -0.5702691290811247 0.37097848003049877 2.4597159254605669 0 0 0 0.64881544098419774 7 948 74 970
6102 0.79400540777789785 2.4278452286236178 2.1055149219345082 252 227 176 1.0205652313389093 59 1081 74 972
6103 0.79400540777789785 2.4278452286236178 2.1055149219345082 252 227 176 1.0205652313389093 59 1082 74 973
6104 0.80472625984233881 2.4986300577618756 1.8942826976283442 0 0 0 1.797242896390103 68 1058 62 1151 35 976 7 943 10 1133 59 1065 63 992 93 841 13 1060 47 1022 74 968 61 1008 91 902 48 828 57 874 96 985 73 969
6105 0.34263178757859863 0.8798517860178765 2.1591576995236101 254 206 49 0.26156041177378664 68 113 35 340 7 382 74 520 59 791 13 820 47 555
6107 0.80101835699455648 2.4503939728503812 1.9457348415149036 147 99 75 0.39717732748494355 44 791 35 849 7 867 74 910 30 1066 11 683 24 782 66 784 61 829 91 701
6108 0.82920195404240693 1.5654715981665286 1.3036799208272738 1 1 0 0.13598225879601292 47 804 59 423 57 101
6109 0.1073920293529778 1.4381298895339645 1.9728927946798658 84 90 108 0.16287137701009713 74 161 57 145
6111 0.17563338695841274 2.1370936788820742 2.090212423307757 2 2 1 0.21987719956615218 47 613 74 590 57 190
6112 0.093626126400088022 1.4038246656973976 1.9730312951221476 0 0 0 0.33416618498616535 74 534 57 462
6113 0.48263133373567185 1.5373111101465569 2.2401503699020773 23 22 22 0.2018996539803648 13 567 74 566 57 663 96 474 73 440 81 540
6114 0.3983773062324335 1.5915984774857772 2.5740033157480493 251 219 165 0.056825398544994389 47 625 74 598 57 680
6115 0.62027646263391489 1.3937972384300625 1.2231462884419286 254 252 75 0.22869376607649883 91 660 57 708
6117 0.49356971348363377 1.1693357088973784 2.5866591838094446 22 20 23 0.17671804133463723 47 954 74 903 57 810
6118 0.36000335273527173 2.2170317830295598 2.0725963092269777 105 69 51 1.2792647108912241 47 979 57 847 96 937 73 919 81 716
6119 0.79344589442417379 1.261391463370058 2.8680145891123781 224 208 170 0.90331362960669759 47 636 74 290 57 513 92 461 61 346 16 188 48 391 91 511 96 490 73 567
6120 0.93030589471464387 1.6046639218144558 1.3111343581282731 218 167 49 1.5416479256536364 10 685 59 772 13 800 47 805 57 632 45 1049 90 1022 31 1140 18 1123 14 1314 24 1153 66 1147 51 1052 79 1211 42 1088 82 996 100 1064 80 1010 44 957 23 919 75 885 68 936 35 908 7 879 63 924 62 1027 91 865 27 885 74 818
6121 -0.74449894205372991 1.0513246616603693 2.0661959526390228 185 115 23 0.91745762396145403 13 932 57 728
6122 0.8779530515866566 0.79959129689781516 1.7157799696646026 153 88 11 0.084946956794375028 29 136 96 85 73 83
6123 0.58343086052816739 1.2578337473094079 2.0684112067641558 14 22 38 0.097992114454670598 29 221 96 130 73 106
6124 1.1363386843859222 1.3695725941904706 2.7386722102491565 38 20 12 0.10759152614634776 92 247 96 230 73 467
6125 1.3746250309575798 1.520301870255222 2.7142737978796108 66 48 36 0.22351304555763565 92 272 96 265 81 459
6127 0.92530797815264731 0.71588626107974018 1.5134408134042949 173 106 17 0.098379650446850847 29 5 96 287 73 261 81 479
6128 0.87421522551919661 0.70946641936510046 1.9467115336648335 255 252 113 1.7328619616370904 48 217 96 428 73 395
6129 1.1995874791799384 0.99903199588187019 1.711429362512082 255 248 79 0.10965810853369951 29 178 96 433 73 405
6130 0.5363151514303871 1.4493024230354161 2.3140637734130101 34 30 23 0.28554736364649047 57 485 74 569 96 472 73 442 81 425
6131 0.56148122871087935 1.1049191003480217 2.9641326036641464 78 52 42 0.27035422673006615 29 487 96 485 73 558
6132 0.91569371337704131 2.5241125547396042 1.9207871320857643 108 76 65 0.27878419433653356 61 379 96 532 73 258 81 231
6133 0.45883289397554167 1.6301160107588648 2.2692373484304289 181 179 190 0.37129136426759324 29 691 96 581 73 555 81 610
6134 1.0640372464686418 1.4157475872904035 2.6964033799518083 54 36 24 0.96355485651744921 48 285 96 614 73 587
6135 0.13253450243844772 1.8083081036027817 2.4441831735337205 201 181 142 0.32288652586799232 61 649 96 676 73 650 81 622
6137 0.58975062477335638 1.8572066766694733 2.3630649590598609 233 213 169 0.4877923622089777 48 536 96 689 73 665
6138 0.56150940580185049 1.8754284015753633 2.4178845571964116 235 215 171 0.29230434516073583 61 662 96 699 73 682 81 626
6139 1.058632237606707 1.5236585798716404 2.7069255588188961 240 218 171 0.54809701858804594 57 760 96 732 73 722
6140 0.58068372391154133 1.3315424156412612 1.1826253493079164 0 0 0 0.36690063391358801 48 514 96 864 73 607
6141 0.57967937448261864 1.3455046665992769 2.0980648560530804 184 138 37 0.5440294348072594 57 839 96 896 73 879 81 675
6142 1.3325783408362548 1.0669051383654629 1.72107218648039 255 225 65 0.25166778205467438 29 1094 96 923 73 932
6143 1.4640587354928114 1.7891383198959525 2.5420378213723906 238 214 172 0.29050516135911192 29 1119 96 961 73 950
6144 1.0101449607259645 0.89648095719021903 1.7597368567801905 160 102 21 1.2811758020525847 29 1160 61 987 96 966 73 953 81 748
6145 1.1995561662554286 2.168145192124372 2.2161511893089085 255 230 176 0.68604836983539963 29 1157 96 979 81 765
6146 0.50263831594920627 1.4464223103886475 2.1289379687601482 147 139 145 0.19031762949942405 16 164 29 474 96 459 13 546 74 550 73 429 81 532
6147 0.48175577208698733 1.5730613827082562 2.2853590223145179 29 26 23 0.3306181538559208 16 194 29 273 96 478 35 197 7 209 10 177 59 517 13 572 47 595 74 577 57 665 73 449 81 546
6148 0.48048263145542747 1.5735325605375974 2.2853808455799069 15 11 11 0.30348372278464736 16 195 29 274 96 479 7 210 10 178 59 518 13 573 47 596 74 578 73 450
6149 0.93225584090679514 2.5505193083064523 1.9602759682762507 229 201 157 0.55591396426245643 61 244 16 675 29 1021 48 186 96 861 7 552 59 847 74 861 13 964 47 930 57 789 73 844 81 690
6160 0.95516690413486127 2.501444980400839 1.9623753312157464 104 64 46 0.27472957874244275 29 374 73 260
6161 0.90522568389141023 0.7530061899632251 1.5295813501415121 184 114 17 0.19714303492404581 96 303 73 276 81 255
6162 0.90138687833093234 0.74113368092794829 1.5793840220990834 176 104 14 0.11007903852349459 96 328 73 294 81 272
6163 0.87437067725718598 0.77039780866799845 1.6415970996733074 180 105 13 0.049119910462251615 96 373 73 347 81 325
6164 0.56671014245954354 1.2109894419172429 1.2929773108066731 223 121 14 0.05853655426743478 96 389 73 357 81 310
6165 0.85777627991813743 0.81399065754092526 1.6508795160476555 191 115 15 0.14871960171084445 96 402 73 374 81 350
6166 0.54459092366101625 1.3647455233489927 1.2118783521088394 254 233 70 0.0029500648292197285 96 408 73 378
6168 0.54412124134229956 1.2421350735448478 1.3531218730329864 228 121 13 0.069230948807117165 96 421 73 389 81 358
6170 1.0953791108448145 0.82169723532207983 1.785613748608613 250 246 95 0.056340331541960172 96 427 73 394 81 97
6171 0.63393392217436617 1.4731085216589694 1.2709573334300306 253 230 69 0.075488512491998547 96 429 73 396 81 367
6172 0.63393392217436617 1.4731085216589694 1.2709573334300306 253 230 69 0.075488512491998547 96 430 73 397 81 368
6173 1.0969938503583829 0.84582191288032749 1.7927777207944218 1 1 0 0.2433437857537748 96 93 73 399 81 100
6177 0.48854521913569432 1.504367963754093 2.1925491952449132 28 27 25 0.13391593650340405 57 658 96 468 73 435 81 535
6179 1.0746478051026649 0.77101462235338347 1.6964687758369024 2 2 0 0.039029777800076618 96 414 73 504
6180 1.0746478051026649 0.77101462235338347 1.6964687758369024 2 2 0 0.039029777800076618 96 415 73 505
6181 -0.017115611524662264 2.2130427704011044 2.2599645177689522 0 0 0 0.3715418413427316 48 378 81 454
6182 0.66186536473856172 1.4409415401940227 1.2564059453457042 3 2 1 0.052543535786594014 96 630 73 610 81 583
6183 0.80333219342279616 1.5208218104687605 1.2927751015771585 254 250 76 0.21349453110419456 96 885 73 616 81 587
6190 0.58975062477335716 1.8572066766694733 2.36306495905986 236 214 169 0.48779236220897421 48 535 96 688 73 664
6193 0.76320845378725233 2.3672136790671265 2.0476383355563317 231 214 175 0.31661739120056015 96 622 73 801 81 578
6194 0.80311654510212893 2.4426758467032967 1.9370987292218074 147 100 77 0.17574309880188999 96 915 73 810 81 633
6195 1.4803498086646354 1.6557987992512295 2.6098881429297398 248 225 176 0.3446260372532774 96 840 73 826 81 640
6196 0.56736458453269933 1.2033323940483909 1.1101187716672194 255 253 76 0.099844612153179677 96 862 73 845 81 650
6197 0.56736458453269933 1.2033323940483909 1.1101187716672194 255 253 76 0.099844612153179677 96 863 73 846 81 651
6198 0.80399798019782742 0.92990518127539146 1.6656332373590974 255 244 74 0.13764676633827111 96 869 73 850 81 657
6199 0.55783422185416132 1.2724305197058141 1.397967042291405 255 254 71 0.39375322570532312 96 874 73 851 81 584
6203 0.54388169588406621 2.3358551723421876 1.9854658109167491 0 0 0 0.16999719145820011 48 576 96 741 73 892
6204 1.0429823039508745 0.7547332740021454 1.67665125338242 255 254 78 0.076136667955630247 96 919 73 896
6205 0.68617195546636978 1.3563607650836913 1.1812227973947629 254 252 77 0.074581768828712244 96 920 73 897 81 652
6206 1.4964153447955473 1.7378227692934729 2.5874053469103693 233 206 163 0.26955435293545621 61 938 96 962 73 924
6212 0.95644782597772371 0.70411239630307132 1.5228444070375771 135 71 7 0.86241356353250676 61 261 92 325 16 14 12 1 53 510 3 332 29 626 96 288 73 262 7 346 10 340 59 389 74 717 57 268 81 236
6213 0.46557120202767349 1.4909564540734477 2.1312202922051862 134 130 142 0.20853744603776811 16 174 29 235 73 431 74 182 57 155
6214 0.82463819171168884 0.82737151586324997 1.693765292914672 212 129 17 0.25991031665547371 96 83 73 81 81 84 57 407
6215 0.51323674802409058 1.3479951010128608 1.9818015380692178 188 132 30 0.096450612345878275 96 129 73 105 81 148
6216 0.56459700851054151 1.3084974515309697 2.1582976532205915 66 60 50 0.036188326276874967 96 143 73 119 81 407
6217 -0.051719910752397048 1.5228914885938505 2.3281746477298255 114 83 22 0.38413454878113368 96 153 73 125 81 171
6218 -0.12824775033471317 1.4515944409484578 2.5202117008114686 91 65 9 0.16586325168483626 96 161 73 137 81 431
6219 0.14898470975004885 1.811765357809251 2.169652331067252 40 37 29 0.12826506941871929 96 181 73 155 81 187
6220 0.25556904838295547 1.8012083837850401 2.4569189364027748 241 213 162 0.021793341117297159 96 209 73 170
6221 1.3115979971897025 1.5359583536180561 2.7007524572613328 93 56 37 0.045191867502879318 96 259 73 226
6222 1.4168191319890242 1.599286289260345 2.6843618306043386 228 211 173 0.024287862499791077 96 272 73 243
6223 0.85301056746249349 0.80335131215408584 1.6995967398375833 185 105 12 0.08917348160196098 96 410 73 380 81 357
6224 0.84622556002148308 0.82460541957818978 1.7079901024049329 255 213 53 0.16928921818325016 96 422 73 390 81 94
6225 0.55495134509729116 1.355687328354134 2.1648723740828908 18 17 16 0.081623250402230937 96 456 73 421 81 410
6226 0.5525332091925701 1.3877687009022512 2.2128196409084553 22 21 20 0.16463809184847519 96 462 73 432 81 414
6227 0.5525332091925701 1.3877687009022512 2.2128196409084553 22 21 20 0.16463809184847519 96 463 73 433 81 415
6228 0.54868241648240956 1.4542808998573955 2.3050410885909516 38 33 26 0.13871335289886635 96 473 73 443 81 426
6229 0.40415397850275664 1.0277985532068354 2.934446119824373 27 13 7 0.54716807246855825 96 578 73 551 81 548
6230 0.54320081800832742 1.2591403076120127 2.0489137371379393 184 131 31 0.23384465151065015 96 652 73 624 81 600
6231 -0.12425343671631121 1.8661865367392192 2.3405680848197301 83 86 80 0.19752032338326364 96 667 73 638 81 617
6232 -0.044585226688060198 1.9415027215951282 2.2966888191581125 89 59 42 0.20623195485951498 96 670 73 640 81 619
6233 0.48050074633192907 1.6236663661155109 2.3830480154673506 254 222 61 0.15743928160865009 96 668 73 641 81 616
6234 0.51284162150019164 1.2582045847974033 2.8723427742607353 223 204 163 0.073114590163798357 96 671 73 643 81 620
6235 0.088879289625647229 1.8575773624503003 2.4101144195181914 194 178 141 0.16761833215943414 96 679 73 649 81 621
6236 1.1527688137381824 1.642688546792394 2.6819520762223976 250 227 176 1.0273675973190801 96 786 73 778 81 631
6237 1.1527688137381824 1.642688546792394 2.6819520762223976 250 227 176 1.0273675973190801 96 787 73 779 81 632
6238 0.53419719997397164 1.3939076561557679 2.0590126600817928 207 150 37 0.21244477729746206 96 897 73 877 81 703
6239 0.42668669156580052 1.0689442519467678 2.9532612157612705 156 99 68 0.18619992637457841 96 903 73 885 81 613
6240 0.47409938410406405 1.6225700683295963 2.4663149341432122 111 88 65 0.11518742759963753 96 907 73 888 81 712
6241 0.41406679650432643 1.6687492417833945 2.5364594014771966 244 216 164 0.076504471719513897 96 909 73 889 81 685
6242 0.54953496558574111 1.2448798278871254 2.1461828614911416 72 67 58 1.0604215534310313 96 947 73 936 81 753
6243 0.50114665003171011 1.4523958438325311 2.0924839095168082 73 71 69 0.10073441172099129 96 951 73 938 81 729
6244 0.11784866382707335 1.7824011554134267 2.3768419104242731 31 27 21 0.18239800324533242 96 958 73 944 81 759
6245 0.38671914152826931 1.3131833142731115 2.7237472430533898 30 26 20 1.8670536618024556 96 983 73 967 81 767
6246 0.070861143489721307 1.8121117879253692 2.3362244047800349 33 28 26 0.74081419720266517 96 984 73 968 81 768
6247 -0.72413515639618775 1.6674695784384463 2.4096096548849157 43 27 19 0.059027268801188248 73 123 96 148 81 180
6248 5.6309734230221862 3.4188993082989576 0.14961300828805887 202 150 41 0.86226590420129068 55 18 60 18 5 9
6249 -0.62721528222184353 0.60375363565963736 2.4918517304332459 99 75 19 0.19631971975706664 2 94 25 80 5 74
6251 -0.59992199939142299 1.0855312717543837 2.9035532061465816 57 48 37 1.8133942088866577 2 207 25 173 5 156
6252 -0.72204179310078909 1.0325302450683249 2.9205162456582361 125 114 93 1.4320348511761118 2 230 25 177 5 166
6253 0.56812307508321069 1.1945593621259623 1.1135160781594018 143 128 49 0.26542394656532731 2 704 32 433 25 287 5 338
6254 0.54873447428668232 0.99412028991754298 1.2923866783557039 133 124 72 0.16159294434552446 32 562 25 483 5 573
6255 -0.60165410069042891 0.69950598054070856 3.1994875786250221 152 147 126 0.39210036496768802 2 826 25 523 5 622
6256 5.6309734230221906 3.4188993082989594 0.14961300828805796 189 141 39 0.86226590420131011 55 19 5 8 60 19
6257 1.1905028938208684 0.90028157252221763 1.7627130765414183 2 1 0 0.14890732173199969 25 21 5 10
6258 0.46918867542841641 1.0922006310199073 1.7945158639307035 142 99 21 0.48360916738612819 55 43 5 24 60 39
6259 -0.91935006486903226 1.2388984342528973 2.3874669710752667 23 33 47 0.13406218900411956 25 251 5 105
6260 -1.6736812451138403 0.30355754795870094 2.714192190047771 0 0 0 3.108644611235778 55 142 5 125
6261 -0.55368349738666522 0.71971379251087708 2.8817861985499618 60 50 10 0.19282585106030734 25 141 5 132
6262 -0.63183611319360289 1.0679391883503171 2.9085726093328477 57 49 37 0.18678346528514042 25 172 5 164
6263 1.8300127227239014 2.6992435958111356 2.5830813562358181 106 104 118 1.4199800559942648 55 165 5 291 60 151
6264 -0.37602538315094169 0.87768935460277309 2.9779682401474208 14 17 23 1.0402454190509438 25 520 5 627
6265 -1.6378240665406023 0.31433283677610185 2.6961796164832941 23 33 47 0.40183533551607409 55 140 5 110
